fecha,hora,mmsi,nombre,zona
2026-09-02,13:27:59,636025324,OCEA^O,SanLorenzo
2026-09-02,13:27:59,538011147,FORTUNE GRACE,SanLorenzo
2026-09-02,13:27:59,636017064,PHAEDRA,SanLorenzo
2026-09-02,13:27:59,538006286,ALBERTO TOPIC,SanLorenzo
2026-09-02,13:27:59,755134000,,SanLorenzo
2026-09-02,13:27:59,636022638,,SanLorenzo
2026-09-02,13:27:59,701503000,GC77 GFO SAN MATIAS,SanLorenzo
2026-09-02,13:27:59,249142000,KOZNITZA,SanLorenzo
2026-09-02,13:27:59,701006679,,SanLorenzo
2026-09-02,13:27:59,256685000,RODINA,SanLorenzo
2026-09-02,13:27:59,701006242,JILGUERO 1,SanLorenzo
2026-09-02,13:27:59,209927000,AGIOS IOANNIS,SanLorenzo
2026-09-02,13:27:59,352001142,GLORY FIRST,SanLorenzo
2026-09-02,13:27:59,312791000,MERAIO,SanLorenzo
2026-09-02,13:27:59,538008779,LIVADI,SanLorenzo
2026-09-02,13:27:59,636016601,OCEANUS,SanLorenzo
2026-09-02,13:27:59,563234800,IVS DUNES,SanLorenzo
2026-09-02,13:27:59,720671000,IB ROSARIO,SanLorenzo
2026-09-02,13:27:59,352002288,CENTURION SIGNIFER,SanLorenzo
2026-09-02,13:27:59,357458000,BULK ITALY,SanLorenzo
2026-09-02,13:27:59,701001041,ARGENMAR MISTRAL,SanLorenzo
2026-09-02,13:27:59,257897000,BOW FIRDA,SanLorenzo
2026-09-02,13:27:59,701006245,SAN JOSE V,SanLorenzo
2026-09-02,13:27:59,755082000,DON AURELIANO G,SanLorenzo
2026-09-02,13:27:59,538008393,SM SAMCHEONPO,SanLorenzo
2026-09-02,13:27:59,538004184,BLACK PEARL,SanLorenzo
2026-09-02,13:27:59,755091000,MARIA AUXILIADORA,SanLorenzo
2026-09-02,13:27:59,352006388,NORSE BORNHOLM,SanLorenzo
2026-09-02,13:27:59,209016000,TORRENT,SanLorenzo
2026-09-02,13:27:59,352004948,OBE UNITY,SanLorenzo
2026-09-02,13:27:59,538011497,FORTUNE KNIGHT,SanLorenzo
2026-09-02,13:27:59,701006443,MAYU,SanLorenzo
2026-09-02,13:27:59,311001602,,SanLorenzo
2026-09-02,13:27:59,352006821,AQUAPEACE,SanLorenzo
2026-09-02,13:27:59,319995000,EQUINOX GALINI,SanLorenzo
2026-09-02,13:27:59,755120000,YERUTI I,SanLorenzo
2026-09-02,13:27:59,311000622,LIMNIONAS,SanLorenzo
2026-09-02,13:27:59,538090690,LEONARDO,SanLorenzo
2026-09-02,13:27:59,538012594,KAPETANIOS,SanLorenzo
2026-09-02,13:27:59,538010750,TOKYO SPIRIT,SanLorenzo
2026-09-02,13:27:59,311002230,PVT PERIDOT,SanLorenzo
2026-09-02,13:27:59,636025392,LEFKADA I,SanLorenzo
2026-09-02,13:27:59,352006096,PALEXPO,SanLorenzo
2026-09-02,13:27:59,563169800,RUBY,SanLorenzo
2026-09-02,13:27:59,701006413,PUNTA  LOYOLA,SanLorenzo
2026-09-02,13:27:59,701001057,VALENTINA H,SanLorenzo
2026-09-02,13:27:59,314899000,FAROUK M,SanLorenzo
2026-09-02,13:27:59,373240000,DRINA S,SanLorenzo
2026-09-02,13:27:59,755126000,LATERE,SanLorenzo
2026-09-02,13:27:59,7010004,,SanLorenzo
2026-09-02,13:27:59,232059113,BERGE JUNGFRAU,SanLorenzo
2026-09-02,13:27:59,701006675,CAMPEADOR,SanLorenzo
2026-09-02,13:27:59,710071000,MARCOS DIAS,SanLorenzo
2026-09-02,13:27:59,636024043,TG CRAB,SanLorenzo
2026-09-02,13:27:59,701006858,CUECA,SanLorenzo
2026-09-02,13:27:59,477932500,ROSCO BANYAN,SanLorenzo
2026-09-02,13:27:59,755032000,RUBEN H,SanLorenzo
2026-09-02,13:27:59,755045702,NORA E,SanLorenzo
2026-09-02,13:27:59,538007856,IRENE,SanLorenzo
2026-09-02,13:27:59,229732000,YANNIS,SanLorenzo
2026-09-02,13:27:59,755201114,AGUILUCHO,SanLorenzo
2026-09-02,13:27:59,755002941,HERKULES IV,SanLorenzo
2026-09-02,13:27:59,720687000,JAN CONNOR,SanLorenzo
2026-09-02,13:27:59,755136000,IMPALA LADARIO,SanLorenzo
2026-09-02,13:27:59,755177000,CABALLERO BLANCO.,SanLorenzo
2026-09-02,13:27:59,755008000,SARA A,SanLorenzo
2026-09-02,13:27:59,755088000,DECATUR LADY,SanLorenzo
2026-09-02,13:27:59,755004665,TIO JAN,SanLorenzo
2026-09-02,13:27:59,253608000,AFONSO DE ALBUQUERQU,SanLorenzo
2026-09-02,13:27:59,563302500,IRVINE BAY,SanLorenzo
2026-09-02,13:27:59,701006670,BRUTUS,SanLorenzo
2026-09-02,13:27:59,538006458,ODYSSEUS N,SanLorenzo
2026-09-02,13:27:59,701006926,FAVORITO SAN ANTONIO,SanLorenzo
2026-09-02,13:27:59,701006297,ANTONIO MARIA FERRO,SanLorenzo
2026-09-02,13:27:59,755004071,GUYRATI,SanLorenzo
2026-09-02,13:27:59,564751000,MTM NEW YORK,SanLorenzo
2026-09-02,13:27:59,701006899,DON BASILIO,SanLorenzo
2026-09-02,13:27:59,720947000,HB PHOENIX,SanLorenzo
2026-09-02,13:27:59,636024698,MC CALYPSO,SanLorenzo
2026-09-02,13:27:59,701001264,TRIUNFOS,SanLorenzo
2026-09-02,13:27:59,755001797,PARAPITI.,SanLorenzo
2026-09-02,13:27:59,645143000,SURUBI,SanLorenzo
2026-09-02,13:27:59,701001404,GUAZU PUCU,SanLorenzo
2026-09-02,13:27:59,755084000,RIO DE LA PLATA,SanLorenzo
2026-09-02,13:27:59,755021000,CAVALIER VII,SanLorenzo
2026-09-02,13:27:59,701098000,PUNTA MEDANOS,SanLorenzo
2026-09-02,13:27:59,636093258,EMMA JANNEKE,SanLorenzo
2026-09-02,13:27:59,755000020,AGUARA,SanLorenzo
2026-09-02,13:27:59,701001423,GRISEL N,SanLorenzo
2026-09-02,13:27:59,636016601,,Rosario
2026-09-02,13:27:59,538008393,,Rosario
2026-09-02,13:27:59,209927000,,Rosario
2026-09-02,13:27:59,755082000,,Rosario
2026-09-02,13:27:59,720947000,,Rosario
2026-09-02,13:27:59,352006821,,Rosario
2026-09-02,13:27:59,755004071,,Rosario
2026-09-02,13:27:59,311002230,,Rosario
2026-09-02,13:27:59,701006443,,Rosario
2026-09-02,13:27:59,755075000,,Rosario
2026-09-02,13:27:59,720687000,,Rosario
2026-09-02,13:27:59,755201114,,Rosario
2026-09-02,13:27:59,755177000,,Rosario
2026-09-02,13:27:59,755021000,,Rosario
2026-09-02,13:27:59,312791000,,Rosario
2026-09-02,13:27:59,701503000,GC77 GFO SAN MATIAS,Rosario
2026-09-02,13:27:59,755008000,,Rosario
2026-09-02,13:27:59,701001404,,Rosario
2026-09-02,13:27:59,249142000,KOZNITZA,Rosario
2026-09-02,13:27:59,256685000,RODINA,Rosario
2026-09-02,13:27:59,701006242,,Rosario
2026-09-02,13:27:59,352001142,GLORY FIRST,Rosario
2026-09-02,13:27:59,755045702,,Rosario
2026-09-02,13:27:59,538008779,LIVADI,Rosario
2026-09-02,13:27:59,563234800,IVS DUNES,Rosario
2026-09-02,13:27:59,357458000,BULK ITALY,Rosario
2026-09-02,13:27:59,720671000,IB ROSARIO,Rosario
2026-09-02,13:27:59,352002288,CENTURION SIGNIFER,Rosario
2026-09-02,13:27:59,755091000,,Rosario
2026-09-02,13:27:59,257897000,BOW FIRDA,Rosario
2026-09-02,13:27:59,538004184,BLACK PEARL,Rosario
2026-09-02,13:27:59,352004948,OBE UNITY,Rosario
2026-09-02,13:27:59,311001602,SAGA ANDORINHA,Rosario
2026-09-02,13:27:59,755134000,LADOCE H,Rosario
2026-09-02,13:27:59,311000622,LIMNIONAS,Rosario
2026-09-02,13:27:59,538090690,LEONARDO,Rosario
2026-09-02,13:27:59,538012594,KAPETANIOS,Rosario
2026-09-02,13:27:59,538010750,TOKYO SPIRIT,Rosario
2026-09-02,13:27:59,636025392,LEFKADA I,Rosario
2026-09-02,13:27:59,352006096,PALEXPO,Rosario
2026-09-02,13:27:59,563169800,RUBY,Rosario
2026-09-02,13:27:59,755088000,,Rosario
2026-09-02,13:27:59,701006679,COOPOR ESTIBADOR I,Rosario
2026-09-02,13:27:59,755032000,,Rosario
2026-09-02,13:27:59,373240000,DRINA S,Rosario
2026-09-02,13:27:59,7010004,,Rosario
2026-09-02,13:27:59,701006245,SAN JOSE V,Rosario
2026-09-02,13:27:59,232059113,BERGE JUNGFRAU,Rosario
2026-09-02,13:27:59,701006675,CAMPEADOR,Rosario
2026-09-02,13:27:59,710071000,MARCOS DIAS,Rosario
2026-09-02,13:27:59,701006670,BRUTUS,Rosario
2026-09-02,13:27:59,477932500,ROSCO BANYAN,Rosario
2026-09-02,13:27:59,636024043,TG CRAB,Rosario
2026-09-02,13:27:59,755001797,PARAPITI.,Rosario
2026-09-02,13:27:59,229732000,YANNIS,Rosario
2026-09-02,13:27:59,538007856,IRENE,Rosario
2026-09-02,13:27:59,755136000,IMPALA LADARIO,Rosario
2026-09-02,13:27:59,701098000,PUNTA MEDANOS,Rosario
2026-09-02,13:27:59,755004665,TIO JAN,Rosario
2026-09-02,13:27:59,253608000,AFONSO DE ALBUQUERQU,Rosario
2026-09-02,13:27:59,563302500,IRVINE BAY,Rosario
2026-09-02,13:27:59,538006458,ODYSSEUS N,Rosario
2026-09-02,13:27:59,701006926,FAVORITO SAN ANTONIO,Rosario
2026-09-02,13:27:59,701006297,ANTONIO MARIA FERRO,Rosario
2026-09-02,13:27:59,636024698,MC CALYPSO,Rosario
2026-09-02,13:27:59,701006856,PILCOMAYO,Rosario
2026-09-02,13:27:59,564751000,MTM NEW YORK,Rosario
2026-09-02,13:27:59,701006858,CUECA,Rosario
2026-09-02,13:27:59,701006899,DON BASILIO,Rosario
2026-09-02,13:27:59,701001264,TRIUNFOS,Rosario
2026-09-02,13:27:59,645143000,SURUBI,Rosario
2026-09-02,13:27:59,755084000,RIO DE LA PLATA,Rosario
2026-09-02,13:27:59,636093258,,Rosario
2026-09-02,13:27:59,755000020,AGUARA,Rosario
2026-09-02,13:27:59,701001423,GRISEL N,Rosario
2026-09-02,13:27:59,211881000,SEATROUT,DelGuazu
2026-09-02,13:27:59,701006265,,DelGuazu
2026-09-02,13:27:59,755003696,,DelGuazu
2026-09-02,13:27:59,701006643,,DelGuazu
2026-09-02,13:27:59,755241100,PENELOPE,DelGuazu
2026-09-02,13:27:59,701006803,ANTONIO PUGLIESE,DelGuazu
2026-09-02,13:27:59,755003887,MARIA A,BellaVista
2026-09-02,13:27:59,755085000,DON MAURICIO G,BellaVista
2026-09-02,13:27:59,755079000,DR.SALGADO H,BellaVista
2026-09-02,13:27:59,755171000,IB CONCEPCION,BellaVista
2026-09-02,13:27:59,755043000,AVA PAYAGUA,BellaVista
2026-09-02,13:27:59,720757000,,BellaVista
2026-09-02,13:27:59,720986000,HB AQUARIUS,BellaVista
2026-09-02,13:27:59,701006933,DON MIGUEL,BellaVista
2026-09-02,13:27:59,755005068,GF GUARANI,BellaVista
2026-09-02,13:27:59,755039000,RE CAVALIER I,BellaVista
2026-09-02,13:27:59,755109000,INTREPIDO,BellaVista
2026-09-02,13:27:59,755137000,R/E DONA KEIKO,BellaVista
2026-09-02,13:27:59,701001056,ENRICO H,BellaVista
2026-09-02,13:27:59,755096000,HUMAITA,BellaVista
2026-09-02,13:27:59,755905000,DON JUAN,BellaVista
2026-09-02,13:27:59,755018000,CAPTAIN BILBO,BellaVista
2026-09-02,13:27:59,720954000,HB PERSEUS,BellaVista
2026-09-02,13:27:59,755194200,DON EDUARDO,BellaVista
2026-09-02,13:27:59,755003000,RIO PIRARETA,BellaVista
2026-09-02,13:27:59,755004073,MBIGUA\,BellaVista
2026-09-05,16:50:11,563319600,CUTLASS GALAXY,SanLorenzo
2026-09-05,16:50:11,538008276,,SanLorenzo
2026-09-05,16:50:11,564751000,,SanLorenzo
2026-09-05,16:50:11,477932500,ROSCO BANYAN,SanLorenzo
2026-09-05,16:50:11,563169800,RUBY,SanLorenzo
2026-09-05,16:50:11,701503000,GC77 GFO SAN MATIAS,SanLorenzo
2026-09-05,16:50:11,538006458,ODYSSEUS N,SanLorenzo
2026-09-05,16:50:11,636015600,F. F GLORY,SanLorenzo
2026-09-05,16:50:11,477754600,MAERSK VENEZIA,SanLorenzo
2026-09-05,16:50:11,257897000,BOW FIRDA,SanLorenzo
2026-09-05,16:50:11,538006504,DANK SILVER,SanLorenzo
2026-09-05,16:50:11,538004481,AGIA PARASKEVI,SanLorenzo
2026-09-05,16:50:11,701006856,,SanLorenzo
2026-09-05,16:50:11,314952000,DSM HARBOUR,SanLorenzo
2026-09-05,16:50:11,538010750,TOKYO SPIRIT,SanLorenzo
2026-09-05,16:50:11,636093258,EMMA JANNEKE,SanLorenzo
2026-09-05,16:50:11,311000195,CS SARAFINA,SanLorenzo
2026-09-05,16:50:11,256685000,RODINA,SanLorenzo
2026-09-05,16:50:11,351011000,OCEAN CROWN,SanLorenzo
2026-09-05,16:50:11,636024043,TG CRAB,SanLorenzo
2026-09-05,16:50:11,563234800,IVS DUNES,SanLorenzo
2026-09-05,16:50:11,538008779,LIVADI,SanLorenzo
2026-09-05,16:50:11,755085000,DON MAURICIO G,SanLorenzo
2026-09-05,16:50:11,701001057,VALENTINA H,SanLorenzo
2026-09-05,16:50:11,538090690,LEONARDO,SanLorenzo
2026-09-05,16:50:11,255916599,RANA,SanLorenzo
2026-09-05,16:50:11,241624000,LEGEND,SanLorenzo
2026-09-05,16:50:11,352004948,OBE UNITY,SanLorenzo
2026-09-05,16:50:11,352006388,NORSE BORNHOLM,SanLorenzo
2026-09-05,16:50:11,352006096,PALEXPO,SanLorenzo
2026-09-05,16:50:11,636023426,TOUBKAL PARK,SanLorenzo
2026-09-05,16:50:11,701006466,NEPTUNO,SanLorenzo
2026-09-05,16:50:11,255915742,BOCHEM CASABLANCA,SanLorenzo
2026-09-05,16:50:11,538012594,KAPETANIOS,SanLorenzo
2026-09-05,16:50:11,538009801,HELIOS,SanLorenzo
2026-09-05,16:50:11,355174000,APOGEE SPIRIT,SanLorenzo
2026-09-05,16:50:11,563163900,ANNA SCHULTE,SanLorenzo
2026-09-05,16:50:11,538008936,SOUND YOUNG,SanLorenzo
2026-09-05,16:50:11,7010004,,SanLorenzo
2026-09-05,16:50:11,755088000,,SanLorenzo
2026-09-05,16:50:11,701001201,GAVION,SanLorenzo
2026-09-05,16:50:11,701006721,PRIM FLORES,SanLorenzo
2026-09-05,16:50:11,701006899,DON BASILIO,SanLorenzo
2026-09-05,16:50:11,701001163,007,SanLorenzo
2026-09-05,16:50:11,701006297,ANTONIO MARIA FERRO,SanLorenzo
2026-09-05,16:50:11,563151400,FRANCESCO,SanLorenzo
2026-09-05,16:50:11,755177000,CABALLERO BLANCO.,SanLorenzo
2026-09-05,16:50:11,636015971,STOLT ZULU,SanLorenzo
2026-09-05,16:50:11,755991013,PUMA,SanLorenzo
2026-09-05,16:50:11,701006900,DON MARIO I,SanLorenzo
2026-09-05,16:50:11,701006740,GUILLERMO C,SanLorenzo
2026-09-05,16:50:11,701006858,CUECA,SanLorenzo
2026-09-05,16:50:11,701006245,SAN JOSE V,SanLorenzo
2026-09-05,16:50:11,701006675,CAMPEADOR,SanLorenzo
2026-09-05,16:50:11,755032000,RUBEN H,SanLorenzo
2026-09-05,16:50:11,701006926,FAVORITO SAN ANTONIO,SanLorenzo
2026-09-05,16:50:11,755075000,IMPALA CAMPANA.,SanLorenzo
2026-09-05,16:50:11,563033900,TORM SUPREME,SanLorenzo
2026-09-05,16:50:11,701001049,BUENAVENTURA,SanLorenzo
2026-09-05,16:50:11,701006966,TIGRE,SanLorenzo
2026-09-05,16:50:11,701006396,VB RECOLETA,SanLorenzo
2026-09-05,16:50:11,710000019,HERACLITO FILHO,SanLorenzo
2026-09-05,16:50:11,755002724,SANTA MARIA,SanLorenzo
2026-09-05,16:50:11,701006443,MAYU,SanLorenzo
2026-09-05,16:50:11,229732000,YANNIS,SanLorenzo
2026-09-05,16:50:11,755703668,URUTAU,SanLorenzo
2026-09-05,16:50:11,373240000,DRINA S,SanLorenzo
2026-09-05,16:50:11,755001797,PARAPITI.,SanLorenzo
2026-09-05,16:50:11,755134000,LADOCE H,SanLorenzo
2026-09-05,16:50:11,755000020,AGUARA,SanLorenzo
2026-09-05,16:50:11,701001404,GUAZU PUCU,SanLorenzo
2026-09-05,16:50:11,352004948,OBE UNITY,Rosario
2026-09-05,16:50:11,755991013,,Rosario
2026-09-05,16:50:11,373240000,DRINA S,Rosario
2026-09-05,16:50:11,255915742,BOCHEM CASABLANCA,Rosario
2026-09-05,16:50:11,538009801,HELIOS,Rosario
2026-09-05,16:50:11,477932500,ROSCO BANYAN,Rosario
2026-09-05,16:50:11,701503000,GC77 GFO SAN MATIAS,Rosario
2026-09-05,16:50:11,645181000,DN67,Rosario
2026-09-05,16:50:11,538006458,ODYSSEUS N,Rosario
2026-09-05,16:50:11,477754600,MAERSK VENEZIA,Rosario
2026-09-05,16:50:11,257897000,BOW FIRDA,Rosario
2026-09-05,16:50:11,538006504,DANK SILVER,Rosario
2026-09-05,16:50:11,314952000,DSM HARBOUR,Rosario
2026-09-05,16:50:11,538010750,TOKYO SPIRIT,Rosario
2026-09-05,16:50:11,311000195,CS SARAFINA,Rosario
2026-09-05,16:50:11,256685000,RODINA,Rosario
2026-09-05,16:50:11,701006466,NEPTUNO,Rosario
2026-09-05,16:50:11,352001142,GLORY FIRST,Rosario
2026-09-05,16:50:11,351011000,OCEAN CROWN,Rosario
2026-09-05,16:50:11,311001602,SAGA ANDORINHA,Rosario
2026-09-05,16:50:11,636024043,TG CRAB,Rosario
2026-09-05,16:50:11,538008779,LIVADI,Rosario
2026-09-05,16:50:11,755085000,DON MAURICIO G,Rosario
2026-09-05,16:50:11,701006858,CUECA,Rosario
2026-09-05,16:50:11,755032000,,Rosario
2026-09-05,16:50:11,701001201,,Rosario
2026-09-05,16:50:11,538090690,LEONARDO,Rosario
2026-09-05,16:50:11,255916599,RANA,Rosario
2026-09-05,16:50:11,241624000,LEGEND,Rosario
2026-09-05,16:50:11,352006388,NORSE BORNHOLM,Rosario
2026-09-05,16:50:11,352006096,PALEXPO,Rosario
2026-09-05,16:50:11,636023426,TOUBKAL PARK,Rosario
2026-09-05,16:50:11,538008276,PORT IMABARI,Rosario
2026-09-05,16:50:11,538012594,KAPETANIOS,Rosario
2026-09-05,16:50:11,355174000,APOGEE SPIRIT,Rosario
2026-09-05,16:50:11,563163900,ANNA SCHULTE,Rosario
2026-09-05,16:50:11,538008936,SOUND YOUNG,Rosario
2026-09-05,16:50:11,755000020,AGUARA,Rosario
2026-09-05,16:50:11,701006740,GUILLERMO C,Rosario
2026-09-05,16:50:11,7010004,,Rosario
2026-09-05,16:50:11,755001797,PARAPITI.,Rosario
2026-09-05,16:50:11,701001163,007,Rosario
2026-09-05,16:50:11,701006297,ANTONIO MARIA FERRO,Rosario
2026-09-05,16:50:11,636015971,STOLT ZULU,Rosario
2026-09-05,16:50:11,701006856,,Rosario
2026-09-05,16:50:11,701006245,SAN JOSE V,Rosario
2026-09-05,16:50:11,755088000,DECATUR LADY,Rosario
2026-09-05,16:50:11,701006926,FAVORITO SAN ANTONIO,Rosario
2026-09-05,16:50:11,755075000,IMPALA CAMPANA.,Rosario
2026-09-05,16:50:11,701001049,BUENAVENTURA,Rosario
2026-09-05,16:50:11,701006396,VB RECOLETA,Rosario
2026-09-05,16:50:11,710000019,HERACLITO FILHO,Rosario
2026-09-05,16:50:11,229732000,YANNIS,Rosario
2026-09-05,16:50:11,701001404,GUAZU PUCU,Rosario
2026-09-05,16:50:11,563151400,FRANCESCO,Rosario
2026-09-05,16:50:11,636025392,LEFKADA I,DelGuazu
2026-09-05,16:50:11,248963000,HAFNIA BEIJING,DelGuazu
2026-09-05,16:50:11,636023256,INGENUITY,DelGuazu
2026-09-05,16:50:11,701006462,DON EGIDIO,DelGuazu
2026-09-05,16:50:11,212977000,LUNAR STAR 1,DelGuazu
2026-09-05,16:50:11,755024000,RE CAVALIER XII,BellaVista
2026-09-05,16:50:11,755003609,DONA ELVIRA,BellaVista
2026-09-05,16:50:11,720947000,HB PHOENIX,BellaVista
2026-09-05,16:50:11,755002841,ORGULLO,BellaVista
2026-09-05,16:50:11,755022000,R/E CAVALIER XI,BellaVista
2026-09-05,16:50:11,755002941,HERKULES IV,BellaVista
2026-09-05,16:50:11,755004073,MBIGUA\,BellaVista
2026-09-05,16:50:11,755045000,BRUTUS H,BellaVista
2026-09-05,16:50:11,755170000,DONA MARGIE,BellaVista
2026-09-05,16:50:11,720041000,LA GLORIA,BellaVista
2026-09-05,16:50:11,755707081,IB ENCARNACION,BellaVista
2026-09-05,16:50:11,755201114,AGUILUCHO,BellaVista
2026-09-05,16:50:11,701006362,LITORAL,BellaVista
2026-09-05,16:50:11,755123000,INDEPENDIENTE,BellaVista
2026-09-05,17:00:15,701006856,,SanLorenzo
2026-09-05,17:00:15,311001602,,SanLorenzo
2026-09-05,17:00:15,564751000,,SanLorenzo
2026-09-05,17:00:15,720035000,,SanLorenzo
2026-09-05,17:00:15,701006899,DON BASILIO,SanLorenzo
2026-09-05,17:00:15,701503000,GC77 GFO SAN MATIAS,SanLorenzo
2026-09-05,17:00:15,563169800,RUBY,SanLorenzo
2026-09-05,17:00:15,538006458,ODYSSEUS N,SanLorenzo
2026-09-05,17:00:15,636015600,F. F GLORY,SanLorenzo
2026-09-05,17:00:15,701124000,,SanLorenzo
2026-09-05,17:00:15,477754600,MAERSK VENEZIA,SanLorenzo
2026-09-05,17:00:15,538006504,DANK SILVER,SanLorenzo
2026-09-05,17:00:15,257897000,BOW FIRDA,SanLorenzo
2026-09-05,17:00:15,538004481,AGIA PARASKEVI,SanLorenzo
2026-09-05,17:00:15,314952000,DSM HARBOUR,SanLorenzo
2026-09-05,17:00:15,538010750,TOKYO SPIRIT,SanLorenzo
2026-09-05,17:00:15,636093258,EMMA JANNEKE,SanLorenzo
2026-09-05,17:00:15,311000195,CS SARAFINA,SanLorenzo
2026-09-05,17:00:15,256685000,RODINA,SanLorenzo
2026-09-05,17:00:15,351011000,OCEAN CROWN,SanLorenzo
2026-09-05,17:00:15,636024043,TG CRAB,SanLorenzo
2026-09-05,17:00:15,563234800,IVS DUNES,SanLorenzo
2026-09-05,17:00:15,538008779,LIVADI,SanLorenzo
2026-09-05,17:00:15,755085000,DON MAURICIO G,SanLorenzo
2026-09-05,17:00:15,701001057,VALENTINA H,SanLorenzo
2026-09-05,17:00:15,538090690,LEONARDO,SanLorenzo
2026-09-05,17:00:15,255916599,RANA,SanLorenzo
2026-09-05,17:00:15,755002724,SANTA MARIA,SanLorenzo
2026-09-05,17:00:15,241624000,LEGEND,SanLorenzo
2026-09-05,17:00:15,352004948,OBE UNITY,SanLorenzo
2026-09-05,17:00:15,352006388,NORSE BORNHOLM,SanLorenzo
2026-09-05,17:00:15,538008276,,SanLorenzo
2026-09-05,17:00:15,636023426,TOUBKAL PARK,SanLorenzo
2026-09-05,17:00:15,352006096,PALEXPO,SanLorenzo
2026-09-05,17:00:15,563319600,,SanLorenzo
2026-09-05,17:00:15,538012594,KAPETANIOS,SanLorenzo
2026-09-05,17:00:15,255915742,BOCHEM CASABLANCA,SanLorenzo
2026-09-05,17:00:15,538009801,HELIOS,SanLorenzo
2026-09-05,17:00:15,563163900,ANNA SCHULTE,SanLorenzo
2026-09-05,17:00:15,355174000,APOGEE SPIRIT,SanLorenzo
2026-09-05,17:00:15,538008936,SOUND YOUNG,SanLorenzo
2026-09-05,17:00:15,7010004,,SanLorenzo
2026-09-05,17:00:15,701001201,GAVION,SanLorenzo
2026-09-05,17:00:15,701006721,PRIM FLORES,SanLorenzo
2026-09-05,17:00:15,701001163,007,SanLorenzo
2026-09-05,17:00:15,563151400,FRANCESCO,SanLorenzo
2026-09-05,17:00:15,636015971,STOLT ZULU,SanLorenzo
2026-09-05,17:00:15,701006900,DON MARIO I,SanLorenzo
2026-09-05,17:00:15,701006858,CUECA,SanLorenzo
2026-09-05,17:00:15,755991013,PUMA,SanLorenzo
2026-09-05,17:00:15,755177000,CABALLERO BLANCO.,SanLorenzo
2026-09-05,17:00:15,701006675,CAMPEADOR,SanLorenzo
2026-09-05,17:00:15,563033900,TORM SUPREME,SanLorenzo
2026-09-05,17:00:15,701006245,SAN JOSE V,SanLorenzo
2026-09-05,17:00:15,755075000,IMPALA CAMPANA.,SanLorenzo
2026-09-05,17:00:15,701006466,NEPTUNO,SanLorenzo
2026-09-05,17:00:15,755032000,RUBEN H,SanLorenzo
2026-09-05,17:00:15,701006926,FAVORITO SAN ANTONIO,SanLorenzo
2026-09-05,17:00:15,701006396,VB RECOLETA,SanLorenzo
2026-09-05,17:00:15,701006966,TIGRE,SanLorenzo
2026-09-05,17:00:15,701006443,MAYU,SanLorenzo
2026-09-05,17:00:15,229732000,YANNIS,SanLorenzo
2026-09-05,17:00:15,755000020,AGUARA,SanLorenzo
2026-09-05,17:00:15,373240000,DRINA S,SanLorenzo
2026-09-05,17:00:15,710000019,HERACLITO FILHO,SanLorenzo
2026-09-05,17:00:15,755703668,URUTAU,SanLorenzo
2026-09-05,17:00:15,755001797,PARAPITI.,SanLorenzo
2026-09-05,17:00:15,701001049,BUENAVENTURA,SanLorenzo
2026-09-05,17:00:15,477932500,ROSCO BANYAN,SanLorenzo
2026-09-05,17:00:15,755134000,LADOCE H,SanLorenzo
2026-09-05,17:00:15,701006297,ANTONIO MARIA FERRO,SanLorenzo
2026-09-05,17:00:15,701001404,GUAZU PUCU,SanLorenzo
2026-09-05,17:00:15,701006740,GUILLERMO C,Rosario
2026-09-05,17:00:15,563319600,,Rosario
2026-09-05,17:00:15,755001797,PARAPITI.,Rosario
2026-09-05,17:00:15,701503000,GC77 GFO SAN MATIAS,Rosario
2026-09-05,17:00:15,538006458,ODYSSEUS N,Rosario
2026-09-05,17:00:15,477754600,MAERSK VENEZIA,Rosario
2026-09-05,17:00:15,538006504,DANK SILVER,Rosario
2026-09-05,17:00:15,257897000,BOW FIRDA,Rosario
2026-09-05,17:00:15,314952000,DSM HARBOUR,Rosario
2026-09-05,17:00:15,538010750,TOKYO SPIRIT,Rosario
2026-09-05,17:00:15,311000195,CS SARAFINA,Rosario
2026-09-05,17:00:15,256685000,RODINA,Rosario
2026-09-05,17:00:15,352001142,GLORY FIRST,Rosario
2026-09-05,17:00:15,351011000,OCEAN CROWN,Rosario
2026-09-05,17:00:15,701006966,,Rosario
2026-09-05,17:00:15,311001602,SAGA ANDORINHA,Rosario
2026-09-05,17:00:15,636024043,TG CRAB,Rosario
2026-09-05,17:00:15,755085000,,Rosario
2026-09-05,17:00:15,701006856,PILCOMAYO,Rosario
2026-09-05,17:00:15,538090690,LEONARDO,Rosario
2026-09-05,17:00:15,255916599,RANA,Rosario
2026-09-05,17:00:15,352004948,,Rosario
2026-09-05,17:00:15,241624000,LEGEND,Rosario
2026-09-05,17:00:15,352006388,NORSE BORNHOLM,Rosario
2026-09-05,17:00:15,636023426,TOUBKAL PARK,Rosario
2026-09-05,17:00:15,538008276,PORT IMABARI,Rosario
2026-09-05,17:00:15,701001201,GAVION,Rosario
2026-09-05,17:00:15,352006096,PALEXPO,Rosario
2026-09-05,17:00:15,755000020,AGUARA,Rosario
2026-09-05,17:00:15,538012594,KAPETANIOS,Rosario
2026-09-05,17:00:15,255915742,BOCHEM CASABLANCA,Rosario
2026-09-05,17:00:15,538009801,HELIOS,Rosario
2026-09-05,17:00:15,755991013,,Rosario
2026-09-05,17:00:15,563163900,ANNA SCHULTE,Rosario
2026-09-05,17:00:15,355174000,APOGEE SPIRIT,Rosario
2026-09-05,17:00:15,538008936,SOUND YOUNG,Rosario
2026-09-05,17:00:15,7010004,,Rosario
2026-09-05,17:00:15,701006675,,Rosario
2026-09-05,17:00:15,701001163,007,Rosario
2026-09-05,17:00:15,636015971,STOLT ZULU,Rosario
2026-09-05,17:00:15,755088000,DECATUR LADY,Rosario
2026-09-05,17:00:15,701006858,CUECA,Rosario
2026-09-05,17:00:15,701006245,SAN JOSE V,Rosario
2026-09-05,17:00:15,755075000,IMPALA CAMPANA.,Rosario
2026-09-05,17:00:15,701006466,NEPTUNO,Rosario
2026-09-05,17:00:15,701006926,FAVORITO SAN ANTONIO,Rosario
2026-09-05,17:00:15,701006396,VB RECOLETA,Rosario
2026-09-05,17:00:15,229732000,YANNIS,Rosario
2026-09-05,17:00:15,373240000,DRINA S,Rosario
2026-09-05,17:00:15,710000019,HERACLITO FILHO,Rosario
2026-09-05,17:00:15,701001049,BUENAVENTURA,Rosario
2026-09-05,17:00:15,477932500,ROSCO BANYAN,Rosario
2026-09-05,17:00:15,701006297,ANTONIO MARIA FERRO,Rosario
2026-09-05,17:00:15,701001404,GUAZU PUCU,Rosario
2026-09-05,17:00:15,563151400,FRANCESCO,Rosario
2026-09-05,17:00:15,248963000,HAFNIA BEIJING,DelGuazu
2026-09-05,17:00:15,701006462,DON EGIDIO,DelGuazu
2026-09-05,17:00:15,636023256,INGENUITY,DelGuazu
2026-09-05,17:00:15,636025392,LEFKADA I,DelGuazu
2026-09-05,17:00:15,212977000,LUNAR STAR 1,DelGuazu
2026-09-05,17:00:15,636025392,,Braga
2026-09-05,17:00:15,701006462,,Braga
2026-09-05,17:00:15,636023256,,Braga
2026-09-05,17:00:15,248963000,,Braga
2026-09-05,17:00:15,755048000,,BellaVista
2026-09-05,17:00:15,755123000,INDEPENDIENTE,BellaVista
2026-09-05,17:00:15,701006362,LITORAL,BellaVista
2026-09-05,17:00:15,755002841,ORGULLO,BellaVista
2026-09-05,17:00:15,755003609,DONA ELVIRA,BellaVista
2026-09-05,17:00:15,755024000,RE CAVALIER XII,BellaVista
2026-09-05,17:00:15,720947000,HB PHOENIX,BellaVista
2026-09-05,17:00:15,755004073,MBIGUA\,BellaVista
2026-09-05,17:00:15,755045000,BRUTUS H,BellaVista
2026-09-05,17:00:15,755170000,DONA MARGIE,BellaVista
2026-09-05,17:00:15,755022000,R/E CAVALIER XI,BellaVista
2026-09-05,17:00:15,755201114,AGUILUCHO,BellaVista
2026-09-05,17:00:15,755707081,IB ENCARNACION,BellaVista
2026-09-05,17:00:15,755002941,HERKULES IV,BellaVista
2026-09-05,17:10:42,564751000,,SanLorenzo
2026-09-05,17:10:42,701006466,NEPTUNO,SanLorenzo
2026-09-05,17:10:42,538010750,TOKYO SPIRIT,SanLorenzo
2026-09-05,17:10:42,477932500,ROSCO BANYAN,SanLorenzo
2026-09-05,17:10:42,563169800,RUBY,SanLorenzo
2026-09-05,17:10:42,701503000,GC77 GFO SAN MATIAS,SanLorenzo
2026-09-05,17:10:42,538006458,ODYSSEUS N,SanLorenzo
2026-09-05,17:10:42,636015600,F. F GLORY,SanLorenzo
2026-09-05,17:10:42,701124000,JULIO A,SanLorenzo
2026-09-05,17:10:42,477754600,MAERSK VENEZIA,SanLorenzo
2026-09-05,17:10:42,257897000,BOW FIRDA,SanLorenzo
2026-09-05,17:10:42,538004481,AGIA PARASKEVI,SanLorenzo
2026-09-05,17:10:42,538006504,DANK SILVER,SanLorenzo
2026-09-05,17:10:42,314952000,DSM HARBOUR,SanLorenzo
2026-09-05,17:10:42,636024698,MC CALYPSO,SanLorenzo
2026-09-05,17:10:42,636093258,EMMA JANNEKE,SanLorenzo
2026-09-05,17:10:42,311000195,CS SARAFINA,SanLorenzo
2026-09-05,17:10:42,256685000,RODINA,SanLorenzo
2026-09-05,17:10:42,351011000,OCEAN CROWN,SanLorenzo
2026-09-05,17:10:42,311001602,,SanLorenzo
2026-09-05,17:10:42,636024043,TG CRAB,SanLorenzo
2026-09-05,17:10:42,563234800,IVS DUNES,SanLorenzo
2026-09-05,17:10:42,538008779,LIVADI,SanLorenzo
2026-09-05,17:10:42,755085000,DON MAURICIO G,SanLorenzo
2026-09-05,17:10:42,701006899,DON BASILIO,SanLorenzo
2026-09-05,17:10:42,701001057,VALENTINA H,SanLorenzo
2026-09-05,17:10:42,755075000,IMPALA CAMPANA.,SanLorenzo
2026-09-05,17:10:42,538090690,LEONARDO,SanLorenzo
2026-09-05,17:10:42,255916599,RANA,SanLorenzo
2026-09-05,17:10:42,241624000,LEGEND,SanLorenzo
2026-09-05,17:10:42,352004948,OBE UNITY,SanLorenzo
2026-09-05,17:10:42,352006388,NORSE BORNHOLM,SanLorenzo
2026-09-05,17:10:42,701006858,CUECA,SanLorenzo
2026-09-05,17:10:42,636023426,TOUBKAL PARK,SanLorenzo
2026-09-05,17:10:42,701001201,GAVION,SanLorenzo
2026-09-05,17:10:42,352006096,PALEXPO,SanLorenzo
2026-09-05,17:10:42,538012594,KAPETANIOS,SanLorenzo
2026-09-05,17:10:42,701001049,BUENAVENTURA,SanLorenzo
2026-09-05,17:10:42,255915742,BOCHEM CASABLANCA,SanLorenzo
2026-09-05,17:10:42,538009801,HELIOS,SanLorenzo
2026-09-05,17:10:42,701006966,TIGRE,SanLorenzo
2026-09-05,17:10:42,563163900,ANNA SCHULTE,SanLorenzo
2026-09-05,17:10:42,355174000,APOGEE SPIRIT,SanLorenzo
2026-09-05,17:10:42,538008936,SOUND YOUNG,SanLorenzo
2026-09-05,17:10:42,373240000,DRINA S,SanLorenzo
2026-09-05,17:10:42,563151400,FRANCESCO,SanLorenzo
2026-09-05,17:10:42,701001163,007,SanLorenzo
2026-09-05,17:10:42,701006900,DON MARIO I,SanLorenzo
2026-09-05,17:10:42,636015971,STOLT ZULU,SanLorenzo
2026-09-05,17:10:42,701006297,ANTONIO MARIA FERRO,SanLorenzo
2026-09-05,17:10:42,701006740,GUILLERMO C,SanLorenzo
2026-09-05,17:10:42,701006675,CAMPEADOR,SanLorenzo
2026-09-05,17:10:42,755088000,,SanLorenzo
2026-09-05,17:10:42,755177000,CABALLERO BLANCO.,SanLorenzo
2026-09-05,17:10:42,755991013,PUMA,SanLorenzo
2026-09-05,17:10:42,701006245,SAN JOSE V,SanLorenzo
2026-09-05,17:10:42,563033900,TORM SUPREME,SanLorenzo
2026-09-05,17:10:42,755032000,RUBEN H,SanLorenzo
2026-09-05,17:10:42,701006926,FAVORITO SAN ANTONIO,SanLorenzo
2026-09-05,17:10:42,701006396,VB RECOLETA,SanLorenzo
2026-09-05,17:10:42,229732000,YANNIS,SanLorenzo
2026-09-05,17:10:42,701006443,MAYU,SanLorenzo
2026-09-05,17:10:42,755703668,URUTAU,SanLorenzo
2026-09-05,17:10:42,755134000,LADOCE H,SanLorenzo
2026-09-05,17:10:42,710000019,HERACLITO FILHO,SanLorenzo
2026-09-05,17:10:42,755000020,AGUARA,SanLorenzo
2026-09-05,17:10:42,755001797,PARAPITI.,SanLorenzo
2026-09-05,17:10:42,701001404,GUAZU PUCU,SanLorenzo
2026-09-05,17:10:42,538008779,LIVADI,Rosario
2026-09-05,17:10:42,563319600,,Rosario
2026-09-05,17:10:42,755085000,DON MAURICIO G,Rosario
2026-09-05,17:10:42,755001797,PARAPITI.,Rosario
2026-09-05,17:10:42,538009801,HELIOS,Rosario
2026-09-05,17:10:42,701006242,,Rosario
2026-09-05,17:10:42,701503000,GC77 GFO SAN MATIAS,Rosario
2026-09-05,17:10:42,538006458,ODYSSEUS N,Rosario
2026-09-05,17:10:42,477754600,MAERSK VENEZIA,Rosario
2026-09-05,17:10:42,538006504,DANK SILVER,Rosario
2026-09-05,17:10:42,257897000,BOW FIRDA,Rosario
2026-09-05,17:10:42,314952000,DSM HARBOUR,Rosario
2026-09-05,17:10:42,538010750,TOKYO SPIRIT,Rosario
2026-09-05,17:10:42,311000195,CS SARAFINA,Rosario
2026-09-05,17:10:42,256685000,RODINA,Rosario
2026-09-05,17:10:42,352001142,GLORY FIRST,Rosario
2026-09-05,17:10:42,351011000,OCEAN CROWN,Rosario
2026-09-05,17:10:42,701006466,NEPTUNO,Rosario
2026-09-05,17:10:42,311001602,SAGA ANDORINHA,Rosario
2026-09-05,17:10:42,636024043,TG CRAB,Rosario
2026-09-05,17:10:42,755991013,,Rosario
2026-09-05,17:10:42,538090690,LEONARDO,Rosario
2026-09-05,17:10:42,255916599,RANA,Rosario
2026-09-05,17:10:42,352004948,OBE UNITY,Rosario
2026-09-05,17:10:42,241624000,LEGEND,Rosario
2026-09-05,17:10:42,352006388,NORSE BORNHOLM,Rosario
2026-09-05,17:10:42,636023426,TOUBKAL PARK,Rosario
2026-09-05,17:10:42,538008276,PORT IMABARI,Rosario
2026-09-05,17:10:42,352006096,PALEXPO,Rosario
2026-09-05,17:10:42,701006858,CUECA,Rosario
2026-09-05,17:10:42,755075000,IMPALA CAMPANA.,Rosario
2026-09-05,17:10:42,538012594,KAPETANIOS,Rosario
2026-09-05,17:10:42,701001049,BUENAVENTURA,Rosario
2026-09-05,17:10:42,255915742,BOCHEM CASABLANCA,Rosario
2026-09-05,17:10:42,563163900,ANNA SCHULTE,Rosario
2026-09-05,17:10:42,355174000,APOGEE SPIRIT,Rosario
2026-09-05,17:10:42,563151400,FRANCESCO,Rosario
2026-09-05,17:10:42,538008936,SOUND YOUNG,Rosario
2026-09-05,17:10:42,701006675,CAMPEADOR,Rosario
2026-09-05,17:10:42,701001201,GAVION,Rosario
2026-09-05,17:10:42,701006396,VB RECOLETA,Rosario
2026-09-05,17:10:42,701001163,007,Rosario
2026-09-05,17:10:42,636015971,STOLT ZULU,Rosario
2026-09-05,17:10:42,701006297,ANTONIO MARIA FERRO,Rosario
2026-09-05,17:10:42,701006740,,Rosario
2026-09-05,17:10:42,755088000,DECATUR LADY,Rosario
2026-09-05,17:10:42,701006856,PILCOMAYO,Rosario
2026-09-05,17:10:42,701006245,SAN JOSE V,Rosario
2026-09-05,17:10:42,701006926,FAVORITO SAN ANTONIO,Rosario
2026-09-05,17:10:42,229732000,YANNIS,Rosario
2026-09-05,17:10:42,710000019,HERACLITO FILHO,Rosario
2026-09-05,17:10:42,755000020,AGUARA,Rosario
2026-09-05,17:10:42,373240000,DRINA S,Rosario
2026-09-05,17:10:42,701001404,GUAZU PUCU,Rosario
2026-09-05,17:10:42,477932500,ROSCO BANYAN,Rosario
2026-09-05,17:10:42,636025392,LEFKADA I,DelGuazu
2026-09-05,17:10:42,248963000,HAFNIA BEIJING,DelGuazu
2026-09-05,17:10:42,636023256,INGENUITY,DelGuazu
2026-09-05,17:10:42,701006462,DON EGIDIO,DelGuazu
2026-09-05,17:10:42,212977000,LUNAR STAR 1,DelGuazu
2026-09-05,17:10:42,253662000,ORTELIUS,DelGuazu
2026-09-05,17:10:42,755048000,,BellaVista
2026-09-05,17:10:42,755003609,DONA ELVIRA,BellaVista
2026-09-05,17:10:42,701006362,LITORAL,BellaVista
2026-09-05,17:10:42,755123000,INDEPENDIENTE,BellaVista
2026-09-05,17:10:42,755022000,R/E CAVALIER XI,BellaVista
2026-09-05,17:10:42,755024000,RE CAVALIER XII,BellaVista
2026-09-05,17:10:42,755004073,MBIGUA\,BellaVista
2026-09-05,17:10:42,755002841,ORGULLO,BellaVista
2026-09-05,17:10:42,755045000,BRUTUS H,BellaVista
2026-09-05,17:10:42,755170000,DONA MARGIE,BellaVista
2026-09-05,17:10:42,720041000,LA GLORIA,BellaVista
2026-09-05,17:10:42,755707081,IB ENCARNACION,BellaVista
2026-09-05,17:10:42,755201114,AGUILUCHO,BellaVista
2026-09-05,17:10:42,755002941,HERKULES IV,BellaVista
2026-09-05,17:20:39,701001201,GAVION,SanLorenzo
2026-09-05,17:20:39,755002724,,SanLorenzo
2026-09-05,17:20:39,7010004,,SanLorenzo
2026-09-05,17:20:39,701503000,GC77 GFO SAN MATIAS,SanLorenzo
2026-09-05,17:20:39,563169800,RUBY,SanLorenzo
2026-09-05,17:20:39,538006458,ODYSSEUS N,SanLorenzo
2026-09-05,17:20:39,477754600,MAERSK VENEZIA,SanLorenzo
2026-09-05,17:20:39,636015600,F. F GLORY,SanLorenzo
2026-09-05,17:20:39,257897000,BOW FIRDA,SanLorenzo
2026-09-05,17:20:39,538006504,DANK SILVER,SanLorenzo
2026-09-05,17:20:39,538004481,AGIA PARASKEVI,SanLorenzo
2026-09-05,17:20:39,314952000,DSM HARBOUR,SanLorenzo
2026-09-05,17:20:39,538010750,TOKYO SPIRIT,SanLorenzo
2026-09-05,17:20:39,311000195,CS SARAFINA,SanLorenzo
2026-09-05,17:20:39,636093258,EMMA JANNEKE,SanLorenzo
2026-09-05,17:20:39,256685000,RODINA,SanLorenzo
2026-09-05,17:20:39,351011000,OCEAN CROWN,SanLorenzo
2026-09-05,17:20:39,311001602,SAGA ANDORINHA,SanLorenzo
2026-09-05,17:20:39,636024043,TG CRAB,SanLorenzo
2026-09-05,17:20:39,563234800,IVS DUNES,SanLorenzo
2026-09-05,17:20:39,538008779,LIVADI,SanLorenzo
2026-09-05,17:20:39,755085000,DON MAURICIO G,SanLorenzo
2026-09-05,17:20:39,701124000,JULIO A,SanLorenzo
2026-09-05,17:20:39,701001057,VALENTINA H,SanLorenzo
2026-09-05,17:20:39,538090690,LEONARDO,SanLorenzo
2026-09-05,17:20:39,255916599,RANA,SanLorenzo
2026-09-05,17:20:39,241624000,LEGEND,SanLorenzo
2026-09-05,17:20:39,352004948,OBE UNITY,SanLorenzo
2026-09-05,17:20:39,352006388,NORSE BORNHOLM,SanLorenzo
2026-09-05,17:20:39,755075000,IMPALA CAMPANA.,SanLorenzo
2026-09-05,17:20:39,352006096,PALEXPO,SanLorenzo
2026-09-05,17:20:39,636023426,TOUBKAL PARK,SanLorenzo
2026-09-05,17:20:39,563319600,,SanLorenzo
2026-09-05,17:20:39,538012594,KAPETANIOS,SanLorenzo
2026-09-05,17:20:39,255915742,BOCHEM CASABLANCA,SanLorenzo
2026-09-05,17:20:39,755088000,,SanLorenzo
2026-09-05,17:20:39,538009801,HELIOS,SanLorenzo
2026-09-05,17:20:39,563163900,ANNA SCHULTE,SanLorenzo
2026-09-05,17:20:39,355174000,APOGEE SPIRIT,SanLorenzo
2026-09-05,17:20:39,538008936,SOUND YOUNG,SanLorenzo
2026-09-05,17:20:39,701006899,,SanLorenzo
2026-09-05,17:20:39,701006721,PRIM FLORES,SanLorenzo
2026-09-05,17:20:39,701001163,007,SanLorenzo
2026-09-05,17:20:39,701006740,GUILLERMO C,SanLorenzo
2026-09-05,17:20:39,563033900,TORM SUPREME,SanLorenzo
2026-09-05,17:20:39,701006675,CAMPEADOR,SanLorenzo
2026-09-05,17:20:39,755177000,CABALLERO BLANCO.,SanLorenzo
2026-09-05,17:20:39,701006297,ANTONIO MARIA FERRO,SanLorenzo
2026-09-05,17:20:39,755991013,PUMA,SanLorenzo
2026-09-05,17:20:39,636015971,STOLT ZULU,SanLorenzo
2026-09-05,17:20:39,701006858,CUECA,SanLorenzo
2026-09-05,17:20:39,755032000,RUBEN H,SanLorenzo
2026-09-05,17:20:39,701006926,FAVORITO SAN ANTONIO,SanLorenzo
2026-09-05,17:20:39,701006396,VB RECOLETA,SanLorenzo
2026-09-05,17:20:39,701001049,BUENAVENTURA,SanLorenzo
2026-09-05,17:20:39,564751000,,SanLorenzo
2026-09-05,17:20:39,710000019,HERACLITO FILHO,SanLorenzo
2026-09-05,17:20:39,477932500,ROSCO BANYAN,SanLorenzo
2026-09-05,17:20:39,701006443,MAYU,SanLorenzo
2026-09-05,17:20:39,373240000,DRINA S,SanLorenzo
2026-09-05,17:20:39,755000020,AGUARA,SanLorenzo
2026-09-05,17:20:39,701006966,TIGRE,SanLorenzo
2026-09-05,17:20:39,755001797,PARAPITI.,SanLorenzo
2026-09-05,17:20:39,755703668,URUTAU,SanLorenzo
2026-09-05,17:20:39,229732000,YANNIS,SanLorenzo
2026-09-05,17:20:39,563151400,FRANCESCO,SanLorenzo
2026-09-05,17:20:39,701006900,DON MARIO I,SanLorenzo
2026-09-05,17:20:39,701001404,GUAZU PUCU,SanLorenzo
2026-09-05,17:20:39,755134000,LADOCE H,SanLorenzo
2026-09-05,17:20:39,355174000,APOGEE SPIRIT,Rosario
2026-09-05,17:20:39,7010004,,Rosario
2026-09-05,17:20:39,701503000,GC77 GFO SAN MATIAS,Rosario
2026-09-05,17:20:39,538006458,ODYSSEUS N,Rosario
2026-09-05,17:20:39,477754600,MAERSK VENEZIA,Rosario
2026-09-05,17:20:39,257897000,BOW FIRDA,Rosario
2026-09-05,17:20:39,538006504,DANK SILVER,Rosario
2026-09-05,17:20:39,314952000,DSM HARBOUR,Rosario
2026-09-05,17:20:39,538010750,TOKYO SPIRIT,Rosario
2026-09-05,17:20:39,311000195,CS SARAFINA,Rosario
2026-09-05,17:20:39,256685000,RODINA,Rosario
2026-09-05,17:20:39,352001142,GLORY FIRST,Rosario
2026-09-05,17:20:39,351011000,OCEAN CROWN,Rosario
2026-09-05,17:20:39,311001602,SAGA ANDORINHA,Rosario
2026-09-05,17:20:39,636024043,TG CRAB,Rosario
2026-09-05,17:20:39,538008779,,Rosario
2026-09-05,17:20:39,755085000,DON MAURICIO G,Rosario
2026-09-05,17:20:39,538090690,LEONARDO,Rosario
2026-09-05,17:20:39,255916599,RANA,Rosario
2026-09-05,17:20:39,352004948,OBE UNITY,Rosario
2026-09-05,17:20:39,241624000,LEGEND,Rosario
2026-09-05,17:20:39,352006388,NORSE BORNHOLM,Rosario
2026-09-05,17:20:39,352006096,PALEXPO,Rosario
2026-09-05,17:20:39,636023426,TOUBKAL PARK,Rosario
2026-09-05,17:20:39,538008276,PORT IMABARI,Rosario
2026-09-05,17:20:39,538012594,KAPETANIOS,Rosario
2026-09-05,17:20:39,255915742,BOCHEM CASABLANCA,Rosario
2026-09-05,17:20:39,755991013,,Rosario
2026-09-05,17:20:39,538009801,,Rosario
2026-09-05,17:20:39,563163900,ANNA SCHULTE,Rosario
2026-09-05,17:20:39,538008936,SOUND YOUNG,Rosario
2026-09-05,17:20:39,755088000,DECATUR LADY,Rosario
2026-09-05,17:20:39,701006675,CAMPEADOR,Rosario
2026-09-05,17:20:39,701006242,,Rosario
2026-09-05,17:20:39,701001201,GAVION,Rosario
2026-09-05,17:20:39,701001163,007,Rosario
2026-09-05,17:20:39,701006740,,Rosario
2026-09-05,17:20:39,701006856,PILCOMAYO,Rosario
2026-09-05,17:20:39,701006297,ANTONIO MARIA FERRO,Rosario
2026-09-05,17:20:39,636015971,STOLT ZULU,Rosario
2026-09-05,17:20:39,701006858,CUECA,Rosario
2026-09-05,17:20:39,755075000,IMPALA CAMPANA.,Rosario
2026-09-05,17:20:39,701006466,NEPTUNO,Rosario
2026-09-05,17:20:39,701006926,FAVORITO SAN ANTONIO,Rosario
2026-09-05,17:20:39,701006396,VB RECOLETA,Rosario
2026-09-05,17:20:39,755001797,PARAPITI.,Rosario
2026-09-05,17:20:39,701001049,BUENAVENTURA,Rosario
2026-09-05,17:20:39,710000019,HERACLITO FILHO,Rosario
2026-09-05,17:20:39,477932500,ROSCO BANYAN,Rosario
2026-09-05,17:20:39,373240000,DRINA S,Rosario
2026-09-05,17:20:39,755000020,AGUARA,Rosario
2026-09-05,17:20:39,229732000,YANNIS,Rosario
2026-09-05,17:20:39,563151400,FRANCESCO,Rosario
2026-09-05,17:20:39,701001404,GUAZU PUCU,Rosario
2026-09-05,17:20:39,701006462,DON EGIDIO,DelGuazu
2026-09-05,17:20:39,253662000,ORTELIUS,DelGuazu
2026-09-05,17:20:39,248963000,HAFNIA BEIJING,DelGuazu
2026-09-05,17:20:39,636025392,LEFKADA I,DelGuazu
2026-09-05,17:20:39,636023256,INGENUITY,DelGuazu
2026-09-05,17:20:39,212977000,LUNAR STAR 1,DelGuazu
2026-09-05,17:20:39,636023256,,Braga
2026-09-05,17:20:39,701006462,,Braga
2026-09-05,17:20:39,212977000,,Braga
2026-09-05,17:20:39,248963000,,Braga
2026-09-05,17:20:39,636025392,,Braga
2026-09-05,17:20:39,755022000,R/E CAVALIER XI,BellaVista
2026-09-05,17:20:39,755123000,INDEPENDIENTE,BellaVista
2026-09-05,17:20:39,755003609,DONA ELVIRA,BellaVista
2026-09-05,17:20:39,755002941,HERKULES IV,BellaVista
2026-09-05,17:20:39,755004073,MBIGUA\,BellaVista
2026-09-05,17:20:39,755045000,BRUTUS H,BellaVista
2026-09-05,17:20:39,755170000,DONA MARGIE,BellaVista
2026-09-05,17:20:39,755002841,ORGULLO,BellaVista
2026-09-05,17:20:39,720041000,LA GLORIA,BellaVista
2026-09-05,17:20:39,755707081,IB ENCARNACION,BellaVista
2026-09-05,17:20:39,755024000,RE CAVALIER XII,BellaVista
2026-09-05,17:20:39,755201114,AGUILUCHO,BellaVista
2026-09-05,17:20:39,701006362,LITORAL,BellaVista
2026-09-05,17:30:12,701124000,JULIO A,SanLorenzo
2026-09-05,17:30:12,701006466,,SanLorenzo
2026-09-05,17:30:12,701006899,,SanLorenzo
2026-09-05,17:30:12,311001602,SAGA ANDORINHA,SanLorenzo
2026-09-05,17:30:12,755045702,,SanLorenzo
2026-09-05,17:30:12,477932500,ROSCO BANYAN,SanLorenzo
2026-09-05,17:30:12,701503000,GC77 GFO SAN MATIAS,SanLorenzo
2026-09-05,17:30:12,563169800,RUBY,SanLorenzo
2026-09-05,17:30:12,538006458,ODYSSEUS N,SanLorenzo
2026-09-05,17:30:12,477754600,MAERSK VENEZIA,SanLorenzo
2026-09-05,17:30:12,636015600,F. F GLORY,SanLorenzo
2026-09-05,17:30:12,257897000,BOW FIRDA,SanLorenzo
2026-09-05,17:30:12,538006504,DANK SILVER,SanLorenzo
2026-09-05,17:30:12,538004481,AGIA PARASKEVI,SanLorenzo
2026-09-05,17:30:12,314952000,DSM HARBOUR,SanLorenzo
2026-09-05,17:30:12,701001404,GUAZU PUCU,SanLorenzo
2026-09-05,17:30:12,538010750,TOKYO SPIRIT,SanLorenzo
2026-09-05,17:30:12,636093258,EMMA JANNEKE,SanLorenzo
2026-09-05,17:30:12,311000195,CS SARAFINA,SanLorenzo
2026-09-05,17:30:12,256685000,RODINA,SanLorenzo
2026-09-05,17:30:12,351011000,OCEAN CROWN,SanLorenzo
2026-09-05,17:30:12,636024043,TG CRAB,SanLorenzo
2026-09-05,17:30:12,563234800,IVS DUNES,SanLorenzo
2026-09-05,17:30:12,538008779,LIVADI,SanLorenzo
2026-09-05,17:30:12,755085000,DON MAURICIO G,SanLorenzo
2026-09-05,17:30:12,701001057,VALENTINA H,SanLorenzo
2026-09-05,17:30:12,255916599,RANA,SanLorenzo
2026-09-05,17:30:12,538090690,LEONARDO,SanLorenzo
2026-09-05,17:30:12,241624000,LEGEND,SanLorenzo
2026-09-05,17:30:12,352004948,OBE UNITY,SanLorenzo
2026-09-05,17:30:12,373240000,DRINA S,SanLorenzo
2026-09-05,17:30:12,352006388,NORSE BORNHOLM,SanLorenzo
2026-09-05,17:30:12,636023426,TOUBKAL PARK,SanLorenzo
2026-09-05,17:30:12,352006096,PALEXPO,SanLorenzo
2026-09-05,17:30:12,563319600,,SanLorenzo
2026-09-05,17:30:12,538012594,KAPETANIOS,SanLorenzo
2026-09-05,17:30:12,255915742,BOCHEM CASABLANCA,SanLorenzo
2026-09-05,17:30:12,355174000,APOGEE SPIRIT,SanLorenzo
2026-09-05,17:30:12,701006443,MAYU,SanLorenzo
2026-09-05,17:30:12,538009801,HELIOS,SanLorenzo
2026-09-05,17:30:12,563163900,ANNA SCHULTE,SanLorenzo
2026-09-05,17:30:12,538008936,SOUND YOUNG,SanLorenzo
2026-09-05,17:30:12,7010004,,SanLorenzo
2026-09-05,17:30:12,701006900,DON MARIO I,SanLorenzo
2026-09-05,17:30:12,701001201,GAVION,SanLorenzo
2026-09-05,17:30:12,636015971,STOLT ZULU,SanLorenzo
2026-09-05,17:30:12,701001163,007,SanLorenzo
2026-09-05,17:30:12,701006675,CAMPEADOR,SanLorenzo
2026-09-05,17:30:12,701006297,ANTONIO MARIA FERRO,SanLorenzo
2026-09-05,17:30:12,755088000,DECATUR LADY,SanLorenzo
2026-09-05,17:30:12,701006740,GUILLERMO C,SanLorenzo
2026-09-05,17:30:12,755177000,CABALLERO BLANCO.,SanLorenzo
2026-09-05,17:30:12,701006858,CUECA,SanLorenzo
2026-09-05,17:30:12,755991013,PUMA,SanLorenzo
2026-09-05,17:30:12,755075000,IMPALA CAMPANA.,SanLorenzo
2026-09-05,17:30:12,701006926,FAVORITO SAN ANTONIO,SanLorenzo
2026-09-05,17:30:12,563033900,TORM SUPREME,SanLorenzo
2026-09-05,17:30:12,755032000,RUBEN H,SanLorenzo
2026-09-05,17:30:12,701006396,VB RECOLETA,SanLorenzo
2026-09-05,17:30:12,701001049,BUENAVENTURA,SanLorenzo
2026-09-05,17:30:12,564751000,MTM NEW YORK,SanLorenzo
2026-09-05,17:30:12,755703668,URUTAU,SanLorenzo
2026-09-05,17:30:12,701006966,TIGRE,SanLorenzo
2026-09-05,17:30:12,710000019,HERACLITO FILHO,SanLorenzo
2026-09-05,17:30:12,229732000,YANNIS,SanLorenzo
2026-09-05,17:30:12,755000020,AGUARA,SanLorenzo
2026-09-05,17:30:12,755001797,PARAPITI.,SanLorenzo
2026-09-05,17:30:12,563151400,FRANCESCO,SanLorenzo
2026-09-05,17:30:12,755134000,LADOCE H,SanLorenzo
2026-09-05,17:30:12,755991013,,Rosario
2026-09-05,17:30:12,352004948,OBE UNITY,Rosario
2026-09-05,17:30:12,477932500,ROSCO BANYAN,Rosario
2026-09-05,17:30:12,701503000,GC77 GFO SAN MATIAS,Rosario
2026-09-05,17:30:12,538006458,ODYSSEUS N,Rosario
2026-09-05,17:30:12,477754600,MAERSK VENEZIA,Rosario
2026-09-05,17:30:12,257897000,BOW FIRDA,Rosario
2026-09-05,17:30:12,538006504,DANK SILVER,Rosario
2026-09-05,17:30:12,755001797,PARAPITI.,Rosario
2026-09-05,17:30:12,314952000,DSM HARBOUR,Rosario
2026-09-05,17:30:12,701001404,GUAZU PUCU,Rosario
2026-09-05,17:30:12,538010750,TOKYO SPIRIT,Rosario
2026-09-05,17:30:12,311000195,CS SARAFINA,Rosario
2026-09-05,17:30:12,256685000,RODINA,Rosario
2026-09-05,17:30:12,352001142,GLORY FIRST,Rosario
2026-09-05,17:30:12,351011000,OCEAN CROWN,Rosario
2026-09-05,17:30:12,701006242,,Rosario
2026-09-05,17:30:12,636024043,TG CRAB,Rosario
2026-09-05,17:30:12,311001602,SAGA ANDORINHA,Rosario
2026-09-05,17:30:12,755085000,DON MAURICIO G,Rosario
2026-09-05,17:30:12,255916599,RANA,Rosario
2026-09-05,17:30:12,538090690,LEONARDO,Rosario
2026-09-05,17:30:12,241624000,LEGEND,Rosario
2026-09-05,17:30:12,352006388,NORSE BORNHOLM,Rosario
2026-09-05,17:30:12,636023426,TOUBKAL PARK,Rosario
2026-09-05,17:30:12,538008276,PORT IMABARI,Rosario
2026-09-05,17:30:12,352006096,PALEXPO,Rosario
2026-09-05,17:30:12,538012594,KAPETANIOS,Rosario
2026-09-05,17:30:12,255915742,BOCHEM CASABLANCA,Rosario
2026-09-05,17:30:12,701006466,NEPTUNO,Rosario
2026-09-05,17:30:12,355174000,APOGEE SPIRIT,Rosario
2026-09-05,17:30:12,563163900,ANNA SCHULTE,Rosario
2026-09-05,17:30:12,538009801,HELIOS,Rosario
2026-09-05,17:30:12,538008936,SOUND YOUNG,Rosario
2026-09-05,17:30:12,7010004,,Rosario
2026-09-05,17:30:12,755075000,IMPALA CAMPANA.,Rosario
2026-09-05,17:30:12,701001201,GAVION,Rosario
2026-09-05,17:30:12,373240000,DRINA S,Rosario
2026-09-05,17:30:12,636015971,STOLT ZULU,Rosario
2026-09-05,17:30:12,701001163,007,Rosario
2026-09-05,17:30:12,701006675,CAMPEADOR,Rosario
2026-09-05,17:30:12,701006856,PILCOMAYO,Rosario
2026-09-05,17:30:12,701006297,ANTONIO MARIA FERRO,Rosario
2026-09-05,17:30:12,755088000,DECATUR LADY,Rosario
2026-09-05,17:30:12,701006740,GUILLERMO C,Rosario
2026-09-05,17:30:12,701006858,CUECA,Rosario
2026-09-05,17:30:12,701006926,FAVORITO SAN ANTONIO,Rosario
2026-09-05,17:30:12,701006396,VB RECOLETA,Rosario
2026-09-05,17:30:12,701001049,BUENAVENTURA,Rosario
2026-09-05,17:30:12,710000019,HERACLITO FILHO,Rosario
2026-09-05,17:30:12,755000020,AGUARA,Rosario
2026-09-05,17:30:12,229732000,YANNIS,Rosario
2026-09-05,17:30:12,563151400,FRANCESCO,Rosario
2026-09-05,17:30:12,253662000,ORTELIUS,DelGuazu
2026-09-05,17:30:12,248963000,HAFNIA BEIJING,DelGuazu
2026-09-05,17:30:12,701006462,DON EGIDIO,DelGuazu
2026-09-05,17:30:12,636023256,INGENUITY,DelGuazu
2026-09-05,17:30:12,636025392,LEFKADA I,DelGuazu
2026-09-05,17:30:12,212977000,LUNAR STAR 1,DelGuazu
2026-09-05,17:30:12,253662000,,Braga
2026-09-05,17:30:12,212977000,,Braga
2026-09-05,17:30:12,636023256,,Braga
2026-09-05,17:30:12,248963000,,Braga
2026-09-05,17:30:12,755123000,INDEPENDIENTE,BellaVista
2026-09-05,17:30:12,755003609,DONA ELVIRA,BellaVista
2026-09-05,17:30:12,755022000,R/E CAVALIER XI,BellaVista
2026-09-05,17:30:12,755045000,BRUTUS H,BellaVista
2026-09-05,17:30:12,755048000,,BellaVista
2026-09-05,17:30:12,755170000,DONA MARGIE,BellaVista
2026-09-05,17:30:12,720041000,LA GLORIA,BellaVista
2026-09-05,17:30:12,755002841,ORGULLO,BellaVista
2026-09-05,17:30:12,755707081,IB ENCARNACION,BellaVista
2026-09-05,17:30:12,755024000,RE CAVALIER XII,BellaVista
2026-09-05,17:30:12,755002941,HERKULES IV,BellaVista
2026-09-05,17:30:12,755201114,AGUILUCHO,BellaVista
2026-09-05,17:40:10,311001602,,SanLorenzo
2026-09-05,17:40:10,563319600,,SanLorenzo
2026-09-05,17:40:10,477932500,ROSCO BANYAN,SanLorenzo
2026-09-05,17:40:10,701503000,GC77 GFO SAN MATIAS,SanLorenzo
2026-09-05,17:40:10,563169800,RUBY,SanLorenzo
2026-09-05,17:40:10,538006458,ODYSSEUS N,SanLorenzo
2026-09-05,17:40:10,477754600,MAERSK VENEZIA,SanLorenzo
2026-09-05,17:40:10,636015600,F. F GLORY,SanLorenzo
2026-09-05,17:40:10,538006504,DANK SILVER,SanLorenzo
2026-09-05,17:40:10,538004481,AGIA PARASKEVI,SanLorenzo
2026-09-05,17:40:10,538010750,TOKYO SPIRIT,SanLorenzo
2026-09-05,17:40:10,257897000,BOW FIRDA,SanLorenzo
2026-09-05,17:40:10,314952000,DSM HARBOUR,SanLorenzo
2026-09-05,17:40:10,636093258,EMMA JANNEKE,SanLorenzo
2026-09-05,17:40:10,311000195,CS SARAFINA,SanLorenzo
2026-09-05,17:40:10,256685000,RODINA,SanLorenzo
2026-09-05,17:40:10,351011000,OCEAN CROWN,SanLorenzo
2026-09-05,17:40:10,636024043,TG CRAB,SanLorenzo
2026-09-05,17:40:10,563234800,IVS DUNES,SanLorenzo
2026-09-05,17:40:10,538008779,LIVADI,SanLorenzo
2026-09-05,17:40:10,755085000,DON MAURICIO G,SanLorenzo
2026-09-05,17:40:10,701001057,VALENTINA H,SanLorenzo
2026-09-05,17:40:10,701006297,ANTONIO MARIA FERRO,SanLorenzo
2026-09-05,17:40:10,538090690,LEONARDO,SanLorenzo
2026-09-05,17:40:10,255916599,RANA,SanLorenzo
2026-09-05,17:40:10,241624000,LEGEND,SanLorenzo
2026-09-05,17:40:10,352004948,OBE UNITY,SanLorenzo
2026-09-05,17:40:10,352006388,NORSE BORNHOLM,SanLorenzo
2026-09-05,17:40:10,636023426,TOUBKAL PARK,SanLorenzo
2026-09-05,17:40:10,352006096,PALEXPO,SanLorenzo
2026-09-05,17:40:10,538008276,,SanLorenzo
2026-09-05,17:40:10,755088000,DECATUR LADY,SanLorenzo
2026-09-05,17:40:10,701006856,,SanLorenzo
2026-09-05,17:40:10,701001049,BUENAVENTURA,SanLorenzo
2026-09-05,17:40:10,538012594,KAPETANIOS,SanLorenzo
2026-09-05,17:40:10,701006899,,SanLorenzo
2026-09-05,17:40:10,255915742,BOCHEM CASABLANCA,SanLorenzo
2026-09-05,17:40:10,538009801,HELIOS,SanLorenzo
2026-09-05,17:40:10,355174000,APOGEE SPIRIT,SanLorenzo
2026-09-05,17:40:10,538008936,SOUND YOUNG,SanLorenzo
2026-09-05,17:40:10,563163900,ANNA SCHULTE,SanLorenzo
2026-09-05,17:40:10,7010004,,SanLorenzo
2026-09-05,17:40:10,564751000,MTM NEW YORK,SanLorenzo
2026-09-05,17:40:10,701001201,GAVION,SanLorenzo
2026-09-05,17:40:10,755002724,,SanLorenzo
2026-09-05,17:40:10,701006721,PRIM FLORES,SanLorenzo
2026-09-05,17:40:10,887210340,LANCHA CANTAGALO,SanLorenzo
2026-09-05,17:40:10,701001163,007,SanLorenzo
2026-09-05,17:40:10,720035000,CANTAGALLO,SanLorenzo
2026-09-05,17:40:10,755177000,CABALLERO BLANCO.,SanLorenzo
2026-09-05,17:40:10,755991013,PUMA,SanLorenzo
2026-09-05,17:40:10,636015971,STOLT ZULU,SanLorenzo
2026-09-05,17:40:10,701006858,CUECA,SanLorenzo
2026-09-05,17:40:10,563033900,TORM SUPREME,SanLorenzo
2026-09-05,17:40:10,755032000,RUBEN H,SanLorenzo
2026-09-05,17:40:10,701006926,FAVORITO SAN ANTONIO,SanLorenzo
2026-09-05,17:40:10,701006396,VB RECOLETA,SanLorenzo
2026-09-05,17:40:10,229732000,YANNIS,SanLorenzo
2026-09-05,17:40:10,701001404,,SanLorenzo
2026-09-05,17:40:10,701006443,MAYU,SanLorenzo
2026-09-05,17:40:10,755001797,PARAPITI.,SanLorenzo
2026-09-05,17:40:10,701006966,TIGRE,SanLorenzo
2026-09-05,17:40:10,373240000,DRINA S,SanLorenzo
2026-09-05,17:40:10,710000019,HERACLITO FILHO,SanLorenzo
2026-09-05,17:40:10,701001114,IGUAZU,SanLorenzo
2026-09-05,17:40:10,755703668,URUTAU,SanLorenzo
2026-09-05,17:40:10,755134000,LADOCE H,SanLorenzo
2026-09-05,17:40:10,755000020,AGUARA,SanLorenzo
2026-09-05,17:40:10,701006740,GUILLERMO C,SanLorenzo
2026-09-05,17:40:10,563151400,FRANCESCO,SanLorenzo
2026-09-05,17:40:10,311000195,CS SARAFINA,Rosario
2026-09-05,17:40:10,255915742,BOCHEM CASABLANCA,Rosario
2026-09-05,17:40:10,755991013,,Rosario
2026-09-05,17:40:10,538009801,HELIOS,Rosario
2026-09-05,17:40:10,701006242,,Rosario
2026-09-05,17:40:10,477932500,ROSCO BANYAN,Rosario
2026-09-05,17:40:10,701503000,GC77 GFO SAN MATIAS,Rosario
2026-09-05,17:40:10,538006458,ODYSSEUS N,Rosario
2026-09-05,17:40:10,477754600,MAERSK VENEZIA,Rosario
2026-09-05,17:40:10,538006504,DANK SILVER,Rosario
2026-09-05,17:40:10,257897000,BOW FIRDA,Rosario
2026-09-05,17:40:10,538010750,TOKYO SPIRIT,Rosario
2026-09-05,17:40:10,314952000,DSM HARBOUR,Rosario
2026-09-05,17:40:10,256685000,RODINA,Rosario
2026-09-05,17:40:10,352001142,GLORY FIRST,Rosario
2026-09-05,17:40:10,351011000,OCEAN CROWN,Rosario
2026-09-05,17:40:10,311001602,SAGA ANDORINHA,Rosario
2026-09-05,17:40:10,636024043,TG CRAB,Rosario
2026-09-05,17:40:10,755075000,IMPALA CAMPANA.,Rosario
2026-09-05,17:40:10,538008779,LIVADI,Rosario
2026-09-05,17:40:10,755085000,DON MAURICIO G,Rosario
2026-09-05,17:40:10,701006297,ANTONIO MARIA FERRO,Rosario
2026-09-05,17:40:10,538090690,LEONARDO,Rosario
2026-09-05,17:40:10,255916599,RANA,Rosario
2026-09-05,17:40:10,352004948,OBE UNITY,Rosario
2026-09-05,17:40:10,241624000,LEGEND,Rosario
2026-09-05,17:40:10,564751000,,Rosario
2026-09-05,17:40:10,352006388,NORSE BORNHOLM,Rosario
2026-09-05,17:40:10,636023426,TOUBKAL PARK,Rosario
2026-09-05,17:40:10,352006096,PALEXPO,Rosario
2026-09-05,17:40:10,538008276,PORT IMABARI,Rosario
2026-09-05,17:40:10,701001049,BUENAVENTURA,Rosario
2026-09-05,17:40:10,538012594,KAPETANIOS,Rosario
2026-09-05,17:40:10,355174000,APOGEE SPIRIT,Rosario
2026-09-05,17:40:10,563163900,ANNA SCHULTE,Rosario
2026-09-05,17:40:10,755001797,PARAPITI.,Rosario
2026-09-05,17:40:10,538008936,SOUND YOUNG,Rosario
2026-09-05,17:40:10,7010004,,Rosario
2026-09-05,17:40:10,701001114,IGUAZU,Rosario
2026-09-05,17:40:10,701006858,CUECA,Rosario
2026-09-05,17:40:10,701001201,GAVION,Rosario
2026-09-05,17:40:10,755000020,AGUARA,Rosario
2026-09-05,17:40:10,701001163,007,Rosario
2026-09-05,17:40:10,755088000,DECATUR LADY,Rosario
2026-09-05,17:40:10,636015971,STOLT ZULU,Rosario
2026-09-05,17:40:10,701006856,PILCOMAYO,Rosario
2026-09-05,17:40:10,701006926,FAVORITO SAN ANTONIO,Rosario
2026-09-05,17:40:10,701006396,VB RECOLETA,Rosario
2026-09-05,17:40:10,229732000,YANNIS,Rosario
2026-09-05,17:40:10,373240000,DRINA S,Rosario
2026-09-05,17:40:10,710000019,HERACLITO FILHO,Rosario
2026-09-05,17:40:10,701006740,GUILLERMO C,Rosario
2026-09-05,17:40:10,563151400,FRANCESCO,Rosario
2026-09-05,17:40:10,701001404,,Rosario
2026-09-05,17:40:10,253662000,,DelGuazu
2026-09-05,17:40:10,701006462,DON EGIDIO,DelGuazu
2026-09-05,17:40:10,248963000,HAFNIA BEIJING,DelGuazu
2026-09-05,17:40:10,636023256,INGENUITY,DelGuazu
2026-09-05,17:40:10,212977000,LUNAR STAR 1,DelGuazu
2026-09-05,17:40:10,636023256,,Braga
2026-09-05,17:40:10,755123000,INDEPENDIENTE,BellaVista
2026-09-05,17:40:10,755022000,R/E CAVALIER XI,BellaVista
2026-09-05,17:40:10,755024000,RE CAVALIER XII,BellaVista
2026-09-05,17:40:10,755003609,DONA ELVIRA,BellaVista
2026-09-05,17:40:10,755045000,BRUTUS H,BellaVista
2026-09-05,17:40:10,755002841,ORGULLO,BellaVista
2026-09-05,17:40:10,755048000,ITAPUA I,BellaVista
2026-09-05,17:40:10,755170000,DONA MARGIE,BellaVista
2026-09-05,17:40:10,720041000,LA GLORIA,BellaVista
2026-09-05,17:40:10,755707081,IB ENCARNACION,BellaVista
2026-09-05,17:40:10,755201114,AGUILUCHO,BellaVista
2026-09-05,17:40:10,755002941,HERKULES IV,BellaVista
2026-09-05,17:50:10,311001602,,SanLorenzo
2026-09-05,17:50:10,538004481,AGIA PARASKEVI,SanLorenzo
2026-09-05,17:50:10,538008936,SOUND YOUNG,SanLorenzo
2026-09-05,17:50:10,563169800,RUBY,SanLorenzo
2026-09-05,17:50:10,701503000,GC77 GFO SAN MATIAS,SanLorenzo
2026-09-05,17:50:10,538006458,ODYSSEUS N,SanLorenzo
2026-09-05,17:50:10,887210340,LANCHA CANTAGALO,SanLorenzo
2026-09-05,17:50:10,636015600,F. F GLORY,SanLorenzo
2026-09-05,17:50:10,477754600,MAERSK VENEZIA,SanLorenzo
2026-09-05,17:50:10,257897000,BOW FIRDA,SanLorenzo
2026-09-05,17:50:10,538006504,DANK SILVER,SanLorenzo
2026-09-05,17:50:10,538010750,TOKYO SPIRIT,SanLorenzo
2026-09-05,17:50:10,314952000,DSM HARBOUR,SanLorenzo
2026-09-05,17:50:10,311000195,CS SARAFINA,SanLorenzo
2026-09-05,17:50:10,636093258,EMMA JANNEKE,SanLorenzo
2026-09-05,17:50:10,256685000,RODINA,SanLorenzo
2026-09-05,17:50:10,351011000,OCEAN CROWN,SanLorenzo
2026-09-05,17:50:10,636024043,TG CRAB,SanLorenzo
2026-09-05,17:50:10,563234800,IVS DUNES,SanLorenzo
2026-09-05,17:50:10,538008779,LIVADI,SanLorenzo
2026-09-05,17:50:10,755085000,DON MAURICIO G,SanLorenzo
2026-09-05,17:50:10,701001057,VALENTINA H,SanLorenzo
2026-09-05,17:50:10,538090690,LEONARDO,SanLorenzo
2026-09-05,17:50:10,241624000,LEGEND,SanLorenzo
2026-09-05,17:50:10,255916599,RANA,SanLorenzo
2026-09-05,17:50:10,352004948,OBE UNITY,SanLorenzo
2026-09-05,17:50:10,352006388,NORSE BORNHOLM,SanLorenzo
2026-09-05,17:50:10,636023426,TOUBKAL PARK,SanLorenzo
2026-09-05,17:50:10,352006096,PALEXPO,SanLorenzo
2026-09-05,17:50:10,538008276,,SanLorenzo
2026-09-05,17:50:10,563319600,,SanLorenzo
2026-09-05,17:50:10,538012594,KAPETANIOS,SanLorenzo
2026-09-05,17:50:10,255915742,BOCHEM CASABLANCA,SanLorenzo
2026-09-05,17:50:10,7010004,,SanLorenzo
2026-09-05,17:50:10,538009801,HELIOS,SanLorenzo
2026-09-05,17:50:10,701006899,DON BASILIO,SanLorenzo
2026-09-05,17:50:10,563163900,ANNA SCHULTE,SanLorenzo
2026-09-05,17:50:10,355174000,APOGEE SPIRIT,SanLorenzo
2026-09-05,17:50:10,701006856,,SanLorenzo
2026-09-05,17:50:10,755088000,DECATUR LADY,SanLorenzo
2026-09-05,17:50:10,701001201,GAVION,SanLorenzo
2026-09-05,17:50:10,701001163,007,SanLorenzo
2026-09-05,17:50:10,563151400,FRANCESCO,SanLorenzo
2026-09-05,17:50:10,701006900,DON MARIO I,SanLorenzo
2026-09-05,17:50:10,720035000,CANTAGALLO,SanLorenzo
2026-09-05,17:50:10,755177000,CABALLERO BLANCO.,SanLorenzo
2026-09-05,17:50:10,755991013,PUMA,SanLorenzo
2026-09-05,17:50:10,701006858,CUECA,SanLorenzo
2026-09-05,17:50:10,755032000,RUBEN H,SanLorenzo
2026-09-05,17:50:10,701006926,FAVORITO SAN ANTONIO,SanLorenzo
2026-09-05,17:50:10,701006396,VB RECOLETA,SanLorenzo
2026-09-05,17:50:10,563033900,TORM SUPREME,SanLorenzo
2026-09-05,17:50:10,710000019,HERACLITO FILHO,SanLorenzo
2026-09-05,17:50:10,636015971,STOLT ZULU,SanLorenzo
2026-09-05,17:50:10,564751000,MTM NEW YORK,SanLorenzo
2026-09-05,17:50:10,701001404,,SanLorenzo
2026-09-05,17:50:10,701006443,MAYU,SanLorenzo
2026-09-05,17:50:10,755703668,URUTAU,SanLorenzo
2026-09-05,17:50:10,701006966,TIGRE,SanLorenzo
2026-09-05,17:50:10,755001797,PARAPITI.,SanLorenzo
2026-09-05,17:50:10,373240000,DRINA S,SanLorenzo
2026-09-05,17:50:10,701001114,IGUAZU,SanLorenzo
2026-09-05,17:50:10,229732000,YANNIS,SanLorenzo
2026-09-05,17:50:10,477932500,ROSCO BANYAN,SanLorenzo
2026-09-05,17:50:10,701001049,BUENAVENTURA,SanLorenzo
2026-09-05,17:50:10,755000020,AGUARA,SanLorenzo
2026-09-05,17:50:10,701006297,ANTONIO MARIA FERRO,SanLorenzo
2026-09-05,17:50:10,755134000,LADOCE H,SanLorenzo
2026-09-05,17:50:10,701006966,,Rosario
2026-09-05,17:50:10,701001201,GAVION,Rosario
2026-09-05,17:50:10,701006242,,Rosario
2026-09-05,17:50:10,755991013,,Rosario
2026-09-05,17:50:10,701001114,IGUAZU,Rosario
2026-09-05,17:50:10,538008936,SOUND YOUNG,Rosario
2026-09-05,17:50:10,701503000,GC77 GFO SAN MATIAS,Rosario
2026-09-05,17:50:10,538006458,ODYSSEUS N,Rosario
2026-09-05,17:50:10,477754600,MAERSK VENEZIA,Rosario
2026-09-05,17:50:10,257897000,BOW FIRDA,Rosario
2026-09-05,17:50:10,538006504,DANK SILVER,Rosario
2026-09-05,17:50:10,701001049,BUENAVENTURA,Rosario
2026-09-05,17:50:10,538010750,TOKYO SPIRIT,Rosario
2026-09-05,17:50:10,314952000,DSM HARBOUR,Rosario
2026-09-05,17:50:10,311000195,CS SARAFINA,Rosario
2026-09-05,17:50:10,256685000,RODINA,Rosario
2026-09-05,17:50:10,352001142,GLORY FIRST,Rosario
2026-09-05,17:50:10,351011000,OCEAN CROWN,Rosario
2026-09-05,17:50:10,311001602,SAGA ANDORINHA,Rosario
2026-09-05,17:50:10,636024043,TG CRAB,Rosario
2026-09-05,17:50:10,538008779,LIVADI,Rosario
2026-09-05,17:50:10,755085000,DON MAURICIO G,Rosario
2026-09-05,17:50:10,755000020,AGUARA,Rosario
2026-09-05,17:50:10,538090690,LEONARDO,Rosario
2026-09-05,17:50:10,255916599,RANA,Rosario
2026-09-05,17:50:10,352004948,OBE UNITY,Rosario
2026-09-05,17:50:10,241624000,LEGEND,Rosario
2026-09-05,17:50:10,373240000,DRINA S,Rosario
2026-09-05,17:50:10,701006856,PILCOMAYO,Rosario
2026-09-05,17:50:10,352006388,NORSE BORNHOLM,Rosario
2026-09-05,17:50:10,636023426,TOUBKAL PARK,Rosario
2026-09-05,17:50:10,352006096,PALEXPO,Rosario
2026-09-05,17:50:10,538008276,PORT IMABARI,Rosario
2026-09-05,17:50:10,538012594,KAPETANIOS,Rosario
2026-09-05,17:50:10,255915742,BOCHEM CASABLANCA,Rosario
2026-09-05,17:50:10,755001797,PARAPITI.,Rosario
2026-09-05,17:50:10,7010004,,Rosario
2026-09-05,17:50:10,538009801,HELIOS,Rosario
2026-09-05,17:50:10,755032000,RUBEN H,Rosario
2026-09-05,17:50:10,563163900,ANNA SCHULTE,Rosario
2026-09-05,17:50:10,355174000,APOGEE SPIRIT,Rosario
2026-09-05,17:50:10,701001163,007,Rosario
2026-09-05,17:50:10,563151400,FRANCESCO,Rosario
2026-09-05,17:50:10,755088000,DECATUR LADY,Rosario
2026-09-05,17:50:10,701006858,CUECA,Rosario
2026-09-05,17:50:10,636015971,STOLT ZULU,Rosario
2026-09-05,17:50:10,564751000,MTM NEW YORK,Rosario
2026-09-05,17:50:10,755075000,IMPALA CAMPANA.,Rosario
2026-09-05,17:50:10,701006926,FAVORITO SAN ANTONIO,Rosario
2026-09-05,17:50:10,701006396,VB RECOLETA,Rosario
2026-09-05,17:50:10,710000019,HERACLITO FILHO,Rosario
2026-09-05,17:50:10,701001404,GUAZU PUCU,Rosario
2026-09-05,17:50:10,229732000,YANNIS,Rosario
2026-09-05,17:50:10,477932500,ROSCO BANYAN,Rosario
2026-09-05,17:50:10,701006297,ANTONIO MARIA FERRO,Rosario
2026-09-05,17:50:10,701006462,DON EGIDIO,DelGuazu
2026-09-05,17:50:10,212977000,LUNAR STAR 1,DelGuazu
2026-09-05,17:50:10,253662000,,DelGuazu
2026-09-05,17:50:10,248963000,HAFNIA BEIJING,DelGuazu
2026-09-05,17:50:10,636023256,INGENUITY,DelGuazu
2026-09-05,17:50:10,248963000,,Braga
2026-09-05,17:50:10,755024000,RE CAVALIER XII,BellaVista
2026-09-05,17:50:10,755123000,INDEPENDIENTE,BellaVista
2026-09-05,17:50:10,755045000,BRUTUS H,BellaVista
2026-09-05,17:50:10,755003609,DONA ELVIRA,BellaVista
2026-09-05,17:50:10,755002841,ORGULLO,BellaVista
2026-09-05,17:50:10,755170000,DONA MARGIE,BellaVista
2026-09-05,17:50:10,755048000,ITAPUA I,BellaVista
2026-09-05,17:50:10,755022000,R/E CAVALIER XI,BellaVista
2026-09-05,17:50:10,720041000,LA GLORIA,BellaVista
2026-09-05,17:50:10,755707081,IB ENCARNACION,BellaVista
2026-09-05,17:50:10,755002941,HERKULES IV,BellaVista
2026-09-05,17:50:10,755201114,AGUILUCHO,BellaVista
2026-09-05,18:00:15,701006283,,SanLorenzo
2026-09-05,18:00:15,311001602,SAGA ANDORINHA,SanLorenzo
2026-09-05,18:00:15,563319600,CUTLASS GALAXY,SanLorenzo
2026-09-05,18:00:15,373240000,DRINA S,SanLorenzo
2026-09-05,18:00:15,477932500,ROSCO BANYAN,SanLorenzo
2026-09-05,18:00:15,701503000,GC77 GFO SAN MATIAS,SanLorenzo
2026-09-05,18:00:15,563169800,RUBY,SanLorenzo
2026-09-05,18:00:15,538006458,ODYSSEUS N,SanLorenzo
2026-09-05,18:00:15,477754600,MAERSK VENEZIA,SanLorenzo
2026-09-05,18:00:15,636015600,F. F GLORY,SanLorenzo
2026-09-05,18:00:15,701006856,PILCOMAYO,SanLorenzo
2026-09-05,18:00:15,538004481,AGIA PARASKEVI,SanLorenzo
2026-09-05,18:00:15,257897000,BOW FIRDA,SanLorenzo
2026-09-05,18:00:15,538006504,DANK SILVER,SanLorenzo
2026-09-05,18:00:15,701006673,NAPOLEON,SanLorenzo
2026-09-05,18:00:15,636024698,MC CALYPSO,SanLorenzo
2026-09-05,18:00:15,538010750,TOKYO SPIRIT,SanLorenzo
2026-09-05,18:00:15,636093258,EMMA JANNEKE,SanLorenzo
2026-09-05,18:00:15,314952000,DSM HARBOUR,SanLorenzo
2026-09-05,18:00:15,311000195,CS SARAFINA,SanLorenzo
2026-09-05,18:00:15,256685000,RODINA,SanLorenzo
2026-09-05,18:00:15,351011000,OCEAN CROWN,SanLorenzo
2026-09-05,18:00:15,7010004,,SanLorenzo
2026-09-05,18:00:15,636024043,TG CRAB,SanLorenzo
2026-09-05,18:00:15,563234800,IVS DUNES,SanLorenzo
2026-09-05,18:00:15,538008779,LIVADI,SanLorenzo
2026-09-05,18:00:15,755085000,DON MAURICIO G,SanLorenzo
2026-09-05,18:00:15,701001057,VALENTINA H,SanLorenzo
2026-09-05,18:00:15,538090690,LEONARDO,SanLorenzo
2026-09-05,18:00:15,255916599,RANA,SanLorenzo
2026-09-05,18:00:15,241624000,LEGEND,SanLorenzo
2026-09-05,18:00:15,352004948,OBE UNITY,SanLorenzo
2026-09-05,18:00:15,352006388,NORSE BORNHOLM,SanLorenzo
2026-09-05,18:00:15,538008276,,SanLorenzo
2026-09-05,18:00:15,636023426,TOUBKAL PARK,SanLorenzo
2026-09-05,18:00:15,352006096,PALEXPO,SanLorenzo
2026-09-05,18:00:15,255915742,BOCHEM CASABLANCA,SanLorenzo
2026-09-05,18:00:15,538012594,KAPETANIOS,SanLorenzo
2026-09-05,18:00:15,538009801,HELIOS,SanLorenzo
2026-09-05,18:00:15,563163900,ANNA SCHULTE,SanLorenzo
2026-09-05,18:00:15,355174000,APOGEE SPIRIT,SanLorenzo
2026-09-05,18:00:15,538008936,SOUND YOUNG,SanLorenzo
2026-09-05,18:00:15,701001201,GAVION,SanLorenzo
2026-09-05,18:00:15,701006721,PRIM FLORES,SanLorenzo
2026-09-05,18:00:15,701006899,DON BASILIO,SanLorenzo
2026-09-05,18:00:15,887210340,LANCHA CANTAGALO,SanLorenzo
2026-09-05,18:00:15,720035000,CANTAGALLO,SanLorenzo
2026-09-05,18:00:15,701001163,007,SanLorenzo
2026-09-05,18:00:15,755088000,DECATUR LADY,SanLorenzo
2026-09-05,18:00:15,755991013,PUMA,SanLorenzo
2026-09-05,18:00:15,701006740,GUILLERMO C,SanLorenzo
2026-09-05,18:00:15,755177000,CABALLERO BLANCO.,SanLorenzo
2026-09-05,18:00:15,701006858,CUECA,SanLorenzo
2026-09-05,18:00:15,755032000,RUBEN H,SanLorenzo
2026-09-05,18:00:15,563033900,TORM SUPREME,SanLorenzo
2026-09-05,18:00:15,701006926,FAVORITO SAN ANTONIO,SanLorenzo
2026-09-05,18:00:15,701006396,VB RECOLETA,SanLorenzo
2026-09-05,18:00:15,701001049,BUENAVENTURA,SanLorenzo
2026-09-05,18:00:15,636015971,STOLT ZULU,SanLorenzo
2026-09-05,18:00:15,701001404,GUAZU PUCU,SanLorenzo
2026-09-05,18:00:15,564751000,MTM NEW YORK,SanLorenzo
2026-09-05,18:00:15,701006443,MAYU,SanLorenzo
2026-09-05,18:00:15,755703668,URUTAU,SanLorenzo
2026-09-05,18:00:15,229732000,YANNIS,SanLorenzo
2026-09-05,18:00:15,701006966,TIGRE,SanLorenzo
2026-09-05,18:00:15,755001797,PARAPITI.,SanLorenzo
2026-09-05,18:00:15,701001114,IGUAZU,SanLorenzo
2026-09-05,18:00:15,755134000,LADOCE H,SanLorenzo
2026-09-05,18:00:15,710000019,HERACLITO FILHO,SanLorenzo
2026-09-05,18:00:15,755000020,AGUARA,SanLorenzo
2026-09-05,18:00:15,701006297,ANTONIO MARIA FERRO,SanLorenzo
2026-09-05,18:00:15,563151400,FRANCESCO,SanLorenzo
2026-09-05,18:00:15,701006242,,Rosario
2026-09-05,18:00:15,314952000,DSM HARBOUR,Rosario
2026-09-05,18:00:15,256685000,RODINA,Rosario
2026-09-05,18:00:15,538008779,LIVADI,Rosario
2026-09-05,18:00:15,755032000,RUBEN H,Rosario
2026-09-05,18:00:15,755001797,PARAPITI.,Rosario
2026-09-05,18:00:15,755991013,,Rosario
2026-09-05,18:00:15,701001114,IGUAZU,Rosario
2026-09-05,18:00:15,255915742,BOCHEM CASABLANCA,Rosario
2026-09-05,18:00:15,477932500,ROSCO BANYAN,Rosario
2026-09-05,18:00:15,755000020,AGUARA,Rosario
2026-09-05,18:00:15,701503000,GC77 GFO SAN MATIAS,Rosario
2026-09-05,18:00:15,538006458,ODYSSEUS N,Rosario
2026-09-05,18:00:15,477754600,MAERSK VENEZIA,Rosario
2026-09-05,18:00:15,257897000,BOW FIRDA,Rosario
2026-09-05,18:00:15,538006504,DANK SILVER,Rosario
2026-09-05,18:00:15,538010750,TOKYO SPIRIT,Rosario
2026-09-05,18:00:15,311000195,CS SARAFINA,Rosario
2026-09-05,18:00:15,352001142,GLORY FIRST,Rosario
2026-09-05,18:00:15,351011000,OCEAN CROWN,Rosario
2026-09-05,18:00:15,701006856,PILCOMAYO,Rosario
2026-09-05,18:00:15,7010004,,Rosario
2026-09-05,18:00:15,311001602,SAGA ANDORINHA,Rosario
2026-09-05,18:00:15,636024043,TG CRAB,Rosario
2026-09-05,18:00:15,755085000,DON MAURICIO G,Rosario
2026-09-05,18:00:15,538090690,LEONARDO,Rosario
2026-09-05,18:00:15,255916599,RANA,Rosario
2026-09-05,18:00:15,352004948,OBE UNITY,Rosario
2026-09-05,18:00:15,241624000,LEGEND,Rosario
2026-09-05,18:00:15,352006388,NORSE BORNHOLM,Rosario
2026-09-05,18:00:15,538008276,PORT IMABARI,Rosario
2026-09-05,18:00:15,636023426,TOUBKAL PARK,Rosario
2026-09-05,18:00:15,352006096,PALEXPO,Rosario
2026-09-05,18:00:15,563319600,,Rosario
2026-09-05,18:00:15,701001163,007,Rosario
2026-09-05,18:00:15,538012594,KAPETANIOS,Rosario
2026-09-05,18:00:15,755088000,DECATUR LADY,Rosario
2026-09-05,18:00:15,701006673,,Rosario
2026-09-05,18:00:15,538009801,HELIOS,Rosario
2026-09-05,18:00:15,563163900,ANNA SCHULTE,Rosario
2026-09-05,18:00:15,355174000,APOGEE SPIRIT,Rosario
2026-09-05,18:00:15,710000019,HERACLITO FILHO,Rosario
2026-09-05,18:00:15,538008936,SOUND YOUNG,Rosario
2026-09-05,18:00:15,701006740,GUILLERMO C,Rosario
2026-09-05,18:00:15,636015971,STOLT ZULU,Rosario
2026-09-05,18:00:15,701006858,CUECA,Rosario
2026-09-05,18:00:15,755075000,IMPALA CAMPANA.,Rosario
2026-09-05,18:00:15,701006466,,Rosario
2026-09-05,18:00:15,564751000,MTM NEW YORK,Rosario
2026-09-05,18:00:15,701006926,FAVORITO SAN ANTONIO,Rosario
2026-09-05,18:00:15,701006396,VB RECOLETA,Rosario
2026-09-05,18:00:15,701001049,BUENAVENTURA,Rosario
2026-09-05,18:00:15,229732000,YANNIS,Rosario
2026-09-05,18:00:15,701006297,ANTONIO MARIA FERRO,Rosario
2026-09-05,18:00:15,563151400,FRANCESCO,Rosario
2026-09-05,18:00:15,701001404,GUAZU PUCU,Rosario
2026-09-05,18:00:15,701006462,DON EGIDIO,DelGuazu
2026-09-05,18:00:15,248963000,HAFNIA BEIJING,DelGuazu
2026-09-05,18:00:15,636023256,INGENUITY,DelGuazu
2026-09-05,18:00:15,755002841,ORGULLO,BellaVista
2026-09-05,18:00:15,755123000,INDEPENDIENTE,BellaVista
2026-09-05,18:00:15,755003609,DONA ELVIRA,BellaVista
2026-09-05,18:00:15,755004318,NAUTIC TWIN,BellaVista
2026-09-05,18:00:15,755022000,R/E CAVALIER XI,BellaVista
2026-09-05,18:00:15,755024000,RE CAVALIER XII,BellaVista
2026-09-05,18:00:15,755004073,MBIGUA\,BellaVista
2026-09-05,18:00:15,755048000,ITAPUA I,BellaVista
2026-09-05,18:00:15,755045000,BRUTUS H,BellaVista
2026-09-05,18:00:15,755170000,DONA MARGIE,BellaVista
2026-09-05,18:00:15,720041000,LA GLORIA,BellaVista
2026-09-05,18:00:15,755707081,IB ENCARNACION,BellaVista
2026-09-05,18:00:15,755201114,AGUILUCHO,BellaVista
2026-09-05,18:00:15,755002941,HERKULES IV,BellaVista
2026-09-05,18:10:10,7010004,,SanLorenzo
2026-09-05,18:10:10,563319600,CUTLASS GALAXY,SanLorenzo
2026-09-05,18:10:10,755032000,RUBEN H,SanLorenzo
2026-09-05,18:10:10,538012594,KAPETANIOS,SanLorenzo
2026-09-05,18:10:10,701006673,NAPOLEON,SanLorenzo
2026-09-05,18:10:10,701503000,GC77 GFO SAN MATIAS,SanLorenzo
2026-09-05,18:10:10,477754600,MAERSK VENEZIA,SanLorenzo
2026-09-05,18:10:10,538006458,ODYSSEUS N,SanLorenzo
2026-09-05,18:10:10,563169800,RUBY,SanLorenzo
2026-09-05,18:10:10,636015600,F. F GLORY,SanLorenzo
2026-09-05,18:10:10,257897000,BOW FIRDA,SanLorenzo
2026-09-05,18:10:10,538004481,AGIA PARASKEVI,SanLorenzo
2026-09-05,18:10:10,538006504,DANK SILVER,SanLorenzo
2026-09-05,18:10:10,538010750,TOKYO SPIRIT,SanLorenzo
2026-09-05,18:10:10,636024698,MC CALYPSO,SanLorenzo
2026-09-05,18:10:10,636093258,EMMA JANNEKE,SanLorenzo
2026-09-05,18:10:10,314952000,DSM HARBOUR,SanLorenzo
2026-09-05,18:10:10,311000195,CS SARAFINA,SanLorenzo
2026-09-05,18:10:10,256685000,RODINA,SanLorenzo
2026-09-05,18:10:10,351011000,OCEAN CROWN,SanLorenzo
2026-09-05,18:10:10,710000019,HERACLITO FILHO,SanLorenzo
2026-09-05,18:10:10,636024043,TG CRAB,SanLorenzo
2026-09-05,18:10:10,563234800,IVS DUNES,SanLorenzo
2026-09-05,18:10:10,538008779,LIVADI,SanLorenzo
2026-09-05,18:10:10,887210340,LANCHA CANTAGALO,SanLorenzo
2026-09-05,18:10:10,755085000,DON MAURICIO G,SanLorenzo
2026-09-05,18:10:10,701001057,VALENTINA H,SanLorenzo
2026-09-05,18:10:10,538090690,LEONARDO,SanLorenzo
2026-09-05,18:10:10,255916599,RANA,SanLorenzo
2026-09-05,18:10:10,241624000,LEGEND,SanLorenzo
2026-09-05,18:10:10,352004948,OBE UNITY,SanLorenzo
2026-09-05,18:10:10,352006388,NORSE BORNHOLM,SanLorenzo
2026-09-05,18:10:10,636023426,TOUBKAL PARK,SanLorenzo
2026-09-05,18:10:10,538008276,,SanLorenzo
2026-09-05,18:10:10,352006096,PALEXPO,SanLorenzo
2026-09-05,18:10:10,255915742,BOCHEM CASABLANCA,SanLorenzo
2026-09-05,18:10:10,563163900,ANNA SCHULTE,SanLorenzo
2026-09-05,18:10:10,355174000,APOGEE SPIRIT,SanLorenzo
2026-09-05,18:10:10,538009801,HELIOS,SanLorenzo
2026-09-05,18:10:10,538008936,SOUND YOUNG,SanLorenzo
2026-09-05,18:10:10,701001163,007,SanLorenzo
2026-09-05,18:10:10,701006740,GUILLERMO C,SanLorenzo
2026-09-05,18:10:10,755088000,DECATUR LADY,SanLorenzo
2026-09-05,18:10:10,755177000,CABALLERO BLANCO.,SanLorenzo
2026-09-05,18:10:10,701006858,CUECA,SanLorenzo
2026-09-05,18:10:10,755991013,PUMA,SanLorenzo
2026-09-05,18:10:10,701006899,DON BASILIO,SanLorenzo
2026-09-05,18:10:10,564751000,MTM NEW YORK,SanLorenzo
2026-09-05,18:10:10,701006926,FAVORITO SAN ANTONIO,SanLorenzo
2026-09-05,18:10:10,563033900,TORM SUPREME,SanLorenzo
2026-09-05,18:10:10,701001049,BUENAVENTURA,SanLorenzo
2026-09-05,18:10:10,701006396,VB RECOLETA,SanLorenzo
2026-09-05,18:10:10,229732000,YANNIS,SanLorenzo
2026-09-05,18:10:10,701001404,GUAZU PUCU,SanLorenzo
2026-09-05,18:10:10,636015971,STOLT ZULU,SanLorenzo
2026-09-05,18:10:10,701006443,MAYU,SanLorenzo
2026-09-05,18:10:10,755703668,URUTAU,SanLorenzo
2026-09-05,18:10:10,701006966,TIGRE,SanLorenzo
2026-09-05,18:10:10,755001797,PARAPITI.,SanLorenzo
2026-09-05,18:10:10,701006297,ANTONIO MARIA FERRO,SanLorenzo
2026-09-05,18:10:10,755000020,AGUARA,SanLorenzo
2026-09-05,18:10:10,701001114,IGUAZU,SanLorenzo
2026-09-05,18:10:10,755134000,LADOCE H,SanLorenzo
2026-09-05,18:10:10,477932500,ROSCO BANYAN,SanLorenzo
2026-09-05,18:10:10,563151400,FRANCESCO,SanLorenzo
2026-09-05,18:10:10,636024698,,Rosario
2026-09-05,18:10:10,7010004,,Rosario
2026-09-05,18:10:10,255915742,BOCHEM CASABLANCA,Rosario
2026-09-05,18:10:10,701006740,GUILLERMO C,Rosario
2026-09-05,18:10:10,755001797,PARAPITI.,Rosario
2026-09-05,18:10:10,701001114,IGUAZU,Rosario
2026-09-05,18:10:10,701503000,GC77 GFO SAN MATIAS,Rosario
2026-09-05,18:10:10,477754600,MAERSK VENEZIA,Rosario
2026-09-05,18:10:10,538006458,ODYSSEUS N,Rosario
2026-09-05,18:10:10,257897000,BOW FIRDA,Rosario
2026-09-05,18:10:10,538006504,DANK SILVER,Rosario
2026-09-05,18:10:10,538010750,TOKYO SPIRIT,Rosario
2026-09-05,18:10:10,314952000,DSM HARBOUR,Rosario
2026-09-05,18:10:10,311000195,CS SARAFINA,Rosario
2026-09-05,18:10:10,256685000,RODINA,Rosario
2026-09-05,18:10:10,352001142,GLORY FIRST,Rosario
2026-09-05,18:10:10,351011000,OCEAN CROWN,Rosario
2026-09-05,18:10:10,710000019,HERACLITO FILHO,Rosario
2026-09-05,18:10:10,373240000,DRINA S,Rosario
2026-09-05,18:10:10,755075000,IMPALA CAMPANA.,Rosario
2026-09-05,18:10:10,311001602,SAGA ANDORINHA,Rosario
2026-09-05,18:10:10,636024043,TG CRAB,Rosario
2026-09-05,18:10:10,755085000,DON MAURICIO G,Rosario
2026-09-05,18:10:10,755991013,,Rosario
2026-09-05,18:10:10,255916599,RANA,Rosario
2026-09-05,18:10:10,538090690,LEONARDO,Rosario
2026-09-05,18:10:10,352004948,OBE UNITY,Rosario
2026-09-05,18:10:10,701006679,,Rosario
2026-09-05,18:10:10,241624000,LEGEND,Rosario
2026-09-05,18:10:10,352006388,NORSE BORNHOLM,Rosario
2026-09-05,18:10:10,636023426,TOUBKAL PARK,Rosario
2026-09-05,18:10:10,538008276,PORT IMABARI,Rosario
2026-09-05,18:10:10,352006096,PALEXPO,Rosario
2026-09-05,18:10:10,538012594,KAPETANIOS,Rosario
2026-09-05,18:10:10,701006673,NAPOLEON,Rosario
2026-09-05,18:10:10,701006466,,Rosario
2026-09-05,18:10:10,563163900,ANNA SCHULTE,Rosario
2026-09-05,18:10:10,355174000,APOGEE SPIRIT,Rosario
2026-09-05,18:10:10,538009801,HELIOS,Rosario
2026-09-05,18:10:10,538008936,SOUND YOUNG,Rosario
2026-09-05,18:10:10,701001163,007,Rosario
2026-09-05,18:10:10,755088000,DECATUR LADY,Rosario
2026-09-05,18:10:10,701006856,PILCOMAYO,Rosario
2026-09-05,18:10:10,701006858,CUECA,Rosario
2026-09-05,18:10:10,564751000,MTM NEW YORK,Rosario
2026-09-05,18:10:10,636015971,STOLT ZULU,Rosario
2026-09-05,18:10:10,701006926,FAVORITO SAN ANTONIO,Rosario
2026-09-05,18:10:10,701001049,BUENAVENTURA,Rosario
2026-09-05,18:10:10,701006396,VB RECOLETA,Rosario
2026-09-05,18:10:10,229732000,YANNIS,Rosario
2026-09-05,18:10:10,755000020,AGUARA,Rosario
2026-09-05,18:10:10,701006297,ANTONIO MARIA FERRO,Rosario
2026-09-05,18:10:10,477932500,ROSCO BANYAN,Rosario
2026-09-05,18:10:10,563151400,FRANCESCO,Rosario
2026-09-05,18:10:10,701001404,GUAZU PUCU,Rosario
2026-09-05,18:10:10,636023256,INGENUITY,DelGuazu
2026-09-05,18:10:10,248963000,HAFNIA BEIJING,DelGuazu
2026-09-05,18:10:10,248963000,,Braga
2026-09-05,18:10:10,887210413,,BellaVista
2026-09-05,18:10:10,755003609,DONA ELVIRA,BellaVista
2026-09-05,18:10:10,755004073,MBIGUA\,BellaVista
2026-09-05,18:10:10,755045000,BRUTUS H,BellaVista
2026-09-05,18:10:10,755004318,NAUTIC TWIN,BellaVista
2026-09-05,18:10:10,755022000,R/E CAVALIER XI,BellaVista
2026-09-05,18:10:10,755002841,ORGULLO,BellaVista
2026-09-05,18:10:10,720041000,LA GLORIA,BellaVista
2026-09-05,18:10:10,755024000,RE CAVALIER XII,BellaVista
2026-09-05,18:10:10,755707081,IB ENCARNACION,BellaVista
2026-09-05,18:10:10,755201114,AGUILUCHO,BellaVista
2026-09-05,18:10:10,755123000,INDEPENDIENTE,BellaVista
2026-09-05,18:20:10,538008779,LIVADI,SanLorenzo
2026-09-05,18:20:10,352006388,NORSE BORNHOLM,SanLorenzo
2026-09-05,18:20:10,701503000,GC77 GFO SAN MATIAS,SanLorenzo
2026-09-05,18:20:10,563169800,RUBY,SanLorenzo
2026-09-05,18:20:10,538006458,ODYSSEUS N,SanLorenzo
2026-09-05,18:20:10,636015600,F. F GLORY,SanLorenzo
2026-09-05,18:20:10,477754600,MAERSK VENEZIA,SanLorenzo
2026-09-05,18:20:10,257897000,BOW FIRDA,SanLorenzo
2026-09-05,18:20:10,538006504,DANK SILVER,SanLorenzo
2026-09-05,18:20:10,538004481,AGIA PARASKEVI,SanLorenzo
2026-09-05,18:20:10,538010750,TOKYO SPIRIT,SanLorenzo
2026-09-05,18:20:10,636024698,MC CALYPSO,SanLorenzo
2026-09-05,18:20:10,311000195,CS SARAFINA,SanLorenzo
2026-09-05,18:20:10,636093258,EMMA JANNEKE,SanLorenzo
2026-09-05,18:20:10,314952000,DSM HARBOUR,SanLorenzo
2026-09-05,18:20:10,256685000,RODINA,SanLorenzo
2026-09-05,18:20:10,351011000,OCEAN CROWN,SanLorenzo
2026-09-05,18:20:10,7010004,,SanLorenzo
2026-09-05,18:20:10,636024043,TG CRAB,SanLorenzo
2026-09-05,18:20:10,563234800,IVS DUNES,SanLorenzo
2026-09-05,18:20:10,755085000,DON MAURICIO G,SanLorenzo
2026-09-05,18:20:10,701006673,NAPOLEON,SanLorenzo
2026-09-05,18:20:10,701001057,VALENTINA H,SanLorenzo
2026-09-05,18:20:10,701001163,007,SanLorenzo
2026-09-05,18:20:10,255916599,RANA,SanLorenzo
2026-09-05,18:20:10,538090690,LEONARDO,SanLorenzo
2026-09-05,18:20:10,241624000,LEGEND,SanLorenzo
2026-09-05,18:20:10,352004948,OBE UNITY,SanLorenzo
2026-09-05,18:20:10,636023426,TOUBKAL PARK,SanLorenzo
2026-09-05,18:20:10,563319600,CUTLASS GALAXY,SanLorenzo
2026-09-05,18:20:10,352006096,PALEXPO,SanLorenzo
2026-09-05,18:20:10,538012594,KAPETANIOS,SanLorenzo
2026-09-05,18:20:10,538009801,HELIOS,SanLorenzo
2026-09-05,18:20:10,355174000,APOGEE SPIRIT,SanLorenzo
2026-09-05,18:20:10,563163900,ANNA SCHULTE,SanLorenzo
2026-09-05,18:20:10,538008936,SOUND YOUNG,SanLorenzo
2026-09-05,18:20:10,701006858,CUECA,SanLorenzo
2026-09-05,18:20:10,701001201,GAVION,SanLorenzo
2026-09-05,18:20:10,701006721,PRIM FLORES,SanLorenzo
2026-09-05,18:20:10,701006443,MAYU,SanLorenzo
2026-09-05,18:20:10,701006966,TIGRE,SanLorenzo
2026-09-05,18:20:10,755088000,DECATUR LADY,SanLorenzo
2026-09-05,18:20:10,255915742,BOCHEM CASABLANCA,SanLorenzo
2026-09-05,18:20:10,701006297,ANTONIO MARIA FERRO,SanLorenzo
2026-09-05,18:20:10,701006740,GUILLERMO C,SanLorenzo
2026-09-05,18:20:10,755991013,PUMA,SanLorenzo
2026-09-05,18:20:10,755177000,CABALLERO BLANCO.,SanLorenzo
2026-09-05,18:20:10,563033900,TORM SUPREME,SanLorenzo
2026-09-05,18:20:10,636015971,STOLT ZULU,SanLorenzo
2026-09-05,18:20:10,701006899,DON BASILIO,SanLorenzo
2026-09-05,18:20:10,701006926,FAVORITO SAN ANTONIO,SanLorenzo
2026-09-05,18:20:10,710000019,HERACLITO FILHO,SanLorenzo
2026-09-05,18:20:10,701006396,VB RECOLETA,SanLorenzo
2026-09-05,18:20:10,564751000,MTM NEW YORK,SanLorenzo
2026-09-05,18:20:10,755032000,,SanLorenzo
2026-09-05,18:20:10,755001797,PARAPITI.,SanLorenzo
2026-09-05,18:20:10,229732000,YANNIS,SanLorenzo
2026-09-05,18:20:10,755000020,AGUARA,SanLorenzo
2026-09-05,18:20:10,755134000,LADOCE H,SanLorenzo
2026-09-05,18:20:10,563151400,FRANCESCO,SanLorenzo
2026-09-05,18:20:10,477932500,ROSCO BANYAN,SanLorenzo
2026-09-05,18:20:10,701001404,GUAZU PUCU,SanLorenzo
2026-09-05,18:20:10,701006466,,Rosario
2026-09-05,18:20:10,701006242,,Rosario
2026-09-05,18:20:10,352006388,NORSE BORNHOLM,Rosario
2026-09-05,18:20:10,538009801,HELIOS,Rosario
2026-09-05,18:20:10,636015971,STOLT ZULU,Rosario
2026-09-05,18:20:10,701503000,GC77 GFO SAN MATIAS,Rosario
2026-09-05,18:20:10,755991013,,Rosario
2026-09-05,18:20:10,538006458,ODYSSEUS N,Rosario
2026-09-05,18:20:10,477754600,MAERSK VENEZIA,Rosario
2026-09-05,18:20:10,257897000,BOW FIRDA,Rosario
2026-09-05,18:20:10,538006504,DANK SILVER,Rosario
2026-09-05,18:20:10,538010750,TOKYO SPIRIT,Rosario
2026-09-05,18:20:10,636024698,,Rosario
2026-09-05,18:20:10,311000195,CS SARAFINA,Rosario
2026-09-05,18:20:10,314952000,DSM HARBOUR,Rosario
2026-09-05,18:20:10,256685000,RODINA,Rosario
2026-09-05,18:20:10,352001142,GLORY FIRST,Rosario
2026-09-05,18:20:10,351011000,OCEAN CROWN,Rosario
2026-09-05,18:20:10,7010004,,Rosario
2026-09-05,18:20:10,636024043,TG CRAB,Rosario
2026-09-05,18:20:10,311001602,SAGA ANDORINHA,Rosario
2026-09-05,18:20:10,538008779,,Rosario
2026-09-05,18:20:10,755085000,DON MAURICIO G,Rosario
2026-09-05,18:20:10,701001114,,Rosario
2026-09-05,18:20:10,701006740,,Rosario
2026-09-05,18:20:10,701001163,007,Rosario
2026-09-05,18:20:10,255916599,RANA,Rosario
2026-09-05,18:20:10,538090690,LEONARDO,Rosario
2026-09-05,18:20:10,352004948,OBE UNITY,Rosario
2026-09-05,18:20:10,241624000,LEGEND,Rosario
2026-09-05,18:20:10,636023426,TOUBKAL PARK,Rosario
2026-09-05,18:20:10,701006899,,Rosario
2026-09-05,18:20:10,710000019,HERACLITO FILHO,Rosario
2026-09-05,18:20:10,373240000,DRINA S,Rosario
2026-09-05,18:20:10,755000020,AGUARA,Rosario
2026-09-05,18:20:10,352006096,PALEXPO,Rosario
2026-09-05,18:20:10,538008276,PORT IMABARI,Rosario
2026-09-05,18:20:10,701006856,PILCOMAYO,Rosario
2026-09-05,18:20:10,538012594,KAPETANIOS,Rosario
2026-09-05,18:20:10,255915742,BOCHEM CASABLANCA,Rosario
2026-09-05,18:20:10,701006673,NAPOLEON,Rosario
2026-09-05,18:20:10,563163900,ANNA SCHULTE,Rosario
2026-09-05,18:20:10,355174000,APOGEE SPIRIT,Rosario
2026-09-05,18:20:10,538008936,SOUND YOUNG,Rosario
2026-09-05,18:20:10,755088000,DECATUR LADY,Rosario
2026-09-05,18:20:10,701006858,CUECA,Rosario
2026-09-05,18:20:10,701006297,ANTONIO MARIA FERRO,Rosario
2026-09-05,18:20:10,564751000,MTM NEW YORK,Rosario
2026-09-05,18:20:10,701006926,FAVORITO SAN ANTONIO,Rosario
2026-09-05,18:20:10,701001049,BUENAVENTURA,Rosario
2026-09-05,18:20:10,701006396,VB RECOLETA,Rosario
2026-09-05,18:20:10,229732000,YANNIS,Rosario
2026-09-05,18:20:10,563151400,FRANCESCO,Rosario
2026-09-05,18:20:10,477932500,ROSCO BANYAN,Rosario
2026-09-05,18:20:10,701001404,GUAZU PUCU,Rosario
2026-09-05,18:20:10,248963000,HAFNIA BEIJING,DelGuazu
2026-09-05,18:20:10,248963000,,Braga
2026-09-05,18:20:10,887210413,,BellaVista
2026-09-05,18:20:10,755004318,NAUTIC TWIN,BellaVista
2026-09-05,18:20:10,755002841,ORGULLO,BellaVista
2026-09-05,18:20:10,755024000,RE CAVALIER XII,BellaVista
2026-09-05,18:20:10,755040000,,BellaVista
2026-09-05,18:20:10,755022000,R/E CAVALIER XI,BellaVista
2026-09-05,18:20:10,755123000,INDEPENDIENTE,BellaVista
2026-09-05,18:20:10,755045000,BRUTUS H,BellaVista
2026-09-05,18:20:10,755003609,DONA ELVIRA,BellaVista
2026-09-05,18:20:10,755004073,MBIGUA\,BellaVista
2026-09-05,18:20:10,720041000,LA GLORIA,BellaVista
2026-09-05,18:20:10,755707081,IB ENCARNACION,BellaVista
2026-09-05,18:20:10,755201114,AGUILUCHO,BellaVista
2026-09-05,18:20:10,755002941,HERKULES IV,BellaVista
2026-09-05,18:30:12,373240000,,SanLorenzo
2026-09-05,18:30:12,755032000,,SanLorenzo
2026-09-05,18:30:12,701503000,GC77 GFO SAN MATIAS,SanLorenzo
2026-09-05,18:30:12,538006458,ODYSSEUS N,SanLorenzo
2026-09-05,18:30:12,477754600,MAERSK VENEZIA,SanLorenzo
2026-09-05,18:30:12,563169800,RUBY,SanLorenzo
2026-09-05,18:30:12,636015600,F. F GLORY,SanLorenzo
2026-09-05,18:30:12,538004481,AGIA PARASKEVI,SanLorenzo
2026-09-05,18:30:12,257897000,BOW FIRDA,SanLorenzo
2026-09-05,18:30:12,538006504,DANK SILVER,SanLorenzo
2026-09-05,18:30:12,314952000,DSM HARBOUR,SanLorenzo
2026-09-05,18:30:12,636024698,MC CALYPSO,SanLorenzo
2026-09-05,18:30:12,538010750,TOKYO SPIRIT,SanLorenzo
2026-09-05,18:30:12,636093258,EMMA JANNEKE,SanLorenzo
2026-09-05,18:30:12,311000195,CS SARAFINA,SanLorenzo
2026-09-05,18:30:12,256685000,RODINA,SanLorenzo
2026-09-05,18:30:12,755045702,,SanLorenzo
2026-09-05,18:30:12,351011000,OCEAN CROWN,SanLorenzo
2026-09-05,18:30:12,636024043,TG CRAB,SanLorenzo
2026-09-05,18:30:12,563234800,IVS DUNES,SanLorenzo
2026-09-05,18:30:12,538008779,LIVADI,SanLorenzo
2026-09-05,18:30:12,755085000,DON MAURICIO G,SanLorenzo
2026-09-05,18:30:12,710000019,HERACLITO FILHO,SanLorenzo
2026-09-05,18:30:12,538090690,LEONARDO,SanLorenzo
2026-09-05,18:30:12,241624000,LEGEND,SanLorenzo
2026-09-05,18:30:12,352004948,OBE UNITY,SanLorenzo
2026-09-05,18:30:12,352006388,NORSE BORNHOLM,SanLorenzo
2026-09-05,18:30:12,636023426,TOUBKAL PARK,SanLorenzo
2026-09-05,18:30:12,352006096,PALEXPO,SanLorenzo
2026-09-05,18:30:12,563319600,CUTLASS GALAXY,SanLorenzo
2026-09-05,18:30:12,538012594,KAPETANIOS,SanLorenzo
2026-09-05,18:30:12,7010004,,SanLorenzo
2026-09-05,18:30:12,701006673,NAPOLEON,SanLorenzo
2026-09-05,18:30:12,538009801,HELIOS,SanLorenzo
2026-09-05,18:30:12,563163900,ANNA SCHULTE,SanLorenzo
2026-09-05,18:30:12,255916599,RANA,SanLorenzo
2026-09-05,18:30:12,355174000,APOGEE SPIRIT,SanLorenzo
2026-09-05,18:30:12,538008936,SOUND YOUNG,SanLorenzo
2026-09-05,18:30:12,701001201,GAVION,SanLorenzo
2026-09-05,18:30:12,701006721,PRIM FLORES,SanLorenzo
2026-09-05,18:30:12,887210340,LANCHA CANTAGALO,SanLorenzo
2026-09-05,18:30:12,701001163,007,SanLorenzo
2026-09-05,18:30:12,701006740,GUILLERMO C,SanLorenzo
2026-09-05,18:30:12,755088000,DECATUR LADY,SanLorenzo
2026-09-05,18:30:12,701006245,SAN JOSE V,SanLorenzo
2026-09-05,18:30:12,701006297,ANTONIO MARIA FERRO,SanLorenzo
2026-09-05,18:30:12,255915742,BOCHEM CASABLANCA,SanLorenzo
2026-09-05,18:30:12,720035000,CANTAGALLO,SanLorenzo
2026-09-05,18:30:12,755991013,PUMA,SanLorenzo
2026-09-05,18:30:12,755177000,CABALLERO BLANCO.,SanLorenzo
2026-09-05,18:30:12,701006858,CUECA,SanLorenzo
2026-09-05,18:30:12,564751000,MTM NEW YORK,SanLorenzo
2026-09-05,18:30:12,701001057,VALENTINA H,SanLorenzo
2026-09-05,18:30:12,701006899,DON BASILIO,SanLorenzo
2026-09-05,18:30:12,701006926,FAVORITO SAN ANTONIO,SanLorenzo
2026-09-05,18:30:12,701006396,VB RECOLETA,SanLorenzo
2026-09-05,18:30:12,636015971,STOLT ZULU,SanLorenzo
2026-09-05,18:30:12,701001049,BUENAVENTURA,SanLorenzo
2026-09-05,18:30:12,701001404,GUAZU PUCU,SanLorenzo
2026-09-05,18:30:12,701006443,MAYU,SanLorenzo
2026-09-05,18:30:12,229732000,YANNIS,SanLorenzo
2026-09-05,18:30:12,701006966,TIGRE,SanLorenzo
2026-09-05,18:30:12,755001797,PARAPITI.,SanLorenzo
2026-09-05,18:30:12,477932500,ROSCO BANYAN,SanLorenzo
2026-09-05,18:30:12,755000020,AGUARA,SanLorenzo
2026-09-05,18:30:12,563151400,FRANCESCO,SanLorenzo
2026-09-05,18:30:12,755134000,LADOCE H,SanLorenzo
2026-09-05,18:30:12,701006740,,Rosario
2026-09-05,18:30:12,255915742,BOCHEM CASABLANCA,Rosario
2026-09-05,18:30:12,755001797,,Rosario
2026-09-05,18:30:12,636023426,TOUBKAL PARK,Rosario
2026-09-05,18:30:12,538009801,HELIOS,Rosario
2026-09-05,18:30:12,701503000,GC77 GFO SAN MATIAS,Rosario
2026-09-05,18:30:12,538006458,ODYSSEUS N,Rosario
2026-09-05,18:30:12,477754600,MAERSK VENEZIA,Rosario
2026-09-05,18:30:12,257897000,BOW FIRDA,Rosario
2026-09-05,18:30:12,538006504,DANK SILVER,Rosario
2026-09-05,18:30:12,314952000,DSM HARBOUR,Rosario
2026-09-05,18:30:12,538010750,TOKYO SPIRIT,Rosario
2026-09-05,18:30:12,311000195,CS SARAFINA,Rosario
2026-09-05,18:30:12,256685000,RODINA,Rosario
2026-09-05,18:30:12,352001142,GLORY FIRST,Rosario
2026-09-05,18:30:12,351011000,OCEAN CROWN,Rosario
2026-09-05,18:30:12,755991013,,Rosario
2026-09-05,18:30:12,701006899,,Rosario
2026-09-05,18:30:12,311001602,SAGA ANDORINHA,Rosario
2026-09-05,18:30:12,636024043,TG CRAB,Rosario
2026-09-05,18:30:12,710000019,HERACLITO FILHO,Rosario
2026-09-05,18:30:12,755085000,DON MAURICIO G,Rosario
2026-09-05,18:30:12,373240000,DRINA S,Rosario
2026-09-05,18:30:12,538090690,LEONARDO,Rosario
2026-09-05,18:30:12,352004948,OBE UNITY,Rosario
2026-09-05,18:30:12,241624000,LEGEND,Rosario
2026-09-05,18:30:12,755000020,AGUARA,Rosario
2026-09-05,18:30:12,352006388,NORSE BORNHOLM,Rosario
2026-09-05,18:30:12,538008276,PORT IMABARI,Rosario
2026-09-05,18:30:12,352006096,PALEXPO,Rosario
2026-09-05,18:30:12,701006858,CUECA,Rosario
2026-09-05,18:30:12,538012594,KAPETANIOS,Rosario
2026-09-05,18:30:12,7010004,,Rosario
2026-09-05,18:30:12,701006673,NAPOLEON,Rosario
2026-09-05,18:30:12,563163900,ANNA SCHULTE,Rosario
2026-09-05,18:30:12,255916599,RANA,Rosario
2026-09-05,18:30:12,355174000,APOGEE SPIRIT,Rosario
2026-09-05,18:30:12,538008936,SOUND YOUNG,Rosario
2026-09-05,18:30:12,701006856,PILCOMAYO,Rosario
2026-09-05,18:30:12,701001057,VALENTINA H,Rosario
2026-09-05,18:30:12,701001201,GAVION,Rosario
2026-09-05,18:30:12,701001163,007,Rosario
2026-09-05,18:30:12,755088000,DECATUR LADY,Rosario
2026-09-05,18:30:12,701006245,SAN JOSE V,Rosario
2026-09-05,18:30:12,701006297,ANTONIO MARIA FERRO,Rosario
2026-09-05,18:30:12,564751000,MTM NEW YORK,Rosario
2026-09-05,18:30:12,701006926,FAVORITO SAN ANTONIO,Rosario
2026-09-05,18:30:12,701006396,VB RECOLETA,Rosario
2026-09-05,18:30:12,636015971,STOLT ZULU,Rosario
2026-09-05,18:30:12,701001049,BUENAVENTURA,Rosario
2026-09-05,18:30:12,701001404,GUAZU PUCU,Rosario
2026-09-05,18:30:12,229732000,YANNIS,Rosario
2026-09-05,18:30:12,477932500,ROSCO BANYAN,Rosario
2026-09-05,18:30:12,563151400,FRANCESCO,Rosario
2026-09-05,18:30:12,248963000,HAFNIA BEIJING,DelGuazu
2026-09-05,18:30:12,755040000,,BellaVista
2026-09-05,18:30:12,701006961,,BellaVista
2026-09-05,18:30:12,755022000,R/E CAVALIER XI,BellaVista
2026-09-05,18:30:12,755123000,INDEPENDIENTE,BellaVista
2026-09-05,18:30:12,755003609,DONA ELVIRA,BellaVista
2026-09-05,18:30:12,755004073,MBIGUA\,BellaVista
2026-09-05,18:30:12,755002841,ORGULLO,BellaVista
2026-09-05,18:30:12,755048000,ITAPUA I,BellaVista
2026-09-05,18:30:12,755004318,NAUTIC TWIN,BellaVista
2026-09-05,18:30:12,755170000,DONA MARGIE,BellaVista
2026-09-05,18:30:12,720041000,LA GLORIA,BellaVista
2026-09-05,18:30:12,755024000,RE CAVALIER XII,BellaVista
2026-09-05,18:30:12,755201114,AGUILUCHO,BellaVista
2026-09-05,18:30:12,755707081,IB ENCARNACION,BellaVista
2026-09-05,18:30:12,755002941,HERKULES IV,BellaVista
2026-09-05,18:30:12,755045000,BRUTUS H,BellaVista
2026-09-05,18:40:10,311001602,,SanLorenzo
2026-09-05,18:40:10,563319600,CUTLASS GALAXY,SanLorenzo
2026-09-05,18:40:10,701503000,GC77 GFO SAN MATIAS,SanLorenzo
2026-09-05,18:40:10,538006458,ODYSSEUS N,SanLorenzo
2026-09-05,18:40:10,477754600,MAERSK VENEZIA,SanLorenzo
2026-09-05,18:40:10,563169800,RUBY,SanLorenzo
2026-09-05,18:40:10,636015600,F. F GLORY,SanLorenzo
2026-09-05,18:40:10,257897000,BOW FIRDA,SanLorenzo
2026-09-05,18:40:10,538006504,DANK SILVER,SanLorenzo
2026-09-05,18:40:10,538004481,AGIA PARASKEVI,SanLorenzo
2026-09-05,18:40:10,314952000,DSM HARBOUR,SanLorenzo
2026-09-05,18:40:10,538010750,TOKYO SPIRIT,SanLorenzo
2026-09-05,18:40:10,636093258,EMMA JANNEKE,SanLorenzo
2026-09-05,18:40:10,311000195,CS SARAFINA,SanLorenzo
2026-09-05,18:40:10,256685000,RODINA,SanLorenzo
2026-09-05,18:40:10,755032000,,SanLorenzo
2026-09-05,18:40:10,351011000,OCEAN CROWN,SanLorenzo
2026-09-05,18:40:10,636024043,TG CRAB,SanLorenzo
2026-09-05,18:40:10,563234800,IVS DUNES,SanLorenzo
2026-09-05,18:40:10,701001163,007,SanLorenzo
2026-09-05,18:40:10,538008779,LIVADI,SanLorenzo
2026-09-05,18:40:10,755085000,DON MAURICIO G,SanLorenzo
2026-09-05,18:40:10,701006673,NAPOLEON,SanLorenzo
2026-09-05,18:40:10,538090690,LEONARDO,SanLorenzo
2026-09-05,18:40:10,755002724,,SanLorenzo
2026-09-05,18:40:10,241624000,LEGEND,SanLorenzo
2026-09-05,18:40:10,255916599,RANA,SanLorenzo
2026-09-05,18:40:10,352004948,OBE UNITY,SanLorenzo
2026-09-05,18:40:10,352006388,NORSE BORNHOLM,SanLorenzo
2026-09-05,18:40:10,538008276,,SanLorenzo
2026-09-05,18:40:10,352006096,PALEXPO,SanLorenzo
2026-09-05,18:40:10,538012594,KAPETANIOS,SanLorenzo
2026-09-05,18:40:10,538009801,HELIOS,SanLorenzo
2026-09-05,18:40:10,563163900,ANNA SCHULTE,SanLorenzo
2026-09-05,18:40:10,355174000,APOGEE SPIRIT,SanLorenzo
2026-09-05,18:40:10,887210340,LANCHA CANTAGALO,SanLorenzo
2026-09-05,18:40:10,538008936,SOUND YOUNG,SanLorenzo
2026-09-05,18:40:10,7010004,,SanLorenzo
2026-09-05,18:40:10,701001201,GAVION,SanLorenzo
2026-09-05,18:40:10,701006721,PRIM FLORES,SanLorenzo
2026-09-05,18:40:10,636023426,TOUBKAL PARK,SanLorenzo
2026-09-05,18:40:10,636015971,STOLT ZULU,SanLorenzo
2026-09-05,18:40:10,755991013,PUMA,SanLorenzo
2026-09-05,18:40:10,255915742,BOCHEM CASABLANCA,SanLorenzo
2026-09-05,18:40:10,755088000,DECATUR LADY,SanLorenzo
2026-09-05,18:40:10,720035000,CANTAGALLO,SanLorenzo
2026-09-05,18:40:10,755177000,CABALLERO BLANCO.,SanLorenzo
2026-09-05,18:40:10,701006297,ANTONIO MARIA FERRO,SanLorenzo
2026-09-05,18:40:10,701006858,CUECA,SanLorenzo
2026-09-05,18:40:10,564751000,MTM NEW YORK,SanLorenzo
2026-09-05,18:40:10,701006926,FAVORITO SAN ANTONIO,SanLorenzo
2026-09-05,18:40:10,701006899,DON BASILIO,SanLorenzo
2026-09-05,18:40:10,701001049,BUENAVENTURA,SanLorenzo
2026-09-05,18:40:10,701006396,VB RECOLETA,SanLorenzo
2026-09-05,18:40:10,710000019,HERACLITO FILHO,SanLorenzo
2026-09-05,18:40:10,701001404,GUAZU PUCU,SanLorenzo
2026-09-05,18:40:10,701006443,MAYU,SanLorenzo
2026-09-05,18:40:10,701006966,TIGRE,SanLorenzo
2026-09-05,18:40:10,755001797,PARAPITI.,SanLorenzo
2026-09-05,18:40:10,229732000,YANNIS,SanLorenzo
2026-09-05,18:40:10,755703668,URUTAU,SanLorenzo
2026-09-05,18:40:10,477932500,ROSCO BANYAN,SanLorenzo
2026-09-05,18:40:10,563151400,FRANCESCO,SanLorenzo
2026-09-05,18:40:10,755000020,AGUARA,SanLorenzo
2026-09-05,18:40:10,755134000,LADOCE H,SanLorenzo
2026-09-05,18:40:10,701006740,GUILLERMO C,SanLorenzo
2026-09-05,18:40:10,755991013,,Rosario
2026-09-05,18:40:10,373240000,DRINA S,Rosario
2026-09-05,18:40:10,701006740,,Rosario
2026-09-05,18:40:10,701503000,GC77 GFO SAN MATIAS,Rosario
2026-09-05,18:40:10,538006458,ODYSSEUS N,Rosario
2026-09-05,18:40:10,477754600,MAERSK VENEZIA,Rosario
2026-09-05,18:40:10,257897000,BOW FIRDA,Rosario
2026-09-05,18:40:10,538006504,DANK SILVER,Rosario
2026-09-05,18:40:10,314952000,DSM HARBOUR,Rosario
2026-09-05,18:40:10,538010750,TOKYO SPIRIT,Rosario
2026-09-05,18:40:10,311000195,CS SARAFINA,Rosario
2026-09-05,18:40:10,256685000,RODINA,Rosario
2026-09-05,18:40:10,352001142,GLORY FIRST,Rosario
2026-09-05,18:40:10,351011000,OCEAN CROWN,Rosario
2026-09-05,18:40:10,311001602,SAGA ANDORINHA,Rosario
2026-09-05,18:40:10,636024043,TG CRAB,Rosario
2026-09-05,18:40:10,701001163,007,Rosario
2026-09-05,18:40:10,755085000,DON MAURICIO G,Rosario
2026-09-05,18:40:10,701001201,GAVION,Rosario
2026-09-05,18:40:10,538090690,LEONARDO,Rosario
2026-09-05,18:40:10,255916599,RANA,Rosario
2026-09-05,18:40:10,352004948,OBE UNITY,Rosario
2026-09-05,18:40:10,241624000,LEGEND,Rosario
2026-09-05,18:40:10,352006388,NORSE BORNHOLM,Rosario
2026-09-05,18:40:10,352006096,PALEXPO,Rosario
2026-09-05,18:40:10,710000019,HERACLITO FILHO,Rosario
2026-09-05,18:40:10,538008276,PORT IMABARI,Rosario
2026-09-05,18:40:10,701006858,CUECA,Rosario
2026-09-05,18:40:10,538012594,KAPETANIOS,Rosario
2026-09-05,18:40:10,701006673,NAPOLEON,Rosario
2026-09-05,18:40:10,538009801,,Rosario
2026-09-05,18:40:10,563163900,ANNA SCHULTE,Rosario
2026-09-05,18:40:10,355174000,APOGEE SPIRIT,Rosario
2026-09-05,18:40:10,538008936,SOUND YOUNG,Rosario
2026-09-05,18:40:10,701006899,,Rosario
2026-09-05,18:40:10,7010004,,Rosario
2026-09-05,18:40:10,636023426,TOUBKAL PARK,Rosario
2026-09-05,18:40:10,755001797,,Rosario
2026-09-05,18:40:10,636015971,STOLT ZULU,Rosario
2026-09-05,18:40:10,701006856,PILCOMAYO,Rosario
2026-09-05,18:40:10,755088000,DECATUR LADY,Rosario
2026-09-05,18:40:10,701006297,ANTONIO MARIA FERRO,Rosario
2026-09-05,18:40:10,564751000,MTM NEW YORK,Rosario
2026-09-05,18:40:10,701006926,FAVORITO SAN ANTONIO,Rosario
2026-09-05,18:40:10,701001049,BUENAVENTURA,Rosario
2026-09-05,18:40:10,701006396,VB RECOLETA,Rosario
2026-09-05,18:40:10,229732000,YANNIS,Rosario
2026-09-05,18:40:10,755000020,AGUARA,Rosario
2026-09-05,18:40:10,477932500,ROSCO BANYAN,Rosario
2026-09-05,18:40:10,563151400,FRANCESCO,Rosario
2026-09-05,18:40:10,701001404,GUAZU PUCU,Rosario
2026-09-05,18:40:10,701006401,,DelGuazu
2026-09-05,18:40:10,755029000,SAN MARTIN I,DelGuazu
2026-09-05,18:40:10,248963000,HAFNIA BEIJING,DelGuazu
2026-09-05,18:40:10,248963000,,Braga
2026-09-05,18:40:10,701006961,,BellaVista
2026-09-05,18:40:10,755003609,DONA ELVIRA,BellaVista
2026-09-05,18:40:10,755024000,RE CAVALIER XII,BellaVista
2026-09-05,18:40:10,887210413,LANCH IB ENCARNACION,BellaVista
2026-09-05,18:40:10,755022000,R/E CAVALIER XI,BellaVista
2026-09-05,18:40:10,755040000,,BellaVista
2026-09-05,18:40:10,755123000,INDEPENDIENTE,BellaVista
2026-09-05,18:40:10,755002841,ORGULLO,BellaVista
2026-09-05,18:40:10,755045000,BRUTUS H,BellaVista
2026-09-05,18:40:10,755048000,ITAPUA I,BellaVista
2026-09-05,18:40:10,755170000,DONA MARGIE,BellaVista
2026-09-05,18:40:10,755004318,NAUTIC TWIN,BellaVista
2026-09-05,18:40:10,720041000,LA GLORIA,BellaVista
2026-09-05,18:40:10,755707081,IB ENCARNACION,BellaVista
2026-09-05,18:40:10,755201114,AGUILUCHO,BellaVista
2026-09-05,18:40:10,755002941,HERKULES IV,BellaVista
2026-09-05,18:50:10,477932500,ROSCO BANYAN,SanLorenzo
2026-09-05,18:50:10,701503000,GC77 GFO SAN MATIAS,SanLorenzo
2026-09-05,18:50:10,563169800,RUBY,SanLorenzo
2026-09-05,18:50:10,538006458,ODYSSEUS N,SanLorenzo
2026-09-05,18:50:10,636015600,F. F GLORY,SanLorenzo
2026-09-05,18:50:10,477754600,MAERSK VENEZIA,SanLorenzo
2026-09-05,18:50:10,538004481,AGIA PARASKEVI,SanLorenzo
2026-09-05,18:50:10,538006504,DANK SILVER,SanLorenzo
2026-09-05,18:50:10,257897000,BOW FIRDA,SanLorenzo
2026-09-05,18:50:10,538010750,TOKYO SPIRIT,SanLorenzo
2026-09-05,18:50:10,636093258,EMMA JANNEKE,SanLorenzo
2026-09-05,18:50:10,311000195,CS SARAFINA,SanLorenzo
2026-09-05,18:50:10,314952000,DSM HARBOUR,SanLorenzo
2026-09-05,18:50:10,256685000,RODINA,SanLorenzo
2026-09-05,18:50:10,351011000,OCEAN CROWN,SanLorenzo
2026-09-05,18:50:10,636024043,TG CRAB,SanLorenzo
2026-09-05,18:50:10,563234800,IVS DUNES,SanLorenzo
2026-09-05,18:50:10,701001163,007,SanLorenzo
2026-09-05,18:50:10,538008779,LIVADI,SanLorenzo
2026-09-05,18:50:10,229732000,YANNIS,SanLorenzo
2026-09-05,18:50:10,755085000,DON MAURICIO G,SanLorenzo
2026-09-05,18:50:10,7010004,,SanLorenzo
2026-09-05,18:50:10,755045702,,SanLorenzo
2026-09-05,18:50:10,701001049,BUENAVENTURA,SanLorenzo
2026-09-05,18:50:10,255916599,RANA,SanLorenzo
2026-09-05,18:50:10,538090690,LEONARDO,SanLorenzo
2026-09-05,18:50:10,755032000,,SanLorenzo
2026-09-05,18:50:10,241624000,LEGEND,SanLorenzo
2026-09-05,18:50:10,352004948,OBE UNITY,SanLorenzo
2026-09-05,18:50:10,636023426,TOUBKAL PARK,SanLorenzo
2026-09-05,18:50:10,352006388,NORSE BORNHOLM,SanLorenzo
2026-09-05,18:50:10,538008276,,SanLorenzo
2026-09-05,18:50:10,352006096,PALEXPO,SanLorenzo
2026-09-05,18:50:10,538012594,KAPETANIOS,SanLorenzo
2026-09-05,18:50:10,538009801,HELIOS,SanLorenzo
2026-09-05,18:50:10,563163900,ANNA SCHULTE,SanLorenzo
2026-09-05,18:50:10,355174000,APOGEE SPIRIT,SanLorenzo
2026-09-05,18:50:10,538008936,SOUND YOUNG,SanLorenzo
2026-09-05,18:50:10,701001201,GAVION,SanLorenzo
2026-09-05,18:50:10,887210340,LANCHA CANTAGALO,SanLorenzo
2026-09-05,18:50:10,701006721,PRIM FLORES,SanLorenzo
2026-09-05,18:50:10,636015971,STOLT ZULU,SanLorenzo
2026-09-05,18:50:10,755088000,DECATUR LADY,SanLorenzo
2026-09-05,18:50:10,755177000,CABALLERO BLANCO.,SanLorenzo
2026-09-05,18:50:10,255915742,BOCHEM CASABLANCA,SanLorenzo
2026-09-05,18:50:10,720035000,CANTAGALLO,SanLorenzo
2026-09-05,18:50:10,701006297,ANTONIO MARIA FERRO,SanLorenzo
2026-09-05,18:50:10,755991013,PUMA,SanLorenzo
2026-09-05,18:50:10,701006858,CUECA,SanLorenzo
2026-09-05,18:50:10,701006899,DON BASILIO,SanLorenzo
2026-09-05,18:50:10,564751000,MTM NEW YORK,SanLorenzo
2026-09-05,18:50:10,701001057,VALENTINA H,SanLorenzo
2026-09-05,18:50:10,701006926,FAVORITO SAN ANTONIO,SanLorenzo
2026-09-05,18:50:10,710000019,HERACLITO FILHO,SanLorenzo
2026-09-05,18:50:10,701006396,VB RECOLETA,SanLorenzo
2026-09-05,18:50:10,701001404,GUAZU PUCU,SanLorenzo
2026-09-05,18:50:10,563033900,TORM SUPREME,SanLorenzo
2026-09-05,18:50:10,755002724,,SanLorenzo
2026-09-05,18:50:10,701006443,MAYU,SanLorenzo
2026-09-05,18:50:10,755001797,PARAPITI.,SanLorenzo
2026-09-05,18:50:10,701006966,TIGRE,SanLorenzo
2026-09-05,18:50:10,538011430,SOFIA,SanLorenzo
2026-09-05,18:50:10,755703668,URUTAU,SanLorenzo
2026-09-05,18:50:10,755000020,AGUARA,SanLorenzo
2026-09-05,18:50:10,563151400,FRANCESCO,SanLorenzo
2026-09-05,18:50:10,701001307,MAX DREAM,SanLorenzo
2026-09-05,18:50:10,755134000,LADOCE H,SanLorenzo
2026-09-05,18:50:10,755991013,,Rosario
2026-09-05,18:50:10,701503000,GC77 GFO SAN MATIAS,Rosario
2026-09-05,18:50:10,538006458,ODYSSEUS N,Rosario
2026-09-05,18:50:10,477754600,MAERSK VENEZIA,Rosario
2026-09-05,18:50:10,538006504,DANK SILVER,Rosario
2026-09-05,18:50:10,257897000,BOW FIRDA,Rosario
2026-09-05,18:50:10,701006673,NAPOLEON,Rosario
2026-09-05,18:50:10,538010750,TOKYO SPIRIT,Rosario
2026-09-05,18:50:10,311000195,CS SARAFINA,Rosario
2026-09-05,18:50:10,314952000,DSM HARBOUR,Rosario
2026-09-05,18:50:10,256685000,RODINA,Rosario
2026-09-05,18:50:10,352001142,GLORY FIRST,Rosario
2026-09-05,18:50:10,351011000,OCEAN CROWN,Rosario
2026-09-05,18:50:10,311001602,SAGA ANDORINHA,Rosario
2026-09-05,18:50:10,636024043,TG CRAB,Rosario
2026-09-05,18:50:10,701001163,007,Rosario
2026-09-05,18:50:10,755001797,,Rosario
2026-09-05,18:50:10,755085000,DON MAURICIO G,Rosario
2026-09-05,18:50:10,7010004,,Rosario
2026-09-05,18:50:10,701001307,,Rosario
2026-09-05,18:50:10,538090690,LEONARDO,Rosario
2026-09-05,18:50:10,255916599,RANA,Rosario
2026-09-05,18:50:10,352004948,OBE UNITY,Rosario
2026-09-05,18:50:10,241624000,LEGEND,Rosario
2026-09-05,18:50:10,636023426,TOUBKAL PARK,Rosario
2026-09-05,18:50:10,352006388,NORSE BORNHOLM,Rosario
2026-09-05,18:50:10,701001201,GAVION,Rosario
2026-09-05,18:50:10,538008276,PORT IMABARI,Rosario
2026-09-05,18:50:10,352006096,PALEXPO,Rosario
2026-09-05,18:50:10,538012594,KAPETANIOS,Rosario
2026-09-05,18:50:10,755000020,AGUARA,Rosario
2026-09-05,18:50:10,538009801,HELIOS,Rosario
2026-09-05,18:50:10,701001057,VALENTINA H,Rosario
2026-09-05,18:50:10,563163900,ANNA SCHULTE,Rosario
2026-09-05,18:50:10,355174000,APOGEE SPIRIT,Rosario
2026-09-05,18:50:10,538008936,SOUND YOUNG,Rosario
2026-09-05,18:50:10,701006858,CUECA,Rosario
2026-09-05,18:50:10,636015971,STOLT ZULU,Rosario
2026-09-05,18:50:10,755088000,DECATUR LADY,Rosario
2026-09-05,18:50:10,701006297,ANTONIO MARIA FERRO,Rosario
2026-09-05,18:50:10,701006856,PILCOMAYO,Rosario
2026-09-05,18:50:10,701006899,,Rosario
2026-09-05,18:50:10,564751000,MTM NEW YORK,Rosario
2026-09-05,18:50:10,701006926,FAVORITO SAN ANTONIO,Rosario
2026-09-05,18:50:10,710000019,HERACLITO FILHO,Rosario
2026-09-05,18:50:10,701001049,BUENAVENTURA,Rosario
2026-09-05,18:50:10,701006396,VB RECOLETA,Rosario
2026-09-05,18:50:10,538011430,SOFIA,Rosario
2026-09-05,18:50:10,563151400,FRANCESCO,Rosario
2026-09-05,18:50:10,229732000,YANNIS,Rosario
2026-09-05,18:50:10,477932500,ROSCO BANYAN,Rosario
2026-09-05,18:50:10,701001404,GUAZU PUCU,Rosario
2026-09-05,18:50:10,701006401,,DelGuazu
2026-09-05,18:50:10,755029000,SAN MARTIN I,DelGuazu
2026-09-05,18:50:10,755029000,,Braga
2026-09-05,18:50:10,701006638,,BellaVista
2026-09-05,18:50:10,887210413,LANCH IB ENCARNACION,BellaVista
2026-09-05,18:50:10,755040000,,BellaVista
2026-09-05,18:50:10,755002841,ORGULLO,BellaVista
2026-09-05,18:50:10,755003609,DONA ELVIRA,BellaVista
2026-09-05,18:50:10,755045000,BRUTUS H,BellaVista
2026-09-05,18:50:10,755004073,MBIGUA\,BellaVista
2026-09-05,18:50:10,755048000,ITAPUA I,BellaVista
2026-09-05,18:50:10,755004318,NAUTIC TWIN,BellaVista
2026-09-05,18:50:10,755022000,R/E CAVALIER XI,BellaVista
2026-09-05,18:50:10,755024000,RE CAVALIER XII,BellaVista
2026-09-05,18:50:10,755201114,AGUILUCHO,BellaVista
2026-09-05,18:50:10,755707081,IB ENCARNACION,BellaVista
2026-09-05,18:50:10,755002941,HERKULES IV,BellaVista
2026-09-05,19:00:15,701001201,GAVION,SanLorenzo
2026-09-05,19:00:15,563319600,CUTLASS GALAXY,SanLorenzo
2026-09-05,19:00:15,229732000,YANNIS,SanLorenzo
2026-09-05,19:00:15,477932500,ROSCO BANYAN,SanLorenzo
2026-09-05,19:00:15,701503000,GC77 GFO SAN MATIAS,SanLorenzo
2026-09-05,19:00:15,538006458,ODYSSEUS N,SanLorenzo
2026-09-05,19:00:15,563169800,RUBY,SanLorenzo
2026-09-05,19:00:15,477754600,MAERSK VENEZIA,SanLorenzo
2026-09-05,19:00:15,636015600,F. F GLORY,SanLorenzo
2026-09-05,19:00:15,538010750,TOKYO SPIRIT,SanLorenzo
2026-09-05,19:00:15,257897000,BOW FIRDA,SanLorenzo
2026-09-05,19:00:15,538004481,AGIA PARASKEVI,SanLorenzo
2026-09-05,19:00:15,538006504,DANK SILVER,SanLorenzo
2026-09-05,19:00:15,314952000,DSM HARBOUR,SanLorenzo
2026-09-05,19:00:15,636024698,MC CALYPSO,SanLorenzo
2026-09-05,19:00:15,636093258,EMMA JANNEKE,SanLorenzo
2026-09-05,19:00:15,256685000,RODINA,SanLorenzo
2026-09-05,19:00:15,311000195,CS SARAFINA,SanLorenzo
2026-09-05,19:00:15,351011000,OCEAN CROWN,SanLorenzo
2026-09-05,19:00:15,636024043,TG CRAB,SanLorenzo
2026-09-05,19:00:15,563234800,IVS DUNES,SanLorenzo
2026-09-05,19:00:15,701001163,007,SanLorenzo
2026-09-05,19:00:15,538008779,LIVADI,SanLorenzo
2026-09-05,19:00:15,755085000,DON MAURICIO G,SanLorenzo
2026-09-05,19:00:15,538090690,LEONARDO,SanLorenzo
2026-09-05,19:00:15,241624000,LEGEND,SanLorenzo
2026-09-05,19:00:15,255916599,RANA,SanLorenzo
2026-09-05,19:00:15,755032000,,SanLorenzo
2026-09-05,19:00:15,352004948,OBE UNITY,SanLorenzo
2026-09-05,19:00:15,352006388,NORSE BORNHOLM,SanLorenzo
2026-09-05,19:00:15,636023426,TOUBKAL PARK,SanLorenzo
2026-09-05,19:00:15,352006096,PALEXPO,SanLorenzo
2026-09-05,19:00:15,755002724,,SanLorenzo
2026-09-05,19:00:15,538012594,KAPETANIOS,SanLorenzo
2026-09-05,19:00:15,538009801,HELIOS,SanLorenzo
2026-09-05,19:00:15,563163900,ANNA SCHULTE,SanLorenzo
2026-09-05,19:00:15,355174000,APOGEE SPIRIT,SanLorenzo
2026-09-05,19:00:15,538008936,SOUND YOUNG,SanLorenzo
2026-09-05,19:00:15,701006721,PRIM FLORES,SanLorenzo
2026-09-05,19:00:15,755045702,,SanLorenzo
2026-09-05,19:00:15,701006856,,SanLorenzo
2026-09-05,19:00:15,255915742,BOCHEM CASABLANCA,SanLorenzo
2026-09-05,19:00:15,755991013,PUMA,SanLorenzo
2026-09-05,19:00:15,755088000,DECATUR LADY,SanLorenzo
2026-09-05,19:00:15,636015971,STOLT ZULU,SanLorenzo
2026-09-05,19:00:15,755177000,CABALLERO BLANCO.,SanLorenzo
2026-09-05,19:00:15,701006858,CUECA,SanLorenzo
2026-09-05,19:00:15,701006297,ANTONIO MARIA FERRO,SanLorenzo
2026-09-05,19:00:15,701006899,DON BASILIO,SanLorenzo
2026-09-05,19:00:15,701006926,FAVORITO SAN ANTONIO,SanLorenzo
2026-09-05,19:00:15,701001057,VALENTINA H,SanLorenzo
2026-09-05,19:00:15,564751000,MTM NEW YORK,SanLorenzo
2026-09-05,19:00:15,563033900,TORM SUPREME,SanLorenzo
2026-09-05,19:00:15,710000019,HERACLITO FILHO,SanLorenzo
2026-09-05,19:00:15,701001049,BUENAVENTURA,SanLorenzo
2026-09-05,19:00:15,701006396,VB RECOLETA,SanLorenzo
2026-09-05,19:00:15,701001404,GUAZU PUCU,SanLorenzo
2026-09-05,19:00:15,701006443,MAYU,SanLorenzo
2026-09-05,19:00:15,701006966,TIGRE,SanLorenzo
2026-09-05,19:00:15,755001797,PARAPITI.,SanLorenzo
2026-09-05,19:00:15,755000020,AGUARA,SanLorenzo
2026-09-05,19:00:15,755703668,URUTAU,SanLorenzo
2026-09-05,19:00:15,701001307,MAX DREAM,SanLorenzo
2026-09-05,19:00:15,755134000,LADOCE H,SanLorenzo
2026-09-05,19:00:15,563151400,FRANCESCO,SanLorenzo
2026-09-05,19:00:15,755001797,,Rosario
2026-09-05,19:00:15,636024698,MC CALYPSO,Rosario
2026-09-05,19:00:15,701001201,GAVION,Rosario
2026-09-05,19:00:15,636023426,TOUBKAL PARK,Rosario
2026-09-05,19:00:15,352006388,NORSE BORNHOLM,Rosario
2026-09-05,19:00:15,538008276,PORT IMABARI,Rosario
2026-09-05,19:00:15,701006856,PILCOMAYO,Rosario
2026-09-05,19:00:15,636015971,STOLT ZULU,Rosario
2026-09-05,19:00:15,477932500,ROSCO BANYAN,Rosario
2026-09-05,19:00:15,755000020,AGUARA,Rosario
2026-09-05,19:00:15,701503000,GC77 GFO SAN MATIAS,Rosario
2026-09-05,19:00:15,538006458,ODYSSEUS N,Rosario
2026-09-05,19:00:15,477754600,MAERSK VENEZIA,Rosario
2026-09-05,19:00:15,257897000,BOW FIRDA,Rosario
2026-09-05,19:00:15,538006504,DANK SILVER,Rosario
2026-09-05,19:00:15,538010750,TOKYO SPIRIT,Rosario
2026-09-05,19:00:15,314952000,DSM HARBOUR,Rosario
2026-09-05,19:00:15,701001307,,Rosario
2026-09-05,19:00:15,256685000,RODINA,Rosario
2026-09-05,19:00:15,311000195,CS SARAFINA,Rosario
2026-09-05,19:00:15,352001142,GLORY FIRST,Rosario
2026-09-05,19:00:15,351011000,OCEAN CROWN,Rosario
2026-09-05,19:00:15,636024043,TG CRAB,Rosario
2026-09-05,19:00:15,311001602,SAGA ANDORINHA,Rosario
2026-09-05,19:00:15,701001163,007,Rosario
2026-09-05,19:00:15,755085000,DON MAURICIO G,Rosario
2026-09-05,19:00:15,538090690,LEONARDO,Rosario
2026-09-05,19:00:15,255916599,RANA,Rosario
2026-09-05,19:00:15,352004948,OBE UNITY,Rosario
2026-09-05,19:00:15,241624000,LEGEND,Rosario
2026-09-05,19:00:15,755991013,,Rosario
2026-09-05,19:00:15,352006096,PALEXPO,Rosario
2026-09-05,19:00:15,538012594,KAPETANIOS,Rosario
2026-09-05,19:00:15,701006899,DON BASILIO,Rosario
2026-09-05,19:00:15,538009801,HELIOS,Rosario
2026-09-05,19:00:15,563163900,ANNA SCHULTE,Rosario
2026-09-05,19:00:15,355174000,APOGEE SPIRIT,Rosario
2026-09-05,19:00:15,538008936,SOUND YOUNG,Rosario
2026-09-05,19:00:15,701006396,VB RECOLETA,Rosario
2026-09-05,19:00:15,755088000,DECATUR LADY,Rosario
2026-09-05,19:00:15,701006858,CUECA,Rosario
2026-09-05,19:00:15,701006297,ANTONIO MARIA FERRO,Rosario
2026-09-05,19:00:15,701006926,FAVORITO SAN ANTONIO,Rosario
2026-09-05,19:00:15,701001057,VALENTINA H,Rosario
2026-09-05,19:00:15,564751000,MTM NEW YORK,Rosario
2026-09-05,19:00:15,710000019,HERACLITO FILHO,Rosario
2026-09-05,19:00:15,701001049,BUENAVENTURA,Rosario
2026-09-05,19:00:15,701001404,GUAZU PUCU,Rosario
2026-09-05,19:00:15,563151400,FRANCESCO,Rosario
2026-09-05,19:00:15,229732000,YANNIS,Rosario
2026-09-05,19:00:15,636023256,,DelGuazu
2026-09-05,19:00:15,755029000,SAN MARTIN I,DelGuazu
2026-09-05,19:00:15,701006961,,BellaVista
2026-09-05,19:00:15,701006638,,BellaVista
2026-09-05,19:00:15,755002841,ORGULLO,BellaVista
2026-09-05,19:00:15,755024000,RE CAVALIER XII,BellaVista
2026-09-05,19:00:15,755003609,DONA ELVIRA,BellaVista
2026-09-05,19:00:15,755004318,NAUTIC TWIN,BellaVista
2026-09-05,19:00:15,755022000,R/E CAVALIER XI,BellaVista
2026-09-05,19:00:15,755040000,,BellaVista
2026-09-05,19:00:15,701001056,ENRICO H,BellaVista
2026-09-05,19:00:15,755045000,BRUTUS H,BellaVista
2026-09-05,19:00:15,755170000,DONA MARGIE,BellaVista
2026-09-05,19:00:15,755048000,ITAPUA I,BellaVista
2026-09-05,19:00:15,755707081,IB ENCARNACION,BellaVista
2026-09-05,19:00:15,755002941,HERKULES IV,BellaVista
2026-09-05,19:00:15,755201114,AGUILUCHO,BellaVista
2026-09-05,19:10:09,701006856,,SanLorenzo
2026-09-05,19:10:09,701503000,GC77 GFO SAN MATIAS,SanLorenzo
2026-09-05,19:10:09,477754600,MAERSK VENEZIA,SanLorenzo
2026-09-05,19:10:09,538006458,ODYSSEUS N,SanLorenzo
2026-09-05,19:10:09,563169800,RUBY,SanLorenzo
2026-09-05,19:10:09,636015600,F. F GLORY,SanLorenzo
2026-09-05,19:10:09,257897000,BOW FIRDA,SanLorenzo
2026-09-05,19:10:09,538006504,DANK SILVER,SanLorenzo
2026-09-05,19:10:09,538004481,AGIA PARASKEVI,SanLorenzo
2026-09-05,19:10:09,314952000,DSM HARBOUR,SanLorenzo
2026-09-05,19:10:09,311000195,CS SARAFINA,SanLorenzo
2026-09-05,19:10:09,538010750,TOKYO SPIRIT,SanLorenzo
2026-09-05,19:10:09,636024698,MC CALYPSO,SanLorenzo
2026-09-05,19:10:09,636093258,EMMA JANNEKE,SanLorenzo
2026-09-05,19:10:09,256685000,RODINA,SanLorenzo
2026-09-05,19:10:09,351011000,OCEAN CROWN,SanLorenzo
2026-09-05,19:10:09,255915742,BOCHEM CASABLANCA,SanLorenzo
2026-09-05,19:10:09,636024043,TG CRAB,SanLorenzo
2026-09-05,19:10:09,563234800,IVS DUNES,SanLorenzo
2026-09-05,19:10:09,538004184,BLACK PEARL,SanLorenzo
2026-09-05,19:10:09,701001163,007,SanLorenzo
2026-09-05,19:10:09,538008779,LIVADI,SanLorenzo
2026-09-05,19:10:09,755085000,DON MAURICIO G,SanLorenzo
2026-09-05,19:10:09,755032000,,SanLorenzo
2026-09-05,19:10:09,229732000,YANNIS,SanLorenzo
2026-09-05,19:10:09,701006673,NAPOLEON,SanLorenzo
2026-09-05,19:10:09,538090690,LEONARDO,SanLorenzo
2026-09-05,19:10:09,241624000,LEGEND,SanLorenzo
2026-09-05,19:10:09,255916599,RANA,SanLorenzo
2026-09-05,19:10:09,352004948,OBE UNITY,SanLorenzo
2026-09-05,19:10:09,755045702,,SanLorenzo
2026-09-05,19:10:09,352006388,NORSE BORNHOLM,SanLorenzo
2026-09-05,19:10:09,636023426,TOUBKAL PARK,SanLorenzo
2026-09-05,19:10:09,352006096,PALEXPO,SanLorenzo
2026-09-05,19:10:09,563319600,CUTLASS GALAXY,SanLorenzo
2026-09-05,19:10:09,755002724,,SanLorenzo
2026-09-05,19:10:09,538012594,KAPETANIOS,SanLorenzo
2026-09-05,19:10:09,538009801,HELIOS,SanLorenzo
2026-09-05,19:10:09,563163900,ANNA SCHULTE,SanLorenzo
2026-09-05,19:10:09,355174000,APOGEE SPIRIT,SanLorenzo
2026-09-05,19:10:09,701001307,MAX DREAM,SanLorenzo
2026-09-05,19:10:09,538008936,SOUND YOUNG,SanLorenzo
2026-09-05,19:10:09,887210340,LANCHA CANTAGALO,SanLorenzo
2026-09-05,19:10:09,701006926,FAVORITO SAN ANTONIO,SanLorenzo
2026-09-05,19:10:09,720035000,CANTAGALLO,SanLorenzo
2026-09-05,19:10:09,701006297,ANTONIO MARIA FERRO,SanLorenzo
2026-09-05,19:10:09,755991013,PUMA,SanLorenzo
2026-09-05,19:10:09,755088000,DECATUR LADY,SanLorenzo
2026-09-05,19:10:09,636015971,STOLT ZULU,SanLorenzo
2026-09-05,19:10:09,755177000,CABALLERO BLANCO.,SanLorenzo
2026-09-05,19:10:09,701006858,CUECA,SanLorenzo
2026-09-05,19:10:09,701001057,VALENTINA H,SanLorenzo
2026-09-05,19:10:09,701006899,DON BASILIO,SanLorenzo
2026-09-05,19:10:09,564751000,MTM NEW YORK,SanLorenzo
2026-09-05,19:10:09,701006443,MAYU,SanLorenzo
2026-09-05,19:10:09,701006396,VB RECOLETA,SanLorenzo
2026-09-05,19:10:09,701001404,GUAZU PUCU,SanLorenzo
2026-09-05,19:10:09,755001797,PARAPITI.,SanLorenzo
2026-09-05,19:10:09,701006966,TIGRE,SanLorenzo
2026-09-05,19:10:09,755703668,URUTAU,SanLorenzo
2026-09-05,19:10:09,710000019,HERACLITO FILHO,SanLorenzo
2026-09-05,19:10:09,755000020,AGUARA,SanLorenzo
2026-09-05,19:10:09,701001049,BUENAVENTURA,SanLorenzo
2026-09-05,19:10:09,755134000,LADOCE H,SanLorenzo
2026-09-05,19:10:09,563151400,FRANCESCO,SanLorenzo
2026-09-05,19:10:09,477932500,ROSCO BANYAN,SanLorenzo
2026-09-05,19:10:09,538008779,,Rosario
2026-09-05,19:10:09,755085000,DON MAURICIO G,Rosario
2026-09-05,19:10:09,755991013,,Rosario
2026-09-05,19:10:09,701503000,GC77 GFO SAN MATIAS,Rosario
2026-09-05,19:10:09,477754600,MAERSK VENEZIA,Rosario
2026-09-05,19:10:09,538006458,ODYSSEUS N,Rosario
2026-09-05,19:10:09,257897000,BOW FIRDA,Rosario
2026-09-05,19:10:09,538006504,DANK SILVER,Rosario
2026-09-05,19:10:09,314952000,DSM HARBOUR,Rosario
2026-09-05,19:10:09,311000195,CS SARAFINA,Rosario
2026-09-05,19:10:09,538010750,TOKYO SPIRIT,Rosario
2026-09-05,19:10:09,256685000,RODINA,Rosario
2026-09-05,19:10:09,701006856,PILCOMAYO,Rosario
2026-09-05,19:10:09,351011000,OCEAN CROWN,Rosario
2026-09-05,19:10:09,352001142,GLORY FIRST,Rosario
2026-09-05,19:10:09,311001602,SAGA ANDORINHA,Rosario
2026-09-05,19:10:09,636024043,TG CRAB,Rosario
2026-09-05,19:10:09,538004184,BLACK PEARL,Rosario
2026-09-05,19:10:09,701001163,007,Rosario
2026-09-05,19:10:09,701006673,NAPOLEON,Rosario
2026-09-05,19:10:09,538090690,LEONARDO,Rosario
2026-09-05,19:10:09,255916599,RANA,Rosario
2026-09-05,19:10:09,352004948,OBE UNITY,Rosario
2026-09-05,19:10:09,241624000,LEGEND,Rosario
2026-09-05,19:10:09,352006388,NORSE BORNHOLM,Rosario
2026-09-05,19:10:09,636023426,TOUBKAL PARK,Rosario
2026-09-05,19:10:09,352006096,PALEXPO,Rosario
2026-09-05,19:10:09,538008276,PORT IMABARI,Rosario
2026-09-05,19:10:09,755000020,AGUARA,Rosario
2026-09-05,19:10:09,538012594,KAPETANIOS,Rosario
2026-09-05,19:10:09,538009801,HELIOS,Rosario
2026-09-05,19:10:09,563163900,ANNA SCHULTE,Rosario
2026-09-05,19:10:09,355174000,APOGEE SPIRIT,Rosario
2026-09-05,19:10:09,755088000,DECATUR LADY,Rosario
2026-09-05,19:10:09,538008936,SOUND YOUNG,Rosario
2026-09-05,19:10:09,701006858,CUECA,Rosario
2026-09-05,19:10:09,636015971,STOLT ZULU,Rosario
2026-09-05,19:10:09,701006297,ANTONIO MARIA FERRO,Rosario
2026-09-05,19:10:09,701001057,VALENTINA H,Rosario
2026-09-05,19:10:09,701006899,DON BASILIO,Rosario
2026-09-05,19:10:09,564751000,MTM NEW YORK,Rosario
2026-09-05,19:10:09,701006926,FAVORITO SAN ANTONIO,Rosario
2026-09-05,19:10:09,701006396,VB RECOLETA,Rosario
2026-09-05,19:10:09,701001404,GUAZU PUCU,Rosario
2026-09-05,19:10:09,710000019,HERACLITO FILHO,Rosario
2026-09-05,19:10:09,701001049,BUENAVENTURA,Rosario
2026-09-05,19:10:09,229732000,YANNIS,Rosario
2026-09-05,19:10:09,563151400,FRANCESCO,Rosario
2026-09-05,19:10:09,477932500,ROSCO BANYAN,Rosario
2026-09-05,19:10:09,701006638,,BellaVista
2026-09-05,19:10:09,755024000,RE CAVALIER XII,BellaVista
2026-09-05,19:10:09,755022000,R/E CAVALIER XI,BellaVista
2026-09-05,19:10:09,755002841,ORGULLO,BellaVista
2026-09-05,19:10:09,755002941,HERKULES IV,BellaVista
2026-09-05,19:10:09,755004318,NAUTIC TWIN,BellaVista
2026-09-05,19:10:09,755040000,,BellaVista
2026-09-05,19:10:09,755003609,DONA ELVIRA,BellaVista
2026-09-05,19:10:09,755045000,BRUTUS H,BellaVista
2026-09-05,19:10:09,755048000,ITAPUA I,BellaVista
2026-09-05,19:10:09,755170000,DONA MARGIE,BellaVista
2026-09-05,19:10:09,887210413,,BellaVista
2026-09-05,19:10:09,701001056,ENRICO H,BellaVista
2026-09-05,19:10:09,755201114,AGUILUCHO,BellaVista
2026-09-05,19:10:09,755707081,IB ENCARNACION,BellaVista
2026-09-05,19:20:09,311001602,,SanLorenzo
2026-09-05,19:20:09,229732000,YANNIS,SanLorenzo
2026-09-05,19:20:09,563319600,CUTLASS GALAXY,SanLorenzo
2026-09-05,19:20:09,477932500,ROSCO BANYAN,SanLorenzo
2026-09-05,19:20:09,255915742,BOCHEM CASABLANCA,SanLorenzo
2026-09-05,19:20:09,538006458,ODYSSEUS N,SanLorenzo
2026-09-05,19:20:09,563169800,RUBY,SanLorenzo
2026-09-05,19:20:09,636015600,F. F GLORY,SanLorenzo
2026-09-05,19:20:09,477754600,MAERSK VENEZIA,SanLorenzo
2026-09-05,19:20:09,538006504,DANK SILVER,SanLorenzo
2026-09-05,19:20:09,257897000,BOW FIRDA,SanLorenzo
2026-09-05,19:20:09,538004481,AGIA PARASKEVI,SanLorenzo
2026-09-05,19:20:09,314952000,DSM HARBOUR,SanLorenzo
2026-09-05,19:20:09,538010750,TOKYO SPIRIT,SanLorenzo
2026-09-05,19:20:09,636024698,MC CALYPSO,SanLorenzo
2026-09-05,19:20:09,256685000,RODINA,SanLorenzo
2026-09-05,19:20:09,636093258,EMMA JANNEKE,SanLorenzo
2026-09-05,19:20:09,311000195,CS SARAFINA,SanLorenzo
2026-09-05,19:20:09,351011000,OCEAN CROWN,SanLorenzo
2026-09-05,19:20:09,636024043,TG CRAB,SanLorenzo
2026-09-05,19:20:09,755045702,,SanLorenzo
2026-09-05,19:20:09,563234800,IVS DUNES,SanLorenzo
2026-09-05,19:20:09,701001163,007,SanLorenzo
2026-09-05,19:20:09,538008779,LIVADI,SanLorenzo
2026-09-05,19:20:09,755085000,DON MAURICIO G,SanLorenzo
2026-09-05,19:20:09,538090690,LEONARDO,SanLorenzo
2026-09-05,19:20:09,241624000,LEGEND,SanLorenzo
2026-09-05,19:20:09,255916599,RANA,SanLorenzo
2026-09-05,19:20:09,352004948,OBE UNITY,SanLorenzo
2026-09-05,19:20:09,701503000,GC77 GFO SAN MATIAS,SanLorenzo
2026-09-05,19:20:09,636023426,TOUBKAL PARK,SanLorenzo
2026-09-05,19:20:09,701006721,PRIM FLORES,SanLorenzo
2026-09-05,19:20:09,352006388,NORSE BORNHOLM,SanLorenzo
2026-09-05,19:20:09,352006096,PALEXPO,SanLorenzo
2026-09-05,19:20:09,538012594,KAPETANIOS,SanLorenzo
2026-09-05,19:20:09,538009801,HELIOS,SanLorenzo
2026-09-05,19:20:09,701006673,NAPOLEON,SanLorenzo
2026-09-05,19:20:09,355174000,APOGEE SPIRIT,SanLorenzo
2026-09-05,19:20:09,563163900,ANNA SCHULTE,SanLorenzo
2026-09-05,19:20:09,538008936,SOUND YOUNG,SanLorenzo
2026-09-05,19:20:09,636015971,STOLT ZULU,SanLorenzo
2026-09-05,19:20:09,701006245,SAN JOSE V,SanLorenzo
2026-09-05,19:20:09,755991013,PUMA,SanLorenzo
2026-09-05,19:20:09,755088000,DECATUR LADY,SanLorenzo
2026-09-05,19:20:09,701006858,CUECA,SanLorenzo
2026-09-05,19:20:09,755177000,CABALLERO BLANCO.,SanLorenzo
2026-09-05,19:20:09,701006297,ANTONIO MARIA FERRO,SanLorenzo
2026-09-05,19:20:09,564751000,MTM NEW YORK,SanLorenzo
2026-09-05,19:20:09,701006899,DON BASILIO,SanLorenzo
2026-09-05,19:20:09,701006926,FAVORITO SAN ANTONIO,SanLorenzo
2026-09-05,19:20:09,701001057,VALENTINA H,SanLorenzo
2026-09-05,19:20:09,563033900,TORM SUPREME,SanLorenzo
2026-09-05,19:20:09,710000019,HERACLITO FILHO,SanLorenzo
2026-09-05,19:20:09,701006396,VB RECOLETA,SanLorenzo
2026-09-05,19:20:09,701001049,BUENAVENTURA,SanLorenzo
2026-09-05,19:20:09,701006443,MAYU,SanLorenzo
2026-09-05,19:20:09,701006966,TIGRE,SanLorenzo
2026-09-05,19:20:09,755703668,URUTAU,SanLorenzo
2026-09-05,19:20:09,701001307,MAX DREAM,SanLorenzo
2026-09-05,19:20:09,755134000,LADOCE H,SanLorenzo
2026-09-05,19:20:09,755000020,AGUARA,SanLorenzo
2026-09-05,19:20:09,755001797,PARAPITI.,SanLorenzo
2026-09-05,19:20:09,563151400,FRANCESCO,SanLorenzo
2026-09-05,19:20:09,701001404,GUAZU PUCU,SanLorenzo
2026-09-05,19:20:09,538009801,HELIOS,Rosario
2026-09-05,19:20:09,477932500,ROSCO BANYAN,Rosario
2026-09-05,19:20:09,538006458,ODYSSEUS N,Rosario
2026-09-05,19:20:09,477754600,MAERSK VENEZIA,Rosario
2026-09-05,19:20:09,538006504,DANK SILVER,Rosario
2026-09-05,19:20:09,257897000,BOW FIRDA,Rosario
2026-09-05,19:20:09,314952000,DSM HARBOUR,Rosario
2026-09-05,19:20:09,538010750,TOKYO SPIRIT,Rosario
2026-09-05,19:20:09,311000195,CS SARAFINA,Rosario
2026-09-05,19:20:09,256685000,RODINA,Rosario
2026-09-05,19:20:09,352001142,GLORY FIRST,Rosario
2026-09-05,19:20:09,351011000,OCEAN CROWN,Rosario
2026-09-05,19:20:09,701006673,NAPOLEON,Rosario
2026-09-05,19:20:09,636024043,TG CRAB,Rosario
2026-09-05,19:20:09,311001602,SAGA ANDORINHA,Rosario
2026-09-05,19:20:09,701001163,007,Rosario
2026-09-05,19:20:09,538008779,,Rosario
2026-09-05,19:20:09,755085000,DON MAURICIO G,Rosario
2026-09-05,19:20:09,755000020,AGUARA,Rosario
2026-09-05,19:20:09,538090690,LEONARDO,Rosario
2026-09-05,19:20:09,255916599,RANA,Rosario
2026-09-05,19:20:09,352004948,OBE UNITY,Rosario
2026-09-05,19:20:09,241624000,LEGEND,Rosario
2026-09-05,19:20:09,701503000,GC77 GFO SAN MATIAS,Rosario
2026-09-05,19:20:09,755991013,,Rosario
2026-09-05,19:20:09,636023426,TOUBKAL PARK,Rosario
2026-09-05,19:20:09,352006388,NORSE BORNHOLM,Rosario
2026-09-05,19:20:09,538008276,PORT IMABARI,Rosario
2026-09-05,19:20:09,563319600,,Rosario
2026-09-05,19:20:09,352006096,PALEXPO,Rosario
2026-09-05,19:20:09,538012594,KAPETANIOS,Rosario
2026-09-05,19:20:09,563163900,ANNA SCHULTE,Rosario
2026-09-05,19:20:09,229732000,YANNIS,Rosario
2026-09-05,19:20:09,355174000,APOGEE SPIRIT,Rosario
2026-09-05,19:20:09,701006858,CUECA,Rosario
2026-09-05,19:20:09,538008936,SOUND YOUNG,Rosario
2026-09-05,19:20:09,636015971,STOLT ZULU,Rosario
2026-09-05,19:20:09,701006245,,Rosario
2026-09-05,19:20:09,755088000,DECATUR LADY,Rosario
2026-09-05,19:20:09,701006297,ANTONIO MARIA FERRO,Rosario
2026-09-05,19:20:09,564751000,MTM NEW YORK,Rosario
2026-09-05,19:20:09,701006899,DON BASILIO,Rosario
2026-09-05,19:20:09,701006926,FAVORITO SAN ANTONIO,Rosario
2026-09-05,19:20:09,701001057,VALENTINA H,Rosario
2026-09-05,19:20:09,710000019,HERACLITO FILHO,Rosario
2026-09-05,19:20:09,701006396,VB RECOLETA,Rosario
2026-09-05,19:20:09,701001049,BUENAVENTURA,Rosario
2026-09-05,19:20:09,563151400,FRANCESCO,Rosario
2026-09-05,19:20:09,701001404,GUAZU PUCU,Rosario
2026-09-05,19:20:09,701006961,,BellaVista
2026-09-05,19:20:09,701006638,,BellaVista
2026-09-05,19:20:09,701001056,ENRICO H,BellaVista
2026-09-05,19:20:09,755024000,RE CAVALIER XII,BellaVista
2026-09-05,19:20:09,755003609,DONA ELVIRA,BellaVista
2026-09-05,19:20:09,755002841,ORGULLO,BellaVista
2026-09-05,19:20:09,755004318,NAUTIC TWIN,BellaVista
2026-09-05,19:20:09,755022000,R/E CAVALIER XI,BellaVista
2026-09-05,19:20:09,755002941,HERKULES IV,BellaVista
2026-09-05,19:20:09,755040000,,BellaVista
2026-09-05,19:20:09,755004073,MBIGUA\,BellaVista
2026-09-05,19:20:09,755170000,DONA MARGIE,BellaVista
2026-09-05,19:20:09,887210413,LANCH IB ENCARNACION,BellaVista
2026-09-05,19:20:09,755707081,IB ENCARNACION,BellaVista
2026-09-05,19:20:09,755201114,AGUILUCHO,BellaVista
2026-09-05,19:20:09,755045000,BRUTUS H,BellaVista
2026-09-05,19:30:11,538008276,,SanLorenzo
2026-09-05,19:30:11,477932500,ROSCO BANYAN,SanLorenzo
2026-09-05,19:30:11,701503000,GC77 GFO SAN MATIAS,SanLorenzo
2026-09-05,19:30:11,477754600,MAERSK VENEZIA,SanLorenzo
2026-09-05,19:30:11,538006458,ODYSSEUS N,SanLorenzo
2026-09-05,19:30:11,563169800,RUBY,SanLorenzo
2026-09-05,19:30:11,636015600,F. F GLORY,SanLorenzo
2026-09-05,19:30:11,538006504,DANK SILVER,SanLorenzo
2026-09-05,19:30:11,257897000,BOW FIRDA,SanLorenzo
2026-09-05,19:30:11,538004481,AGIA PARASKEVI,SanLorenzo
2026-09-05,19:30:11,314952000,DSM HARBOUR,SanLorenzo
2026-09-05,19:30:11,538010750,TOKYO SPIRIT,SanLorenzo
2026-09-05,19:30:11,636024698,MC CALYPSO,SanLorenzo
2026-09-05,19:30:11,636093258,EMMA JANNEKE,SanLorenzo
2026-09-05,19:30:11,311000195,CS SARAFINA,SanLorenzo
2026-09-05,19:30:11,256685000,RODINA,SanLorenzo
2026-09-05,19:30:11,351011000,OCEAN CROWN,SanLorenzo
2026-09-05,19:30:11,636024043,TG CRAB,SanLorenzo
2026-09-05,19:30:11,563234800,IVS DUNES,SanLorenzo
2026-09-05,19:30:11,538008779,LIVADI,SanLorenzo
2026-09-05,19:30:11,701001163,007,SanLorenzo
2026-09-05,19:30:11,755085000,DON MAURICIO G,SanLorenzo
2026-09-05,19:30:11,538090690,LEONARDO,SanLorenzo
2026-09-05,19:30:11,255916599,RANA,SanLorenzo
2026-09-05,19:30:11,241624000,LEGEND,SanLorenzo
2026-09-05,19:30:11,352004948,OBE UNITY,SanLorenzo
2026-09-05,19:30:11,755032000,RUBEN H,SanLorenzo
2026-09-05,19:30:11,636023426,TOUBKAL PARK,SanLorenzo
2026-09-05,19:30:11,352006388,NORSE BORNHOLM,SanLorenzo
2026-09-05,19:30:11,352006096,PALEXPO,SanLorenzo
2026-09-05,19:30:11,563319600,,SanLorenzo
2026-09-05,19:30:11,538012594,KAPETANIOS,SanLorenzo
2026-09-05,19:30:11,701006673,NAPOLEON,SanLorenzo
2026-09-05,19:30:11,563163900,ANNA SCHULTE,SanLorenzo
2026-09-05,19:30:11,355174000,APOGEE SPIRIT,SanLorenzo
2026-09-05,19:30:11,538009801,HELIOS,SanLorenzo
2026-09-05,19:30:11,538008936,SOUND YOUNG,SanLorenzo
2026-09-05,19:30:11,701006721,PRIM FLORES,SanLorenzo
2026-09-05,19:30:11,755045702,,SanLorenzo
2026-09-05,19:30:11,563151400,FRANCESCO,SanLorenzo
2026-09-05,19:30:11,636015971,STOLT ZULU,SanLorenzo
2026-09-05,19:30:11,755991013,PUMA,SanLorenzo
2026-09-05,19:30:11,755088000,DECATUR LADY,SanLorenzo
2026-09-05,19:30:11,701006245,SAN JOSE V,SanLorenzo
2026-09-05,19:30:11,701006297,ANTONIO MARIA FERRO,SanLorenzo
2026-09-05,19:30:11,755177000,CABALLERO BLANCO.,SanLorenzo
2026-09-05,19:30:11,701006858,CUECA,SanLorenzo
2026-09-05,19:30:11,563033900,TORM SUPREME,SanLorenzo
2026-09-05,19:30:11,564751000,MTM NEW YORK,SanLorenzo
2026-09-05,19:30:11,701001057,VALENTINA H,SanLorenzo
2026-09-05,19:30:11,701006926,FAVORITO SAN ANTONIO,SanLorenzo
2026-09-05,19:30:11,701006899,DON BASILIO,SanLorenzo
2026-09-05,19:30:11,701006396,VB RECOLETA,SanLorenzo
2026-09-05,19:30:11,710000019,HERACLITO FILHO,SanLorenzo
2026-09-05,19:30:11,701001404,GUAZU PUCU,SanLorenzo
2026-09-05,19:30:11,701006443,MAYU,SanLorenzo
2026-09-05,19:30:11,755703668,URUTAU,SanLorenzo
2026-09-05,19:30:11,701006966,TIGRE,SanLorenzo
2026-09-05,19:30:11,755001797,PARAPITI.,SanLorenzo
2026-09-05,19:30:11,701001307,MAX DREAM,SanLorenzo
2026-09-05,19:30:11,755000020,AGUARA,SanLorenzo
2026-09-05,19:30:11,755134000,LADOCE H,SanLorenzo
2026-09-05,19:30:11,701006673,NAPOLEON,Rosario
2026-09-05,19:30:11,755085000,DON MAURICIO G,Rosario
2026-09-05,19:30:11,755000020,AGUARA,Rosario
2026-09-05,19:30:11,755991013,,Rosario
2026-09-05,19:30:11,477932500,ROSCO BANYAN,Rosario
2026-09-05,19:30:11,701503000,GC77 GFO SAN MATIAS,Rosario
2026-09-05,19:30:11,477754600,MAERSK VENEZIA,Rosario
2026-09-05,19:30:11,538006458,ODYSSEUS N,Rosario
2026-09-05,19:30:11,538006504,DANK SILVER,Rosario
2026-09-05,19:30:11,257897000,BOW FIRDA,Rosario
2026-09-05,19:30:11,314952000,DSM HARBOUR,Rosario
2026-09-05,19:30:11,538010750,TOKYO SPIRIT,Rosario
2026-09-05,19:30:11,311000195,CS SARAFINA,Rosario
2026-09-05,19:30:11,256685000,RODINA,Rosario
2026-09-05,19:30:11,352001142,GLORY FIRST,Rosario
2026-09-05,19:30:11,351011000,OCEAN CROWN,Rosario
2026-09-05,19:30:11,311001602,SAGA ANDORINHA,Rosario
2026-09-05,19:30:11,636024043,TG CRAB,Rosario
2026-09-05,19:30:11,538008779,,Rosario
2026-09-05,19:30:11,701001163,007,Rosario
2026-09-05,19:30:11,255916599,RANA,Rosario
2026-09-05,19:30:11,538090690,LEONARDO,Rosario
2026-09-05,19:30:11,352004948,OBE UNITY,Rosario
2026-09-05,19:30:11,241624000,LEGEND,Rosario
2026-09-05,19:30:11,636023426,TOUBKAL PARK,Rosario
2026-09-05,19:30:11,352006388,NORSE BORNHOLM,Rosario
2026-09-05,19:30:11,352006096,PALEXPO,Rosario
2026-09-05,19:30:11,538008276,PORT IMABARI,Rosario
2026-09-05,19:30:11,229732000,YANNIS,Rosario
2026-09-05,19:30:11,710000019,HERACLITO FILHO,Rosario
2026-09-05,19:30:11,701001307,,Rosario
2026-09-05,19:30:11,538012594,KAPETANIOS,Rosario
2026-09-05,19:30:11,563163900,ANNA SCHULTE,Rosario
2026-09-05,19:30:11,355174000,APOGEE SPIRIT,Rosario
2026-09-05,19:30:11,538009801,,Rosario
2026-09-05,19:30:11,701006245,,Rosario
2026-09-05,19:30:11,538008936,SOUND YOUNG,Rosario
2026-09-05,19:30:11,636015971,STOLT ZULU,Rosario
2026-09-05,19:30:11,755088000,DECATUR LADY,Rosario
2026-09-05,19:30:11,701006297,ANTONIO MARIA FERRO,Rosario
2026-09-05,19:30:11,701006858,CUECA,Rosario
2026-09-05,19:30:11,564751000,MTM NEW YORK,Rosario
2026-09-05,19:30:11,701001057,VALENTINA H,Rosario
2026-09-05,19:30:11,701006926,FAVORITO SAN ANTONIO,Rosario
2026-09-05,19:30:11,701006899,DON BASILIO,Rosario
2026-09-05,19:30:11,701006396,VB RECOLETA,Rosario
2026-09-05,19:30:11,701001404,GUAZU PUCU,Rosario
2026-09-05,19:30:11,563151400,FRANCESCO,Rosario
2026-09-05,19:30:11,755029000,,DelGuazu
2026-09-05,19:30:11,701006638,,BellaVista
2026-09-05,19:30:11,755002941,HERKULES IV,BellaVista
2026-09-05,19:30:11,755040000,,BellaVista
2026-09-05,19:30:11,755022000,R/E CAVALIER XI,BellaVista
2026-09-05,19:30:11,701001056,ENRICO H,BellaVista
2026-09-05,19:30:11,755003609,DONA ELVIRA,BellaVista
2026-09-05,19:30:11,755024000,RE CAVALIER XII,BellaVista
2026-09-05,19:30:11,755004318,NAUTIC TWIN,BellaVista
2026-09-05,19:30:11,887210413,LANCH IB ENCARNACION,BellaVista
2026-09-05,19:30:11,755045000,BRUTUS H,BellaVista
2026-09-05,19:30:11,755004073,MBIGUA\,BellaVista
2026-09-05,19:30:11,755048000,ITAPUA I,BellaVista
2026-09-05,19:30:11,887210338,LANCHA LA GLORIA,BellaVista
2026-09-05,19:30:11,755170000,DONA MARGIE,BellaVista
2026-09-05,19:30:11,755201114,AGUILUCHO,BellaVista
2026-09-05,19:40:09,229732000,,SanLorenzo
2026-09-05,19:40:09,563319600,,SanLorenzo
2026-09-05,19:40:09,755032000,RUBEN H,SanLorenzo
2026-09-05,19:40:09,477754600,MAERSK VENEZIA,SanLorenzo
2026-09-05,19:40:09,477932500,ROSCO BANYAN,SanLorenzo
2026-09-05,19:40:09,701503000,GC77 GFO SAN MATIAS,SanLorenzo
2026-09-05,19:40:09,538006458,ODYSSEUS N,SanLorenzo
2026-09-05,19:40:09,563169800,RUBY,SanLorenzo
2026-09-05,19:40:09,636015600,F. F GLORY,SanLorenzo
2026-09-05,19:40:09,538006504,DANK SILVER,SanLorenzo
2026-09-05,19:40:09,257897000,BOW FIRDA,SanLorenzo
2026-09-05,19:40:09,538004481,AGIA PARASKEVI,SanLorenzo
2026-09-05,19:40:09,314952000,DSM HARBOUR,SanLorenzo
2026-09-05,19:40:09,538010750,TOKYO SPIRIT,SanLorenzo
2026-09-05,19:40:09,636024698,MC CALYPSO,SanLorenzo
2026-09-05,19:40:09,636093258,EMMA JANNEKE,SanLorenzo
2026-09-05,19:40:09,256685000,RODINA,SanLorenzo
2026-09-05,19:40:09,311000195,CS SARAFINA,SanLorenzo
2026-09-05,19:40:09,351011000,OCEAN CROWN,SanLorenzo
2026-09-05,19:40:09,563234800,IVS DUNES,SanLorenzo
2026-09-05,19:40:09,701001163,007,SanLorenzo
2026-09-05,19:40:09,538008779,LIVADI,SanLorenzo
2026-09-05,19:40:09,755085000,DON MAURICIO G,SanLorenzo
2026-09-05,19:40:09,7010004,,SanLorenzo
2026-09-05,19:40:09,538090690,LEONARDO,SanLorenzo
2026-09-05,19:40:09,255916599,RANA,SanLorenzo
2026-09-05,19:40:09,241624000,LEGEND,SanLorenzo
2026-09-05,19:40:09,352004948,OBE UNITY,SanLorenzo
2026-09-05,19:40:09,755000020,AGUARA,SanLorenzo
2026-09-05,19:40:09,352006388,NORSE BORNHOLM,SanLorenzo
2026-09-05,19:40:09,636023426,TOUBKAL PARK,SanLorenzo
2026-09-05,19:40:09,352006096,PALEXPO,SanLorenzo
2026-09-05,19:40:09,636024043,TG CRAB,SanLorenzo
2026-09-05,19:40:09,538012594,KAPETANIOS,SanLorenzo
2026-09-05,19:40:09,701006673,NAPOLEON,SanLorenzo
2026-09-05,19:40:09,563163900,ANNA SCHULTE,SanLorenzo
2026-09-05,19:40:09,355174000,APOGEE SPIRIT,SanLorenzo
2026-09-05,19:40:09,538009801,HELIOS,SanLorenzo
2026-09-05,19:40:09,887210340,LANCHA CANTAGALO,SanLorenzo
2026-09-05,19:40:09,701006721,PRIM FLORES,SanLorenzo
2026-09-05,19:40:09,538008936,SOUND YOUNG,SanLorenzo
2026-09-05,19:40:09,755045702,NORA E,SanLorenzo
2026-09-05,19:40:09,636015971,STOLT ZULU,SanLorenzo
2026-09-05,19:40:09,701006245,SAN JOSE V,SanLorenzo
2026-09-05,19:40:09,755088000,DECATUR LADY,SanLorenzo
2026-09-05,19:40:09,720035000,CANTAGALLO,SanLorenzo
2026-09-05,19:40:09,755177000,CABALLERO BLANCO.,SanLorenzo
2026-09-05,19:40:09,701006297,ANTONIO MARIA FERRO,SanLorenzo
2026-09-05,19:40:09,755991013,PUMA,SanLorenzo
2026-09-05,19:40:09,701006858,CUECA,SanLorenzo
2026-09-05,19:40:09,701006899,DON BASILIO,SanLorenzo
2026-09-05,19:40:09,701001057,VALENTINA H,SanLorenzo
2026-09-05,19:40:09,563033900,TORM SUPREME,SanLorenzo
2026-09-05,19:40:09,564751000,MTM NEW YORK,SanLorenzo
2026-09-05,19:40:09,701006926,FAVORITO SAN ANTONIO,SanLorenzo
2026-09-05,19:40:09,710000019,HERACLITO FILHO,SanLorenzo
2026-09-05,19:40:09,701001404,GUAZU PUCU,SanLorenzo
2026-09-05,19:40:09,701006966,TIGRE,SanLorenzo
2026-09-05,19:40:09,701006396,VB RECOLETA,SanLorenzo
2026-09-05,19:40:09,755703668,URUTAU,SanLorenzo
2026-09-05,19:40:09,755001797,PARAPITI.,SanLorenzo
2026-09-05,19:40:09,755134000,LADOCE H,SanLorenzo
2026-09-05,19:40:09,563151400,FRANCESCO,SanLorenzo
2026-09-05,19:40:09,710000019,HERACLITO FILHO,Rosario
2026-09-05,19:40:09,701001307,,Rosario
2026-09-05,19:40:09,538008779,LIVADI,Rosario
2026-09-05,19:40:09,755001797,,Rosario
2026-09-05,19:40:09,701001057,VALENTINA H,Rosario
2026-09-05,19:40:09,477932500,ROSCO BANYAN,Rosario
2026-09-05,19:40:09,701503000,GC77 GFO SAN MATIAS,Rosario
2026-09-05,19:40:09,538006458,ODYSSEUS N,Rosario
2026-09-05,19:40:09,477754600,MAERSK VENEZIA,Rosario
2026-09-05,19:40:09,538006504,DANK SILVER,Rosario
2026-09-05,19:40:09,257897000,BOW FIRDA,Rosario
2026-09-05,19:40:09,314952000,DSM HARBOUR,Rosario
2026-09-05,19:40:09,538010750,TOKYO SPIRIT,Rosario
2026-09-05,19:40:09,256685000,RODINA,Rosario
2026-09-05,19:40:09,311000195,CS SARAFINA,Rosario
2026-09-05,19:40:09,352001142,GLORY FIRST,Rosario
2026-09-05,19:40:09,351011000,OCEAN CROWN,Rosario
2026-09-05,19:40:09,311001602,SAGA ANDORINHA,Rosario
2026-09-05,19:40:09,701001163,007,Rosario
2026-09-05,19:40:09,755085000,DON MAURICIO G,Rosario
2026-09-05,19:40:09,7010004,,Rosario
2026-09-05,19:40:09,229732000,YANNIS,Rosario
2026-09-05,19:40:09,538090690,LEONARDO,Rosario
2026-09-05,19:40:09,255916599,RANA,Rosario
2026-09-05,19:40:09,352004948,OBE UNITY,Rosario
2026-09-05,19:40:09,241624000,LEGEND,Rosario
2026-09-05,19:40:09,352006388,NORSE BORNHOLM,Rosario
2026-09-05,19:40:09,636023426,TOUBKAL PARK,Rosario
2026-09-05,19:40:09,352006096,PALEXPO,Rosario
2026-09-05,19:40:09,538008276,PORT IMABARI,Rosario
2026-09-05,19:40:09,563319600,CUTLASS GALAXY,Rosario
2026-09-05,19:40:09,636024043,TG CRAB,Rosario
2026-09-05,19:40:09,538012594,KAPETANIOS,Rosario
2026-09-05,19:40:09,563163900,ANNA SCHULTE,Rosario
2026-09-05,19:40:09,355174000,APOGEE SPIRIT,Rosario
2026-09-05,19:40:09,538009801,,Rosario
2026-09-05,19:40:09,701006245,,Rosario
2026-09-05,19:40:09,538008936,SOUND YOUNG,Rosario
2026-09-05,19:40:09,636015971,STOLT ZULU,Rosario
2026-09-05,19:40:09,755088000,DECATUR LADY,Rosario
2026-09-05,19:40:09,701006297,ANTONIO MARIA FERRO,Rosario
2026-09-05,19:40:09,755991013,,Rosario
2026-09-05,19:40:09,701006858,CUECA,Rosario
2026-09-05,19:40:09,701006899,DON BASILIO,Rosario
2026-09-05,19:40:09,564751000,MTM NEW YORK,Rosario
2026-09-05,19:40:09,701006926,FAVORITO SAN ANTONIO,Rosario
2026-09-05,19:40:09,701001404,GUAZU PUCU,Rosario
2026-09-05,19:40:09,701006396,VB RECOLETA,Rosario
2026-09-05,19:40:09,563151400,FRANCESCO,Rosario
2026-09-05,19:40:09,755029000,,DelGuazu
2026-09-05,19:40:09,755002941,HERKULES IV,BellaVista
2026-09-05,19:40:09,755040000,,BellaVista
2026-09-05,19:40:09,755003609,DONA ELVIRA,BellaVista
2026-09-05,19:40:09,755024000,RE CAVALIER XII,BellaVista
2026-09-05,19:40:09,755004318,NAUTIC TWIN,BellaVista
2026-09-05,19:40:09,755022000,R/E CAVALIER XI,BellaVista
2026-09-05,19:40:09,701006638,,BellaVista
2026-09-05,19:40:09,701001056,ENRICO H,BellaVista
2026-09-05,19:40:09,755004073,MBIGUA\,BellaVista
2026-09-05,19:40:09,755048000,ITAPUA I,BellaVista
2026-09-05,19:40:09,887210338,LANCHA LA GLORIA,BellaVista
2026-09-05,19:40:09,755707081,IB ENCARNACION,BellaVista
2026-09-05,19:40:09,755201114,AGUILUCHO,BellaVista
2026-09-05,19:50:09,255915742,,SanLorenzo
2026-09-05,19:50:09,755032000,RUBEN H,SanLorenzo
2026-09-05,19:50:09,701006856,,SanLorenzo
2026-09-05,19:50:09,701503000,GC77 GFO SAN MATIAS,SanLorenzo
2026-09-05,19:50:09,563169800,RUBY,SanLorenzo
2026-09-05,19:50:09,636015600,F. F GLORY,SanLorenzo
2026-09-05,19:50:09,477754600,MAERSK VENEZIA,SanLorenzo
2026-09-05,19:50:09,257897000,BOW FIRDA,SanLorenzo
2026-09-05,19:50:09,538004481,AGIA PARASKEVI,SanLorenzo
2026-09-05,19:50:09,538006504,DANK SILVER,SanLorenzo
2026-09-05,19:50:09,314952000,DSM HARBOUR,SanLorenzo
2026-09-05,19:50:09,636024698,MC CALYPSO,SanLorenzo
2026-09-05,19:50:09,538010750,TOKYO SPIRIT,SanLorenzo
2026-09-05,19:50:09,636093258,EMMA JANNEKE,SanLorenzo
2026-09-05,19:50:09,256685000,RODINA,SanLorenzo
2026-09-05,19:50:09,311000195,CS SARAFINA,SanLorenzo
2026-09-05,19:50:09,351011000,OCEAN CROWN,SanLorenzo
2026-09-05,19:50:09,636024043,TG CRAB,SanLorenzo
2026-09-05,19:50:09,563234800,IVS DUNES,SanLorenzo
2026-09-05,19:50:09,701001163,007,SanLorenzo
2026-09-05,19:50:09,755085000,DON MAURICIO G,SanLorenzo
2026-09-05,19:50:09,755045702,NORA E,SanLorenzo
2026-09-05,19:50:09,7010004,,SanLorenzo
2026-09-05,19:50:09,538090690,LEONARDO,SanLorenzo
2026-09-05,19:50:09,255916599,RANA,SanLorenzo
2026-09-05,19:50:09,241624000,LEGEND,SanLorenzo
2026-09-05,19:50:09,352004948,OBE UNITY,SanLorenzo
2026-09-05,19:50:09,352006388,NORSE BORNHOLM,SanLorenzo
2026-09-05,19:50:09,636023426,TOUBKAL PARK,SanLorenzo
2026-09-05,19:50:09,352006096,PALEXPO,SanLorenzo
2026-09-05,19:50:09,563319600,,SanLorenzo
2026-09-05,19:50:09,538012594,KAPETANIOS,SanLorenzo
2026-09-05,19:50:09,538006458,ODYSSEUS N,SanLorenzo
2026-09-05,19:50:09,701006673,NAPOLEON,SanLorenzo
2026-09-05,19:50:09,538009801,HELIOS,SanLorenzo
2026-09-05,19:50:09,563163900,ANNA SCHULTE,SanLorenzo
2026-09-05,19:50:09,355174000,APOGEE SPIRIT,SanLorenzo
2026-09-05,19:50:09,538008936,SOUND YOUNG,SanLorenzo
2026-09-05,19:50:09,701006858,CUECA,SanLorenzo
2026-09-05,19:50:09,887210340,LANCHA CANTAGALO,SanLorenzo
2026-09-05,19:50:09,701006721,PRIM FLORES,SanLorenzo
2026-09-05,19:50:09,755088000,DECATUR LADY,SanLorenzo
2026-09-05,19:50:09,563151400,FRANCESCO,SanLorenzo
2026-09-05,19:50:09,636015971,STOLT ZULU,SanLorenzo
2026-09-05,19:50:09,755991013,PUMA,SanLorenzo
2026-09-05,19:50:09,701006297,ANTONIO MARIA FERRO,SanLorenzo
2026-09-05,19:50:09,755177000,CABALLERO BLANCO.,SanLorenzo
2026-09-05,19:50:09,720035000,CANTAGALLO,SanLorenzo
2026-09-05,19:50:09,701006245,SAN JOSE V,SanLorenzo
2026-09-05,19:50:09,538008779,LIVADI,SanLorenzo
2026-09-05,19:50:09,564751000,MTM NEW YORK,SanLorenzo
2026-09-05,19:50:09,701006899,DON BASILIO,SanLorenzo
2026-09-05,19:50:09,701001057,VALENTINA H,SanLorenzo
2026-09-05,19:50:09,701006926,FAVORITO SAN ANTONIO,SanLorenzo
2026-09-05,19:50:09,710000019,HERACLITO FILHO,SanLorenzo
2026-09-05,19:50:09,701006396,VB RECOLETA,SanLorenzo
2026-09-05,19:50:09,477932500,ROSCO BANYAN,SanLorenzo
2026-09-05,19:50:09,701001307,MAX DREAM,SanLorenzo
2026-09-05,19:50:09,701001404,GUAZU PUCU,SanLorenzo
2026-09-05,19:50:09,755703668,URUTAU,SanLorenzo
2026-09-05,19:50:09,755001797,PARAPITI.,SanLorenzo
2026-09-05,19:50:09,701006966,TIGRE,SanLorenzo
2026-09-05,19:50:09,755134000,LADOCE H,SanLorenzo
2026-09-05,19:50:09,755000020,AGUARA,SanLorenzo
2026-09-05,19:50:09,701006856,,Rosario
2026-09-05,19:50:09,755000020,,Rosario
2026-09-05,19:50:09,710000019,,Rosario
2026-09-05,19:50:09,701503000,GC77 GFO SAN MATIAS,Rosario
2026-09-05,19:50:09,477754600,MAERSK VENEZIA,Rosario
2026-09-05,19:50:09,257897000,BOW FIRDA,Rosario
2026-09-05,19:50:09,538006504,DANK SILVER,Rosario
2026-09-05,19:50:09,314952000,DSM HARBOUR,Rosario
2026-09-05,19:50:09,636024698,,Rosario
2026-09-05,19:50:09,538010750,TOKYO SPIRIT,Rosario
2026-09-05,19:50:09,311000195,CS SARAFINA,Rosario
2026-09-05,19:50:09,256685000,RODINA,Rosario
2026-09-05,19:50:09,351011000,OCEAN CROWN,Rosario
2026-09-05,19:50:09,352001142,GLORY FIRST,Rosario
2026-09-05,19:50:09,311001602,SAGA ANDORINHA,Rosario
2026-09-05,19:50:09,636024043,TG CRAB,Rosario
2026-09-05,19:50:09,701001163,007,Rosario
2026-09-05,19:50:09,755085000,DON MAURICIO G,Rosario
2026-09-05,19:50:09,7010004,,Rosario
2026-09-05,19:50:09,538090690,LEONARDO,Rosario
2026-09-05,19:50:09,255916599,RANA,Rosario
2026-09-05,19:50:09,352004948,OBE UNITY,Rosario
2026-09-05,19:50:09,241624000,LEGEND,Rosario
2026-09-05,19:50:09,352006388,NORSE BORNHOLM,Rosario
2026-09-05,19:50:09,636023426,TOUBKAL PARK,Rosario
2026-09-05,19:50:09,538008276,PORT IMABARI,Rosario
2026-09-05,19:50:09,352006096,PALEXPO,Rosario
2026-09-05,19:50:09,538012594,KAPETANIOS,Rosario
2026-09-05,19:50:09,538006458,ODYSSEUS N,Rosario
2026-09-05,19:50:09,538009801,,Rosario
2026-09-05,19:50:09,563163900,ANNA SCHULTE,Rosario
2026-09-05,19:50:09,355174000,APOGEE SPIRIT,Rosario
2026-09-05,19:50:09,701001307,,Rosario
2026-09-05,19:50:09,538008936,SOUND YOUNG,Rosario
2026-09-05,19:50:09,701006679,,Rosario
2026-09-05,19:50:09,755088000,DECATUR LADY,Rosario
2026-09-05,19:50:09,636015971,,Rosario
2026-09-05,19:50:09,755991013,,Rosario
2026-09-05,19:50:09,701006297,ANTONIO MARIA FERRO,Rosario
2026-09-05,19:50:09,701006245,SAN JOSE V,Rosario
2026-09-05,19:50:09,538008779,LIVADI,Rosario
2026-09-05,19:50:09,701006858,CUECA,Rosario
2026-09-05,19:50:09,564751000,MTM NEW YORK,Rosario
2026-09-05,19:50:09,701006899,DON BASILIO,Rosario
2026-09-05,19:50:09,701006926,FAVORITO SAN ANTONIO,Rosario
2026-09-05,19:50:09,701006396,VB RECOLETA,Rosario
2026-09-05,19:50:09,477932500,ROSCO BANYAN,Rosario
2026-09-05,19:50:09,701001404,GUAZU PUCU,Rosario
2026-09-05,19:50:09,229732000,YANNIS,Rosario
2026-09-05,19:50:09,563151400,FRANCESCO,Rosario
2026-09-05,19:50:09,755003609,DONA ELVIRA,BellaVista
2026-09-05,19:50:09,755004318,NAUTIC TWIN,BellaVista
2026-09-05,19:50:09,701006638,,BellaVista
2026-09-05,19:50:09,755004073,MBIGUA\,BellaVista
2026-09-05,19:50:09,887210413,LANCH IB ENCARNACION,BellaVista
2026-09-05,19:50:09,755707081,IB ENCARNACION,BellaVista
2026-09-05,19:50:09,755022000,R/E CAVALIER XI,BellaVista
2026-09-05,19:50:09,701001056,ENRICO H,BellaVista
2026-09-05,19:50:09,755201114,AGUILUCHO,BellaVista
2026-09-05,19:50:09,755040000,,BellaVista
2026-09-05,19:50:09,887210338,LANCHA LA GLORIA,BellaVista
2026-09-05,20:00:10,701001163,007,SanLorenzo
2026-09-05,20:00:10,563319600,CUTLASS GALAXY,SanLorenzo
2026-09-05,20:00:10,255915742,,SanLorenzo
2026-09-05,20:00:10,538010750,TOKYO SPIRIT,SanLorenzo
2026-09-05,20:00:10,311001602,,SanLorenzo
2026-09-05,20:00:10,477932500,ROSCO BANYAN,SanLorenzo
2026-09-05,20:00:10,701503000,GC77 GFO SAN MATIAS,SanLorenzo
2026-09-05,20:00:10,563169800,RUBY,SanLorenzo
2026-09-05,20:00:10,538006458,ODYSSEUS N,SanLorenzo
2026-09-05,20:00:10,636015600,F. F GLORY,SanLorenzo
2026-09-05,20:00:10,257897000,BOW FIRDA,SanLorenzo
2026-09-05,20:00:10,538004481,AGIA PARASKEVI,SanLorenzo
2026-09-05,20:00:10,538006504,DANK SILVER,SanLorenzo
2026-09-05,20:00:10,311000195,CS SARAFINA,SanLorenzo
2026-09-05,20:00:10,314952000,DSM HARBOUR,SanLorenzo
2026-09-05,20:00:10,636024698,MC CALYPSO,SanLorenzo
2026-09-05,20:00:10,636093258,EMMA JANNEKE,SanLorenzo
2026-09-05,20:00:10,256685000,RODINA,SanLorenzo
2026-09-05,20:00:10,351011000,OCEAN CROWN,SanLorenzo
2026-09-05,20:00:10,636024043,TG CRAB,SanLorenzo
2026-09-05,20:00:10,563234800,IVS DUNES,SanLorenzo
2026-09-05,20:00:10,755085000,DON MAURICIO G,SanLorenzo
2026-09-05,20:00:10,538090690,LEONARDO,SanLorenzo
2026-09-05,20:00:10,255916599,RANA,SanLorenzo
2026-09-05,20:00:10,241624000,LEGEND,SanLorenzo
2026-09-05,20:00:10,352004948,OBE UNITY,SanLorenzo
2026-09-05,20:00:10,636023426,TOUBKAL PARK,SanLorenzo
2026-09-05,20:00:10,352006096,PALEXPO,SanLorenzo
2026-09-05,20:00:10,352006388,NORSE BORNHOLM,SanLorenzo
2026-09-05,20:00:10,538012594,KAPETANIOS,SanLorenzo
2026-09-05,20:00:10,7010004,,SanLorenzo
2026-09-05,20:00:10,538009801,HELIOS,SanLorenzo
2026-09-05,20:00:10,477754600,MAERSK VENEZIA,SanLorenzo
2026-09-05,20:00:10,701006673,NAPOLEON,SanLorenzo
2026-09-05,20:00:10,355174000,APOGEE SPIRIT,SanLorenzo
2026-09-05,20:00:10,563163900,ANNA SCHULTE,SanLorenzo
2026-09-05,20:00:10,538008936,SOUND YOUNG,SanLorenzo
2026-09-05,20:00:10,887210340,LANCHA CANTAGALO,SanLorenzo
2026-09-05,20:00:10,701006721,PRIM FLORES,SanLorenzo
2026-09-05,20:00:10,755032000,,SanLorenzo
2026-09-05,20:00:10,701006443,MAYU,SanLorenzo
2026-09-05,20:00:10,636015971,STOLT ZULU,SanLorenzo
2026-09-05,20:00:10,563033900,TORM SUPREME,SanLorenzo
2026-09-05,20:00:10,755088000,DECATUR LADY,SanLorenzo
2026-09-05,20:00:10,701006245,SAN JOSE V,SanLorenzo
2026-09-05,20:00:10,755177000,CABALLERO BLANCO.,SanLorenzo
2026-09-05,20:00:10,755991013,PUMA,SanLorenzo
2026-09-05,20:00:10,720035000,CANTAGALLO,SanLorenzo
2026-09-05,20:00:10,701006858,CUECA,SanLorenzo
2026-09-05,20:00:10,701006297,ANTONIO MARIA FERRO,SanLorenzo
2026-09-05,20:00:10,564751000,MTM NEW YORK,SanLorenzo
2026-09-05,20:00:10,701006899,DON BASILIO,SanLorenzo
2026-09-05,20:00:10,701006926,FAVORITO SAN ANTONIO,SanLorenzo
2026-09-05,20:00:10,710000019,HERACLITO FILHO,SanLorenzo
2026-09-05,20:00:10,701006396,VB RECOLETA,SanLorenzo
2026-09-05,20:00:10,701001307,MAX DREAM,SanLorenzo
2026-09-05,20:00:10,538008779,LIVADI,SanLorenzo
2026-09-05,20:00:10,701001057,VALENTINA H,SanLorenzo
2026-09-05,20:00:10,701001404,GUAZU PUCU,SanLorenzo
2026-09-05,20:00:10,755703668,URUTAU,SanLorenzo
2026-09-05,20:00:10,701006966,TIGRE,SanLorenzo
2026-09-05,20:00:10,755001797,PARAPITI.,SanLorenzo
2026-09-05,20:00:10,563151400,FRANCESCO,SanLorenzo
2026-09-05,20:00:10,755000020,AGUARA,SanLorenzo
2026-09-05,20:00:10,755134000,LADOCE H,SanLorenzo
2026-09-05,20:00:10,755085000,DON MAURICIO G,Rosario
2026-09-05,20:00:10,701001307,,Rosario
2026-09-05,20:00:10,710000019,,Rosario
2026-09-05,20:00:10,538010750,TOKYO SPIRIT,Rosario
2026-09-05,20:00:10,701006856,,Rosario
2026-09-05,20:00:10,701001163,007,Rosario
2026-09-05,20:00:10,755991013,,Rosario
2026-09-05,20:00:10,701503000,GC77 GFO SAN MATIAS,Rosario
2026-09-05,20:00:10,538006458,ODYSSEUS N,Rosario
2026-09-05,20:00:10,257897000,BOW FIRDA,Rosario
2026-09-05,20:00:10,538006504,DANK SILVER,Rosario
2026-09-05,20:00:10,311000195,CS SARAFINA,Rosario
2026-09-05,20:00:10,314952000,DSM HARBOUR,Rosario
2026-09-05,20:00:10,701006858,CUECA,Rosario
2026-09-05,20:00:10,636024698,,Rosario
2026-09-05,20:00:10,256685000,RODINA,Rosario
2026-09-05,20:00:10,351011000,OCEAN CROWN,Rosario
2026-09-05,20:00:10,352001142,GLORY FIRST,Rosario
2026-09-05,20:00:10,229732000,YANNIS,Rosario
2026-09-05,20:00:10,311001602,SAGA ANDORINHA,Rosario
2026-09-05,20:00:10,636024043,TG CRAB,Rosario
2026-09-05,20:00:10,538090690,LEONARDO,Rosario
2026-09-05,20:00:10,255916599,RANA,Rosario
2026-09-05,20:00:10,352004948,OBE UNITY,Rosario
2026-09-05,20:00:10,241624000,LEGEND,Rosario
2026-09-05,20:00:10,636023426,TOUBKAL PARK,Rosario
2026-09-05,20:00:10,352006096,PALEXPO,Rosario
2026-09-05,20:00:10,352006388,NORSE BORNHOLM,Rosario
2026-09-05,20:00:10,538008276,PORT IMABARI,Rosario
2026-09-05,20:00:10,538012594,KAPETANIOS,Rosario
2026-09-05,20:00:10,7010004,,Rosario
2026-09-05,20:00:10,538009801,HELIOS,Rosario
2026-09-05,20:00:10,477754600,MAERSK VENEZIA,Rosario
2026-09-05,20:00:10,355174000,APOGEE SPIRIT,Rosario
2026-09-05,20:00:10,563163900,ANNA SCHULTE,Rosario
2026-09-05,20:00:10,701006245,SAN JOSE V,Rosario
2026-09-05,20:00:10,538008936,SOUND YOUNG,Rosario
2026-09-05,20:00:10,636015971,STOLT ZULU,Rosario
2026-09-05,20:00:10,755088000,DECATUR LADY,Rosario
2026-09-05,20:00:10,701006297,ANTONIO MARIA FERRO,Rosario
2026-09-05,20:00:10,564751000,MTM NEW YORK,Rosario
2026-09-05,20:00:10,538008779,LIVADI,Rosario
2026-09-05,20:00:10,701006899,DON BASILIO,Rosario
2026-09-05,20:00:10,701006926,FAVORITO SAN ANTONIO,Rosario
2026-09-05,20:00:10,701006396,VB RECOLETA,Rosario
2026-09-05,20:00:10,563151400,FRANCESCO,Rosario
2026-09-05,20:00:10,477932500,ROSCO BANYAN,Rosario
2026-09-05,20:00:10,701001404,GUAZU PUCU,Rosario
2026-09-05,20:00:10,755003609,DONA ELVIRA,BellaVista
2026-09-05,20:00:10,755004318,NAUTIC TWIN,BellaVista
2026-09-05,20:00:10,755002941,HERKULES IV,BellaVista
2026-09-05,20:00:10,701006638,,BellaVista
2026-09-05,20:00:10,755040000,,BellaVista
2026-09-05,20:00:10,755022000,R/E CAVALIER XI,BellaVista
2026-09-05,20:00:10,755004073,MBIGUA\,BellaVista
2026-09-05,20:00:10,755170000,DONA MARGIE,BellaVista
2026-09-05,20:00:10,887210413,LANCH IB ENCARNACION,BellaVista
2026-09-05,20:00:10,701001056,ENRICO H,BellaVista
2026-09-05,20:00:10,755201114,AGUILUCHO,BellaVista
2026-09-05,20:00:10,887210338,LANCHA LA GLORIA,BellaVista
2026-09-05,20:10:09,255915742,BOCHEM CASABLANCA,SanLorenzo
2026-09-05,20:10:09,755045702,,SanLorenzo
2026-09-05,20:10:09,314952000,DSM HARBOUR,SanLorenzo
2026-09-05,20:10:09,538010750,TOKYO SPIRIT,SanLorenzo
2026-09-05,20:10:09,477932500,ROSCO BANYAN,SanLorenzo
2026-09-05,20:10:09,701503000,GC77 GFO SAN MATIAS,SanLorenzo
2026-09-05,20:10:09,563169800,RUBY,SanLorenzo
2026-09-05,20:10:09,538006458,ODYSSEUS N,SanLorenzo
2026-09-05,20:10:09,636015600,F. F GLORY,SanLorenzo
2026-09-05,20:10:09,477754600,MAERSK VENEZIA,SanLorenzo
2026-09-05,20:10:09,257897000,BOW FIRDA,SanLorenzo
2026-09-05,20:10:09,538006504,DANK SILVER,SanLorenzo
2026-09-05,20:10:09,538004481,AGIA PARASKEVI,SanLorenzo
2026-09-05,20:10:09,701001307,MAX DREAM,SanLorenzo
2026-09-05,20:10:09,636024698,MC CALYPSO,SanLorenzo
2026-09-05,20:10:09,636093258,EMMA JANNEKE,SanLorenzo
2026-09-05,20:10:09,311000195,CS SARAFINA,SanLorenzo
2026-09-05,20:10:09,256685000,RODINA,SanLorenzo
2026-09-05,20:10:09,351011000,OCEAN CROWN,SanLorenzo
2026-09-05,20:10:09,755032000,,SanLorenzo
2026-09-05,20:10:09,636024043,TG CRAB,SanLorenzo
2026-09-05,20:10:09,563234800,IVS DUNES,SanLorenzo
2026-09-05,20:10:09,755085000,DON MAURICIO G,SanLorenzo
2026-09-05,20:10:09,538090690,LEONARDO,SanLorenzo
2026-09-05,20:10:09,255916599,RANA,SanLorenzo
2026-09-05,20:10:09,241624000,LEGEND,SanLorenzo
2026-09-05,20:10:09,352004948,OBE UNITY,SanLorenzo
2026-09-05,20:10:09,636023426,TOUBKAL PARK,SanLorenzo
2026-09-05,20:10:09,352006096,PALEXPO,SanLorenzo
2026-09-05,20:10:09,352006388,NORSE BORNHOLM,SanLorenzo
2026-09-05,20:10:09,563319600,CUTLASS GALAXY,SanLorenzo
2026-09-05,20:10:09,538012594,KAPETANIOS,SanLorenzo
2026-09-05,20:10:09,538009801,HELIOS,SanLorenzo
2026-09-05,20:10:09,701006673,NAPOLEON,SanLorenzo
2026-09-05,20:10:09,355174000,APOGEE SPIRIT,SanLorenzo
2026-09-05,20:10:09,563163900,ANNA SCHULTE,SanLorenzo
2026-09-05,20:10:09,755991013,PUMA,SanLorenzo
2026-09-05,20:10:09,755002724,SANTA MARIA,SanLorenzo
2026-09-05,20:10:09,701006858,CUECA,SanLorenzo
2026-09-05,20:10:09,538008936,SOUND YOUNG,SanLorenzo
2026-09-05,20:10:09,710000019,HERACLITO FILHO,SanLorenzo
2026-09-05,20:10:09,701001057,VALENTINA H,SanLorenzo
2026-09-05,20:10:09,887210340,LANCHA CANTAGALO,SanLorenzo
2026-09-05,20:10:09,7010004,,SanLorenzo
2026-09-05,20:10:09,701006443,MAYU,SanLorenzo
2026-09-05,20:10:09,636015971,STOLT ZULU,SanLorenzo
2026-09-05,20:10:09,720035000,CANTAGALLO,SanLorenzo
2026-09-05,20:10:09,755000020,AGUARA,SanLorenzo
2026-09-05,20:10:09,755088000,DECATUR LADY,SanLorenzo
2026-09-05,20:10:09,755177000,CABALLERO BLANCO.,SanLorenzo
2026-09-05,20:10:09,701006245,SAN JOSE V,SanLorenzo
2026-09-05,20:10:09,701006297,ANTONIO MARIA FERRO,SanLorenzo
2026-09-05,20:10:09,563033900,TORM SUPREME,SanLorenzo
2026-09-05,20:10:09,701006899,DON BASILIO,SanLorenzo
2026-09-05,20:10:09,564751000,MTM NEW YORK,SanLorenzo
2026-09-05,20:10:09,701006396,VB RECOLETA,SanLorenzo
2026-09-05,20:10:09,701006926,FAVORITO SAN ANTONIO,SanLorenzo
2026-09-05,20:10:09,538008779,LIVADI,SanLorenzo
2026-09-05,20:10:09,701001404,GUAZU PUCU,SanLorenzo
2026-09-05,20:10:09,701006966,TIGRE,SanLorenzo
2026-09-05,20:10:09,755001797,PARAPITI.,SanLorenzo
2026-09-05,20:10:09,755703668,URUTAU,SanLorenzo
2026-09-05,20:10:09,755134000,LADOCE H,SanLorenzo
2026-09-05,20:10:09,563151400,FRANCESCO,SanLorenzo
2026-09-05,20:10:09,755001797,,Rosario
2026-09-05,20:10:09,352004948,OBE UNITY,Rosario
2026-09-05,20:10:09,538009801,HELIOS,Rosario
2026-09-05,20:10:09,477932500,ROSCO BANYAN,Rosario
2026-09-05,20:10:09,701503000,GC77 GFO SAN MATIAS,Rosario
2026-09-05,20:10:09,538006458,ODYSSEUS N,Rosario
2026-09-05,20:10:09,477754600,MAERSK VENEZIA,Rosario
2026-09-05,20:10:09,257897000,BOW FIRDA,Rosario
2026-09-05,20:10:09,538006504,DANK SILVER,Rosario
2026-09-05,20:10:09,538010750,TOKYO SPIRIT,Rosario
2026-09-05,20:10:09,755991013,,Rosario
2026-09-05,20:10:09,314952000,DSM HARBOUR,Rosario
2026-09-05,20:10:09,311000195,CS SARAFINA,Rosario
2026-09-05,20:10:09,256685000,RODINA,Rosario
2026-09-05,20:10:09,352001142,GLORY FIRST,Rosario
2026-09-05,20:10:09,351011000,OCEAN CROWN,Rosario
2026-09-05,20:10:09,636024043,TG CRAB,Rosario
2026-09-05,20:10:09,311001602,SAGA ANDORINHA,Rosario
2026-09-05,20:10:09,755000020,,Rosario
2026-09-05,20:10:09,701001057,,Rosario
2026-09-05,20:10:09,755085000,DON MAURICIO G,Rosario
2026-09-05,20:10:09,538090690,LEONARDO,Rosario
2026-09-05,20:10:09,255916599,RANA,Rosario
2026-09-05,20:10:09,241624000,LEGEND,Rosario
2026-09-05,20:10:09,636023426,TOUBKAL PARK,Rosario
2026-09-05,20:10:09,538008276,PORT IMABARI,Rosario
2026-09-05,20:10:09,352006096,PALEXPO,Rosario
2026-09-05,20:10:09,352006388,NORSE BORNHOLM,Rosario
2026-09-05,20:10:09,538012594,KAPETANIOS,Rosario
2026-09-05,20:10:09,355174000,APOGEE SPIRIT,Rosario
2026-09-05,20:10:09,563163900,ANNA SCHULTE,Rosario
2026-09-05,20:10:09,538008936,SOUND YOUNG,Rosario
2026-09-05,20:10:09,7010004,,Rosario
2026-09-05,20:10:09,636015971,STOLT ZULU,Rosario
2026-09-05,20:10:09,563151400,FRANCESCO,Rosario
2026-09-05,20:10:09,755088000,DECATUR LADY,Rosario
2026-09-05,20:10:09,701006245,SAN JOSE V,Rosario
2026-09-05,20:10:09,701006297,ANTONIO MARIA FERRO,Rosario
2026-09-05,20:10:09,701006858,,Rosario
2026-09-05,20:10:09,701006899,DON BASILIO,Rosario
2026-09-05,20:10:09,538008779,LIVADI,Rosario
2026-09-05,20:10:09,564751000,MTM NEW YORK,Rosario
2026-09-05,20:10:09,701006396,VB RECOLETA,Rosario
2026-09-05,20:10:09,701006926,FAVORITO SAN ANTONIO,Rosario
2026-09-05,20:10:09,701001404,GUAZU PUCU,Rosario
2026-09-05,20:10:09,357232000,YOZAN,DelGuazu
2026-09-05,20:10:09,538010532,DEANA,DelGuazu
2026-09-05,20:10:09,538010532,,Braga
2026-09-05,20:10:09,755004318,NAUTIC TWIN,BellaVista
2026-09-05,20:10:09,701006638,,BellaVista
2026-09-05,20:10:09,755048000,ITAPUA I,BellaVista
2026-09-05,20:10:09,755022000,R/E CAVALIER XI,BellaVista
2026-09-05,20:10:09,701001056,ENRICO H,BellaVista
2026-09-05,20:10:09,755002941,HERKULES IV,BellaVista
2026-09-05,20:10:09,755040000,,BellaVista
2026-09-05,20:10:09,755170000,DONA MARGIE,BellaVista
2026-09-05,20:10:09,755024000,RE CAVALIER XII,BellaVista
2026-09-05,20:10:09,701583000,,BellaVista
2026-09-05,20:20:09,563319600,CUTLASS GALAXY,SanLorenzo
2026-09-05,20:20:09,477932500,ROSCO BANYAN,SanLorenzo
2026-09-05,20:20:09,255915742,BOCHEM CASABLANCA,SanLorenzo
2026-09-05,20:20:09,755045702,,SanLorenzo
2026-09-05,20:20:09,701503000,GC77 GFO SAN MATIAS,SanLorenzo
2026-09-05,20:20:09,563169800,RUBY,SanLorenzo
2026-09-05,20:20:09,477754600,MAERSK VENEZIA,SanLorenzo
2026-09-05,20:20:09,538006458,ODYSSEUS N,SanLorenzo
2026-09-05,20:20:09,7010004,,SanLorenzo
2026-09-05,20:20:09,636015600,F. F GLORY,SanLorenzo
2026-09-05,20:20:09,538004481,AGIA PARASKEVI,SanLorenzo
2026-09-05,20:20:09,538006504,DANK SILVER,SanLorenzo
2026-09-05,20:20:09,257897000,BOW FIRDA,SanLorenzo
2026-09-05,20:20:09,314952000,DSM HARBOUR,SanLorenzo
2026-09-05,20:20:09,636024698,MC CALYPSO,SanLorenzo
2026-09-05,20:20:09,538010750,TOKYO SPIRIT,SanLorenzo
2026-09-05,20:20:09,636093258,EMMA JANNEKE,SanLorenzo
2026-09-05,20:20:09,256685000,RODINA,SanLorenzo
2026-09-05,20:20:09,311000195,CS SARAFINA,SanLorenzo
2026-09-05,20:20:09,351011000,OCEAN CROWN,SanLorenzo
2026-09-05,20:20:09,636024043,TG CRAB,SanLorenzo
2026-09-05,20:20:09,563234800,IVS DUNES,SanLorenzo
2026-09-05,20:20:09,755085000,DON MAURICIO G,SanLorenzo
2026-09-05,20:20:09,255916599,RANA,SanLorenzo
2026-09-05,20:20:09,538090690,LEONARDO,SanLorenzo
2026-09-05,20:20:09,352004948,OBE UNITY,SanLorenzo
2026-09-05,20:20:09,352006388,NORSE BORNHOLM,SanLorenzo
2026-09-05,20:20:09,636023426,TOUBKAL PARK,SanLorenzo
2026-09-05,20:20:09,352006096,PALEXPO,SanLorenzo
2026-09-05,20:20:09,755002724,SANTA MARIA,SanLorenzo
2026-09-05,20:20:09,538012594,KAPETANIOS,SanLorenzo
2026-09-05,20:20:09,538008779,LIVADI,SanLorenzo
2026-09-05,20:20:09,701006673,NAPOLEON,SanLorenzo
2026-09-05,20:20:09,538009801,HELIOS,SanLorenzo
2026-09-05,20:20:09,755032000,,SanLorenzo
2026-09-05,20:20:09,563163900,ANNA SCHULTE,SanLorenzo
2026-09-05,20:20:09,355174000,APOGEE SPIRIT,SanLorenzo
2026-09-05,20:20:09,887210340,LANCHA CANTAGALO,SanLorenzo
2026-09-05,20:20:09,538008936,SOUND YOUNG,SanLorenzo
2026-09-05,20:20:09,636015971,STOLT ZULU,SanLorenzo
2026-09-05,20:20:09,563151400,FRANCESCO,SanLorenzo
2026-09-05,20:20:09,563033900,TORM SUPREME,SanLorenzo
2026-09-05,20:20:09,755088000,DECATUR LADY,SanLorenzo
2026-09-05,20:20:09,701006245,SAN JOSE V,SanLorenzo
2026-09-05,20:20:09,720035000,CANTAGALLO,SanLorenzo
2026-09-05,20:20:09,755991013,PUMA,SanLorenzo
2026-09-05,20:20:09,755177000,CABALLERO BLANCO.,SanLorenzo
2026-09-05,20:20:09,241624000,LEGEND,SanLorenzo
2026-09-05,20:20:09,701006297,ANTONIO MARIA FERRO,SanLorenzo
2026-09-05,20:20:09,564751000,MTM NEW YORK,SanLorenzo
2026-09-05,20:20:09,701006858,CUECA,SanLorenzo
2026-09-05,20:20:09,701006899,DON BASILIO,SanLorenzo
2026-09-05,20:20:09,710000019,HERACLITO FILHO,SanLorenzo
2026-09-05,20:20:09,701006926,FAVORITO SAN ANTONIO,SanLorenzo
2026-09-05,20:20:09,701001057,VALENTINA H,SanLorenzo
2026-09-05,20:20:09,755001797,PARAPITI.,SanLorenzo
2026-09-05,20:20:09,701006396,VB RECOLETA,SanLorenzo
2026-09-05,20:20:09,701006966,TIGRE,SanLorenzo
2026-09-05,20:20:09,755134000,LADOCE H,SanLorenzo
2026-09-05,20:20:09,755703668,URUTAU,SanLorenzo
2026-09-05,20:20:09,701006443,MAYU,SanLorenzo
2026-09-05,20:20:09,755000020,AGUARA,SanLorenzo
2026-09-05,20:20:09,701001404,GUAZU PUCU,SanLorenzo
2026-09-05,20:20:09,636024698,MC CALYPSO,Rosario
2026-09-05,20:20:09,755000020,,Rosario
2026-09-05,20:20:09,477932500,ROSCO BANYAN,Rosario
2026-09-05,20:20:09,701503000,GC77 GFO SAN MATIAS,Rosario
2026-09-05,20:20:09,477754600,MAERSK VENEZIA,Rosario
2026-09-05,20:20:09,538006458,ODYSSEUS N,Rosario
2026-09-05,20:20:09,7010004,,Rosario
2026-09-05,20:20:09,538006504,DANK SILVER,Rosario
2026-09-05,20:20:09,257897000,BOW FIRDA,Rosario
2026-09-05,20:20:09,314952000,DSM HARBOUR,Rosario
2026-09-05,20:20:09,538010750,TOKYO SPIRIT,Rosario
2026-09-05,20:20:09,256685000,RODINA,Rosario
2026-09-05,20:20:09,311000195,CS SARAFINA,Rosario
2026-09-05,20:20:09,701006858,,Rosario
2026-09-05,20:20:09,636023897,,Rosario
2026-09-05,20:20:09,352001142,GLORY FIRST,Rosario
2026-09-05,20:20:09,351011000,OCEAN CROWN,Rosario
2026-09-05,20:20:09,311001602,SAGA ANDORINHA,Rosario
2026-09-05,20:20:09,636024043,TG CRAB,Rosario
2026-09-05,20:20:09,755085000,DON MAURICIO G,Rosario
2026-09-05,20:20:09,755991013,,Rosario
2026-09-05,20:20:09,255916599,RANA,Rosario
2026-09-05,20:20:09,538090690,LEONARDO,Rosario
2026-09-05,20:20:09,352004948,OBE UNITY,Rosario
2026-09-05,20:20:09,352006388,NORSE BORNHOLM,Rosario
2026-09-05,20:20:09,636023426,TOUBKAL PARK,Rosario
2026-09-05,20:20:09,352006096,PALEXPO,Rosario
2026-09-05,20:20:09,538008276,PORT IMABARI,Rosario
2026-09-05,20:20:09,538012594,KAPETANIOS,Rosario
2026-09-05,20:20:09,538008779,LIVADI,Rosario
2026-09-05,20:20:09,563151400,FRANCESCO,Rosario
2026-09-05,20:20:09,538009801,HELIOS,Rosario
2026-09-05,20:20:09,563163900,ANNA SCHULTE,Rosario
2026-09-05,20:20:09,355174000,APOGEE SPIRIT,Rosario
2026-09-05,20:20:09,538008936,SOUND YOUNG,Rosario
2026-09-05,20:20:09,636015971,STOLT ZULU,Rosario
2026-09-05,20:20:09,701006245,SAN JOSE V,Rosario
2026-09-05,20:20:09,755088000,DECATUR LADY,Rosario
2026-09-05,20:20:09,241624000,LEGEND,Rosario
2026-09-05,20:20:09,701006297,ANTONIO MARIA FERRO,Rosario
2026-09-05,20:20:09,564751000,MTM NEW YORK,Rosario
2026-09-05,20:20:09,701006899,DON BASILIO,Rosario
2026-09-05,20:20:09,701006926,FAVORITO SAN ANTONIO,Rosario
2026-09-05,20:20:09,701006396,VB RECOLETA,Rosario
2026-09-05,20:20:09,701001404,GUAZU PUCU,Rosario
2026-09-05,20:20:09,253608000,,DelGuazu
2026-09-05,20:20:09,357232000,YOZAN,DelGuazu
2026-09-05,20:20:09,538010532,DEANA,DelGuazu
2026-09-05,20:20:09,357232000,,Braga
2026-09-05,20:20:09,538010532,,Braga
2026-09-05,20:20:09,887210338,LANCHA LA GLORIA,BellaVista
2026-09-05,20:20:09,887210186,,BellaVista
2026-09-05,20:20:09,701001056,ENRICO H,BellaVista
2026-09-05,20:20:09,701583000,,BellaVista
2026-09-05,20:20:09,755002941,HERKULES IV,BellaVista
2026-09-05,20:20:09,755045000,BRUTUS H,BellaVista
2026-09-05,20:20:09,755004073,MBIGUA\,BellaVista
2026-09-05,20:20:09,755048000,ITAPUA I,BellaVista
2026-09-05,20:20:09,755170000,DONA MARGIE,BellaVista
2026-09-05,20:20:09,887210413,LANCH IB ENCARNACION,BellaVista
2026-09-05,20:20:09,755004318,NAUTIC TWIN,BellaVista
2026-09-05,20:20:09,755022000,R/E CAVALIER XI,BellaVista
2026-09-05,20:20:09,755024000,RE CAVALIER XII,BellaVista
2026-09-05,20:20:09,755707081,IB ENCARNACION,BellaVista
2026-09-05,20:20:09,755201114,AGUILUCHO,BellaVista
2026-09-05,20:20:09,701006638,CAROLINA,BellaVista
2026-09-05,20:30:11,255915742,BOCHEM CASABLANCA,SanLorenzo
2026-09-05,20:30:11,563169800,RUBY,SanLorenzo
2026-09-05,20:30:11,477754600,MAERSK VENEZIA,SanLorenzo
2026-09-05,20:30:11,755045702,NORA E,SanLorenzo
2026-09-05,20:30:11,477932500,ROSCO BANYAN,SanLorenzo
2026-09-05,20:30:11,701503000,GC77 GFO SAN MATIAS,SanLorenzo
2026-09-05,20:30:11,7010004,,SanLorenzo
2026-09-05,20:30:11,701001307,MAX DREAM,SanLorenzo
2026-09-05,20:30:11,538006458,ODYSSEUS N,SanLorenzo
2026-09-05,20:30:11,636015600,F. F GLORY,SanLorenzo
2026-09-05,20:30:11,538006504,DANK SILVER,SanLorenzo
2026-09-05,20:30:11,538004481,AGIA PARASKEVI,SanLorenzo
2026-09-05,20:30:11,257897000,BOW FIRDA,SanLorenzo
2026-09-05,20:30:11,314952000,DSM HARBOUR,SanLorenzo
2026-09-05,20:30:11,538010750,TOKYO SPIRIT,SanLorenzo
2026-09-05,20:30:11,636024698,MC CALYPSO,SanLorenzo
2026-09-05,20:30:11,636093258,EMMA JANNEKE,SanLorenzo
2026-09-05,20:30:11,256685000,RODINA,SanLorenzo
2026-09-05,20:30:11,311000195,CS SARAFINA,SanLorenzo
2026-09-05,20:30:11,351011000,OCEAN CROWN,SanLorenzo
2026-09-05,20:30:11,636024043,TG CRAB,SanLorenzo
2026-09-05,20:30:11,563234800,IVS DUNES,SanLorenzo
2026-09-05,20:30:11,755085000,DON MAURICIO G,SanLorenzo
2026-09-05,20:30:11,538090690,LEONARDO,SanLorenzo
2026-09-05,20:30:11,255916599,RANA,SanLorenzo
2026-09-05,20:30:11,352004948,OBE UNITY,SanLorenzo
2026-09-05,20:30:11,636023426,TOUBKAL PARK,SanLorenzo
2026-09-05,20:30:11,352006388,NORSE BORNHOLM,SanLorenzo
2026-09-05,20:30:11,352006096,PALEXPO,SanLorenzo
2026-09-05,20:30:11,563319600,CUTLASS GALAXY,SanLorenzo
2026-09-05,20:30:11,538012594,KAPETANIOS,SanLorenzo
2026-09-05,20:30:11,538008779,LIVADI,SanLorenzo
2026-09-05,20:30:11,538009801,HELIOS,SanLorenzo
2026-09-05,20:30:11,701006673,NAPOLEON,SanLorenzo
2026-09-05,20:30:11,563163900,ANNA SCHULTE,SanLorenzo
2026-09-05,20:30:11,355174000,APOGEE SPIRIT,SanLorenzo
2026-09-05,20:30:11,538008936,SOUND YOUNG,SanLorenzo
2026-09-05,20:30:11,887210340,LANCHA CANTAGALO,SanLorenzo
2026-09-05,20:30:11,755002724,SANTA MARIA,SanLorenzo
2026-09-05,20:30:11,636015971,STOLT ZULU,SanLorenzo
2026-09-05,20:30:11,755991013,PUMA,SanLorenzo
2026-09-05,20:30:11,755088000,DECATUR LADY,SanLorenzo
2026-09-05,20:30:11,720035000,CANTAGALLO,SanLorenzo
2026-09-05,20:30:11,701006245,SAN JOSE V,SanLorenzo
2026-09-05,20:30:11,755177000,CABALLERO BLANCO.,SanLorenzo
2026-09-05,20:30:11,701006297,ANTONIO MARIA FERRO,SanLorenzo
2026-09-05,20:30:11,701006858,CUECA,SanLorenzo
2026-09-05,20:30:11,755032000,RUBEN H,SanLorenzo
2026-09-05,20:30:11,564751000,MTM NEW YORK,SanLorenzo
2026-09-05,20:30:11,701006899,DON BASILIO,SanLorenzo
2026-09-05,20:30:11,563033900,TORM SUPREME,SanLorenzo
2026-09-05,20:30:11,701006926,FAVORITO SAN ANTONIO,SanLorenzo
2026-09-05,20:30:11,710000019,HERACLITO FILHO,SanLorenzo
2026-09-05,20:30:11,701006396,VB RECOLETA,SanLorenzo
2026-09-05,20:30:11,701001404,GUAZU PUCU,SanLorenzo
2026-09-05,20:30:11,701001057,VALENTINA H,SanLorenzo
2026-09-05,20:30:11,755001797,PARAPITI.,SanLorenzo
2026-09-05,20:30:11,701006966,TIGRE,SanLorenzo
2026-09-05,20:30:11,755703668,URUTAU,SanLorenzo
2026-09-05,20:30:11,241624000,LEGEND,SanLorenzo
2026-09-05,20:30:11,701006443,MAYU,SanLorenzo
2026-09-05,20:30:11,755134000,LADOCE H,SanLorenzo
2026-09-05,20:30:11,563151400,FRANCESCO,SanLorenzo
2026-09-05,20:30:11,755000020,AGUARA,SanLorenzo
2026-09-05,20:30:11,636024698,,Rosario
2026-09-05,20:30:11,351011000,OCEAN CROWN,Rosario
2026-09-05,20:30:11,755000020,,Rosario
2026-09-05,20:30:11,701006858,CUECA,Rosario
2026-09-05,20:30:11,477932500,ROSCO BANYAN,Rosario
2026-09-05,20:30:11,701503000,GC77 GFO SAN MATIAS,Rosario
2026-09-05,20:30:11,7010004,,Rosario
2026-09-05,20:30:11,538006458,ODYSSEUS N,Rosario
2026-09-05,20:30:11,477754600,MAERSK VENEZIA,Rosario
2026-09-05,20:30:11,257897000,BOW FIRDA,Rosario
2026-09-05,20:30:11,538006504,DANK SILVER,Rosario
2026-09-05,20:30:11,314952000,DSM HARBOUR,Rosario
2026-09-05,20:30:11,538010750,TOKYO SPIRIT,Rosario
2026-09-05,20:30:11,256685000,RODINA,Rosario
2026-09-05,20:30:11,311000195,CS SARAFINA,Rosario
2026-09-05,20:30:11,352001142,GLORY FIRST,Rosario
2026-09-05,20:30:11,311001602,SAGA ANDORINHA,Rosario
2026-09-05,20:30:11,636024043,TG CRAB,Rosario
2026-09-05,20:30:11,755085000,DON MAURICIO G,Rosario
2026-09-05,20:30:11,563054100,MTM BIG APPLE,Rosario
2026-09-05,20:30:11,538090690,LEONARDO,Rosario
2026-09-05,20:30:11,255916599,RANA,Rosario
2026-09-05,20:30:11,352004948,OBE UNITY,Rosario
2026-09-05,20:30:11,636023897,,Rosario
2026-09-05,20:30:11,636023426,TOUBKAL PARK,Rosario
2026-09-05,20:30:11,352006388,NORSE BORNHOLM,Rosario
2026-09-05,20:30:11,352006096,PALEXPO,Rosario
2026-09-05,20:30:11,538008276,PORT IMABARI,Rosario
2026-09-05,20:30:11,538012594,KAPETANIOS,Rosario
2026-09-05,20:30:11,538008779,LIVADI,Rosario
2026-09-05,20:30:11,538009801,HELIOS,Rosario
2026-09-05,20:30:11,755991013,,Rosario
2026-09-05,20:30:11,701006245,SAN JOSE V,Rosario
2026-09-05,20:30:11,563163900,ANNA SCHULTE,Rosario
2026-09-05,20:30:11,355174000,APOGEE SPIRIT,Rosario
2026-09-05,20:30:11,538008936,SOUND YOUNG,Rosario
2026-09-05,20:30:11,636015971,STOLT ZULU,Rosario
2026-09-05,20:30:11,755088000,DECATUR LADY,Rosario
2026-09-05,20:30:11,701006856,,Rosario
2026-09-05,20:30:11,701006297,ANTONIO MARIA FERRO,Rosario
2026-09-05,20:30:11,564751000,MTM NEW YORK,Rosario
2026-09-05,20:30:11,701006899,DON BASILIO,Rosario
2026-09-05,20:30:11,563151400,FRANCESCO,Rosario
2026-09-05,20:30:11,701006926,FAVORITO SAN ANTONIO,Rosario
2026-09-05,20:30:11,701006396,VB RECOLETA,Rosario
2026-09-05,20:30:11,241624000,LEGEND,Rosario
2026-09-05,20:30:11,701001404,GUAZU PUCU,Rosario
2026-09-05,20:30:11,253608000,,DelGuazu
2026-09-05,20:30:11,357232000,YOZAN,DelGuazu
2026-09-05,20:30:11,352004819,CL KIWAMI,DelGuazu
2026-09-05,20:30:11,538010532,DEANA,DelGuazu
2026-09-05,20:30:11,253454000,TACCOLA,DelGuazu
2026-09-05,20:30:11,253454000,,Braga
2026-09-05,20:30:11,357232000,,Braga
2026-09-05,20:30:11,755002941,HERKULES IV,BellaVista
2026-09-05,20:30:11,701006638,CAROLINA,BellaVista
2026-09-05,20:30:11,755004073,MBIGUA\,BellaVista
2026-09-05,20:30:11,755045000,BRUTUS H,BellaVista
2026-09-05,20:30:11,755048000,ITAPUA I,BellaVista
2026-09-05,20:30:11,755170000,DONA MARGIE,BellaVista
2026-09-05,20:30:11,887210413,LANCH IB ENCARNACION,BellaVista
2026-09-05,20:30:11,755004318,NAUTIC TWIN,BellaVista
2026-09-05,20:30:11,755022000,R/E CAVALIER XI,BellaVista
2026-09-05,20:30:11,701001056,ENRICO H,BellaVista
2026-09-05,20:30:11,755707081,IB ENCARNACION,BellaVista
2026-09-05,20:30:11,755201114,AGUILUCHO,BellaVista
2026-09-05,20:40:10,255915742,,SanLorenzo
2026-09-05,20:40:10,477932500,ROSCO BANYAN,SanLorenzo
2026-09-05,20:40:10,563169800,RUBY,SanLorenzo
2026-09-05,20:40:10,701503000,GC77 GFO SAN MATIAS,SanLorenzo
2026-09-05,20:40:10,538006458,ODYSSEUS N,SanLorenzo
2026-09-05,20:40:10,636015600,F. F GLORY,SanLorenzo
2026-09-05,20:40:10,477754600,,SanLorenzo
2026-09-05,20:40:10,257897000,BOW FIRDA,SanLorenzo
2026-09-05,20:40:10,538004481,AGIA PARASKEVI,SanLorenzo
2026-09-05,20:40:10,538006504,DANK SILVER,SanLorenzo
2026-09-05,20:40:10,314952000,DSM HARBOUR,SanLorenzo
2026-09-05,20:40:10,636024698,MC CALYPSO,SanLorenzo
2026-09-05,20:40:10,538010750,TOKYO SPIRIT,SanLorenzo
2026-09-05,20:40:10,636093258,EMMA JANNEKE,SanLorenzo
2026-09-05,20:40:10,256685000,RODINA,SanLorenzo
2026-09-05,20:40:10,311000195,CS SARAFINA,SanLorenzo
2026-09-05,20:40:10,636024043,TG CRAB,SanLorenzo
2026-09-05,20:40:10,563234800,IVS DUNES,SanLorenzo
2026-09-05,20:40:10,755085000,DON MAURICIO G,SanLorenzo
2026-09-05,20:40:10,538090690,LEONARDO,SanLorenzo
2026-09-05,20:40:10,255916599,RANA,SanLorenzo
2026-09-05,20:40:10,241624000,LEGEND,SanLorenzo
2026-09-05,20:40:10,352004948,OBE UNITY,SanLorenzo
2026-09-05,20:40:10,755002724,SANTA MARIA,SanLorenzo
2026-09-05,20:40:10,636023426,TOUBKAL PARK,SanLorenzo
2026-09-05,20:40:10,352006388,NORSE BORNHOLM,SanLorenzo
2026-09-05,20:40:10,352006096,PALEXPO,SanLorenzo
2026-09-05,20:40:10,538012594,KAPETANIOS,SanLorenzo
2026-09-05,20:40:10,538008779,LIVADI,SanLorenzo
2026-09-05,20:40:10,701006673,NAPOLEON,SanLorenzo
2026-09-05,20:40:10,538009801,HELIOS,SanLorenzo
2026-09-05,20:40:10,710000019,HERACLITO FILHO,SanLorenzo
2026-09-05,20:40:10,563163900,ANNA SCHULTE,SanLorenzo
2026-09-05,20:40:10,355174000,APOGEE SPIRIT,SanLorenzo
2026-09-05,20:40:10,887210340,LANCHA CANTAGALO,SanLorenzo
2026-09-05,20:40:10,538008936,SOUND YOUNG,SanLorenzo
2026-09-05,20:40:10,701006858,CUECA,SanLorenzo
2026-09-05,20:40:10,7010004,,SanLorenzo
2026-09-05,20:40:10,701006396,VB RECOLETA,SanLorenzo
2026-09-05,20:40:10,636015971,STOLT ZULU,SanLorenzo
2026-09-05,20:40:10,755177000,CABALLERO BLANCO.,SanLorenzo
2026-09-05,20:40:10,720035000,CANTAGALLO,SanLorenzo
2026-09-05,20:40:10,755088000,DECATUR LADY,SanLorenzo
2026-09-05,20:40:10,755991013,PUMA,SanLorenzo
2026-09-05,20:40:10,701006245,SAN JOSE V,SanLorenzo
2026-09-05,20:40:10,701006297,ANTONIO MARIA FERRO,SanLorenzo
2026-09-05,20:40:10,701006899,DON BASILIO,SanLorenzo
2026-09-05,20:40:10,564751000,MTM NEW YORK,SanLorenzo
2026-09-05,20:40:10,755032000,RUBEN H,SanLorenzo
2026-09-05,20:40:10,701001307,MAX DREAM,SanLorenzo
2026-09-05,20:40:10,701006926,FAVORITO SAN ANTONIO,SanLorenzo
2026-09-05,20:40:10,563033900,TORM SUPREME,SanLorenzo
2026-09-05,20:40:10,701001404,GUAZU PUCU,SanLorenzo
2026-09-05,20:40:10,701001057,VALENTINA H,SanLorenzo
2026-09-05,20:40:10,701006966,TIGRE,SanLorenzo
2026-09-05,20:40:10,351011000,OCEAN CROWN,SanLorenzo
2026-09-05,20:40:10,755001797,PARAPITI.,SanLorenzo
2026-09-05,20:40:10,755703668,URUTAU,SanLorenzo
2026-09-05,20:40:10,701006443,MAYU,SanLorenzo
2026-09-05,20:40:10,755134000,LADOCE H,SanLorenzo
2026-09-05,20:40:10,755000020,AGUARA,SanLorenzo
2026-09-05,20:40:10,563151400,FRANCESCO,SanLorenzo
2026-09-05,20:40:10,636023897,,Rosario
2026-09-05,20:40:10,755001797,,Rosario
2026-09-05,20:40:10,477932500,ROSCO BANYAN,Rosario
2026-09-05,20:40:10,701503000,GC77 GFO SAN MATIAS,Rosario
2026-09-05,20:40:10,538006458,ODYSSEUS N,Rosario
2026-09-05,20:40:10,477754600,MAERSK VENEZIA,Rosario
2026-09-05,20:40:10,257897000,BOW FIRDA,Rosario
2026-09-05,20:40:10,538006504,DANK SILVER,Rosario
2026-09-05,20:40:10,314952000,DSM HARBOUR,Rosario
2026-09-05,20:40:10,636024698,MC CALYPSO,Rosario
2026-09-05,20:40:10,538010750,TOKYO SPIRIT,Rosario
2026-09-05,20:40:10,256685000,RODINA,Rosario
2026-09-05,20:40:10,311000195,CS SARAFINA,Rosario
2026-09-05,20:40:10,352001142,GLORY FIRST,Rosario
2026-09-05,20:40:10,351011000,OCEAN CROWN,Rosario
2026-09-05,20:40:10,636024043,TG CRAB,Rosario
2026-09-05,20:40:10,311001602,SAGA ANDORINHA,Rosario
2026-09-05,20:40:10,755085000,DON MAURICIO G,Rosario
2026-09-05,20:40:10,755991013,,Rosario
2026-09-05,20:40:10,701001307,,Rosario
2026-09-05,20:40:10,255916599,RANA,Rosario
2026-09-05,20:40:10,538090690,LEONARDO,Rosario
2026-09-05,20:40:10,352004948,OBE UNITY,Rosario
2026-09-05,20:40:10,241624000,LEGEND,Rosario
2026-09-05,20:40:10,636023426,TOUBKAL PARK,Rosario
2026-09-05,20:40:10,352006388,NORSE BORNHOLM,Rosario
2026-09-05,20:40:10,352006096,PALEXPO,Rosario
2026-09-05,20:40:10,538008276,PORT IMABARI,Rosario
2026-09-05,20:40:10,563319600,,Rosario
2026-09-05,20:40:10,538012594,KAPETANIOS,Rosario
2026-09-05,20:40:10,538008779,LIVADI,Rosario
2026-09-05,20:40:10,538009801,HELIOS,Rosario
2026-09-05,20:40:10,563163900,ANNA SCHULTE,Rosario
2026-09-05,20:40:10,355174000,APOGEE SPIRIT,Rosario
2026-09-05,20:40:10,538008936,SOUND YOUNG,Rosario
2026-09-05,20:40:10,563054100,MTM BIG APPLE,Rosario
2026-09-05,20:40:10,701006856,,Rosario
2026-09-05,20:40:10,701006858,CUECA,Rosario
2026-09-05,20:40:10,7010004,,Rosario
2026-09-05,20:40:10,701006396,VB RECOLETA,Rosario
2026-09-05,20:40:10,636015971,STOLT ZULU,Rosario
2026-09-05,20:40:10,755088000,DECATUR LADY,Rosario
2026-09-05,20:40:10,701006245,SAN JOSE V,Rosario
2026-09-05,20:40:10,701006297,ANTONIO MARIA FERRO,Rosario
2026-09-05,20:40:10,701006899,DON BASILIO,Rosario
2026-09-05,20:40:10,564751000,MTM NEW YORK,Rosario
2026-09-05,20:40:10,701006926,FAVORITO SAN ANTONIO,Rosario
2026-09-05,20:40:10,563151400,FRANCESCO,Rosario
2026-09-05,20:40:10,701001404,GUAZU PUCU,Rosario
2026-09-05,20:40:10,357232000,YOZAN,DelGuazu
2026-09-05,20:40:10,538010532,DEANA,DelGuazu
2026-09-05,20:40:10,253608000,,DelGuazu
2026-09-05,20:40:10,352004819,CL KIWAMI,DelGuazu
2026-09-05,20:40:10,253454000,TACCOLA,DelGuazu
2026-09-05,20:40:10,887210186,,BellaVista
2026-09-05,20:40:10,701006638,CAROLINA,BellaVista
2026-09-05,20:40:10,755002941,HERKULES IV,BellaVista
2026-09-05,20:40:10,755045000,BRUTUS H,BellaVista
2026-09-05,20:40:10,755004073,MBIGUA\,BellaVista
2026-09-05,20:40:10,755022000,R/E CAVALIER XI,BellaVista
2026-09-05,20:40:10,755170000,DONA MARGIE,BellaVista
2026-09-05,20:40:10,887210413,LANCH IB ENCARNACION,BellaVista
2026-09-05,20:40:10,755004318,NAUTIC TWIN,BellaVista
2026-09-05,20:40:10,701001056,ENRICO H,BellaVista
2026-09-05,20:40:10,755707081,IB ENCARNACION,BellaVista
2026-09-05,20:40:10,701583000,,BellaVista
2026-09-05,20:40:10,755040000,ALTO PARANA,BellaVista
2026-09-05,20:40:10,755201114,AGUILUCHO,BellaVista
2026-09-05,20:50:09,255915742,,SanLorenzo
2026-09-05,20:50:09,755002724,SANTA MARIA,SanLorenzo
2026-09-05,20:50:09,538008276,,SanLorenzo
2026-09-05,20:50:09,563169800,RUBY,SanLorenzo
2026-09-05,20:50:09,701503000,GC77 GFO SAN MATIAS,SanLorenzo
2026-09-05,20:50:09,477754600,MAERSK VENEZIA,SanLorenzo
2026-09-05,20:50:09,538006458,ODYSSEUS N,SanLorenzo
2026-09-05,20:50:09,636015600,F. F GLORY,SanLorenzo
2026-09-05,20:50:09,257897000,BOW FIRDA,SanLorenzo
2026-09-05,20:50:09,538006504,DANK SILVER,SanLorenzo
2026-09-05,20:50:09,538004481,AGIA PARASKEVI,SanLorenzo
2026-09-05,20:50:09,538010750,TOKYO SPIRIT,SanLorenzo
2026-09-05,20:50:09,314952000,DSM HARBOUR,SanLorenzo
2026-09-05,20:50:09,636024698,MC CALYPSO,SanLorenzo
2026-09-05,20:50:09,636093258,EMMA JANNEKE,SanLorenzo
2026-09-05,20:50:09,256685000,RODINA,SanLorenzo
2026-09-05,20:50:09,311000195,CS SARAFINA,SanLorenzo
2026-09-05,20:50:09,311001602,,SanLorenzo
2026-09-05,20:50:09,636024043,TG CRAB,SanLorenzo
2026-09-05,20:50:09,563151400,FRANCESCO,SanLorenzo
2026-09-05,20:50:09,563234800,IVS DUNES,SanLorenzo
2026-09-05,20:50:09,538004184,BLACK PEARL,SanLorenzo
2026-09-05,20:50:09,755085000,DON MAURICIO G,SanLorenzo
2026-09-05,20:50:09,7010004,,SanLorenzo
2026-09-05,20:50:09,538090690,LEONARDO,SanLorenzo
2026-09-05,20:50:09,255916599,RANA,SanLorenzo
2026-09-05,20:50:09,241624000,LEGEND,SanLorenzo
2026-09-05,20:50:09,352004948,OBE UNITY,SanLorenzo
2026-09-05,20:50:09,477932500,ROSCO BANYAN,SanLorenzo
2026-09-05,20:50:09,352006388,NORSE BORNHOLM,SanLorenzo
2026-09-05,20:50:09,701006858,CUECA,SanLorenzo
2026-09-05,20:50:09,352006096,PALEXPO,SanLorenzo
2026-09-05,20:50:09,710000019,HERACLITO FILHO,SanLorenzo
2026-09-05,20:50:09,636023426,TOUBKAL PARK,SanLorenzo
2026-09-05,20:50:09,563319600,,SanLorenzo
2026-09-05,20:50:09,351011000,OCEAN CROWN,SanLorenzo
2026-09-05,20:50:09,538012594,KAPETANIOS,SanLorenzo
2026-09-05,20:50:09,538008779,LIVADI,SanLorenzo
2026-09-05,20:50:09,701006673,NAPOLEON,SanLorenzo
2026-09-05,20:50:09,538009801,HELIOS,SanLorenzo
2026-09-05,20:50:09,563163900,ANNA SCHULTE,SanLorenzo
2026-09-05,20:50:09,887210340,LANCHA CANTAGALO,SanLorenzo
2026-09-05,20:50:09,355174000,APOGEE SPIRIT,SanLorenzo
2026-09-05,20:50:09,538008936,SOUND YOUNG,SanLorenzo
2026-09-05,20:50:09,701006443,MAYU,SanLorenzo
2026-09-05,20:50:09,701006740,GUILLERMO C,SanLorenzo
2026-09-05,20:50:09,720035000,CANTAGALLO,SanLorenzo
2026-09-05,20:50:09,636015971,STOLT ZULU,SanLorenzo
2026-09-05,20:50:09,701006245,SAN JOSE V,SanLorenzo
2026-09-05,20:50:09,755088000,DECATUR LADY,SanLorenzo
2026-09-05,20:50:09,755177000,CABALLERO BLANCO.,SanLorenzo
2026-09-05,20:50:09,701006297,ANTONIO MARIA FERRO,SanLorenzo
2026-09-05,20:50:09,755991013,PUMA,SanLorenzo
2026-09-05,20:50:09,701006899,DON BASILIO,SanLorenzo
2026-09-05,20:50:09,701001307,MAX DREAM,SanLorenzo
2026-09-05,20:50:09,564751000,MTM NEW YORK,SanLorenzo
2026-09-05,20:50:09,755032000,RUBEN H,SanLorenzo
2026-09-05,20:50:09,701006926,FAVORITO SAN ANTONIO,SanLorenzo
2026-09-05,20:50:09,563033900,TORM SUPREME,SanLorenzo
2026-09-05,20:50:09,701006396,VB RECOLETA,SanLorenzo
2026-09-05,20:50:09,701001057,VALENTINA H,SanLorenzo
2026-09-05,20:50:09,701001404,GUAZU PUCU,SanLorenzo
2026-09-05,20:50:09,701006966,TIGRE,SanLorenzo
2026-09-05,20:50:09,755001797,PARAPITI.,SanLorenzo
2026-09-05,20:50:09,755703668,URUTAU,SanLorenzo
2026-09-05,20:50:09,755134000,LADOCE H,SanLorenzo
2026-09-05,20:50:09,755000020,AGUARA,SanLorenzo
2026-09-05,20:50:09,563319600,CUTLASS GALAXY,Rosario
2026-09-05,20:50:09,352004948,OBE UNITY,Rosario
2026-09-05,20:50:09,538008779,LIVADI,Rosario
2026-09-05,20:50:09,701503000,GC77 GFO SAN MATIAS,Rosario
2026-09-05,20:50:09,755991013,,Rosario
2026-09-05,20:50:09,477754600,MAERSK VENEZIA,Rosario
2026-09-05,20:50:09,538006458,ODYSSEUS N,Rosario
2026-09-05,20:50:09,257897000,BOW FIRDA,Rosario
2026-09-05,20:50:09,538006504,DANK SILVER,Rosario
2026-09-05,20:50:09,538010750,TOKYO SPIRIT,Rosario
2026-09-05,20:50:09,314952000,DSM HARBOUR,Rosario
2026-09-05,20:50:09,636024698,MC CALYPSO,Rosario
2026-09-05,20:50:09,256685000,RODINA,Rosario
2026-09-05,20:50:09,311000195,CS SARAFINA,Rosario
2026-09-05,20:50:09,352001142,GLORY FIRST,Rosario
2026-09-05,20:50:09,311001602,SAGA ANDORINHA,Rosario
2026-09-05,20:50:09,636024043,TG CRAB,Rosario
2026-09-05,20:50:09,563151400,FRANCESCO,Rosario
2026-09-05,20:50:09,538004184,BLACK PEARL,Rosario
2026-09-05,20:50:09,755085000,DON MAURICIO G,Rosario
2026-09-05,20:50:09,7010004,,Rosario
2026-09-05,20:50:09,351011000,OCEAN CROWN,Rosario
2026-09-05,20:50:09,538090690,LEONARDO,Rosario
2026-09-05,20:50:09,255916599,RANA,Rosario
2026-09-05,20:50:09,241624000,LEGEND,Rosario
2026-09-05,20:50:09,352006388,NORSE BORNHOLM,Rosario
2026-09-05,20:50:09,636023426,TOUBKAL PARK,Rosario
2026-09-05,20:50:09,352006096,PALEXPO,Rosario
2026-09-05,20:50:09,538008276,PORT IMABARI,Rosario
2026-09-05,20:50:09,701006396,VB RECOLETA,Rosario
2026-09-05,20:50:09,755001797,,Rosario
2026-09-05,20:50:09,538012594,KAPETANIOS,Rosario
2026-09-05,20:50:09,701006673,NAPOLEON,Rosario
2026-09-05,20:50:09,563163900,ANNA SCHULTE,Rosario
2026-09-05,20:50:09,355174000,APOGEE SPIRIT,Rosario
2026-09-05,20:50:09,538008936,SOUND YOUNG,Rosario
2026-09-05,20:50:09,701006858,CUECA,Rosario
2026-09-05,20:50:09,563054100,MTM BIG APPLE,Rosario
2026-09-05,20:50:09,636015971,STOLT ZULU,Rosario
2026-09-05,20:50:09,701006856,,Rosario
2026-09-05,20:50:09,701006245,SAN JOSE V,Rosario
2026-09-05,20:50:09,755088000,DECATUR LADY,Rosario
2026-09-05,20:50:09,701006297,ANTONIO MARIA FERRO,Rosario
2026-09-05,20:50:09,701006899,DON BASILIO,Rosario
2026-09-05,20:50:09,701001307,,Rosario
2026-09-05,20:50:09,564751000,MTM NEW YORK,Rosario
2026-09-05,20:50:09,636023897,,Rosario
2026-09-05,20:50:09,701006926,FAVORITO SAN ANTONIO,Rosario
2026-09-05,20:50:09,701001404,GUAZU PUCU,Rosario
2026-09-05,20:50:09,755000020,AGUARA,Rosario
2026-09-05,20:50:09,477932500,ROSCO BANYAN,Rosario
2026-09-05,20:50:09,253608000,,DelGuazu
2026-09-05,20:50:09,357232000,YOZAN,DelGuazu
2026-09-05,20:50:09,538010532,DEANA,DelGuazu
2026-09-05,20:50:09,352004819,CL KIWAMI,DelGuazu
2026-09-05,20:50:09,253454000,TACCOLA,DelGuazu
2026-09-05,20:50:09,755084000,,BellaVista
2026-09-05,20:50:09,701001459,,BellaVista
2026-09-05,20:50:09,755004073,MBIGUA\,BellaVista
2026-09-05,20:50:09,755004318,NAUTIC TWIN,BellaVista
2026-09-05,20:50:09,755022000,R/E CAVALIER XI,BellaVista
2026-09-05,20:50:09,755002941,HERKULES IV,BellaVista
2026-09-05,20:50:09,755170000,DONA MARGIE,BellaVista
2026-09-05,20:50:09,701001056,ENRICO H,BellaVista
2026-09-05,20:50:09,887210413,LANCH IB ENCARNACION,BellaVista
2026-09-05,20:50:09,755707081,IB ENCARNACION,BellaVista
2026-09-05,20:50:09,755040000,ALTO PARANA,BellaVista
2026-09-05,21:00:16,701006283,,SanLorenzo
2026-09-05,21:00:16,701006673,NAPOLEON,SanLorenzo
2026-09-05,21:00:16,563169800,RUBY,SanLorenzo
2026-09-05,21:00:16,701503000,GC77 GFO SAN MATIAS,SanLorenzo
2026-09-05,21:00:16,563151400,FRANCESCO,SanLorenzo
2026-09-05,21:00:16,538006458,ODYSSEUS N,SanLorenzo
2026-09-05,21:00:16,477754600,MAERSK VENEZIA,SanLorenzo
2026-09-05,21:00:16,257897000,BOW FIRDA,SanLorenzo
2026-09-05,21:00:16,538006504,DANK SILVER,SanLorenzo
2026-09-05,21:00:16,538004481,AGIA PARASKEVI,SanLorenzo
2026-09-05,21:00:16,636024698,MC CALYPSO,SanLorenzo
2026-09-05,21:00:16,538010750,TOKYO SPIRIT,SanLorenzo
2026-09-05,21:00:16,311000195,CS SARAFINA,SanLorenzo
2026-09-05,21:00:16,314952000,DSM HARBOUR,SanLorenzo
2026-09-05,21:00:16,636093258,EMMA JANNEKE,SanLorenzo
2026-09-05,21:00:16,256685000,RODINA,SanLorenzo
2026-09-05,21:00:16,636024043,TG CRAB,SanLorenzo
2026-09-05,21:00:16,563234800,IVS DUNES,SanLorenzo
2026-09-05,21:00:16,701006858,CUECA,SanLorenzo
2026-09-05,21:00:16,7010004,,SanLorenzo
2026-09-05,21:00:16,351011000,OCEAN CROWN,SanLorenzo
2026-09-05,21:00:16,538090690,LEONARDO,SanLorenzo
2026-09-05,21:00:16,255916599,RANA,SanLorenzo
2026-09-05,21:00:16,241624000,LEGEND,SanLorenzo
2026-09-05,21:00:16,352004948,OBE UNITY,SanLorenzo
2026-09-05,21:00:16,352006388,NORSE BORNHOLM,SanLorenzo
2026-09-05,21:00:16,477932500,ROSCO BANYAN,SanLorenzo
2026-09-05,21:00:16,636023426,TOUBKAL PARK,SanLorenzo
2026-09-05,21:00:16,352006096,PALEXPO,SanLorenzo
2026-09-05,21:00:16,563319600,,SanLorenzo
2026-09-05,21:00:16,538012594,KAPETANIOS,SanLorenzo
2026-09-05,21:00:16,538008779,LIVADI,SanLorenzo
2026-09-05,21:00:16,538009801,HELIOS,SanLorenzo
2026-09-05,21:00:16,563163900,ANNA SCHULTE,SanLorenzo
2026-09-05,21:00:16,355174000,APOGEE SPIRIT,SanLorenzo
2026-09-05,21:00:16,538008936,SOUND YOUNG,SanLorenzo
2026-09-05,21:00:16,564751000,MTM NEW YORK,SanLorenzo
2026-09-05,21:00:16,710000019,HERACLITO FILHO,SanLorenzo
2026-09-05,21:00:16,887210340,LANCHA CANTAGALO,SanLorenzo
2026-09-05,21:00:16,755032000,RUBEN H,SanLorenzo
2026-09-05,21:00:16,701006443,MAYU,SanLorenzo
2026-09-05,21:00:16,755088000,DECATUR LADY,SanLorenzo
2026-09-05,21:00:16,636015971,STOLT ZULU,SanLorenzo
2026-09-05,21:00:16,755177000,CABALLERO BLANCO.,SanLorenzo
2026-09-05,21:00:16,720035000,CANTAGALLO,SanLorenzo
2026-09-05,21:00:16,755991013,PUMA,SanLorenzo
2026-09-05,21:00:16,701006245,SAN JOSE V,SanLorenzo
2026-09-05,21:00:16,701006297,ANTONIO MARIA FERRO,SanLorenzo
2026-09-05,21:00:16,701006899,DON BASILIO,SanLorenzo
2026-09-05,21:00:16,701006926,FAVORITO SAN ANTONIO,SanLorenzo
2026-09-05,21:00:16,701001404,GUAZU PUCU,SanLorenzo
2026-09-05,21:00:16,701001057,VALENTINA H,SanLorenzo
2026-09-05,21:00:16,636015600,F. F GLORY,SanLorenzo
2026-09-05,21:00:16,701006396,VB RECOLETA,SanLorenzo
2026-09-05,21:00:16,755085000,DON MAURICIO G,SanLorenzo
2026-09-05,21:00:16,563033900,TORM SUPREME,SanLorenzo
2026-09-05,21:00:16,701006966,TIGRE,SanLorenzo
2026-09-05,21:00:16,755703668,URUTAU,SanLorenzo
2026-09-05,21:00:16,755001797,PARAPITI.,SanLorenzo
2026-09-05,21:00:16,755000020,AGUARA,SanLorenzo
2026-09-05,21:00:16,755134000,LADOCE H,SanLorenzo
2026-09-05,21:00:16,701001307,,Rosario
2026-09-05,21:00:16,636024698,MC CALYPSO,Rosario
2026-09-05,21:00:16,311001602,SAGA ANDORINHA,Rosario
2026-09-05,21:00:16,755001797,,Rosario
2026-09-05,21:00:16,755032000,,Rosario
2026-09-05,21:00:16,755991013,,Rosario
2026-09-05,21:00:16,701503000,GC77 GFO SAN MATIAS,Rosario
2026-09-05,21:00:16,563151400,FRANCESCO,Rosario
2026-09-05,21:00:16,538006458,ODYSSEUS N,Rosario
2026-09-05,21:00:16,477754600,MAERSK VENEZIA,Rosario
2026-09-05,21:00:16,257897000,BOW FIRDA,Rosario
2026-09-05,21:00:16,538006504,DANK SILVER,Rosario
2026-09-05,21:00:16,314952000,DSM HARBOUR,Rosario
2026-09-05,21:00:16,538010750,TOKYO SPIRIT,Rosario
2026-09-05,21:00:16,311000195,CS SARAFINA,Rosario
2026-09-05,21:00:16,256685000,RODINA,Rosario
2026-09-05,21:00:16,352001142,GLORY FIRST,Rosario
2026-09-05,21:00:16,701006858,CUECA,Rosario
2026-09-05,21:00:16,636024043,TG CRAB,Rosario
2026-09-05,21:00:16,7010004,,Rosario
2026-09-05,21:00:16,538090690,LEONARDO,Rosario
2026-09-05,21:00:16,255916599,RANA,Rosario
2026-09-05,21:00:16,564751000,MTM NEW YORK,Rosario
2026-09-05,21:00:16,352004948,OBE UNITY,Rosario
2026-09-05,21:00:16,241624000,LEGEND,Rosario
2026-09-05,21:00:16,352006388,NORSE BORNHOLM,Rosario
2026-09-05,21:00:16,636023426,TOUBKAL PARK,Rosario
2026-09-05,21:00:16,477932500,ROSCO BANYAN,Rosario
2026-09-05,21:00:16,352006096,PALEXPO,Rosario
2026-09-05,21:00:16,538008276,PORT IMABARI,Rosario
2026-09-05,21:00:16,538012594,KAPETANIOS,Rosario
2026-09-05,21:00:16,538008779,LIVADI,Rosario
2026-09-05,21:00:16,701006673,NAPOLEON,Rosario
2026-09-05,21:00:16,538009801,,Rosario
2026-09-05,21:00:16,563163900,ANNA SCHULTE,Rosario
2026-09-05,21:00:16,355174000,APOGEE SPIRIT,Rosario
2026-09-05,21:00:16,538008936,SOUND YOUNG,Rosario
2026-09-05,21:00:16,563054100,MTM BIG APPLE,Rosario
2026-09-05,21:00:16,755088000,DECATUR LADY,Rosario
2026-09-05,21:00:16,636015971,STOLT ZULU,Rosario
2026-09-05,21:00:16,701006856,PILCOMAYO,Rosario
2026-09-05,21:00:16,701006245,SAN JOSE V,Rosario
2026-09-05,21:00:16,701006297,ANTONIO MARIA FERRO,Rosario
2026-09-05,21:00:16,701006899,DON BASILIO,Rosario
2026-09-05,21:00:16,701006926,FAVORITO SAN ANTONIO,Rosario
2026-09-05,21:00:16,701001404,GUAZU PUCU,Rosario
2026-09-05,21:00:16,755085000,DON MAURICIO G,Rosario
2026-09-05,21:00:16,701006396,VB RECOLETA,Rosario
2026-09-05,21:00:16,755000020,AGUARA,Rosario
2026-09-05,21:00:16,253454000,TACCOLA,DelGuazu
2026-09-05,21:00:16,357232000,YOZAN,DelGuazu
2026-09-05,21:00:16,538010532,DEANA,DelGuazu
2026-09-05,21:00:16,636024379,STAR WESTPORT,DelGuazu
2026-09-05,21:00:16,352004819,CL KIWAMI,DelGuazu
2026-09-05,21:00:16,253608000,,DelGuazu
2026-09-05,21:00:16,538010532,,Braga
2026-09-05,21:00:16,352004819,,Braga
2026-09-05,21:00:16,357232000,,Braga
2026-09-05,21:00:16,701001459,,BellaVista
2026-09-05,21:00:16,887210186,,BellaVista
2026-09-05,21:00:16,701001056,ENRICO H,BellaVista
2026-09-05,21:00:16,755002941,HERKULES IV,BellaVista
2026-09-05,21:00:16,755040000,ALTO PARANA,BellaVista
2026-09-05,21:00:16,755045000,BRUTUS H,BellaVista
2026-09-05,21:00:16,755022000,R/E CAVALIER XI,BellaVista
2026-09-05,21:00:16,755004318,NAUTIC TWIN,BellaVista
2026-09-05,21:00:16,755201114,AGUILUCHO,BellaVista
2026-09-05,21:00:16,701583000,GC70 RI0 DE LA PLATA,BellaVista
2026-09-05,21:10:09,701006858,CUECA,SanLorenzo
2026-09-05,21:10:09,255915742,BOCHEM CASABLANCA,SanLorenzo
2026-09-05,21:10:09,477932500,ROSCO BANYAN,SanLorenzo
2026-09-05,21:10:09,701503000,GC77 GFO SAN MATIAS,SanLorenzo
2026-09-05,21:10:09,563169800,RUBY,SanLorenzo
2026-09-05,21:10:09,563151400,FRANCESCO,SanLorenzo
2026-09-05,21:10:09,538006458,ODYSSEUS N,SanLorenzo
2026-09-05,21:10:09,477754600,MAERSK VENEZIA,SanLorenzo
2026-09-05,21:10:09,257897000,BOW FIRDA,SanLorenzo
2026-09-05,21:10:09,538006504,DANK SILVER,SanLorenzo
2026-09-05,21:10:09,538004481,AGIA PARASKEVI,SanLorenzo
2026-09-05,21:10:09,636024698,MC CALYPSO,SanLorenzo
2026-09-05,21:10:09,538010750,TOKYO SPIRIT,SanLorenzo
2026-09-05,21:10:09,636093258,EMMA JANNEKE,SanLorenzo
2026-09-05,21:10:09,314952000,DSM HARBOUR,SanLorenzo
2026-09-05,21:10:09,311000195,CS SARAFINA,SanLorenzo
2026-09-05,21:10:09,256685000,RODINA,SanLorenzo
2026-09-05,21:10:09,564751000,MTM NEW YORK,SanLorenzo
2026-09-05,21:10:09,636024043,TG CRAB,SanLorenzo
2026-09-05,21:10:09,563234800,IVS DUNES,SanLorenzo
2026-09-05,21:10:09,351011000,OCEAN CROWN,SanLorenzo
2026-09-05,21:10:09,710000019,,SanLorenzo
2026-09-05,21:10:09,255916599,RANA,SanLorenzo
2026-09-05,21:10:09,538090690,LEONARDO,SanLorenzo
2026-09-05,21:10:09,352004948,OBE UNITY,SanLorenzo
2026-09-05,21:10:09,241624000,LEGEND,SanLorenzo
2026-09-05,21:10:09,352006388,NORSE BORNHOLM,SanLorenzo
2026-09-05,21:10:09,352006096,PALEXPO,SanLorenzo
2026-09-05,21:10:09,636023426,TOUBKAL PARK,SanLorenzo
2026-09-05,21:10:09,563319600,CUTLASS GALAXY,SanLorenzo
2026-09-05,21:10:09,538012594,KAPETANIOS,SanLorenzo
2026-09-05,21:10:09,538008779,LIVADI,SanLorenzo
2026-09-05,21:10:09,887210340,LANCHA CANTAGALO,SanLorenzo
2026-09-05,21:10:09,538009801,HELIOS,SanLorenzo
2026-09-05,21:10:09,563163900,ANNA SCHULTE,SanLorenzo
2026-09-05,21:10:09,355174000,APOGEE SPIRIT,SanLorenzo
2026-09-05,21:10:09,7010004,,SanLorenzo
2026-09-05,21:10:09,538008936,SOUND YOUNG,SanLorenzo
2026-09-05,21:10:09,701006966,TIGRE,SanLorenzo
2026-09-05,21:10:09,755088000,DECATUR LADY,SanLorenzo
2026-09-05,21:10:09,755991013,PUMA,SanLorenzo
2026-09-05,21:10:09,720035000,CANTAGALLO,SanLorenzo
2026-09-05,21:10:09,636015971,STOLT ZULU,SanLorenzo
2026-09-05,21:10:09,755177000,CABALLERO BLANCO.,SanLorenzo
2026-09-05,21:10:09,701006245,SAN JOSE V,SanLorenzo
2026-09-05,21:10:09,701006297,ANTONIO MARIA FERRO,SanLorenzo
2026-09-05,21:10:09,701006899,DON BASILIO,SanLorenzo
2026-09-05,21:10:09,755032000,RUBEN H,SanLorenzo
2026-09-05,21:10:09,701006926,FAVORITO SAN ANTONIO,SanLorenzo
2026-09-05,21:10:09,636023897,,SanLorenzo
2026-09-05,21:10:09,701001057,VALENTINA H,SanLorenzo
2026-09-05,21:10:09,701001404,GUAZU PUCU,SanLorenzo
2026-09-05,21:10:09,636015600,F. F GLORY,SanLorenzo
2026-09-05,21:10:09,755085000,DON MAURICIO G,SanLorenzo
2026-09-05,21:10:09,701006396,VB RECOLETA,SanLorenzo
2026-09-05,21:10:09,755703668,URUTAU,SanLorenzo
2026-09-05,21:10:09,755001797,PARAPITI.,SanLorenzo
2026-09-05,21:10:09,563033900,TORM SUPREME,SanLorenzo
2026-09-05,21:10:09,701006443,MAYU,SanLorenzo
2026-09-05,21:10:09,755134000,LADOCE H,SanLorenzo
2026-09-05,21:10:09,755000020,AGUARA,SanLorenzo
2026-09-05,21:10:09,701006858,CUECA,Rosario
2026-09-05,21:10:09,477932500,ROSCO BANYAN,Rosario
2026-09-05,21:10:09,701503000,GC77 GFO SAN MATIAS,Rosario
2026-09-05,21:10:09,563151400,FRANCESCO,Rosario
2026-09-05,21:10:09,538006458,ODYSSEUS N,Rosario
2026-09-05,21:10:09,477754600,MAERSK VENEZIA,Rosario
2026-09-05,21:10:09,257897000,BOW FIRDA,Rosario
2026-09-05,21:10:09,538006504,DANK SILVER,Rosario
2026-09-05,21:10:09,636024698,MC CALYPSO,Rosario
2026-09-05,21:10:09,314952000,DSM HARBOUR,Rosario
2026-09-05,21:10:09,538010750,TOKYO SPIRIT,Rosario
2026-09-05,21:10:09,311000195,CS SARAFINA,Rosario
2026-09-05,21:10:09,256685000,RODINA,Rosario
2026-09-05,21:10:09,352001142,GLORY FIRST,Rosario
2026-09-05,21:10:09,311001602,SAGA ANDORINHA,Rosario
2026-09-05,21:10:09,636024043,TG CRAB,Rosario
2026-09-05,21:10:09,755001797,,Rosario
2026-09-05,21:10:09,755991013,,Rosario
2026-09-05,21:10:09,255916599,RANA,Rosario
2026-09-05,21:10:09,538090690,LEONARDO,Rosario
2026-09-05,21:10:09,352004948,OBE UNITY,Rosario
2026-09-05,21:10:09,241624000,LEGEND,Rosario
2026-09-05,21:10:09,352006388,NORSE BORNHOLM,Rosario
2026-09-05,21:10:09,636023426,TOUBKAL PARK,Rosario
2026-09-05,21:10:09,352006096,PALEXPO,Rosario
2026-09-05,21:10:09,538008276,PORT IMABARI,Rosario
2026-09-05,21:10:09,538012594,KAPETANIOS,Rosario
2026-09-05,21:10:09,538008779,LIVADI,Rosario
2026-09-05,21:10:09,538009801,HELIOS,Rosario
2026-09-05,21:10:09,563163900,ANNA SCHULTE,Rosario
2026-09-05,21:10:09,755085000,DON MAURICIO G,Rosario
2026-09-05,21:10:09,355174000,APOGEE SPIRIT,Rosario
2026-09-05,21:10:09,755000020,AGUARA,Rosario
2026-09-05,21:10:09,7010004,,Rosario
2026-09-05,21:10:09,538008936,SOUND YOUNG,Rosario
2026-09-05,21:10:09,755088000,DECATUR LADY,Rosario
2026-09-05,21:10:09,701006245,SAN JOSE V,Rosario
2026-09-05,21:10:09,701006856,PILCOMAYO,Rosario
2026-09-05,21:10:09,636015971,STOLT ZULU,Rosario
2026-09-05,21:10:09,701006297,ANTONIO MARIA FERRO,Rosario
2026-09-05,21:10:09,701006899,DON BASILIO,Rosario
2026-09-05,21:10:09,564751000,MTM NEW YORK,Rosario
2026-09-05,21:10:09,701006926,FAVORITO SAN ANTONIO,Rosario
2026-09-05,21:10:09,636023897,ANNELIESE,Rosario
2026-09-05,21:10:09,701006396,VB RECOLETA,Rosario
2026-09-05,21:10:09,701001404,GUAZU PUCU,Rosario
2026-09-05,21:10:09,370751000,,DelGuazu
2026-09-05,21:10:09,357232000,YOZAN,DelGuazu
2026-09-05,21:10:09,253454000,TACCOLA,DelGuazu
2026-09-05,21:10:09,352004819,CL KIWAMI,DelGuazu
2026-09-05,21:10:09,636024379,STAR WESTPORT,DelGuazu
2026-09-05,21:10:09,538010532,DEANA,DelGuazu
2026-09-05,21:10:09,701001056,ENRICO H,BellaVista
2026-09-05,21:10:09,755022000,R/E CAVALIER XI,BellaVista
2026-09-05,21:10:09,755048000,ITAPUA I,BellaVista
2026-09-05,21:10:09,755707081,IB ENCARNACION,BellaVista
2026-09-05,21:10:09,701583000,GC70 RI0 DE LA PLATA,BellaVista
2026-09-05,21:10:09,755201114,AGUILUCHO,BellaVista
2026-09-05,21:10:09,755002941,HERKULES IV,BellaVista
2026-09-05,21:10:09,755045000,BRUTUS H,BellaVista
2026-09-05,21:10:09,755040000,ALTO PARANA,BellaVista
2026-09-05,21:10:09,755004073,MBIGUA\,BellaVista
2026-09-05,21:10:09,755004318,NAUTIC TWIN,BellaVista
2026-09-05,21:10:09,887210413,LANCH IB ENCARNACION,BellaVista
2026-09-05,21:20:09,564751000,MTM NEW YORK,SanLorenzo
2026-09-05,21:20:09,636023897,,SanLorenzo
2026-09-05,21:20:09,477932500,ROSCO BANYAN,SanLorenzo
2026-09-05,21:20:09,255915742,,SanLorenzo
2026-09-05,21:20:09,701503000,GC77 GFO SAN MATIAS,SanLorenzo
2026-09-05,21:20:09,563151400,FRANCESCO,SanLorenzo
2026-09-05,21:20:09,477754600,MAERSK VENEZIA,SanLorenzo
2026-09-05,21:20:09,538006458,ODYSSEUS N,SanLorenzo
2026-09-05,21:20:09,563169800,RUBY,SanLorenzo
2026-09-05,21:20:09,538006504,DANK SILVER,SanLorenzo
2026-09-05,21:20:09,257897000,BOW FIRDA,SanLorenzo
2026-09-05,21:20:09,538004481,AGIA PARASKEVI,SanLorenzo
2026-09-05,21:20:09,314952000,DSM HARBOUR,SanLorenzo
2026-09-05,21:20:09,538010750,TOKYO SPIRIT,SanLorenzo
2026-09-05,21:20:09,636024698,MC CALYPSO,SanLorenzo
2026-09-05,21:20:09,636093258,EMMA JANNEKE,SanLorenzo
2026-09-05,21:20:09,311000195,CS SARAFINA,SanLorenzo
2026-09-05,21:20:09,256685000,RODINA,SanLorenzo
2026-09-05,21:20:09,636024043,TG CRAB,SanLorenzo
2026-09-05,21:20:09,563234800,IVS DUNES,SanLorenzo
2026-09-05,21:20:09,351011000,OCEAN CROWN,SanLorenzo
2026-09-05,21:20:09,538090690,LEONARDO,SanLorenzo
2026-09-05,21:20:09,255916599,RANA,SanLorenzo
2026-09-05,21:20:09,241624000,LEGEND,SanLorenzo
2026-09-05,21:20:09,352004948,OBE UNITY,SanLorenzo
2026-09-05,21:20:09,352006388,NORSE BORNHOLM,SanLorenzo
2026-09-05,21:20:09,636023426,TOUBKAL PARK,SanLorenzo
2026-09-05,21:20:09,352006096,PALEXPO,SanLorenzo
2026-09-05,21:20:09,563054100,,SanLorenzo
2026-09-05,21:20:09,538008779,LIVADI,SanLorenzo
2026-09-05,21:20:09,538009801,HELIOS,SanLorenzo
2026-09-05,21:20:09,538012594,KAPETANIOS,SanLorenzo
2026-09-05,21:20:09,355174000,APOGEE SPIRIT,SanLorenzo
2026-09-05,21:20:09,563163900,ANNA SCHULTE,SanLorenzo
2026-09-05,21:20:09,7010004,,SanLorenzo
2026-09-05,21:20:09,538008936,SOUND YOUNG,SanLorenzo
2026-09-05,21:20:09,887210340,LANCHA CANTAGALO,SanLorenzo
2026-09-05,21:20:09,755991013,PUMA,SanLorenzo
2026-09-05,21:20:09,701006245,SAN JOSE V,SanLorenzo
2026-09-05,21:20:09,720035000,CANTAGALLO,SanLorenzo
2026-09-05,21:20:09,636015971,STOLT ZULU,SanLorenzo
2026-09-05,21:20:09,755088000,DECATUR LADY,SanLorenzo
2026-09-05,21:20:09,755177000,CABALLERO BLANCO.,SanLorenzo
2026-09-05,21:20:09,701006899,DON BASILIO,SanLorenzo
2026-09-05,21:20:09,701006297,ANTONIO MARIA FERRO,SanLorenzo
2026-09-05,21:20:09,755032000,RUBEN H,SanLorenzo
2026-09-05,21:20:09,701006926,FAVORITO SAN ANTONIO,SanLorenzo
2026-09-05,21:20:09,710000019,,SanLorenzo
2026-09-05,21:20:09,755085000,DON MAURICIO G,SanLorenzo
2026-09-05,21:20:09,701006396,VB RECOLETA,SanLorenzo
2026-09-05,21:20:09,701001404,GUAZU PUCU,SanLorenzo
2026-09-05,21:20:09,701001057,VALENTINA H,SanLorenzo
2026-09-05,21:20:09,701006966,TIGRE,SanLorenzo
2026-09-05,21:20:09,755001797,PARAPITI.,SanLorenzo
2026-09-05,21:20:09,755703668,URUTAU,SanLorenzo
2026-09-05,21:20:09,755000020,AGUARA,SanLorenzo
2026-09-05,21:20:09,636015600,F. F GLORY,SanLorenzo
2026-09-05,21:20:09,701006443,MAYU,SanLorenzo
2026-09-05,21:20:09,755134000,LADOCE H,SanLorenzo
2026-09-05,21:20:09,755032000,,Rosario
2026-09-05,21:20:09,755001797,,Rosario
2026-09-05,21:20:09,636024698,MC CALYPSO,Rosario
2026-09-05,21:20:09,755991013,,Rosario
2026-09-05,21:20:09,701006856,PILCOMAYO,Rosario
2026-09-05,21:20:09,352004948,OBE UNITY,Rosario
2026-09-05,21:20:09,477932500,ROSCO BANYAN,Rosario
2026-09-05,21:20:09,701503000,GC77 GFO SAN MATIAS,Rosario
2026-09-05,21:20:09,563151400,FRANCESCO,Rosario
2026-09-05,21:20:09,477754600,MAERSK VENEZIA,Rosario
2026-09-05,21:20:09,538006458,ODYSSEUS N,Rosario
2026-09-05,21:20:09,538006504,DANK SILVER,Rosario
2026-09-05,21:20:09,257897000,BOW FIRDA,Rosario
2026-09-05,21:20:09,314952000,DSM HARBOUR,Rosario
2026-09-05,21:20:09,538010750,TOKYO SPIRIT,Rosario
2026-09-05,21:20:09,311000195,CS SARAFINA,Rosario
2026-09-05,21:20:09,256685000,RODINA,Rosario
2026-09-05,21:20:09,352001142,GLORY FIRST,Rosario
2026-09-05,21:20:09,311001602,SAGA ANDORINHA,Rosario
2026-09-05,21:20:09,636024043,TG CRAB,Rosario
2026-09-05,21:20:09,538090690,LEONARDO,Rosario
2026-09-05,21:20:09,255916599,RANA,Rosario
2026-09-05,21:20:09,241624000,LEGEND,Rosario
2026-09-05,21:20:09,352006388,NORSE BORNHOLM,Rosario
2026-09-05,21:20:09,636023426,TOUBKAL PARK,Rosario
2026-09-05,21:20:09,352006096,PALEXPO,Rosario
2026-09-05,21:20:09,538008276,PORT IMABARI,Rosario
2026-09-05,21:20:09,701006245,SAN JOSE V,Rosario
2026-09-05,21:20:09,538008779,LIVADI,Rosario
2026-09-05,21:20:09,538009801,HELIOS,Rosario
2026-09-05,21:20:09,538012594,KAPETANIOS,Rosario
2026-09-05,21:20:09,563163900,ANNA SCHULTE,Rosario
2026-09-05,21:20:09,755085000,DON MAURICIO G,Rosario
2026-09-05,21:20:09,355174000,APOGEE SPIRIT,Rosario
2026-09-05,21:20:09,7010004,,Rosario
2026-09-05,21:20:09,538008936,SOUND YOUNG,Rosario
2026-09-05,21:20:09,563054100,MTM BIG APPLE,Rosario
2026-09-05,21:20:09,636015971,STOLT ZULU,Rosario
2026-09-05,21:20:09,755088000,DECATUR LADY,Rosario
2026-09-05,21:20:09,701006899,DON BASILIO,Rosario
2026-09-05,21:20:09,701006297,ANTONIO MARIA FERRO,Rosario
2026-09-05,21:20:09,636023897,ANNELIESE,Rosario
2026-09-05,21:20:09,564751000,MTM NEW YORK,Rosario
2026-09-05,21:20:09,701006926,FAVORITO SAN ANTONIO,Rosario
2026-09-05,21:20:09,701006396,VB RECOLETA,Rosario
2026-09-05,21:20:09,636015600,,Rosario
2026-09-05,21:20:09,755000020,AGUARA,Rosario
2026-09-05,21:20:09,701001404,GUAZU PUCU,Rosario
2026-09-05,21:20:09,253454000,TACCOLA,DelGuazu
2026-09-05,21:20:09,538010532,DEANA,DelGuazu
2026-09-05,21:20:09,352004819,CL KIWAMI,DelGuazu
2026-09-05,21:20:09,636024379,STAR WESTPORT,DelGuazu
2026-09-05,21:20:09,370751000,,DelGuazu
2026-09-05,21:20:09,887210186,,BellaVista
2026-09-05,21:20:09,755170000,DONA MARGIE,BellaVista
2026-09-05,21:20:09,701001056,ENRICO H,BellaVista
2026-09-05,21:20:09,755084000,,BellaVista
2026-09-05,21:20:09,755004318,NAUTIC TWIN,BellaVista
2026-09-05,21:20:09,755022000,R/E CAVALIER XI,BellaVista
2026-09-05,21:20:09,701583000,GC70 RI0 DE LA PLATA,BellaVista
2026-09-05,21:20:09,755201114,AGUILUCHO,BellaVista
2026-09-05,21:20:09,755002941,HERKULES IV,BellaVista
2026-09-05,21:20:09,755040000,ALTO PARANA,BellaVista
2026-09-05,21:20:09,755045000,BRUTUS H,BellaVista
2026-09-05,21:20:09,755048000,ITAPUA I,BellaVista
2026-09-05,21:30:10,701006899,DON BASILIO,SanLorenzo
2026-09-05,21:30:10,564751000,MTM NEW YORK,SanLorenzo
2026-09-05,21:30:10,477932500,ROSCO BANYAN,SanLorenzo
2026-09-05,21:30:10,563169800,RUBY,SanLorenzo
2026-09-05,21:30:10,701503000,GC77 GFO SAN MATIAS,SanLorenzo
2026-09-05,21:30:10,538006458,ODYSSEUS N,SanLorenzo
2026-09-05,21:30:10,563151400,FRANCESCO,SanLorenzo
2026-09-05,21:30:10,477754600,MAERSK VENEZIA,SanLorenzo
2026-09-05,21:30:10,257897000,BOW FIRDA,SanLorenzo
2026-09-05,21:30:10,538006504,DANK SILVER,SanLorenzo
2026-09-05,21:30:10,538004481,AGIA PARASKEVI,SanLorenzo
2026-09-05,21:30:10,636024698,MC CALYPSO,SanLorenzo
2026-09-05,21:30:10,636093258,EMMA JANNEKE,SanLorenzo
2026-09-05,21:30:10,538010750,TOKYO SPIRIT,SanLorenzo
2026-09-05,21:30:10,314952000,DSM HARBOUR,SanLorenzo
2026-09-05,21:30:10,311000195,CS SARAFINA,SanLorenzo
2026-09-05,21:30:10,256685000,RODINA,SanLorenzo
2026-09-05,21:30:10,636024043,TG CRAB,SanLorenzo
2026-09-05,21:30:10,563234800,IVS DUNES,SanLorenzo
2026-09-05,21:30:10,351011000,OCEAN CROWN,SanLorenzo
2026-09-05,21:30:10,538090690,LEONARDO,SanLorenzo
2026-09-05,21:30:10,255916599,RANA,SanLorenzo
2026-09-05,21:30:10,241624000,LEGEND,SanLorenzo
2026-09-05,21:30:10,352004948,OBE UNITY,SanLorenzo
2026-09-05,21:30:10,352006388,NORSE BORNHOLM,SanLorenzo
2026-09-05,21:30:10,636023426,TOUBKAL PARK,SanLorenzo
2026-09-05,21:30:10,352006096,PALEXPO,SanLorenzo
2026-09-05,21:30:10,701006966,TIGRE,SanLorenzo
2026-09-05,21:30:10,636023897,,SanLorenzo
2026-09-05,21:30:10,710000019,HERACLITO FILHO,SanLorenzo
2026-09-05,21:30:10,538012594,KAPETANIOS,SanLorenzo
2026-09-05,21:30:10,538008779,LIVADI,SanLorenzo
2026-09-05,21:30:10,538009801,HELIOS,SanLorenzo
2026-09-05,21:30:10,563163900,ANNA SCHULTE,SanLorenzo
2026-09-05,21:30:10,355174000,APOGEE SPIRIT,SanLorenzo
2026-09-05,21:30:10,701006310,ARGENTINO I,SanLorenzo
2026-09-05,21:30:10,7010004,,SanLorenzo
2026-09-05,21:30:10,887210340,LANCHA CANTAGALO,SanLorenzo
2026-09-05,21:30:10,538008936,SOUND YOUNG,SanLorenzo
2026-09-05,21:30:10,755032000,RUBEN H,SanLorenzo
2026-09-05,21:30:10,755991013,PUMA,SanLorenzo
2026-09-05,21:30:10,755177000,CABALLERO BLANCO.,SanLorenzo
2026-09-05,21:30:10,720035000,CANTAGALLO,SanLorenzo
2026-09-05,21:30:10,755088000,DECATUR LADY,SanLorenzo
2026-09-05,21:30:10,701006245,SAN JOSE V,SanLorenzo
2026-09-05,21:30:10,563054100,MTM BIG APPLE,SanLorenzo
2026-09-05,21:30:10,701006297,ANTONIO MARIA FERRO,SanLorenzo
2026-09-05,21:30:10,636015971,STOLT ZULU,SanLorenzo
2026-09-05,21:30:10,701006926,FAVORITO SAN ANTONIO,SanLorenzo
2026-09-05,21:30:10,701006396,VB RECOLETA,SanLorenzo
2026-09-05,21:30:10,563033900,TORM SUPREME,SanLorenzo
2026-09-05,21:30:10,701001404,GUAZU PUCU,SanLorenzo
2026-09-05,21:30:10,701001057,VALENTINA H,SanLorenzo
2026-09-05,21:30:10,636015600,F. F GLORY,SanLorenzo
2026-09-05,21:30:10,755085000,DON MAURICIO G,SanLorenzo
2026-09-05,21:30:10,701006443,MAYU,SanLorenzo
2026-09-05,21:30:10,755703668,URUTAU,SanLorenzo
2026-09-05,21:30:10,755001797,PARAPITI.,SanLorenzo
2026-09-05,21:30:10,755134000,LADOCE H,SanLorenzo
2026-09-05,21:30:10,755000020,AGUARA,SanLorenzo
2026-09-05,21:30:10,701006899,DON BASILIO,Rosario
2026-09-05,21:30:10,755001797,,Rosario
2026-09-05,21:30:10,538009801,HELIOS,Rosario
2026-09-05,21:30:10,701006679,,Rosario
2026-09-05,21:30:10,477932500,ROSCO BANYAN,Rosario
2026-09-05,21:30:10,701503000,GC77 GFO SAN MATIAS,Rosario
2026-09-05,21:30:10,538006458,ODYSSEUS N,Rosario
2026-09-05,21:30:10,563151400,FRANCESCO,Rosario
2026-09-05,21:30:10,477754600,MAERSK VENEZIA,Rosario
2026-09-05,21:30:10,257897000,BOW FIRDA,Rosario
2026-09-05,21:30:10,538006504,DANK SILVER,Rosario
2026-09-05,21:30:10,636024698,,Rosario
2026-09-05,21:30:10,538010750,TOKYO SPIRIT,Rosario
2026-09-05,21:30:10,314952000,DSM HARBOUR,Rosario
2026-09-05,21:30:10,311000195,CS SARAFINA,Rosario
2026-09-05,21:30:10,256685000,RODINA,Rosario
2026-09-05,21:30:10,352001142,GLORY FIRST,Rosario
2026-09-05,21:30:10,636024043,TG CRAB,Rosario
2026-09-05,21:30:10,311001602,SAGA ANDORINHA,Rosario
2026-09-05,21:30:10,538090690,LEONARDO,Rosario
2026-09-05,21:30:10,255916599,RANA,Rosario
2026-09-05,21:30:10,352004948,OBE UNITY,Rosario
2026-09-05,21:30:10,241624000,LEGEND,Rosario
2026-09-05,21:30:10,352006388,NORSE BORNHOLM,Rosario
2026-09-05,21:30:10,636023426,TOUBKAL PARK,Rosario
2026-09-05,21:30:10,352006096,PALEXPO,Rosario
2026-09-05,21:30:10,538008276,PORT IMABARI,Rosario
2026-09-05,21:30:10,755085000,DON MAURICIO G,Rosario
2026-09-05,21:30:10,538012594,KAPETANIOS,Rosario
2026-09-05,21:30:10,538008779,LIVADI,Rosario
2026-09-05,21:30:10,755991013,,Rosario
2026-09-05,21:30:10,563163900,ANNA SCHULTE,Rosario
2026-09-05,21:30:10,355174000,APOGEE SPIRIT,Rosario
2026-09-05,21:30:10,701006310,ARGENTINO I,Rosario
2026-09-05,21:30:10,701006245,SAN JOSE V,Rosario
2026-09-05,21:30:10,538008936,SOUND YOUNG,Rosario
2026-09-05,21:30:10,7010004,,Rosario
2026-09-05,21:30:10,755088000,DECATUR LADY,Rosario
2026-09-05,21:30:10,563054100,MTM BIG APPLE,Rosario
2026-09-05,21:30:10,636015971,STOLT ZULU,Rosario
2026-09-05,21:30:10,701006297,ANTONIO MARIA FERRO,Rosario
2026-09-05,21:30:10,564751000,MTM NEW YORK,Rosario
2026-09-05,21:30:10,636023897,ANNELIESE,Rosario
2026-09-05,21:30:10,701006926,FAVORITO SAN ANTONIO,Rosario
2026-09-05,21:30:10,701006396,VB RECOLETA,Rosario
2026-09-05,21:30:10,636015600,,Rosario
2026-09-05,21:30:10,563033900,TORM SUPREME,Rosario
2026-09-05,21:30:10,701001404,GUAZU PUCU,Rosario
2026-09-05,21:30:10,755000020,AGUARA,Rosario
2026-09-05,21:30:10,253454000,TACCOLA,DelGuazu
2026-09-05,21:30:10,370751000,,DelGuazu
2026-09-05,21:30:10,352004819,CL KIWAMI,DelGuazu
2026-09-05,21:30:10,357232000,,DelGuazu
2026-09-05,21:30:10,538010532,DEANA,DelGuazu
2026-09-05,21:30:10,636024379,STAR WESTPORT,DelGuazu
2026-09-05,21:30:10,755084000,,BellaVista
2026-09-05,21:30:10,755004073,MBIGUA\,BellaVista
2026-09-05,21:30:10,755002941,HERKULES IV,BellaVista
2026-09-05,21:30:10,755004318,NAUTIC TWIN,BellaVista
2026-09-05,21:30:10,755048000,ITAPUA I,BellaVista
2026-09-05,21:30:10,755170000,DONA MARGIE,BellaVista
2026-09-05,21:30:10,755022000,R/E CAVALIER XI,BellaVista
2026-09-05,21:30:10,701001056,ENRICO H,BellaVista
2026-09-05,21:30:10,701583000,GC70 RI0 DE LA PLATA,BellaVista
2026-09-05,21:30:10,755201114,AGUILUCHO,BellaVista
2026-09-05,21:40:10,255915742,BOCHEM CASABLANCA,SanLorenzo
2026-09-05,21:40:10,477932500,ROSCO BANYAN,SanLorenzo
2026-09-05,21:40:10,564751000,MTM NEW YORK,SanLorenzo
2026-09-05,21:40:10,563169800,RUBY,SanLorenzo
2026-09-05,21:40:10,701503000,GC77 GFO SAN MATIAS,SanLorenzo
2026-09-05,21:40:10,755032000,RUBEN H,SanLorenzo
2026-09-05,21:40:10,538006458,ODYSSEUS N,SanLorenzo
2026-09-05,21:40:10,563151400,FRANCESCO,SanLorenzo
2026-09-05,21:40:10,477754600,MAERSK VENEZIA,SanLorenzo
2026-09-05,21:40:10,257897000,BOW FIRDA,SanLorenzo
2026-09-05,21:40:10,538006504,DANK SILVER,SanLorenzo
2026-09-05,21:40:10,538004481,AGIA PARASKEVI,SanLorenzo
2026-09-05,21:40:10,538010750,TOKYO SPIRIT,SanLorenzo
2026-09-05,21:40:10,636024698,MC CALYPSO,SanLorenzo
2026-09-05,21:40:10,636093258,EMMA JANNEKE,SanLorenzo
2026-09-05,21:40:10,311000195,CS SARAFINA,SanLorenzo
2026-09-05,21:40:10,538008779,LIVADI,SanLorenzo
2026-09-05,21:40:10,314952000,DSM HARBOUR,SanLorenzo
2026-09-05,21:40:10,256685000,RODINA,SanLorenzo
2026-09-05,21:40:10,7010004,,SanLorenzo
2026-09-05,21:40:10,636024043,TG CRAB,SanLorenzo
2026-09-05,21:40:10,563234800,IVS DUNES,SanLorenzo
2026-09-05,21:40:10,563054100,MTM BIG APPLE,SanLorenzo
2026-09-05,21:40:10,351011000,OCEAN CROWN,SanLorenzo
2026-09-05,21:40:10,538090690,LEONARDO,SanLorenzo
2026-09-05,21:40:10,255916599,RANA,SanLorenzo
2026-09-05,21:40:10,241624000,LEGEND,SanLorenzo
2026-09-05,21:40:10,352004948,OBE UNITY,SanLorenzo
2026-09-05,21:40:10,352006388,NORSE BORNHOLM,SanLorenzo
2026-09-05,21:40:10,636023426,TOUBKAL PARK,SanLorenzo
2026-09-05,21:40:10,352006096,PALEXPO,SanLorenzo
2026-09-05,21:40:10,538012594,KAPETANIOS,SanLorenzo
2026-09-05,21:40:10,563163900,ANNA SCHULTE,SanLorenzo
2026-09-05,21:40:10,355174000,APOGEE SPIRIT,SanLorenzo
2026-09-05,21:40:10,538009801,HELIOS,SanLorenzo
2026-09-05,21:40:10,538008936,SOUND YOUNG,SanLorenzo
2026-09-05,21:40:10,636023897,,SanLorenzo
2026-09-05,21:40:10,710000019,HERACLITO FILHO,SanLorenzo
2026-09-05,21:40:10,701006310,ARGENTINO I,SanLorenzo
2026-09-05,21:40:10,755177000,CABALLERO BLANCO.,SanLorenzo
2026-09-05,21:40:10,755991013,PUMA,SanLorenzo
2026-09-05,21:40:10,755088000,DECATUR LADY,SanLorenzo
2026-09-05,21:40:10,701006245,SAN JOSE V,SanLorenzo
2026-09-05,21:40:10,701006297,ANTONIO MARIA FERRO,SanLorenzo
2026-09-05,21:40:10,636015971,STOLT ZULU,SanLorenzo
2026-09-05,21:40:10,701006926,FAVORITO SAN ANTONIO,SanLorenzo
2026-09-05,21:40:10,636015600,F. F GLORY,SanLorenzo
2026-09-05,21:40:10,701001114,IGUAZU,SanLorenzo
2026-09-05,21:40:10,755085000,DON MAURICIO G,SanLorenzo
2026-09-05,21:40:10,701006396,VB RECOLETA,SanLorenzo
2026-09-05,21:40:10,701001057,VALENTINA H,SanLorenzo
2026-09-05,21:40:10,563033900,TORM SUPREME,SanLorenzo
2026-09-05,21:40:10,701006966,TIGRE,SanLorenzo
2026-09-05,21:40:10,755001797,PARAPITI.,SanLorenzo
2026-09-05,21:40:10,755703668,URUTAU,SanLorenzo
2026-09-05,21:40:10,701006443,MAYU,SanLorenzo
2026-09-05,21:40:10,755000020,AGUARA,SanLorenzo
2026-09-05,21:40:10,755134000,LADOCE H,SanLorenzo
2026-09-05,21:40:10,701001404,GUAZU PUCU,SanLorenzo
2026-09-05,21:40:10,311001602,SAGA ANDORINHA,Rosario
2026-09-05,21:40:10,636024698,,Rosario
2026-09-05,21:40:10,477932500,ROSCO BANYAN,Rosario
2026-09-05,21:40:10,701503000,GC77 GFO SAN MATIAS,Rosario
2026-09-05,21:40:10,563151400,FRANCESCO,Rosario
2026-09-05,21:40:10,538006458,ODYSSEUS N,Rosario
2026-09-05,21:40:10,477754600,MAERSK VENEZIA,Rosario
2026-09-05,21:40:10,257897000,BOW FIRDA,Rosario
2026-09-05,21:40:10,538006504,DANK SILVER,Rosario
2026-09-05,21:40:10,538010750,TOKYO SPIRIT,Rosario
2026-09-05,21:40:10,538008779,LIVADI,Rosario
2026-09-05,21:40:10,314952000,DSM HARBOUR,Rosario
2026-09-05,21:40:10,311000195,CS SARAFINA,Rosario
2026-09-05,21:40:10,256685000,RODINA,Rosario
2026-09-05,21:40:10,7010004,,Rosario
2026-09-05,21:40:10,352001142,GLORY FIRST,Rosario
2026-09-05,21:40:10,636024043,TG CRAB,Rosario
2026-09-05,21:40:10,538090690,LEONARDO,Rosario
2026-09-05,21:40:10,255916599,RANA,Rosario
2026-09-05,21:40:10,352004948,OBE UNITY,Rosario
2026-09-05,21:40:10,241624000,LEGEND,Rosario
2026-09-05,21:40:10,352006388,NORSE BORNHOLM,Rosario
2026-09-05,21:40:10,636023426,TOUBKAL PARK,Rosario
2026-09-05,21:40:10,352006096,PALEXPO,Rosario
2026-09-05,21:40:10,538008276,PORT IMABARI,Rosario
2026-09-05,21:40:10,538012594,KAPETANIOS,Rosario
2026-09-05,21:40:10,563163900,ANNA SCHULTE,Rosario
2026-09-05,21:40:10,355174000,APOGEE SPIRIT,Rosario
2026-09-05,21:40:10,538008936,SOUND YOUNG,Rosario
2026-09-05,21:40:10,564751000,MTM NEW YORK,Rosario
2026-09-05,21:40:10,755085000,DON MAURICIO G,Rosario
2026-09-05,21:40:10,563033900,TORM SUPREME,Rosario
2026-09-05,21:40:10,701006310,ARGENTINO I,Rosario
2026-09-05,21:40:10,563054100,MTM BIG APPLE,Rosario
2026-09-05,21:40:10,755088000,DECATUR LADY,Rosario
2026-09-05,21:40:10,701006245,SAN JOSE V,Rosario
2026-09-05,21:40:10,701006297,ANTONIO MARIA FERRO,Rosario
2026-09-05,21:40:10,636015971,STOLT ZULU,Rosario
2026-09-05,21:40:10,701006926,FAVORITO SAN ANTONIO,Rosario
2026-09-05,21:40:10,636015600,F. F GLORY,Rosario
2026-09-05,21:40:10,701001114,,Rosario
2026-09-05,21:40:10,701006396,VB RECOLETA,Rosario
2026-09-05,21:40:10,636023897,ANNELIESE,Rosario
2026-09-05,21:40:10,755000020,AGUARA,Rosario
2026-09-05,21:40:10,701001404,GUAZU PUCU,Rosario
2026-09-05,21:40:10,538010532,DEANA,DelGuazu
2026-09-05,21:40:10,253454000,TACCOLA,DelGuazu
2026-09-05,21:40:10,370751000,ISKENDERUN-M,DelGuazu
2026-09-05,21:40:10,357232000,,DelGuazu
2026-09-05,21:40:10,352004819,CL KIWAMI,DelGuazu
2026-09-05,21:40:10,636024379,STAR WESTPORT,DelGuazu
2026-09-05,21:40:10,755136000,,BellaVista
2026-09-05,21:40:10,755002941,HERKULES IV,BellaVista
2026-09-05,21:40:10,755045000,BRUTUS H,BellaVista
2026-09-05,21:40:10,755004073,MBIGUA\,BellaVista
2026-09-05,21:40:10,755048000,ITAPUA I,BellaVista
2026-09-05,21:40:10,887210413,LANCH IB ENCARNACION,BellaVista
2026-09-05,21:40:10,755084000,RIO DE LA PLATA,BellaVista
2026-09-05,21:40:10,755004318,NAUTIC TWIN,BellaVista
2026-09-05,21:40:10,755022000,R/E CAVALIER XI,BellaVista
2026-09-05,21:40:10,701001056,ENRICO H,BellaVista
2026-09-05,21:40:10,755707081,IB ENCARNACION,BellaVista
2026-09-05,21:40:10,755201114,AGUILUCHO,BellaVista
2026-09-05,21:40:10,701583000,GC70 RI0 DE LA PLATA,BellaVista
2026-09-05,21:50:09,7010004,,SanLorenzo
2026-09-05,21:50:09,887210340,LANCHA CANTAGALO,SanLorenzo
2026-09-05,21:50:09,477754600,MAERSK VENEZIA,SanLorenzo
2026-09-05,21:50:09,564751000,MTM NEW YORK,SanLorenzo
2026-09-05,21:50:09,477932500,ROSCO BANYAN,SanLorenzo
2026-09-05,21:50:09,255915742,,SanLorenzo
2026-09-05,21:50:09,701503000,GC77 GFO SAN MATIAS,SanLorenzo
2026-09-05,21:50:09,563169800,RUBY,SanLorenzo
2026-09-05,21:50:09,701006297,ANTONIO MARIA FERRO,SanLorenzo
2026-09-05,21:50:09,538006458,ODYSSEUS N,SanLorenzo
2026-09-05,21:50:09,563151400,FRANCESCO,SanLorenzo
2026-09-05,21:50:09,257897000,BOW FIRDA,SanLorenzo
2026-09-05,21:50:09,538006504,DANK SILVER,SanLorenzo
2026-09-05,21:50:09,538004481,AGIA PARASKEVI,SanLorenzo
2026-09-05,21:50:09,314952000,DSM HARBOUR,SanLorenzo
2026-09-05,21:50:09,636024698,MC CALYPSO,SanLorenzo
2026-09-05,21:50:09,636093258,EMMA JANNEKE,SanLorenzo
2026-09-05,21:50:09,538010750,TOKYO SPIRIT,SanLorenzo
2026-09-05,21:50:09,538008779,LIVADI,SanLorenzo
2026-09-05,21:50:09,311000195,CS SARAFINA,SanLorenzo
2026-09-05,21:50:09,256685000,RODINA,SanLorenzo
2026-09-05,21:50:09,636024043,TG CRAB,SanLorenzo
2026-09-05,21:50:09,563234800,IVS DUNES,SanLorenzo
2026-09-05,21:50:09,538004184,BLACK PEARL,SanLorenzo
2026-09-05,21:50:09,636023897,,SanLorenzo
2026-09-05,21:50:09,351011000,OCEAN CROWN,SanLorenzo
2026-09-05,21:50:09,755032000,RUBEN H,SanLorenzo
2026-09-05,21:50:09,563054100,MTM BIG APPLE,SanLorenzo
2026-09-05,21:50:09,255916599,RANA,SanLorenzo
2026-09-05,21:50:09,538090690,LEONARDO,SanLorenzo
2026-09-05,21:50:09,241624000,LEGEND,SanLorenzo
2026-09-05,21:50:09,352004948,OBE UNITY,SanLorenzo
2026-09-05,21:50:09,352006388,NORSE BORNHOLM,SanLorenzo
2026-09-05,21:50:09,352006096,PALEXPO,SanLorenzo
2026-09-05,21:50:09,636023426,TOUBKAL PARK,SanLorenzo
2026-09-05,21:50:09,538012594,KAPETANIOS,SanLorenzo
2026-09-05,21:50:09,538009801,HELIOS,SanLorenzo
2026-09-05,21:50:09,563163900,ANNA SCHULTE,SanLorenzo
2026-09-05,21:50:09,355174000,APOGEE SPIRIT,SanLorenzo
2026-09-05,21:50:09,538008936,SOUND YOUNG,SanLorenzo
2026-09-05,21:50:09,701006310,ARGENTINO I,SanLorenzo
2026-09-05,21:50:09,755088000,DECATUR LADY,SanLorenzo
2026-09-05,21:50:09,720035000,CANTAGALLO,SanLorenzo
2026-09-05,21:50:09,755991013,PUMA,SanLorenzo
2026-09-05,21:50:09,701006245,SAN JOSE V,SanLorenzo
2026-09-05,21:50:09,755177000,CABALLERO BLANCO.,SanLorenzo
2026-09-05,21:50:09,701006926,FAVORITO SAN ANTONIO,SanLorenzo
2026-09-05,21:50:09,701001114,IGUAZU,SanLorenzo
2026-09-05,21:50:09,701001404,GUAZU PUCU,SanLorenzo
2026-09-05,21:50:09,701006396,VB RECOLETA,SanLorenzo
2026-09-05,21:50:09,701001057,VALENTINA H,SanLorenzo
2026-09-05,21:50:09,636015971,STOLT ZULU,SanLorenzo
2026-09-05,21:50:09,636015600,F. F GLORY,SanLorenzo
2026-09-05,21:50:09,563033900,TORM SUPREME,SanLorenzo
2026-09-05,21:50:09,755703668,URUTAU,SanLorenzo
2026-09-05,21:50:09,755085000,DON MAURICIO G,SanLorenzo
2026-09-05,21:50:09,755001797,PARAPITI.,SanLorenzo
2026-09-05,21:50:09,701006966,TIGRE,SanLorenzo
2026-09-05,21:50:09,755000020,AGUARA,SanLorenzo
2026-09-05,21:50:09,701006443,MAYU,SanLorenzo
2026-09-05,21:50:09,755134000,LADOCE H,SanLorenzo
2026-09-05,21:50:09,636024698,MC CALYPSO,Rosario
2026-09-05,21:50:09,7010004,,Rosario
2026-09-05,21:50:09,755085000,DON MAURICIO G,Rosario
2026-09-05,21:50:09,477932500,ROSCO BANYAN,Rosario
2026-09-05,21:50:09,701503000,GC77 GFO SAN MATIAS,Rosario
2026-09-05,21:50:09,701006297,ANTONIO MARIA FERRO,Rosario
2026-09-05,21:50:09,477754600,MAERSK VENEZIA,Rosario
2026-09-05,21:50:09,538006458,ODYSSEUS N,Rosario
2026-09-05,21:50:09,563151400,FRANCESCO,Rosario
2026-09-05,21:50:09,311001602,SAGA ANDORINHA,Rosario
2026-09-05,21:50:09,257897000,BOW FIRDA,Rosario
2026-09-05,21:50:09,538006504,DANK SILVER,Rosario
2026-09-05,21:50:09,314952000,DSM HARBOUR,Rosario
2026-09-05,21:50:09,538008779,LIVADI,Rosario
2026-09-05,21:50:09,538010750,TOKYO SPIRIT,Rosario
2026-09-05,21:50:09,311000195,CS SARAFINA,Rosario
2026-09-05,21:50:09,256685000,RODINA,Rosario
2026-09-05,21:50:09,352001142,GLORY FIRST,Rosario
2026-09-05,21:50:09,636024043,TG CRAB,Rosario
2026-09-05,21:50:09,755991013,,Rosario
2026-09-05,21:50:09,538004184,BLACK PEARL,Rosario
2026-09-05,21:50:09,701001114,,Rosario
2026-09-05,21:50:09,538090690,LEONARDO,Rosario
2026-09-05,21:50:09,255916599,RANA,Rosario
2026-09-05,21:50:09,352004948,OBE UNITY,Rosario
2026-09-05,21:50:09,241624000,LEGEND,Rosario
2026-09-05,21:50:09,352006388,NORSE BORNHOLM,Rosario
2026-09-05,21:50:09,352006096,PALEXPO,Rosario
2026-09-05,21:50:09,636023426,TOUBKAL PARK,Rosario
2026-09-05,21:50:09,538008276,PORT IMABARI,Rosario
2026-09-05,21:50:09,538012594,KAPETANIOS,Rosario
2026-09-05,21:50:09,563163900,ANNA SCHULTE,Rosario
2026-09-05,21:50:09,355174000,APOGEE SPIRIT,Rosario
2026-09-05,21:50:09,563033900,TORM SUPREME,Rosario
2026-09-05,21:50:09,538008936,SOUND YOUNG,Rosario
2026-09-05,21:50:09,755000020,AGUARA,Rosario
2026-09-05,21:50:09,755088000,DECATUR LADY,Rosario
2026-09-05,21:50:09,563054100,MTM BIG APPLE,Rosario
2026-09-05,21:50:09,701006245,SAN JOSE V,Rosario
2026-09-05,21:50:09,636023897,ANNELIESE,Rosario
2026-09-05,21:50:09,636015971,STOLT ZULU,Rosario
2026-09-05,21:50:09,701006926,FAVORITO SAN ANTONIO,Rosario
2026-09-05,21:50:09,636015600,F. F GLORY,Rosario
2026-09-05,21:50:09,564751000,MTM NEW YORK,Rosario
2026-09-05,21:50:09,701001404,GUAZU PUCU,Rosario
2026-09-05,21:50:09,701006396,VB RECOLETA,Rosario
2026-09-05,21:50:09,701006310,ARGENTINO I,Rosario
2026-09-05,21:50:09,538010532,DEANA,DelGuazu
2026-09-05,21:50:09,352004819,CL KIWAMI,DelGuazu
2026-09-05,21:50:09,253454000,TACCOLA,DelGuazu
2026-09-05,21:50:09,636024379,STAR WESTPORT,DelGuazu
2026-09-05,21:50:09,370751000,ISKENDERUN-M,DelGuazu
2026-09-05,21:50:09,357232000,,DelGuazu
2026-09-05,21:50:09,887210413,LANCH IB ENCARNACION,BellaVista
2026-09-05,21:50:09,755004073,MBIGUA\,BellaVista
2026-09-05,21:50:09,755048000,ITAPUA I,BellaVista
2026-09-05,21:50:09,755004318,NAUTIC TWIN,BellaVista
2026-09-05,21:50:09,755022000,R/E CAVALIER XI,BellaVista
2026-09-05,21:50:09,701001056,ENRICO H,BellaVista
2026-09-05,21:50:09,755084000,RIO DE LA PLATA,BellaVista
2026-09-05,21:50:09,701583000,GC70 RI0 DE LA PLATA,BellaVista
2026-09-05,21:50:09,755201114,AGUILUCHO,BellaVista
2026-09-05,21:50:09,755707081,IB ENCARNACION,BellaVista
2026-09-05,21:50:09,755002941,HERKULES IV,BellaVista
2026-09-05,21:50:09,755136000,,BellaVista
2026-09-05,21:50:09,755045000,BRUTUS H,BellaVista
2026-09-05,21:50:09,755040000,ALTO PARANA,BellaVista
2026-09-05,22:00:15,564751000,MTM NEW YORK,SanLorenzo
2026-09-05,22:00:15,255915742,BOCHEM CASABLANCA,SanLorenzo
2026-09-05,22:00:15,538006458,ODYSSEUS N,SanLorenzo
2026-09-05,22:00:15,755032000,RUBEN H,SanLorenzo
2026-09-05,22:00:15,477932500,ROSCO BANYAN,SanLorenzo
2026-09-05,22:00:15,701503000,GC77 GFO SAN MATIAS,SanLorenzo
2026-09-05,22:00:15,563169800,RUBY,SanLorenzo
2026-09-05,22:00:15,563151400,FRANCESCO,SanLorenzo
2026-09-05,22:00:15,477754600,MAERSK VENEZIA,SanLorenzo
2026-09-05,22:00:15,257897000,BOW FIRDA,SanLorenzo
2026-09-05,22:00:15,538006504,DANK SILVER,SanLorenzo
2026-09-05,22:00:15,538004481,AGIA PARASKEVI,SanLorenzo
2026-09-05,22:00:15,538010750,TOKYO SPIRIT,SanLorenzo
2026-09-05,22:00:15,314952000,DSM HARBOUR,SanLorenzo
2026-09-05,22:00:15,636024698,MC CALYPSO,SanLorenzo
2026-09-05,22:00:15,311000195,CS SARAFINA,SanLorenzo
2026-09-05,22:00:15,636093258,EMMA JANNEKE,SanLorenzo
2026-09-05,22:00:15,538008779,LIVADI,SanLorenzo
2026-09-05,22:00:15,256685000,RODINA,SanLorenzo
2026-09-05,22:00:15,701006966,TIGRE,SanLorenzo
2026-09-05,22:00:15,636024043,TG CRAB,SanLorenzo
2026-09-05,22:00:15,563234800,IVS DUNES,SanLorenzo
2026-09-05,22:00:15,538004184,BLACK PEARL,SanLorenzo
2026-09-05,22:00:15,351011000,OCEAN CROWN,SanLorenzo
2026-09-05,22:00:15,538090690,LEONARDO,SanLorenzo
2026-09-05,22:00:15,255916599,RANA,SanLorenzo
2026-09-05,22:00:15,241624000,LEGEND,SanLorenzo
2026-09-05,22:00:15,352004948,OBE UNITY,SanLorenzo
2026-09-05,22:00:15,352006096,PALEXPO,SanLorenzo
2026-09-05,22:00:15,352006388,NORSE BORNHOLM,SanLorenzo
2026-09-05,22:00:15,636023426,TOUBKAL PARK,SanLorenzo
2026-09-05,22:00:15,538012594,KAPETANIOS,SanLorenzo
2026-09-05,22:00:15,701006310,ARGENTINO I,SanLorenzo
2026-09-05,22:00:15,538009801,HELIOS,SanLorenzo
2026-09-05,22:00:15,563163900,ANNA SCHULTE,SanLorenzo
2026-09-05,22:00:15,355174000,APOGEE SPIRIT,SanLorenzo
2026-09-05,22:00:15,720035000,CANTAGALLO,SanLorenzo
2026-09-05,22:00:15,887210340,,SanLorenzo
2026-09-05,22:00:15,538008936,SOUND YOUNG,SanLorenzo
2026-09-05,22:00:15,755000020,AGUARA,SanLorenzo
2026-09-05,22:00:15,755088000,DECATUR LADY,SanLorenzo
2026-09-05,22:00:15,563054100,MTM BIG APPLE,SanLorenzo
2026-09-05,22:00:15,755991013,PUMA,SanLorenzo
2026-09-05,22:00:15,755177000,CABALLERO BLANCO.,SanLorenzo
2026-09-05,22:00:15,701006245,SAN JOSE V,SanLorenzo
2026-09-05,22:00:15,636015971,STOLT ZULU,SanLorenzo
2026-09-05,22:00:15,701001404,GUAZU PUCU,SanLorenzo
2026-09-05,22:00:15,701006926,FAVORITO SAN ANTONIO,SanLorenzo
2026-09-05,22:00:15,636015600,F. F GLORY,SanLorenzo
2026-09-05,22:00:15,701001114,IGUAZU,SanLorenzo
2026-09-05,22:00:15,701006396,VB RECOLETA,SanLorenzo
2026-09-05,22:00:15,701001057,VALENTINA H,SanLorenzo
2026-09-05,22:00:15,563033900,TORM SUPREME,SanLorenzo
2026-09-05,22:00:15,755001797,PARAPITI.,SanLorenzo
2026-09-05,22:00:15,755703668,URUTAU,SanLorenzo
2026-09-05,22:00:15,701006443,MAYU,SanLorenzo
2026-09-05,22:00:15,755134000,LADOCE H,SanLorenzo
2026-09-05,22:00:15,755991013,,Rosario
2026-09-05,22:00:15,755001797,,Rosario
2026-09-05,22:00:15,636024698,,Rosario
2026-09-05,22:00:15,563319600,,Rosario
2026-09-05,22:00:15,477932500,ROSCO BANYAN,Rosario
2026-09-05,22:00:15,701503000,GC77 GFO SAN MATIAS,Rosario
2026-09-05,22:00:15,563151400,FRANCESCO,Rosario
2026-09-05,22:00:15,538006458,ODYSSEUS N,Rosario
2026-09-05,22:00:15,311001602,SAGA ANDORINHA,Rosario
2026-09-05,22:00:15,477754600,MAERSK VENEZIA,Rosario
2026-09-05,22:00:15,257897000,BOW FIRDA,Rosario
2026-09-05,22:00:15,538006504,DANK SILVER,Rosario
2026-09-05,22:00:15,538010750,TOKYO SPIRIT,Rosario
2026-09-05,22:00:15,314952000,DSM HARBOUR,Rosario
2026-09-05,22:00:15,538008779,LIVADI,Rosario
2026-09-05,22:00:15,311000195,CS SARAFINA,Rosario
2026-09-05,22:00:15,256685000,RODINA,Rosario
2026-09-05,22:00:15,352001142,GLORY FIRST,Rosario
2026-09-05,22:00:15,636024043,TG CRAB,Rosario
2026-09-05,22:00:15,538004184,BLACK PEARL,Rosario
2026-09-05,22:00:15,538090690,LEONARDO,Rosario
2026-09-05,22:00:15,255916599,RANA,Rosario
2026-09-05,22:00:15,352004948,OBE UNITY,Rosario
2026-09-05,22:00:15,241624000,LEGEND,Rosario
2026-09-05,22:00:15,352006096,PALEXPO,Rosario
2026-09-05,22:00:15,352006388,NORSE BORNHOLM,Rosario
2026-09-05,22:00:15,636023426,TOUBKAL PARK,Rosario
2026-09-05,22:00:15,538008276,PORT IMABARI,Rosario
2026-09-05,22:00:15,538012594,KAPETANIOS,Rosario
2026-09-05,22:00:15,701001114,,Rosario
2026-09-05,22:00:15,538009801,,Rosario
2026-09-05,22:00:15,563163900,ANNA SCHULTE,Rosario
2026-09-05,22:00:15,355174000,APOGEE SPIRIT,Rosario
2026-09-05,22:00:15,538008936,SOUND YOUNG,Rosario
2026-09-05,22:00:15,563033900,TORM SUPREME,Rosario
2026-09-05,22:00:15,755000020,AGUARA,Rosario
2026-09-05,22:00:15,701006310,ARGENTINO I,Rosario
2026-09-05,22:00:15,755088000,DECATUR LADY,Rosario
2026-09-05,22:00:15,563054100,MTM BIG APPLE,Rosario
2026-09-05,22:00:15,701006245,SAN JOSE V,Rosario
2026-09-05,22:00:15,636015971,STOLT ZULU,Rosario
2026-09-05,22:00:15,701006926,FAVORITO SAN ANTONIO,Rosario
2026-09-05,22:00:15,564751000,MTM NEW YORK,Rosario
2026-09-05,22:00:15,636015600,F. F GLORY,Rosario
2026-09-05,22:00:15,701006396,VB RECOLETA,Rosario
2026-09-05,22:00:15,701001404,GUAZU PUCU,Rosario
2026-09-05,22:00:15,253454000,TACCOLA,DelGuazu
2026-09-05,22:00:15,538010532,,DelGuazu
2026-09-05,22:00:15,352004819,CL KIWAMI,DelGuazu
2026-09-05,22:00:15,636024379,STAR WESTPORT,DelGuazu
2026-09-05,22:00:15,357232000,YOZAN,DelGuazu
2026-09-05,22:00:15,755004073,MBIGUA\,BellaVista
2026-09-05,22:00:15,887210186,,BellaVista
2026-09-05,22:00:15,755136000,IMPALA LADARIO,BellaVista
2026-09-05,22:00:15,755045000,BRUTUS H,BellaVista
2026-09-05,22:00:15,755170000,DONA MARGIE,BellaVista
2026-09-05,22:00:15,755084000,RIO DE LA PLATA,BellaVista
2026-09-05,22:00:15,755022000,R/E CAVALIER XI,BellaVista
2026-09-05,22:00:15,755004318,NAUTIC TWIN,BellaVista
2026-09-05,22:00:15,701001056,ENRICO H,BellaVista
2026-09-05,22:00:15,755707081,IB ENCARNACION,BellaVista
2026-09-05,22:00:15,701583000,GC70 RI0 DE LA PLATA,BellaVista
2026-09-05,22:00:15,755002941,HERKULES IV,BellaVista
2026-09-05,22:00:15,755201114,AGUILUCHO,BellaVista
2026-09-05,22:10:09,563169800,RUBY,SanLorenzo
2026-09-05,22:10:09,477754600,MAERSK VENEZIA,SanLorenzo
2026-09-05,22:10:09,636093258,EMMA JANNEKE,SanLorenzo
2026-09-05,22:10:09,477932500,ROSCO BANYAN,SanLorenzo
2026-09-05,22:10:09,701503000,GC77 GFO SAN MATIAS,SanLorenzo
2026-09-05,22:10:09,563151400,FRANCESCO,SanLorenzo
2026-09-05,22:10:09,538006458,ODYSSEUS N,SanLorenzo
2026-09-05,22:10:09,538006504,DANK SILVER,SanLorenzo
2026-09-05,22:10:09,257897000,BOW FIRDA,SanLorenzo
2026-09-05,22:10:09,538004481,AGIA PARASKEVI,SanLorenzo
2026-09-05,22:10:09,538010750,TOKYO SPIRIT,SanLorenzo
2026-09-05,22:10:09,314952000,DSM HARBOUR,SanLorenzo
2026-09-05,22:10:09,636024698,MC CALYPSO,SanLorenzo
2026-09-05,22:10:09,538008779,LIVADI,SanLorenzo
2026-09-05,22:10:09,311000195,CS SARAFINA,SanLorenzo
2026-09-05,22:10:09,256685000,RODINA,SanLorenzo
2026-09-05,22:10:09,7010004,,SanLorenzo
2026-09-05,22:10:09,636024043,TG CRAB,SanLorenzo
2026-09-05,22:10:09,563234800,IVS DUNES,SanLorenzo
2026-09-05,22:10:09,538004184,BLACK PEARL,SanLorenzo
2026-09-05,22:10:09,351011000,OCEAN CROWN,SanLorenzo
2026-09-05,22:10:09,538090690,LEONARDO,SanLorenzo
2026-09-05,22:10:09,255916599,RANA,SanLorenzo
2026-09-05,22:10:09,241624000,LEGEND,SanLorenzo
2026-09-05,22:10:09,352004948,OBE UNITY,SanLorenzo
2026-09-05,22:10:09,352006388,NORSE BORNHOLM,SanLorenzo
2026-09-05,22:10:09,352006096,PALEXPO,SanLorenzo
2026-09-05,22:10:09,636023426,TOUBKAL PARK,SanLorenzo
2026-09-05,22:10:09,538012594,KAPETANIOS,SanLorenzo
2026-09-05,22:10:09,538009801,HELIOS,SanLorenzo
2026-09-05,22:10:09,563163900,ANNA SCHULTE,SanLorenzo
2026-09-05,22:10:09,355174000,APOGEE SPIRIT,SanLorenzo
2026-09-05,22:10:09,538008936,SOUND YOUNG,SanLorenzo
2026-09-05,22:10:09,755703668,URUTAU,SanLorenzo
2026-09-05,22:10:09,701006310,ARGENTINO I,SanLorenzo
2026-09-05,22:10:09,755088000,DECATUR LADY,SanLorenzo
2026-09-05,22:10:09,701006245,SAN JOSE V,SanLorenzo
2026-09-05,22:10:09,563054100,MTM BIG APPLE,SanLorenzo
2026-09-05,22:10:09,755991013,PUMA,SanLorenzo
2026-09-05,22:10:09,755177000,CABALLERO BLANCO.,SanLorenzo
2026-09-05,22:10:09,701001307,MAX DREAM,SanLorenzo
2026-09-05,22:10:09,636015971,STOLT ZULU,SanLorenzo
2026-09-05,22:10:09,636023897,,SanLorenzo
2026-09-05,22:10:09,701006926,FAVORITO SAN ANTONIO,SanLorenzo
2026-09-05,22:10:09,755032000,RUBEN H,SanLorenzo
2026-09-05,22:10:09,636015600,F. F GLORY,SanLorenzo
2026-09-05,22:10:09,701001057,VALENTINA H,SanLorenzo
2026-09-05,22:10:09,563033900,TORM SUPREME,SanLorenzo
2026-09-05,22:10:09,701006396,VB RECOLETA,SanLorenzo
2026-09-05,22:10:09,701006966,TIGRE,SanLorenzo
2026-09-05,22:10:09,701006443,MAYU,SanLorenzo
2026-09-05,22:10:09,755001797,PARAPITI.,SanLorenzo
2026-09-05,22:10:09,755134000,LADOCE H,SanLorenzo
2026-09-05,22:10:09,755000020,AGUARA,SanLorenzo
2026-09-05,22:10:09,701001404,GUAZU PUCU,SanLorenzo
2026-09-05,22:10:09,701001114,IGUAZU,Rosario
2026-09-05,22:10:09,755001797,,Rosario
2026-09-05,22:10:09,477932500,ROSCO BANYAN,Rosario
2026-09-05,22:10:09,701503000,GC77 GFO SAN MATIAS,Rosario
2026-09-05,22:10:09,563151400,FRANCESCO,Rosario
2026-09-05,22:10:09,538006458,ODYSSEUS N,Rosario
2026-09-05,22:10:09,477754600,MAERSK VENEZIA,Rosario
2026-09-05,22:10:09,311001602,SAGA ANDORINHA,Rosario
2026-09-05,22:10:09,538006504,DANK SILVER,Rosario
2026-09-05,22:10:09,257897000,BOW FIRDA,Rosario
2026-09-05,22:10:09,314952000,DSM HARBOUR,Rosario
2026-09-05,22:10:09,538010750,TOKYO SPIRIT,Rosario
2026-09-05,22:10:09,538008779,LIVADI,Rosario
2026-09-05,22:10:09,256685000,RODINA,Rosario
2026-09-05,22:10:09,311000195,CS SARAFINA,Rosario
2026-09-05,22:10:09,7010004,,Rosario
2026-09-05,22:10:09,352001142,GLORY FIRST,Rosario
2026-09-05,22:10:09,636024043,TG CRAB,Rosario
2026-09-05,22:10:09,538004184,BLACK PEARL,Rosario
2026-09-05,22:10:09,538090690,LEONARDO,Rosario
2026-09-05,22:10:09,255916599,RANA,Rosario
2026-09-05,22:10:09,701001307,,Rosario
2026-09-05,22:10:09,352004948,OBE UNITY,Rosario
2026-09-05,22:10:09,241624000,LEGEND,Rosario
2026-09-05,22:10:09,352006388,NORSE BORNHOLM,Rosario
2026-09-05,22:10:09,636023426,TOUBKAL PARK,Rosario
2026-09-05,22:10:09,538008276,PORT IMABARI,Rosario
2026-09-05,22:10:09,352006096,PALEXPO,Rosario
2026-09-05,22:10:09,538012594,KAPETANIOS,Rosario
2026-09-05,22:10:09,755991013,,Rosario
2026-09-05,22:10:09,538009801,,Rosario
2026-09-05,22:10:09,563163900,ANNA SCHULTE,Rosario
2026-09-05,22:10:09,355174000,APOGEE SPIRIT,Rosario
2026-09-05,22:10:09,563033900,TORM SUPREME,Rosario
2026-09-05,22:10:09,538008936,SOUND YOUNG,Rosario
2026-09-05,22:10:09,636023897,ANNELIESE,Rosario
2026-09-05,22:10:09,755000020,AGUARA,Rosario
2026-09-05,22:10:09,701006310,ARGENTINO I,Rosario
2026-09-05,22:10:09,701006245,SAN JOSE V,Rosario
2026-09-05,22:10:09,755088000,DECATUR LADY,Rosario
2026-09-05,22:10:09,636015971,STOLT ZULU,Rosario
2026-09-05,22:10:09,636015600,F. F GLORY,Rosario
2026-09-05,22:10:09,701006926,FAVORITO SAN ANTONIO,Rosario
2026-09-05,22:10:09,701006396,VB RECOLETA,Rosario
2026-09-05,22:10:09,701001404,GUAZU PUCU,Rosario
2026-09-05,22:10:09,563054100,MTM BIG APPLE,Rosario
2026-09-05,22:10:09,357232000,YOZAN,DelGuazu
2026-09-05,22:10:09,538010532,,DelGuazu
2026-09-05,22:10:09,253454000,,DelGuazu
2026-09-05,22:10:09,352004819,CL KIWAMI,DelGuazu
2026-09-05,22:10:09,636024379,STAR WESTPORT,DelGuazu
2026-09-05,22:10:09,352006380,CL KIBOU,DelGuazu
2026-09-05,22:10:09,701583000,GC70 RI0 DE LA PLATA,BellaVista
2026-09-05,22:10:09,887210413,,BellaVista
2026-09-05,22:10:09,755136000,IMPALA LADARIO,BellaVista
2026-09-05,22:10:09,755048000,ITAPUA I,BellaVista
2026-09-05,22:10:09,755170000,DONA MARGIE,BellaVista
2026-09-05,22:10:09,701001056,ENRICO H,BellaVista
2026-09-05,22:10:09,755084000,RIO DE LA PLATA,BellaVista
2026-09-05,22:10:09,755022000,R/E CAVALIER XI,BellaVista
2026-09-05,22:10:09,755004318,NAUTIC TWIN,BellaVista
2026-09-05,22:10:09,755707081,IB ENCARNACION,BellaVista
2026-09-05,22:10:09,755201114,AGUILUCHO,BellaVista
2026-09-05,22:10:09,755002941,HERKULES IV,BellaVista
2026-09-05,22:20:09,255915742,BOCHEM CASABLANCA,SanLorenzo
2026-09-05,22:20:09,701503000,GC77 GFO SAN MATIAS,SanLorenzo
2026-09-05,22:20:09,563169800,RUBY,SanLorenzo
2026-09-05,22:20:09,538006458,ODYSSEUS N,SanLorenzo
2026-09-05,22:20:09,563151400,FRANCESCO,SanLorenzo
2026-09-05,22:20:09,477754600,MAERSK VENEZIA,SanLorenzo
2026-09-05,22:20:09,257897000,BOW FIRDA,SanLorenzo
2026-09-05,22:20:09,538006504,DANK SILVER,SanLorenzo
2026-09-05,22:20:09,341694002,H7 HSB5,SanLorenzo
2026-09-05,22:20:09,538004481,AGIA PARASKEVI,SanLorenzo
2026-09-05,22:20:09,314952000,DSM HARBOUR,SanLorenzo
2026-09-05,22:20:09,636024698,MC CALYPSO,SanLorenzo
2026-09-05,22:20:09,538010750,TOKYO SPIRIT,SanLorenzo
2026-09-05,22:20:09,636093258,EMMA JANNEKE,SanLorenzo
2026-09-05,22:20:09,311000195,CS SARAFINA,SanLorenzo
2026-09-05,22:20:09,538008779,LIVADI,SanLorenzo
2026-09-05,22:20:09,256685000,RODINA,SanLorenzo
2026-09-05,22:20:09,7010004,,SanLorenzo
2026-09-05,22:20:09,636024043,TG CRAB,SanLorenzo
2026-09-05,22:20:09,563234800,IVS DUNES,SanLorenzo
2026-09-05,22:20:09,538004184,BLACK PEARL,SanLorenzo
2026-09-05,22:20:09,351011000,OCEAN CROWN,SanLorenzo
2026-09-05,22:20:09,538090690,LEONARDO,SanLorenzo
2026-09-05,22:20:09,255916599,RANA,SanLorenzo
2026-09-05,22:20:09,241624000,LEGEND,SanLorenzo
2026-09-05,22:20:09,352004948,OBE UNITY,SanLorenzo
2026-09-05,22:20:09,636023426,TOUBKAL PARK,SanLorenzo
2026-09-05,22:20:09,352006388,NORSE BORNHOLM,SanLorenzo
2026-09-05,22:20:09,352006096,PALEXPO,SanLorenzo
2026-09-05,22:20:09,563054100,MTM BIG APPLE,SanLorenzo
2026-09-05,22:20:09,538012594,KAPETANIOS,SanLorenzo
2026-09-05,22:20:09,538009801,HELIOS,SanLorenzo
2026-09-05,22:20:09,563163900,ANNA SCHULTE,SanLorenzo
2026-09-05,22:20:09,355174000,APOGEE SPIRIT,SanLorenzo
2026-09-05,22:20:09,701006310,ARGENTINO I,SanLorenzo
2026-09-05,22:20:09,538008936,SOUND YOUNG,SanLorenzo
2026-09-05,22:20:09,755088000,DECATUR LADY,SanLorenzo
2026-09-05,22:20:09,755000020,AGUARA,SanLorenzo
2026-09-05,22:20:09,636015971,STOLT ZULU,SanLorenzo
2026-09-05,22:20:09,755991013,PUMA,SanLorenzo
2026-09-05,22:20:09,701006245,SAN JOSE V,SanLorenzo
2026-09-05,22:20:09,755177000,CABALLERO BLANCO.,SanLorenzo
2026-09-05,22:20:09,701001307,MAX DREAM,SanLorenzo
2026-09-05,22:20:09,755032000,RUBEN H,SanLorenzo
2026-09-05,22:20:09,636023897,,SanLorenzo
2026-09-05,22:20:09,701006926,FAVORITO SAN ANTONIO,SanLorenzo
2026-09-05,22:20:09,563033900,TORM SUPREME,SanLorenzo
2026-09-05,22:20:09,701006396,VB RECOLETA,SanLorenzo
2026-09-05,22:20:09,477932500,ROSCO BANYAN,SanLorenzo
2026-09-05,22:20:09,701001404,GUAZU PUCU,SanLorenzo
2026-09-05,22:20:09,701001057,VALENTINA H,SanLorenzo
2026-09-05,22:20:09,636015600,F. F GLORY,SanLorenzo
2026-09-05,22:20:09,720671000,IB ROSARIO,SanLorenzo
2026-09-05,22:20:09,701006966,TIGRE,SanLorenzo
2026-09-05,22:20:09,755001797,PARAPITI.,SanLorenzo
2026-09-05,22:20:09,755703668,URUTAU,SanLorenzo
2026-09-05,22:20:09,701006443,MAYU,SanLorenzo
2026-09-05,22:20:09,755134000,LADOCE H,SanLorenzo
2026-09-05,22:20:09,352004948,OBE UNITY,Rosario
2026-09-05,22:20:09,701001307,,Rosario
2026-09-05,22:20:09,701503000,GC77 GFO SAN MATIAS,Rosario
2026-09-05,22:20:09,538006458,ODYSSEUS N,Rosario
2026-09-05,22:20:09,563151400,FRANCESCO,Rosario
2026-09-05,22:20:09,477754600,MAERSK VENEZIA,Rosario
2026-09-05,22:20:09,257897000,BOW FIRDA,Rosario
2026-09-05,22:20:09,538006504,DANK SILVER,Rosario
2026-09-05,22:20:09,314952000,DSM HARBOUR,Rosario
2026-09-05,22:20:09,538008779,LIVADI,Rosario
2026-09-05,22:20:09,538010750,TOKYO SPIRIT,Rosario
2026-09-05,22:20:09,311000195,CS SARAFINA,Rosario
2026-09-05,22:20:09,256685000,RODINA,Rosario
2026-09-05,22:20:09,7010004,,Rosario
2026-09-05,22:20:09,352001142,GLORY FIRST,Rosario
2026-09-05,22:20:09,636024043,TG CRAB,Rosario
2026-09-05,22:20:09,538004184,BLACK PEARL,Rosario
2026-09-05,22:20:09,755000020,AGUARA,Rosario
2026-09-05,22:20:09,538090690,LEONARDO,Rosario
2026-09-05,22:20:09,255916599,RANA,Rosario
2026-09-05,22:20:09,241624000,LEGEND,Rosario
2026-09-05,22:20:09,563033900,TORM SUPREME,Rosario
2026-09-05,22:20:09,311001602,SAGA ANDORINHA,Rosario
2026-09-05,22:20:09,755991013,,Rosario
2026-09-05,22:20:09,636023426,TOUBKAL PARK,Rosario
2026-09-05,22:20:09,352006388,NORSE BORNHOLM,Rosario
2026-09-05,22:20:09,538008276,PORT IMABARI,Rosario
2026-09-05,22:20:09,352006096,PALEXPO,Rosario
2026-09-05,22:20:09,538012594,KAPETANIOS,Rosario
2026-09-05,22:20:09,563163900,ANNA SCHULTE,Rosario
2026-09-05,22:20:09,355174000,APOGEE SPIRIT,Rosario
2026-09-05,22:20:09,538008936,SOUND YOUNG,Rosario
2026-09-05,22:20:09,755088000,DECATUR LADY,Rosario
2026-09-05,22:20:09,563054100,MTM BIG APPLE,Rosario
2026-09-05,22:20:09,701006310,ARGENTINO I,Rosario
2026-09-05,22:20:09,636015971,STOLT ZULU,Rosario
2026-09-05,22:20:09,701006245,SAN JOSE V,Rosario
2026-09-05,22:20:09,564751000,MTM NEW YORK,Rosario
2026-09-05,22:20:09,636023897,ANNELIESE,Rosario
2026-09-05,22:20:09,701006926,FAVORITO SAN ANTONIO,Rosario
2026-09-05,22:20:09,636015600,F. F GLORY,Rosario
2026-09-05,22:20:09,701006396,VB RECOLETA,Rosario
2026-09-05,22:20:09,477932500,ROSCO BANYAN,Rosario
2026-09-05,22:20:09,701001404,GUAZU PUCU,Rosario
2026-09-05,22:20:09,253454000,,DelGuazu
2026-09-05,22:20:09,538010532,,DelGuazu
2026-09-05,22:20:09,636024379,STAR WESTPORT,DelGuazu
2026-09-05,22:20:09,352004819,CL KIWAMI,DelGuazu
2026-09-05,22:20:09,352006380,CL KIBOU,DelGuazu
2026-09-05,22:20:09,636025133,YAMI BENEFIT,DelGuazu
2026-09-05,22:20:09,701583000,GC70 RI0 DE LA PLATA,BellaVista
2026-09-05,22:20:09,755170000,DONA MARGIE,BellaVista
2026-09-05,22:20:09,755022000,R/E CAVALIER XI,BellaVista
2026-09-05,22:20:09,701001056,ENRICO H,BellaVista
2026-09-05,22:20:09,755084000,RIO DE LA PLATA,BellaVista
2026-09-05,22:20:09,755707081,IB ENCARNACION,BellaVista
2026-09-05,22:20:09,755002941,HERKULES IV,BellaVista
2026-09-05,22:20:09,755136000,IMPALA LADARIO,BellaVista
2026-09-05,22:20:09,755201114,AGUILUCHO,BellaVista
2026-09-05,22:20:09,755048000,ITAPUA I,BellaVista
2026-09-05,22:20:09,755004318,NAUTIC TWIN,BellaVista
2026-09-05,22:30:11,701006310,ARGENTINO I,SanLorenzo
2026-09-05,22:30:11,255915742,BOCHEM CASABLANCA,SanLorenzo
2026-09-05,22:30:11,477754600,MAERSK VENEZIA,SanLorenzo
2026-09-05,22:30:11,538012594,KAPETANIOS,SanLorenzo
2026-09-05,22:30:11,701503000,GC77 GFO SAN MATIAS,SanLorenzo
2026-09-05,22:30:11,563169800,RUBY,SanLorenzo
2026-09-05,22:30:11,538006458,ODYSSEUS N,SanLorenzo
2026-09-05,22:30:11,563151400,FRANCESCO,SanLorenzo
2026-09-05,22:30:11,538004481,AGIA PARASKEVI,SanLorenzo
2026-09-05,22:30:11,538006504,DANK SILVER,SanLorenzo
2026-09-05,22:30:11,257897000,BOW FIRDA,SanLorenzo
2026-09-05,22:30:11,341694002,H7 HSB5,SanLorenzo
2026-09-05,22:30:11,314952000,DSM HARBOUR,SanLorenzo
2026-09-05,22:30:11,538010750,TOKYO SPIRIT,SanLorenzo
2026-09-05,22:30:11,636024698,MC CALYPSO,SanLorenzo
2026-09-05,22:30:11,636093258,EMMA JANNEKE,SanLorenzo
2026-09-05,22:30:11,538008779,LIVADI,SanLorenzo
2026-09-05,22:30:11,311000195,CS SARAFINA,SanLorenzo
2026-09-05,22:30:11,256685000,RODINA,SanLorenzo
2026-09-05,22:30:11,636024043,TG CRAB,SanLorenzo
2026-09-05,22:30:11,563234800,IVS DUNES,SanLorenzo
2026-09-05,22:30:11,351011000,OCEAN CROWN,SanLorenzo
2026-09-05,22:30:11,538090690,LEONARDO,SanLorenzo
2026-09-05,22:30:11,7010004,,SanLorenzo
2026-09-05,22:30:11,241624000,LEGEND,SanLorenzo
2026-09-05,22:30:11,255916599,RANA,SanLorenzo
2026-09-05,22:30:11,352004948,OBE UNITY,SanLorenzo
2026-09-05,22:30:11,352006388,NORSE BORNHOLM,SanLorenzo
2026-09-05,22:30:11,636023426,TOUBKAL PARK,SanLorenzo
2026-09-05,22:30:11,352006096,PALEXPO,SanLorenzo
2026-09-05,22:30:11,755032000,RUBEN H,SanLorenzo
2026-09-05,22:30:11,538009801,HELIOS,SanLorenzo
2026-09-05,22:30:11,355174000,APOGEE SPIRIT,SanLorenzo
2026-09-05,22:30:11,701001307,MAX DREAM,SanLorenzo
2026-09-05,22:30:11,538008936,SOUND YOUNG,SanLorenzo
2026-09-05,22:30:11,701006966,TIGRE,SanLorenzo
2026-09-05,22:30:11,755000020,AGUARA,SanLorenzo
2026-09-05,22:30:11,755177000,CABALLERO BLANCO.,SanLorenzo
2026-09-05,22:30:11,755088000,DECATUR LADY,SanLorenzo
2026-09-05,22:30:11,563054100,MTM BIG APPLE,SanLorenzo
2026-09-05,22:30:11,755991013,PUMA,SanLorenzo
2026-09-05,22:30:11,701006245,SAN JOSE V,SanLorenzo
2026-09-05,22:30:11,701006670,BRUTUS,SanLorenzo
2026-09-05,22:30:11,636015971,STOLT ZULU,SanLorenzo
2026-09-05,22:30:11,701006926,FAVORITO SAN ANTONIO,SanLorenzo
2026-09-05,22:30:11,636023897,ANNELIESE,SanLorenzo
2026-09-05,22:30:11,701006396,VB RECOLETA,SanLorenzo
2026-09-05,22:30:11,477932500,ROSCO BANYAN,SanLorenzo
2026-09-05,22:30:11,701001057,VALENTINA H,SanLorenzo
2026-09-05,22:30:11,636015600,F. F GLORY,SanLorenzo
2026-09-05,22:30:11,720671000,IB ROSARIO,SanLorenzo
2026-09-05,22:30:11,755001797,PARAPITI.,SanLorenzo
2026-09-05,22:30:11,755703668,URUTAU,SanLorenzo
2026-09-05,22:30:11,563033900,TORM SUPREME,SanLorenzo
2026-09-05,22:30:11,755134000,LADOCE H,SanLorenzo
2026-09-05,22:30:11,701006443,MAYU,SanLorenzo
2026-09-05,22:30:11,701001404,GUAZU PUCU,SanLorenzo
2026-09-05,22:30:11,538009801,,Rosario
2026-09-05,22:30:11,563163900,ANNA SCHULTE,Rosario
2026-09-05,22:30:11,563033900,TORM SUPREME,Rosario
2026-09-05,22:30:11,701503000,GC77 GFO SAN MATIAS,Rosario
2026-09-05,22:30:11,538006458,ODYSSEUS N,Rosario
2026-09-05,22:30:11,563151400,FRANCESCO,Rosario
2026-09-05,22:30:11,311001602,SAGA ANDORINHA,Rosario
2026-09-05,22:30:11,477754600,MAERSK VENEZIA,Rosario
2026-09-05,22:30:11,538006504,DANK SILVER,Rosario
2026-09-05,22:30:11,257897000,BOW FIRDA,Rosario
2026-09-05,22:30:11,314952000,DSM HARBOUR,Rosario
2026-09-05,22:30:11,538010750,TOKYO SPIRIT,Rosario
2026-09-05,22:30:11,538008779,LIVADI,Rosario
2026-09-05,22:30:11,755001797,,Rosario
2026-09-05,22:30:11,311000195,CS SARAFINA,Rosario
2026-09-05,22:30:11,256685000,RODINA,Rosario
2026-09-05,22:30:11,636024043,TG CRAB,Rosario
2026-09-05,22:30:11,352001142,GLORY FIRST,Rosario
2026-09-05,22:30:11,538090690,LEONARDO,Rosario
2026-09-05,22:30:11,255916599,RANA,Rosario
2026-09-05,22:30:11,7010004,,Rosario
2026-09-05,22:30:11,241624000,LEGEND,Rosario
2026-09-05,22:30:11,352006388,NORSE BORNHOLM,Rosario
2026-09-05,22:30:11,636023426,TOUBKAL PARK,Rosario
2026-09-05,22:30:11,352006096,PALEXPO,Rosario
2026-09-05,22:30:11,538008276,PORT IMABARI,Rosario
2026-09-05,22:30:11,720671000,,Rosario
2026-09-05,22:30:11,538012594,KAPETANIOS,Rosario
2026-09-05,22:30:11,564751000,MTM NEW YORK,Rosario
2026-09-05,22:30:11,355174000,APOGEE SPIRIT,Rosario
2026-09-05,22:30:11,755000020,AGUARA,Rosario
2026-09-05,22:30:11,538008936,SOUND YOUNG,Rosario
2026-09-05,22:30:11,636023897,ANNELIESE,Rosario
2026-09-05,22:30:11,701006396,VB RECOLETA,Rosario
2026-09-05,22:30:11,701006310,ARGENTINO I,Rosario
2026-09-05,22:30:11,755088000,DECATUR LADY,Rosario
2026-09-05,22:30:11,563054100,MTM BIG APPLE,Rosario
2026-09-05,22:30:11,701006245,SAN JOSE V,Rosario
2026-09-05,22:30:11,701006670,BRUTUS,Rosario
2026-09-05,22:30:11,636015971,STOLT ZULU,Rosario
2026-09-05,22:30:11,701006926,FAVORITO SAN ANTONIO,Rosario
2026-09-05,22:30:11,636015600,F. F GLORY,Rosario
2026-09-05,22:30:11,477932500,ROSCO BANYAN,Rosario
2026-09-05,22:30:11,701001404,GUAZU PUCU,Rosario
2026-09-05,22:30:11,253454000,,DelGuazu
2026-09-05,22:30:11,352004819,CL KIWAMI,DelGuazu
2026-09-05,22:30:11,373240000,,DelGuazu
2026-09-05,22:30:11,636025133,YAMI BENEFIT,DelGuazu
2026-09-05,22:30:11,636024379,STAR WESTPORT,DelGuazu
2026-09-05,22:30:11,352006380,CL KIBOU,DelGuazu
2026-09-05,22:30:11,636025133,,Braga
2026-09-05,22:30:11,701583000,GC70 RI0 DE LA PLATA,BellaVista
2026-09-05,22:30:11,755045000,BRUTUS H,BellaVista
2026-09-05,22:30:11,755048000,ITAPUA I,BellaVista
2026-09-05,22:30:11,755170000,DONA MARGIE,BellaVista
2026-09-05,22:30:11,755004318,NAUTIC TWIN,BellaVista
2026-09-05,22:30:11,755022000,R/E CAVALIER XI,BellaVista
2026-09-05,22:30:11,755084000,RIO DE LA PLATA,BellaVista
2026-09-05,22:30:11,755201114,AGUILUCHO,BellaVista
2026-09-05,22:30:11,755136000,IMPALA LADARIO,BellaVista
2026-09-05,22:30:11,755002941,HERKULES IV,BellaVista
2026-09-05,22:40:09,255915742,BOCHEM CASABLANCA,SanLorenzo
2026-09-05,22:40:09,538010750,TOKYO SPIRIT,SanLorenzo
2026-09-05,22:40:09,755032000,RUBEN H,SanLorenzo
2026-09-05,22:40:09,477932500,ROSCO BANYAN,SanLorenzo
2026-09-05,22:40:09,701503000,GC77 GFO SAN MATIAS,SanLorenzo
2026-09-05,22:40:09,563169800,RUBY,SanLorenzo
2026-09-05,22:40:09,538006458,ODYSSEUS N,SanLorenzo
2026-09-05,22:40:09,563151400,FRANCESCO,SanLorenzo
2026-09-05,22:40:09,477754600,MAERSK VENEZIA,SanLorenzo
2026-09-05,22:40:09,538006504,DANK SILVER,SanLorenzo
2026-09-05,22:40:09,538004481,AGIA PARASKEVI,SanLorenzo
2026-09-05,22:40:09,257897000,BOW FIRDA,SanLorenzo
2026-09-05,22:40:09,314952000,DSM HARBOUR,SanLorenzo
2026-09-05,22:40:09,636024698,MC CALYPSO,SanLorenzo
2026-09-05,22:40:09,636093258,EMMA JANNEKE,SanLorenzo
2026-09-05,22:40:09,538008779,LIVADI,SanLorenzo
2026-09-05,22:40:09,256685000,RODINA,SanLorenzo
2026-09-05,22:40:09,311000195,CS SARAFINA,SanLorenzo
2026-09-05,22:40:09,636024043,TG CRAB,SanLorenzo
2026-09-05,22:40:09,563234800,IVS DUNES,SanLorenzo
2026-09-05,22:40:09,538004184,BLACK PEARL,SanLorenzo
2026-09-05,22:40:09,351011000,OCEAN CROWN,SanLorenzo
2026-09-05,22:40:09,255916599,RANA,SanLorenzo
2026-09-05,22:40:09,538090690,LEONARDO,SanLorenzo
2026-09-05,22:40:09,7010004,,SanLorenzo
2026-09-05,22:40:09,241624000,LEGEND,SanLorenzo
2026-09-05,22:40:09,341694002,H7 HSB5,SanLorenzo
2026-09-05,22:40:09,352004948,OBE UNITY,SanLorenzo
2026-09-05,22:40:09,352006388,NORSE BORNHOLM,SanLorenzo
2026-09-05,22:40:09,636023426,TOUBKAL PARK,SanLorenzo
2026-09-05,22:40:09,352006096,PALEXPO,SanLorenzo
2026-09-05,22:40:09,538012594,KAPETANIOS,SanLorenzo
2026-09-05,22:40:09,701001307,MAX DREAM,SanLorenzo
2026-09-05,22:40:09,538009801,HELIOS,SanLorenzo
2026-09-05,22:40:09,563163900,ANNA SCHULTE,SanLorenzo
2026-09-05,22:40:09,355174000,APOGEE SPIRIT,SanLorenzo
2026-09-05,22:40:09,538008936,SOUND YOUNG,SanLorenzo
2026-09-05,22:40:09,720035000,CANTAGALLO,SanLorenzo
2026-09-05,22:40:09,755177000,CABALLERO BLANCO.,SanLorenzo
2026-09-05,22:40:09,755088000,DECATUR LADY,SanLorenzo
2026-09-05,22:40:09,563054100,MTM BIG APPLE,SanLorenzo
2026-09-05,22:40:09,755991013,PUMA,SanLorenzo
2026-09-05,22:40:09,701006670,BRUTUS,SanLorenzo
2026-09-05,22:40:09,701006966,TIGRE,SanLorenzo
2026-09-05,22:40:09,701006245,SAN JOSE V,SanLorenzo
2026-09-05,22:40:09,636023897,ANNELIESE,SanLorenzo
2026-09-05,22:40:09,701006926,FAVORITO SAN ANTONIO,SanLorenzo
2026-09-05,22:40:09,636015600,F. F GLORY,SanLorenzo
2026-09-05,22:40:09,701006396,VB RECOLETA,SanLorenzo
2026-09-05,22:40:09,701001404,GUAZU PUCU,SanLorenzo
2026-09-05,22:40:09,701001057,VALENTINA H,SanLorenzo
2026-09-05,22:40:09,636015971,STOLT ZULU,SanLorenzo
2026-09-05,22:40:09,720671000,IB ROSARIO,SanLorenzo
2026-09-05,22:40:09,755703668,URUTAU,SanLorenzo
2026-09-05,22:40:09,755001797,PARAPITI.,SanLorenzo
2026-09-05,22:40:09,538011430,SOFIA,SanLorenzo
2026-09-05,22:40:09,755134000,LADOCE H,SanLorenzo
2026-09-05,22:40:09,701006443,MAYU,SanLorenzo
2026-09-05,22:40:09,755000020,AGUARA,SanLorenzo
2026-09-05,22:40:09,563033900,TORM SUPREME,SanLorenzo
2026-09-05,22:40:09,701006310,ARGENTINO I,Rosario
2026-09-05,22:40:09,311001602,SAGA ANDORINHA,Rosario
2026-09-05,22:40:09,257897000,BOW FIRDA,Rosario
2026-09-05,22:40:09,538006504,DANK SILVER,Rosario
2026-09-05,22:40:09,538010750,TOKYO SPIRIT,Rosario
2026-09-05,22:40:09,314952000,DSM HARBOUR,Rosario
2026-09-05,22:40:09,538008779,LIVADI,Rosario
2026-09-05,22:40:09,256685000,RODINA,Rosario
2026-09-05,22:40:09,352001142,GLORY FIRST,Rosario
2026-09-05,22:40:09,755991013,,Rosario
2026-09-05,22:40:09,755000020,AGUARA,Rosario
2026-09-05,22:40:09,477932500,ROSCO BANYAN,Rosario
2026-09-05,22:40:09,701503000,GC77 GFO SAN MATIAS,Rosario
2026-09-05,22:40:09,538006458,ODYSSEUS N,Rosario
2026-09-05,22:40:09,563151400,FRANCESCO,Rosario
2026-09-05,22:40:09,477754600,MAERSK VENEZIA,Rosario
2026-09-05,22:40:09,311000195,CS SARAFINA,Rosario
2026-09-05,22:40:09,636024043,TG CRAB,Rosario
2026-09-05,22:40:09,538004184,BLACK PEARL,Rosario
2026-09-05,22:40:09,720671000,,Rosario
2026-09-05,22:40:09,255916599,RANA,Rosario
2026-09-05,22:40:09,538090690,LEONARDO,Rosario
2026-09-05,22:40:09,7010004,,Rosario
2026-09-05,22:40:09,241624000,LEGEND,Rosario
2026-09-05,22:40:09,352006388,NORSE BORNHOLM,Rosario
2026-09-05,22:40:09,636023426,TOUBKAL PARK,Rosario
2026-09-05,22:40:09,538008276,PORT IMABARI,Rosario
2026-09-05,22:40:09,352006096,PALEXPO,Rosario
2026-09-05,22:40:09,538012594,KAPETANIOS,Rosario
2026-09-05,22:40:09,701006396,VB RECOLETA,Rosario
2026-09-05,22:40:09,538009801,,Rosario
2026-09-05,22:40:09,564751000,MTM NEW YORK,Rosario
2026-09-05,22:40:09,563163900,ANNA SCHULTE,Rosario
2026-09-05,22:40:09,355174000,APOGEE SPIRIT,Rosario
2026-09-05,22:40:09,538008936,SOUND YOUNG,Rosario
2026-09-05,22:40:09,636023897,ANNELIESE,Rosario
2026-09-05,22:40:09,755088000,DECATUR LADY,Rosario
2026-09-05,22:40:09,563054100,MTM BIG APPLE,Rosario
2026-09-05,22:40:09,701006245,SAN JOSE V,Rosario
2026-09-05,22:40:09,701006670,BRUTUS,Rosario
2026-09-05,22:40:09,701006926,FAVORITO SAN ANTONIO,Rosario
2026-09-05,22:40:09,636015971,STOLT ZULU,Rosario
2026-09-05,22:40:09,636015600,F. F GLORY,Rosario
2026-09-05,22:40:09,538011430,SOFIA,Rosario
2026-09-05,22:40:09,701001404,GUAZU PUCU,Rosario
2026-09-05,22:40:09,352004819,,DelGuazu
2026-09-05,22:40:09,357232000,,DelGuazu
2026-09-05,22:40:09,373240000,,DelGuazu
2026-09-05,22:40:09,636025133,YAMI BENEFIT,DelGuazu
2026-09-05,22:40:09,538010532,,DelGuazu
2026-09-05,22:40:09,636024379,STAR WESTPORT,DelGuazu
2026-09-05,22:40:09,352006380,CL KIBOU,DelGuazu
2026-09-05,22:40:09,636024379,,Braga
2026-09-05,22:40:09,352006380,,Braga
2026-09-05,22:40:09,636025133,,Braga
2026-09-05,22:40:09,701583000,GC70 RI0 DE LA PLATA,BellaVista
2026-09-05,22:40:09,701001459,,BellaVista
2026-09-05,22:40:09,755045000,BRUTUS H,BellaVista
2026-09-05,22:40:09,755048000,ITAPUA I,BellaVista
2026-09-05,22:40:09,755170000,DONA MARGIE,BellaVista
2026-09-05,22:40:09,755084000,RIO DE LA PLATA,BellaVista
2026-09-05,22:40:09,755004318,NAUTIC TWIN,BellaVista
2026-09-05,22:40:09,755022000,R/E CAVALIER XI,BellaVista
2026-09-05,22:40:09,755707081,IB ENCARNACION,BellaVista
2026-09-05,22:40:09,755002941,HERKULES IV,BellaVista
2026-09-05,22:40:09,755136000,IMPALA LADARIO,BellaVista
2026-09-05,22:40:09,755201114,AGUILUCHO,BellaVista
2026-09-05,22:50:11,477754600,MAERSK VENEZIA,SanLorenzo
2026-09-05,22:50:11,477932500,ROSCO BANYAN,SanLorenzo
2026-09-05,22:50:11,701503000,GC77 GFO SAN MATIAS,SanLorenzo
2026-09-05,22:50:11,538006458,ODYSSEUS N,SanLorenzo
2026-09-05,22:50:11,563169800,RUBY,SanLorenzo
2026-09-05,22:50:11,538004481,AGIA PARASKEVI,SanLorenzo
2026-09-05,22:50:11,538008779,LIVADI,SanLorenzo
2026-09-05,22:50:11,563151400,FRANCESCO,SanLorenzo
2026-09-05,22:50:11,538006504,DANK SILVER,SanLorenzo
2026-09-05,22:50:11,257897000,BOW FIRDA,SanLorenzo
2026-09-05,22:50:11,538010750,TOKYO SPIRIT,SanLorenzo
2026-09-05,22:50:11,314952000,DSM HARBOUR,SanLorenzo
2026-09-05,22:50:11,636024698,MC CALYPSO,SanLorenzo
2026-09-05,22:50:11,636093258,EMMA JANNEKE,SanLorenzo
2026-09-05,22:50:11,256685000,RODINA,SanLorenzo
2026-09-05,22:50:11,311000195,CS SARAFINA,SanLorenzo
2026-09-05,22:50:11,636024043,TG CRAB,SanLorenzo
2026-09-05,22:50:11,563234800,IVS DUNES,SanLorenzo
2026-09-05,22:50:11,351011000,OCEAN CROWN,SanLorenzo
2026-09-05,22:50:11,755032000,RUBEN H,SanLorenzo
2026-09-05,22:50:11,538090690,LEONARDO,SanLorenzo
2026-09-05,22:50:11,255916599,RANA,SanLorenzo
2026-09-05,22:50:11,241624000,LEGEND,SanLorenzo
2026-09-05,22:50:11,341694002,H7 HSB5,SanLorenzo
2026-09-05,22:50:11,352004948,OBE UNITY,SanLorenzo
2026-09-05,22:50:11,701006966,TIGRE,SanLorenzo
2026-09-05,22:50:11,636023426,TOUBKAL PARK,SanLorenzo
2026-09-05,22:50:11,352006388,NORSE BORNHOLM,SanLorenzo
2026-09-05,22:50:11,352006096,PALEXPO,SanLorenzo
2026-09-05,22:50:11,538012594,KAPETANIOS,SanLorenzo
2026-09-05,22:50:11,538009801,HELIOS,SanLorenzo
2026-09-05,22:50:11,563163900,ANNA SCHULTE,SanLorenzo
2026-09-05,22:50:11,755703668,URUTAU,SanLorenzo
2026-09-05,22:50:11,355174000,APOGEE SPIRIT,SanLorenzo
2026-09-05,22:50:11,755000020,AGUARA,SanLorenzo
2026-09-05,22:50:11,538008936,SOUND YOUNG,SanLorenzo
2026-09-05,22:50:11,563054100,MTM BIG APPLE,SanLorenzo
2026-09-05,22:50:11,720035000,CANTAGALLO,SanLorenzo
2026-09-05,22:50:11,701006245,SAN JOSE V,SanLorenzo
2026-09-05,22:50:11,755088000,DECATUR LADY,SanLorenzo
2026-09-05,22:50:11,755177000,CABALLERO BLANCO.,SanLorenzo
2026-09-05,22:50:11,755991013,PUMA,SanLorenzo
2026-09-05,22:50:11,701006670,BRUTUS,SanLorenzo
2026-09-05,22:50:11,636015971,STOLT ZULU,SanLorenzo
2026-09-05,22:50:11,636023897,ANNELIESE,SanLorenzo
2026-09-05,22:50:11,701006926,FAVORITO SAN ANTONIO,SanLorenzo
2026-09-05,22:50:11,636015600,F. F GLORY,SanLorenzo
2026-09-05,22:50:11,701006396,VB RECOLETA,SanLorenzo
2026-09-05,22:50:11,701001404,GUAZU PUCU,SanLorenzo
2026-09-05,22:50:11,701001307,MAX DREAM,SanLorenzo
2026-09-05,22:50:11,701001057,VALENTINA H,SanLorenzo
2026-09-05,22:50:11,720671000,IB ROSARIO,SanLorenzo
2026-09-05,22:50:11,563033900,TORM SUPREME,SanLorenzo
2026-09-05,22:50:11,755001797,PARAPITI.,SanLorenzo
2026-09-05,22:50:11,701006443,MAYU,SanLorenzo
2026-09-05,22:50:11,7010004,,SanLorenzo
2026-09-05,22:50:11,755134000,LADOCE H,SanLorenzo
2026-09-05,22:50:11,538009801,HELIOS,Rosario
2026-09-05,22:50:11,755001797,,Rosario
2026-09-05,22:50:11,755002470,,Rosario
2026-09-05,22:50:11,477932500,ROSCO BANYAN,Rosario
2026-09-05,22:50:11,701503000,GC77 GFO SAN MATIAS,Rosario
2026-09-05,22:50:11,538006458,ODYSSEUS N,Rosario
2026-09-05,22:50:11,563151400,FRANCESCO,Rosario
2026-09-05,22:50:11,477754600,MAERSK VENEZIA,Rosario
2026-09-05,22:50:11,311001602,SAGA ANDORINHA,Rosario
2026-09-05,22:50:11,538006504,DANK SILVER,Rosario
2026-09-05,22:50:11,257897000,BOW FIRDA,Rosario
2026-09-05,22:50:11,755991013,,Rosario
2026-09-05,22:50:11,538010750,TOKYO SPIRIT,Rosario
2026-09-05,22:50:11,314952000,DSM HARBOUR,Rosario
2026-09-05,22:50:11,256685000,RODINA,Rosario
2026-09-05,22:50:11,538008779,LIVADI,Rosario
2026-09-05,22:50:11,311000195,CS SARAFINA,Rosario
2026-09-05,22:50:11,352001142,GLORY FIRST,Rosario
2026-09-05,22:50:11,636024043,TG CRAB,Rosario
2026-09-05,22:50:11,720671000,,Rosario
2026-09-05,22:50:11,564751000,MTM NEW YORK,Rosario
2026-09-05,22:50:11,701006679,,Rosario
2026-09-05,22:50:11,563054100,MTM BIG APPLE,Rosario
2026-09-05,22:50:11,538090690,LEONARDO,Rosario
2026-09-05,22:50:11,255916599,RANA,Rosario
2026-09-05,22:50:11,241624000,LEGEND,Rosario
2026-09-05,22:50:11,636023426,TOUBKAL PARK,Rosario
2026-09-05,22:50:11,538008276,PORT IMABARI,Rosario
2026-09-05,22:50:11,352006388,NORSE BORNHOLM,Rosario
2026-09-05,22:50:11,352006096,PALEXPO,Rosario
2026-09-05,22:50:11,538012594,KAPETANIOS,Rosario
2026-09-05,22:50:11,563163900,ANNA SCHULTE,Rosario
2026-09-05,22:50:11,355174000,APOGEE SPIRIT,Rosario
2026-09-05,22:50:11,701006310,,Rosario
2026-09-05,22:50:11,538008936,SOUND YOUNG,Rosario
2026-09-05,22:50:11,755000020,,Rosario
2026-09-05,22:50:11,701006245,SAN JOSE V,Rosario
2026-09-05,22:50:11,755088000,DECATUR LADY,Rosario
2026-09-05,22:50:11,701006670,BRUTUS,Rosario
2026-09-05,22:50:11,636015971,STOLT ZULU,Rosario
2026-09-05,22:50:11,636023897,ANNELIESE,Rosario
2026-09-05,22:50:11,701006926,FAVORITO SAN ANTONIO,Rosario
2026-09-05,22:50:11,636015600,F. F GLORY,Rosario
2026-09-05,22:50:11,701006396,VB RECOLETA,Rosario
2026-09-05,22:50:11,701001404,GUAZU PUCU,Rosario
2026-09-05,22:50:11,7010004,,Rosario
2026-09-05,22:50:11,538010532,,DelGuazu
2026-09-05,22:50:11,373240000,,DelGuazu
2026-09-05,22:50:11,357232000,,DelGuazu
2026-09-05,22:50:11,636025133,YAMI BENEFIT,DelGuazu
2026-09-05,22:50:11,636024379,STAR WESTPORT,DelGuazu
2026-09-05,22:50:11,352006380,CL KIBOU,DelGuazu
2026-09-05,22:50:11,636025133,,Braga
2026-09-05,22:50:11,352006380,,Braga
2026-09-05,22:50:11,636024379,,Braga
2026-09-05,22:50:11,701583000,GC70 RI0 DE LA PLATA,BellaVista
2026-09-05,22:50:11,701001459,,BellaVista
2026-09-05,22:50:11,755045000,BRUTUS H,BellaVista
2026-09-05,22:50:11,755136000,IMPALA LADARIO,BellaVista
2026-09-05,22:50:11,755048000,ITAPUA I,BellaVista
2026-09-05,22:50:11,755170000,DONA MARGIE,BellaVista
2026-09-05,22:50:11,755004318,NAUTIC TWIN,BellaVista
2026-09-05,22:50:11,755022000,R/E CAVALIER XI,BellaVista
2026-09-05,22:50:11,755084000,RIO DE LA PLATA,BellaVista
2026-09-05,22:50:11,755707081,IB ENCARNACION,BellaVista
2026-09-05,22:50:11,755002941,HERKULES IV,BellaVista
2026-09-05,22:50:11,755201114,AGUILUCHO,BellaVista
2026-09-05,23:00:15,255915742,BOCHEM CASABLANCA,SanLorenzo
2026-09-05,23:00:15,477754600,MAERSK VENEZIA,SanLorenzo
2026-09-05,23:00:15,538004481,AGIA PARASKEVI,SanLorenzo
2026-09-05,23:00:15,538010750,TOKYO SPIRIT,SanLorenzo
2026-09-05,23:00:15,563234800,IVS DUNES,SanLorenzo
2026-09-05,23:00:15,352006388,NORSE BORNHOLM,SanLorenzo
2026-09-05,23:00:15,701503000,GC77 GFO SAN MATIAS,SanLorenzo
2026-09-05,23:00:15,538006458,ODYSSEUS N,SanLorenzo
2026-09-05,23:00:15,563169800,RUBY,SanLorenzo
2026-09-05,23:00:15,563151400,FRANCESCO,SanLorenzo
2026-09-05,23:00:15,257897000,BOW FIRDA,SanLorenzo
2026-09-05,23:00:15,538006504,DANK SILVER,SanLorenzo
2026-09-05,23:00:15,636024698,MC CALYPSO,SanLorenzo
2026-09-05,23:00:15,636093258,EMMA JANNEKE,SanLorenzo
2026-09-05,23:00:15,538008779,LIVADI,SanLorenzo
2026-09-05,23:00:15,311000195,CS SARAFINA,SanLorenzo
2026-09-05,23:00:15,256685000,RODINA,SanLorenzo
2026-09-05,23:00:15,636024043,TG CRAB,SanLorenzo
2026-09-05,23:00:15,351011000,OCEAN CROWN,SanLorenzo
2026-09-05,23:00:15,538090690,LEONARDO,SanLorenzo
2026-09-05,23:00:15,255916599,RANA,SanLorenzo
2026-09-05,23:00:15,241624000,LEGEND,SanLorenzo
2026-09-05,23:00:15,352004948,OBE UNITY,SanLorenzo
2026-09-05,23:00:15,7010004,,SanLorenzo
2026-09-05,23:00:15,352006096,PALEXPO,SanLorenzo
2026-09-05,23:00:15,636023426,TOUBKAL PARK,SanLorenzo
2026-09-05,23:00:15,538012594,KAPETANIOS,SanLorenzo
2026-09-05,23:00:15,538009801,HELIOS,SanLorenzo
2026-09-05,23:00:15,563163900,ANNA SCHULTE,SanLorenzo
2026-09-05,23:00:15,355174000,APOGEE SPIRIT,SanLorenzo
2026-09-05,23:00:15,538008936,SOUND YOUNG,SanLorenzo
2026-09-05,23:00:15,701006966,TIGRE,SanLorenzo
2026-09-05,23:00:15,563054100,MTM BIG APPLE,SanLorenzo
2026-09-05,23:00:15,755177000,CABALLERO BLANCO.,SanLorenzo
2026-09-05,23:00:15,755088000,DECATUR LADY,SanLorenzo
2026-09-05,23:00:15,701006670,BRUTUS,SanLorenzo
2026-09-05,23:00:15,755991013,PUMA,SanLorenzo
2026-09-05,23:00:15,341694002,H7 HSB5,SanLorenzo
2026-09-05,23:00:15,720035000,CANTAGALLO,SanLorenzo
2026-09-05,23:00:15,701006245,SAN JOSE V,SanLorenzo
2026-09-05,23:00:15,314952000,DSM HARBOUR,SanLorenzo
2026-09-05,23:00:15,701001307,MAX DREAM,SanLorenzo
2026-09-05,23:00:15,701006926,FAVORITO SAN ANTONIO,SanLorenzo
2026-09-05,23:00:15,636015600,F. F GLORY,SanLorenzo
2026-09-05,23:00:15,636023897,ANNELIESE,SanLorenzo
2026-09-05,23:00:15,477932500,ROSCO BANYAN,SanLorenzo
2026-09-05,23:00:15,701001057,VALENTINA H,SanLorenzo
2026-09-05,23:00:15,538004184,BLACK PEARL,SanLorenzo
2026-09-05,23:00:15,701001404,GUAZU PUCU,SanLorenzo
2026-09-05,23:00:15,563033900,TORM SUPREME,SanLorenzo
2026-09-05,23:00:15,636015971,STOLT ZULU,SanLorenzo
2026-09-05,23:00:15,701006396,VB RECOLETA,SanLorenzo
2026-09-05,23:00:15,720671000,IB ROSARIO,SanLorenzo
2026-09-05,23:00:15,538011430,SOFIA,SanLorenzo
2026-09-05,23:00:15,755001797,PARAPITI.,SanLorenzo
2026-09-05,23:00:15,755134000,LADOCE H,SanLorenzo
2026-09-05,23:00:15,755000020,AGUARA,SanLorenzo
2026-09-05,23:00:15,701006443,MAYU,SanLorenzo
2026-09-05,23:00:15,755000020,,Rosario
2026-09-05,23:00:15,720671000,,Rosario
2026-09-05,23:00:15,701001307,,Rosario
2026-09-05,23:00:15,701503000,GC77 GFO SAN MATIAS,Rosario
2026-09-05,23:00:15,563151400,FRANCESCO,Rosario
2026-09-05,23:00:15,538006458,ODYSSEUS N,Rosario
2026-09-05,23:00:15,311001602,SAGA ANDORINHA,Rosario
2026-09-05,23:00:15,477754600,MAERSK VENEZIA,Rosario
2026-09-05,23:00:15,257897000,BOW FIRDA,Rosario
2026-09-05,23:00:15,538006504,DANK SILVER,Rosario
2026-09-05,23:00:15,538010750,TOKYO SPIRIT,Rosario
2026-09-05,23:00:15,538008779,LIVADI,Rosario
2026-09-05,23:00:15,311000195,CS SARAFINA,Rosario
2026-09-05,23:00:15,256685000,RODINA,Rosario
2026-09-05,23:00:15,352001142,GLORY FIRST,Rosario
2026-09-05,23:00:15,636024043,TG CRAB,Rosario
2026-09-05,23:00:15,755002470,,Rosario
2026-09-05,23:00:15,538090690,LEONARDO,Rosario
2026-09-05,23:00:15,255916599,RANA,Rosario
2026-09-05,23:00:15,241624000,LEGEND,Rosario
2026-09-05,23:00:15,7010004,,Rosario
2026-09-05,23:00:15,352006096,PALEXPO,Rosario
2026-09-05,23:00:15,636023426,TOUBKAL PARK,Rosario
2026-09-05,23:00:15,538008276,PORT IMABARI,Rosario
2026-09-05,23:00:15,352006388,NORSE BORNHOLM,Rosario
2026-09-05,23:00:15,538012594,KAPETANIOS,Rosario
2026-09-05,23:00:15,538009801,HELIOS,Rosario
2026-09-05,23:00:15,563163900,ANNA SCHULTE,Rosario
2026-09-05,23:00:15,355174000,APOGEE SPIRIT,Rosario
2026-09-05,23:00:15,563054100,MTM BIG APPLE,Rosario
2026-09-05,23:00:15,701006245,SAN JOSE V,Rosario
2026-09-05,23:00:15,341694002,,Rosario
2026-09-05,23:00:15,314952000,DSM HARBOUR,Rosario
2026-09-05,23:00:15,564751000,MTM NEW YORK,Rosario
2026-09-05,23:00:15,538008936,SOUND YOUNG,Rosario
2026-09-05,23:00:15,755088000,DECATUR LADY,Rosario
2026-09-05,23:00:15,701006670,BRUTUS,Rosario
2026-09-05,23:00:15,538004184,BLACK PEARL,Rosario
2026-09-05,23:00:15,701006926,FAVORITO SAN ANTONIO,Rosario
2026-09-05,23:00:15,636015600,F. F GLORY,Rosario
2026-09-05,23:00:15,636015971,STOLT ZULU,Rosario
2026-09-05,23:00:15,636023897,ANNELIESE,Rosario
2026-09-05,23:00:15,477932500,ROSCO BANYAN,Rosario
2026-09-05,23:00:15,563033900,,Rosario
2026-09-05,23:00:15,701006396,VB RECOLETA,Rosario
2026-09-05,23:00:15,538011430,SOFIA,Rosario
2026-09-05,23:00:15,701001404,GUAZU PUCU,Rosario
2026-09-05,23:00:15,357232000,,DelGuazu
2026-09-05,23:00:15,229732000,,DelGuazu
2026-09-05,23:00:15,636025133,YAMI BENEFIT,DelGuazu
2026-09-05,23:00:15,636024379,STAR WESTPORT,DelGuazu
2026-09-05,23:00:15,352006380,CL KIBOU,DelGuazu
2026-09-05,23:00:15,701583000,GC70 RI0 DE LA PLATA,BellaVista
2026-09-05,23:00:15,701001459,,BellaVista
2026-09-05,23:00:15,755045000,BRUTUS H,BellaVista
2026-09-05,23:00:15,755170000,DONA MARGIE,BellaVista
2026-09-05,23:00:15,755048000,ITAPUA I,BellaVista
2026-09-05,23:00:15,755084000,RIO DE LA PLATA,BellaVista
2026-09-05,23:00:15,755004318,NAUTIC TWIN,BellaVista
2026-09-05,23:00:15,755022000,R/E CAVALIER XI,BellaVista
2026-09-05,23:00:15,755707081,IB ENCARNACION,BellaVista
2026-09-05,23:00:15,755201114,AGUILUCHO,BellaVista
2026-09-05,23:00:15,755002941,HERKULES IV,BellaVista
2026-09-05,23:10:09,477932500,ROSCO BANYAN,SanLorenzo
2026-09-05,23:10:09,701503000,GC77 GFO SAN MATIAS,SanLorenzo
2026-09-05,23:10:09,538006458,ODYSSEUS N,SanLorenzo
2026-09-05,23:10:09,563151400,FRANCESCO,SanLorenzo
2026-09-05,23:10:09,563169800,RUBY,SanLorenzo
2026-09-05,23:10:09,311001602,SAGA ANDORINHA,SanLorenzo
2026-09-05,23:10:09,477754600,MAERSK VENEZIA,SanLorenzo
2026-09-05,23:10:09,257897000,BOW FIRDA,SanLorenzo
2026-09-05,23:10:09,538006504,DANK SILVER,SanLorenzo
2026-09-05,23:10:09,538004481,AGIA PARASKEVI,SanLorenzo
2026-09-05,23:10:09,538010750,TOKYO SPIRIT,SanLorenzo
2026-09-05,23:10:09,636024698,MC CALYPSO,SanLorenzo
2026-09-05,23:10:09,636093258,EMMA JANNEKE,SanLorenzo
2026-09-05,23:10:09,311000195,CS SARAFINA,SanLorenzo
2026-09-05,23:10:09,538008779,LIVADI,SanLorenzo
2026-09-05,23:10:09,256685000,RODINA,SanLorenzo
2026-09-05,23:10:09,636024043,TG CRAB,SanLorenzo
2026-09-05,23:10:09,563234800,IVS DUNES,SanLorenzo
2026-09-05,23:10:09,351011000,OCEAN CROWN,SanLorenzo
2026-09-05,23:10:09,538090690,LEONARDO,SanLorenzo
2026-09-05,23:10:09,255916599,RANA,SanLorenzo
2026-09-05,23:10:09,241624000,LEGEND,SanLorenzo
2026-09-05,23:10:09,7010004,,SanLorenzo
2026-09-05,23:10:09,352004948,OBE UNITY,SanLorenzo
2026-09-05,23:10:09,352006388,NORSE BORNHOLM,SanLorenzo
2026-09-05,23:10:09,636023426,TOUBKAL PARK,SanLorenzo
2026-09-05,23:10:09,352006096,PALEXPO,SanLorenzo
2026-09-05,23:10:09,538012594,KAPETANIOS,SanLorenzo
2026-09-05,23:10:09,538009801,HELIOS,SanLorenzo
2026-09-05,23:10:09,563163900,ANNA SCHULTE,SanLorenzo
2026-09-05,23:10:09,355174000,APOGEE SPIRIT,SanLorenzo
2026-09-05,23:10:09,538008936,SOUND YOUNG,SanLorenzo
2026-09-05,23:10:09,701006443,MAYU,SanLorenzo
2026-09-05,23:10:09,720035000,CANTAGALLO,SanLorenzo
2026-09-05,23:10:09,755177000,CABALLERO BLANCO.,SanLorenzo
2026-09-05,23:10:09,755088000,DECATUR LADY,SanLorenzo
2026-09-05,23:10:09,701006245,SAN JOSE V,SanLorenzo
2026-09-05,23:10:09,755991013,PUMA,SanLorenzo
2026-09-05,23:10:09,341694002,H7 HSB5,SanLorenzo
2026-09-05,23:10:09,701006670,BRUTUS,SanLorenzo
2026-09-05,23:10:09,538004184,BLACK PEARL,SanLorenzo
2026-09-05,23:10:09,314952000,DSM HARBOUR,SanLorenzo
2026-09-05,23:10:09,701001307,MAX DREAM,SanLorenzo
2026-09-05,23:10:09,636023897,ANNELIESE,SanLorenzo
2026-09-05,23:10:09,701006926,FAVORITO SAN ANTONIO,SanLorenzo
2026-09-05,23:10:09,636015600,F. F GLORY,SanLorenzo
2026-09-05,23:10:09,701001404,GUAZU PUCU,SanLorenzo
2026-09-05,23:10:09,701001057,VALENTINA H,SanLorenzo
2026-09-05,23:10:09,701006966,TIGRE,SanLorenzo
2026-09-05,23:10:09,636015971,STOLT ZULU,SanLorenzo
2026-09-05,23:10:09,701006396,VB RECOLETA,SanLorenzo
2026-09-05,23:10:09,755001797,PARAPITI.,SanLorenzo
2026-09-05,23:10:09,720671000,IB ROSARIO,SanLorenzo
2026-09-05,23:10:09,563033900,TORM SUPREME,SanLorenzo
2026-09-05,23:10:09,755000020,AGUARA,SanLorenzo
2026-09-05,23:10:09,755134000,LADOCE H,SanLorenzo
2026-09-05,23:10:09,563054100,MTM BIG APPLE,SanLorenzo
2026-09-05,23:10:09,755991013,,Rosario
2026-09-05,23:10:09,564751000,MTM NEW YORK,Rosario
2026-09-05,23:10:09,755001797,,Rosario
2026-09-05,23:10:09,538009801,HELIOS,Rosario
2026-09-05,23:10:09,701001307,,Rosario
2026-09-05,23:10:09,477932500,ROSCO BANYAN,Rosario
2026-09-05,23:10:09,701503000,GC77 GFO SAN MATIAS,Rosario
2026-09-05,23:10:09,563151400,FRANCESCO,Rosario
2026-09-05,23:10:09,538006458,ODYSSEUS N,Rosario
2026-09-05,23:10:09,311001602,SAGA ANDORINHA,Rosario
2026-09-05,23:10:09,477754600,MAERSK VENEZIA,Rosario
2026-09-05,23:10:09,257897000,BOW FIRDA,Rosario
2026-09-05,23:10:09,538006504,DANK SILVER,Rosario
2026-09-05,23:10:09,538010750,TOKYO SPIRIT,Rosario
2026-09-05,23:10:09,538008779,LIVADI,Rosario
2026-09-05,23:10:09,311000195,CS SARAFINA,Rosario
2026-09-05,23:10:09,256685000,RODINA,Rosario
2026-09-05,23:10:09,352001142,GLORY FIRST,Rosario
2026-09-05,23:10:09,636024043,TG CRAB,Rosario
2026-09-05,23:10:09,538090690,LEONARDO,Rosario
2026-09-05,23:10:09,255916599,RANA,Rosario
2026-09-05,23:10:09,241624000,LEGEND,Rosario
2026-09-05,23:10:09,7010004,,Rosario
2026-09-05,23:10:09,352006388,NORSE BORNHOLM,Rosario
2026-09-05,23:10:09,636023426,TOUBKAL PARK,Rosario
2026-09-05,23:10:09,538008276,PORT IMABARI,Rosario
2026-09-05,23:10:09,352006096,PALEXPO,Rosario
2026-09-05,23:10:09,538012594,KAPETANIOS,Rosario
2026-09-05,23:10:09,563163900,ANNA SCHULTE,Rosario
2026-09-05,23:10:09,755000020,,Rosario
2026-09-05,23:10:09,355174000,APOGEE SPIRIT,Rosario
2026-09-05,23:10:09,538008936,SOUND YOUNG,Rosario
2026-09-05,23:10:09,701006245,SAN JOSE V,Rosario
2026-09-05,23:10:09,755088000,DECATUR LADY,Rosario
2026-09-05,23:10:09,701006670,BRUTUS,Rosario
2026-09-05,23:10:09,755002470,DONA CARMEN,Rosario
2026-09-05,23:10:09,538004184,BLACK PEARL,Rosario
2026-09-05,23:10:09,314952000,DSM HARBOUR,Rosario
2026-09-05,23:10:09,636023897,ANNELIESE,Rosario
2026-09-05,23:10:09,701006926,FAVORITO SAN ANTONIO,Rosario
2026-09-05,23:10:09,636015600,F. F GLORY,Rosario
2026-09-05,23:10:09,636015971,STOLT ZULU,Rosario
2026-09-05,23:10:09,701006396,VB RECOLETA,Rosario
2026-09-05,23:10:09,563033900,TORM SUPREME,Rosario
2026-09-05,23:10:09,563054100,MTM BIG APPLE,Rosario
2026-09-05,23:10:09,701001404,GUAZU PUCU,Rosario
2026-09-05,23:10:09,229732000,,DelGuazu
2026-09-05,23:10:09,352004819,,DelGuazu
2026-09-05,23:10:09,636025133,YAMI BENEFIT,DelGuazu
2026-09-05,23:10:09,373240000,DRINA S,DelGuazu
2026-09-05,23:10:09,352006380,CL KIBOU,DelGuazu
2026-09-05,23:10:09,701583000,GC70 RI0 DE LA PLATA,BellaVista
2026-09-05,23:10:09,755045000,BRUTUS H,BellaVista
2026-09-05,23:10:09,755004318,NAUTIC TWIN,BellaVista
2026-09-05,23:10:09,755048000,ITAPUA I,BellaVista
2026-09-05,23:10:09,755022000,R/E CAVALIER XI,BellaVista
2026-09-05,23:10:09,755707081,IB ENCARNACION,BellaVista
2026-09-05,23:10:09,755201114,AGUILUCHO,BellaVista
2026-09-05,23:10:09,755164000,BELEN B,BellaVista
2026-09-05,23:10:09,755002941,HERKULES IV,BellaVista
2026-09-05,23:20:09,538010750,TOKYO SPIRIT,SanLorenzo
2026-09-05,23:20:09,701006354,,SanLorenzo
2026-09-05,23:20:09,7010004,,SanLorenzo
2026-09-05,23:20:09,255915742,BOCHEM CASABLANCA,SanLorenzo
2026-09-05,23:20:09,701503000,GC77 GFO SAN MATIAS,SanLorenzo
2026-09-05,23:20:09,538006458,ODYSSEUS N,SanLorenzo
2026-09-05,23:20:09,563169800,RUBY,SanLorenzo
2026-09-05,23:20:09,563151400,FRANCESCO,SanLorenzo
2026-09-05,23:20:09,477754600,MAERSK VENEZIA,SanLorenzo
2026-09-05,23:20:09,311001602,SAGA ANDORINHA,SanLorenzo
2026-09-05,23:20:09,538006504,DANK SILVER,SanLorenzo
2026-09-05,23:20:09,257897000,BOW FIRDA,SanLorenzo
2026-09-05,23:20:09,538004481,AGIA PARASKEVI,SanLorenzo
2026-09-05,23:20:09,636024698,MC CALYPSO,SanLorenzo
2026-09-05,23:20:09,636093258,EMMA JANNEKE,SanLorenzo
2026-09-05,23:20:09,538008779,LIVADI,SanLorenzo
2026-09-05,23:20:09,256685000,RODINA,SanLorenzo
2026-09-05,23:20:09,311000195,CS SARAFINA,SanLorenzo
2026-09-05,23:20:09,636024043,TG CRAB,SanLorenzo
2026-09-05,23:20:09,563234800,IVS DUNES,SanLorenzo
2026-09-05,23:20:09,351011000,OCEAN CROWN,SanLorenzo
2026-09-05,23:20:09,538090690,LEONARDO,SanLorenzo
2026-09-05,23:20:09,255916599,RANA,SanLorenzo
2026-09-05,23:20:09,755032000,,SanLorenzo
2026-09-05,23:20:09,241624000,LEGEND,SanLorenzo
2026-09-05,23:20:09,352004948,OBE UNITY,SanLorenzo
2026-09-05,23:20:09,352006388,NORSE BORNHOLM,SanLorenzo
2026-09-05,23:20:09,636023426,TOUBKAL PARK,SanLorenzo
2026-09-05,23:20:09,352006096,PALEXPO,SanLorenzo
2026-09-05,23:20:09,538012594,KAPETANIOS,SanLorenzo
2026-09-05,23:20:09,538009801,HELIOS,SanLorenzo
2026-09-05,23:20:09,563163900,ANNA SCHULTE,SanLorenzo
2026-09-05,23:20:09,355174000,APOGEE SPIRIT,SanLorenzo
2026-09-05,23:20:09,701006310,,SanLorenzo
2026-09-05,23:20:09,538008936,SOUND YOUNG,SanLorenzo
2026-09-05,23:20:09,701006966,TIGRE,SanLorenzo
2026-09-05,23:20:09,755088000,DECATUR LADY,SanLorenzo
2026-09-05,23:20:09,720035000,CANTAGALLO,SanLorenzo
2026-09-05,23:20:09,755177000,CABALLERO BLANCO.,SanLorenzo
2026-09-05,23:20:09,563054100,MTM BIG APPLE,SanLorenzo
2026-09-05,23:20:09,636015971,STOLT ZULU,SanLorenzo
2026-09-05,23:20:09,701006245,SAN JOSE V,SanLorenzo
2026-09-05,23:20:09,755991013,PUMA,SanLorenzo
2026-09-05,23:20:09,538004184,BLACK PEARL,SanLorenzo
2026-09-05,23:20:09,701006670,BRUTUS,SanLorenzo
2026-09-05,23:20:09,341694002,H7 HSB5,SanLorenzo
2026-09-05,23:20:09,701001307,MAX DREAM,SanLorenzo
2026-09-05,23:20:09,636015600,F. F GLORY,SanLorenzo
2026-09-05,23:20:09,636023897,ANNELIESE,SanLorenzo
2026-09-05,23:20:09,563033900,TORM SUPREME,SanLorenzo
2026-09-05,23:20:09,701006926,FAVORITO SAN ANTONIO,SanLorenzo
2026-09-05,23:20:09,701006396,VB RECOLETA,SanLorenzo
2026-09-05,23:20:09,701001404,GUAZU PUCU,SanLorenzo
2026-09-05,23:20:09,701001057,VALENTINA H,SanLorenzo
2026-09-05,23:20:09,314952000,DSM HARBOUR,SanLorenzo
2026-09-05,23:20:09,720671000,IB ROSARIO,SanLorenzo
2026-09-05,23:20:09,755001797,PARAPITI.,SanLorenzo
2026-09-05,23:20:09,755703668,URUTAU,SanLorenzo
2026-09-05,23:20:09,755134000,LADOCE H,SanLorenzo
2026-09-05,23:20:09,755000020,AGUARA,SanLorenzo
2026-09-05,23:20:09,477932500,ROSCO BANYAN,SanLorenzo
2026-09-05,23:20:09,701006443,MAYU,SanLorenzo
2026-09-05,23:20:09,352004948,,Rosario
2026-09-05,23:20:09,755000020,,Rosario
2026-09-05,23:20:09,701006354,,Rosario
2026-09-05,23:20:09,538009801,,Rosario
2026-09-05,23:20:09,355174000,APOGEE SPIRIT,Rosario
2026-09-05,23:20:09,7010004,,Rosario
2026-09-05,23:20:09,701503000,GC77 GFO SAN MATIAS,Rosario
2026-09-05,23:20:09,563151400,FRANCESCO,Rosario
2026-09-05,23:20:09,538006458,ODYSSEUS N,Rosario
2026-09-05,23:20:09,477754600,MAERSK VENEZIA,Rosario
2026-09-05,23:20:09,311001602,SAGA ANDORINHA,Rosario
2026-09-05,23:20:09,538006504,DANK SILVER,Rosario
2026-09-05,23:20:09,257897000,BOW FIRDA,Rosario
2026-09-05,23:20:09,538010750,TOKYO SPIRIT,Rosario
2026-09-05,23:20:09,538008779,LIVADI,Rosario
2026-09-05,23:20:09,256685000,RODINA,Rosario
2026-09-05,23:20:09,311000195,CS SARAFINA,Rosario
2026-09-05,23:20:09,701001307,,Rosario
2026-09-05,23:20:09,352001142,GLORY FIRST,Rosario
2026-09-05,23:20:09,755001797,,Rosario
2026-09-05,23:20:09,636024043,TG CRAB,Rosario
2026-09-05,23:20:09,538090690,LEONARDO,Rosario
2026-09-05,23:20:09,255916599,RANA,Rosario
2026-09-05,23:20:09,241624000,LEGEND,Rosario
2026-09-05,23:20:09,352006388,NORSE BORNHOLM,Rosario
2026-09-05,23:20:09,636023426,TOUBKAL PARK,Rosario
2026-09-05,23:20:09,352006096,PALEXPO,Rosario
2026-09-05,23:20:09,538008276,PORT IMABARI,Rosario
2026-09-05,23:20:09,755088000,DECATUR LADY,Rosario
2026-09-05,23:20:09,538012594,KAPETANIOS,Rosario
2026-09-05,23:20:09,755991013,,Rosario
2026-09-05,23:20:09,563163900,ANNA SCHULTE,Rosario
2026-09-05,23:20:09,538008936,SOUND YOUNG,Rosario
2026-09-05,23:20:09,636015971,STOLT ZULU,Rosario
2026-09-05,23:20:09,563054100,MTM BIG APPLE,Rosario
2026-09-05,23:20:09,701006245,SAN JOSE V,Rosario
2026-09-05,23:20:09,755002470,DONA CARMEN,Rosario
2026-09-05,23:20:09,538004184,BLACK PEARL,Rosario
2026-09-05,23:20:09,701006670,BRUTUS,Rosario
2026-09-05,23:20:09,341694002,,Rosario
2026-09-05,23:20:09,314952000,DSM HARBOUR,Rosario
2026-09-05,23:20:09,636015600,F. F GLORY,Rosario
2026-09-05,23:20:09,636023897,ANNELIESE,Rosario
2026-09-05,23:20:09,563033900,TORM SUPREME,Rosario
2026-09-05,23:20:09,701006926,FAVORITO SAN ANTONIO,Rosario
2026-09-05,23:20:09,701006396,VB RECOLETA,Rosario
2026-09-05,23:20:09,701001404,GUAZU PUCU,Rosario
2026-09-05,23:20:09,477932500,ROSCO BANYAN,Rosario
2026-09-05,23:20:09,538010532,,DelGuazu
2026-09-05,23:20:09,755143000,,DelGuazu
2026-09-05,23:20:09,373240000,DRINA S,DelGuazu
2026-09-05,23:20:09,229732000,,DelGuazu
2026-09-05,23:20:09,636025133,YAMI BENEFIT,DelGuazu
2026-09-05,23:20:09,352006380,CL KIBOU,DelGuazu
2026-09-05,23:20:09,755004073,,BellaVista
2026-09-05,23:20:09,701583000,GC70 RI0 DE LA PLATA,BellaVista
2026-09-05,23:20:09,755045000,BRUTUS H,BellaVista
2026-09-05,23:20:09,755048000,ITAPUA I,BellaVista
2026-09-05,23:20:09,755170000,DONA MARGIE,BellaVista
2026-09-05,23:20:09,755004318,NAUTIC TWIN,BellaVista
2026-09-05,23:20:09,755022000,R/E CAVALIER XI,BellaVista
2026-09-05,23:20:09,755084000,RIO DE LA PLATA,BellaVista
2026-09-05,23:20:09,755164000,BELEN B,BellaVista
2026-09-05,23:20:09,755136000,IMPALA LADARIO,BellaVista
2026-09-05,23:20:09,755201114,AGUILUCHO,BellaVista
2026-09-05,23:20:09,755002941,HERKULES IV,BellaVista
2026-09-05,23:30:11,755032000,,SanLorenzo
2026-09-05,23:30:11,701006310,,SanLorenzo
2026-09-05,23:30:11,563319600,,SanLorenzo
2026-09-05,23:30:11,477932500,ROSCO BANYAN,SanLorenzo
2026-09-05,23:30:11,7010004,,SanLorenzo
2026-09-05,23:30:11,255915742,BOCHEM CASABLANCA,SanLorenzo
2026-09-05,23:30:11,701503000,GC77 GFO SAN MATIAS,SanLorenzo
2026-09-05,23:30:11,563151400,FRANCESCO,SanLorenzo
2026-09-05,23:30:11,563169800,RUBY,SanLorenzo
2026-09-05,23:30:11,538006458,ODYSSEUS N,SanLorenzo
2026-09-05,23:30:11,311001602,SAGA ANDORINHA,SanLorenzo
2026-09-05,23:30:11,477754600,MAERSK VENEZIA,SanLorenzo
2026-09-05,23:30:11,538004481,AGIA PARASKEVI,SanLorenzo
2026-09-05,23:30:11,257897000,BOW FIRDA,SanLorenzo
2026-09-05,23:30:11,538006504,DANK SILVER,SanLorenzo
2026-09-05,23:30:11,538010750,TOKYO SPIRIT,SanLorenzo
2026-09-05,23:30:11,636024698,MC CALYPSO,SanLorenzo
2026-09-05,23:30:11,636093258,EMMA JANNEKE,SanLorenzo
2026-09-05,23:30:11,538008779,LIVADI,SanLorenzo
2026-09-05,23:30:11,311000195,CS SARAFINA,SanLorenzo
2026-09-05,23:30:11,256685000,RODINA,SanLorenzo
2026-09-05,23:30:11,755002470,,SanLorenzo
2026-09-05,23:30:11,636023256,,SanLorenzo
2026-09-05,23:30:11,636024043,TG CRAB,SanLorenzo
2026-09-05,23:30:11,563234800,IVS DUNES,SanLorenzo
2026-09-05,23:30:11,351011000,OCEAN CROWN,SanLorenzo
2026-09-05,23:30:11,538090690,LEONARDO,SanLorenzo
2026-09-05,23:30:11,255916599,RANA,SanLorenzo
2026-09-05,23:30:11,352004948,OBE UNITY,SanLorenzo
2026-09-05,23:30:11,241624000,LEGEND,SanLorenzo
2026-09-05,23:30:11,352006388,NORSE BORNHOLM,SanLorenzo
2026-09-05,23:30:11,636023426,TOUBKAL PARK,SanLorenzo
2026-09-05,23:30:11,352006096,PALEXPO,SanLorenzo
2026-09-05,23:30:11,538012594,KAPETANIOS,SanLorenzo
2026-09-05,23:30:11,701006670,BRUTUS,SanLorenzo
2026-09-05,23:30:11,538009801,HELIOS,SanLorenzo
2026-09-05,23:30:11,355174000,APOGEE SPIRIT,SanLorenzo
2026-09-05,23:30:11,563163900,ANNA SCHULTE,SanLorenzo
2026-09-05,23:30:11,538008936,SOUND YOUNG,SanLorenzo
2026-09-05,23:30:11,720671000,IB ROSARIO,SanLorenzo
2026-09-05,23:30:11,701006966,TIGRE,SanLorenzo
2026-09-05,23:30:11,755000020,AGUARA,SanLorenzo
2026-09-05,23:30:11,755134000,LADOCE H,SanLorenzo
2026-09-05,23:30:11,720035000,CANTAGALLO,SanLorenzo
2026-09-05,23:30:11,636015971,STOLT ZULU,SanLorenzo
2026-09-05,23:30:11,755088000,DECATUR LADY,SanLorenzo
2026-09-05,23:30:11,563054100,MTM BIG APPLE,SanLorenzo
2026-09-05,23:30:11,755177000,CABALLERO BLANCO.,SanLorenzo
2026-09-05,23:30:11,755991013,PUMA,SanLorenzo
2026-09-05,23:30:11,701006245,SAN JOSE V,SanLorenzo
2026-09-05,23:30:11,341694002,H7 HSB5,SanLorenzo
2026-09-05,23:30:11,701001404,GUAZU PUCU,SanLorenzo
2026-09-05,23:30:11,701006926,FAVORITO SAN ANTONIO,SanLorenzo
2026-09-05,23:30:11,636015600,F. F GLORY,SanLorenzo
2026-09-05,23:30:11,636023897,ANNELIESE,SanLorenzo
2026-09-05,23:30:11,538004184,BLACK PEARL,SanLorenzo
2026-09-05,23:30:11,314952000,DSM HARBOUR,SanLorenzo
2026-09-05,23:30:11,701001057,VALENTINA H,SanLorenzo
2026-09-05,23:30:11,701006396,VB RECOLETA,SanLorenzo
2026-09-05,23:30:11,755703668,URUTAU,SanLorenzo
2026-09-05,23:30:11,701006443,MAYU,SanLorenzo
2026-09-05,23:30:11,755001797,PARAPITI.,SanLorenzo
2026-09-05,23:30:11,563033900,TORM SUPREME,SanLorenzo
2026-09-05,23:30:11,538009801,HELIOS,Rosario
2026-09-05,23:30:11,636024698,,Rosario
2026-09-05,23:30:11,256685000,RODINA,Rosario
2026-09-05,23:30:11,701006670,BRUTUS,Rosario
2026-09-05,23:30:11,477932500,ROSCO BANYAN,Rosario
2026-09-05,23:30:11,7010004,,Rosario
2026-09-05,23:30:11,701503000,GC77 GFO SAN MATIAS,Rosario
2026-09-05,23:30:11,563151400,FRANCESCO,Rosario
2026-09-05,23:30:11,538006458,ODYSSEUS N,Rosario
2026-09-05,23:30:11,311001602,SAGA ANDORINHA,Rosario
2026-09-05,23:30:11,477754600,MAERSK VENEZIA,Rosario
2026-09-05,23:30:11,257897000,BOW FIRDA,Rosario
2026-09-05,23:30:11,538010750,TOKYO SPIRIT,Rosario
2026-09-05,23:30:11,755991013,,Rosario
2026-09-05,23:30:11,538008779,LIVADI,Rosario
2026-09-05,23:30:11,311000195,CS SARAFINA,Rosario
2026-09-05,23:30:11,352001142,GLORY FIRST,Rosario
2026-09-05,23:30:11,636024043,TG CRAB,Rosario
2026-09-05,23:30:11,563054100,MTM BIG APPLE,Rosario
2026-09-05,23:30:11,755088000,DECATUR LADY,Rosario
2026-09-05,23:30:11,538090690,LEONARDO,Rosario
2026-09-05,23:30:11,255916599,RANA,Rosario
2026-09-05,23:30:11,241624000,LEGEND,Rosario
2026-09-05,23:30:11,352006388,NORSE BORNHOLM,Rosario
2026-09-05,23:30:11,636023426,TOUBKAL PARK,Rosario
2026-09-05,23:30:11,352006096,PALEXPO,Rosario
2026-09-05,23:30:11,538008276,PORT IMABARI,Rosario
2026-09-05,23:30:11,538012594,KAPETANIOS,Rosario
2026-09-05,23:30:11,355174000,APOGEE SPIRIT,Rosario
2026-09-05,23:30:11,563163900,ANNA SCHULTE,Rosario
2026-09-05,23:30:11,538008936,SOUND YOUNG,Rosario
2026-09-05,23:30:11,636023256,,Rosario
2026-09-05,23:30:11,701006396,VB RECOLETA,Rosario
2026-09-05,23:30:11,755000020,,Rosario
2026-09-05,23:30:11,636015971,STOLT ZULU,Rosario
2026-09-05,23:30:11,701006245,SAN JOSE V,Rosario
2026-09-05,23:30:11,341694002,H7 HSB5,Rosario
2026-09-05,23:30:11,538004184,BLACK PEARL,Rosario
2026-09-05,23:30:11,755002470,DONA CARMEN,Rosario
2026-09-05,23:30:11,314952000,DSM HARBOUR,Rosario
2026-09-05,23:30:11,701006926,FAVORITO SAN ANTONIO,Rosario
2026-09-05,23:30:11,636015600,F. F GLORY,Rosario
2026-09-05,23:30:11,636023897,ANNELIESE,Rosario
2026-09-05,23:30:11,755001797,,Rosario
2026-09-05,23:30:11,563033900,TORM SUPREME,Rosario
2026-09-05,23:30:11,701001404,GUAZU PUCU,Rosario
2026-09-05,23:30:11,755143000,,DelGuazu
2026-09-05,23:30:11,636025133,YAMI BENEFIT,DelGuazu
2026-09-05,23:30:11,352006380,CL KIBOU,DelGuazu
2026-09-05,23:30:11,373240000,DRINA S,DelGuazu
2026-09-05,23:30:11,636025133,,Braga
2026-09-05,23:30:11,352006380,,Braga
2026-09-05,23:30:11,755126000,,BellaVista
2026-09-05,23:30:11,701583000,GC70 RI0 DE LA PLATA,BellaVista
2026-09-05,23:30:11,755201114,AGUILUCHO,BellaVista
2026-09-05,23:30:11,755048000,ITAPUA I,BellaVista
2026-09-05,23:30:11,755170000,DONA MARGIE,BellaVista
2026-09-05,23:30:11,755022000,R/E CAVALIER XI,BellaVista
2026-09-05,23:30:11,755004318,NAUTIC TWIN,BellaVista
2026-09-05,23:30:11,755084000,RIO DE LA PLATA,BellaVista
2026-09-05,23:30:11,755164000,BELEN B,BellaVista
2026-09-05,23:30:11,755707081,IB ENCARNACION,BellaVista
2026-09-05,23:30:11,720985000,HB HYDRA,BellaVista
2026-09-05,23:30:11,755136000,IMPALA LADARIO,BellaVista
2026-09-05,23:30:11,755002941,HERKULES IV,BellaVista
2026-09-05,23:30:11,755045000,BRUTUS H,BellaVista
2026-09-05,23:40:09,701006310,,SanLorenzo
2026-09-05,23:40:09,636023256,INGENUITY,SanLorenzo
2026-09-05,23:40:09,477932500,ROSCO BANYAN,SanLorenzo
2026-09-05,23:40:09,7010004,,SanLorenzo
2026-09-05,23:40:09,255915742,BOCHEM CASABLANCA,SanLorenzo
2026-09-05,23:40:09,701503000,GC77 GFO SAN MATIAS,SanLorenzo
2026-09-05,23:40:09,563169800,RUBY,SanLorenzo
2026-09-05,23:40:09,563151400,FRANCESCO,SanLorenzo
2026-09-05,23:40:09,538006458,ODYSSEUS N,SanLorenzo
2026-09-05,23:40:09,311001602,SAGA ANDORINHA,SanLorenzo
2026-09-05,23:40:09,477754600,MAERSK VENEZIA,SanLorenzo
2026-09-05,23:40:09,257897000,BOW FIRDA,SanLorenzo
2026-09-05,23:40:09,538006504,DANK SILVER,SanLorenzo
2026-09-05,23:40:09,538004481,AGIA PARASKEVI,SanLorenzo
2026-09-05,23:40:09,636024698,MC CALYPSO,SanLorenzo
2026-09-05,23:40:09,538010750,TOKYO SPIRIT,SanLorenzo
2026-09-05,23:40:09,636093258,EMMA JANNEKE,SanLorenzo
2026-09-05,23:40:09,538008779,LIVADI,SanLorenzo
2026-09-05,23:40:09,311000195,CS SARAFINA,SanLorenzo
2026-09-05,23:40:09,256685000,RODINA,SanLorenzo
2026-09-05,23:40:09,636024043,TG CRAB,SanLorenzo
2026-09-05,23:40:09,563234800,IVS DUNES,SanLorenzo
2026-09-05,23:40:09,351011000,OCEAN CROWN,SanLorenzo
2026-09-05,23:40:09,538090690,LEONARDO,SanLorenzo
2026-09-05,23:40:09,255916599,RANA,SanLorenzo
2026-09-05,23:40:09,241624000,LEGEND,SanLorenzo
2026-09-05,23:40:09,352004948,OBE UNITY,SanLorenzo
2026-09-05,23:40:09,636023426,TOUBKAL PARK,SanLorenzo
2026-09-05,23:40:09,352006388,NORSE BORNHOLM,SanLorenzo
2026-09-05,23:40:09,352006096,PALEXPO,SanLorenzo
2026-09-05,23:40:09,538012594,KAPETANIOS,SanLorenzo
2026-09-05,23:40:09,538009801,HELIOS,SanLorenzo
2026-09-05,23:40:09,755032000,,SanLorenzo
2026-09-05,23:40:09,355174000,APOGEE SPIRIT,SanLorenzo
2026-09-05,23:40:09,563163900,ANNA SCHULTE,SanLorenzo
2026-09-05,23:40:09,636023897,ANNELIESE,SanLorenzo
2026-09-05,23:40:09,538008936,SOUND YOUNG,SanLorenzo
2026-09-05,23:40:09,720671000,IB ROSARIO,SanLorenzo
2026-09-05,23:40:09,755000020,AGUARA,SanLorenzo
2026-09-05,23:40:09,755134000,LADOCE H,SanLorenzo
2026-09-05,23:40:09,755088000,DECATUR LADY,SanLorenzo
2026-09-05,23:40:09,563054100,MTM BIG APPLE,SanLorenzo
2026-09-05,23:40:09,755991013,PUMA,SanLorenzo
2026-09-05,23:40:09,720035000,CANTAGALLO,SanLorenzo
2026-09-05,23:40:09,755177000,CABALLERO BLANCO.,SanLorenzo
2026-09-05,23:40:09,701006245,SAN JOSE V,SanLorenzo
2026-09-05,23:40:09,701006670,BRUTUS,SanLorenzo
2026-09-05,23:40:09,701006926,FAVORITO SAN ANTONIO,SanLorenzo
2026-09-05,23:40:09,636015600,F. F GLORY,SanLorenzo
2026-09-05,23:40:09,314952000,DSM HARBOUR,SanLorenzo
2026-09-05,23:40:09,755001797,PARAPITI.,SanLorenzo
2026-09-05,23:40:09,538004184,BLACK PEARL,SanLorenzo
2026-09-05,23:40:09,636015971,STOLT ZULU,SanLorenzo
2026-09-05,23:40:09,701001404,GUAZU PUCU,SanLorenzo
2026-09-05,23:40:09,341694002,H7 HSB5,SanLorenzo
2026-09-05,23:40:09,701001057,VALENTINA H,SanLorenzo
2026-09-05,23:40:09,701006966,TIGRE,SanLorenzo
2026-09-05,23:40:09,701006396,VB RECOLETA,SanLorenzo
2026-09-05,23:40:09,563033900,TORM SUPREME,SanLorenzo
2026-09-05,23:40:09,755703668,URUTAU,SanLorenzo
2026-09-05,23:40:09,701006443,MAYU,SanLorenzo
2026-09-05,23:40:09,636024698,MC CALYPSO,Rosario
2026-09-05,23:40:09,256685000,RODINA,Rosario
2026-09-05,23:40:09,538012594,KAPETANIOS,Rosario
2026-09-05,23:40:09,538009801,HELIOS,Rosario
2026-09-05,23:40:09,477932500,ROSCO BANYAN,Rosario
2026-09-05,23:40:09,7010004,,Rosario
2026-09-05,23:40:09,701503000,GC77 GFO SAN MATIAS,Rosario
2026-09-05,23:40:09,563151400,FRANCESCO,Rosario
2026-09-05,23:40:09,538006458,ODYSSEUS N,Rosario
2026-09-05,23:40:09,311001602,SAGA ANDORINHA,Rosario
2026-09-05,23:40:09,477754600,MAERSK VENEZIA,Rosario
2026-09-05,23:40:09,257897000,BOW FIRDA,Rosario
2026-09-05,23:40:09,538006504,,Rosario
2026-09-05,23:40:09,538010750,TOKYO SPIRIT,Rosario
2026-09-05,23:40:09,538008779,LIVADI,Rosario
2026-09-05,23:40:09,311000195,CS SARAFINA,Rosario
2026-09-05,23:40:09,352001142,GLORY FIRST,Rosario
2026-09-05,23:40:09,636024043,TG CRAB,Rosario
2026-09-05,23:40:09,755991013,,Rosario
2026-09-05,23:40:09,538090690,LEONARDO,Rosario
2026-09-05,23:40:09,255916599,RANA,Rosario
2026-09-05,23:40:09,241624000,LEGEND,Rosario
2026-09-05,23:40:09,636023426,TOUBKAL PARK,Rosario
2026-09-05,23:40:09,352006388,NORSE BORNHOLM,Rosario
2026-09-05,23:40:09,538008276,PORT IMABARI,Rosario
2026-09-05,23:40:09,352006096,PALEXPO,Rosario
2026-09-05,23:40:09,755001797,,Rosario
2026-09-05,23:40:09,355174000,APOGEE SPIRIT,Rosario
2026-09-05,23:40:09,563163900,ANNA SCHULTE,Rosario
2026-09-05,23:40:09,538008936,SOUND YOUNG,Rosario
2026-09-05,23:40:09,701006396,VB RECOLETA,Rosario
2026-09-05,23:40:09,755000020,,Rosario
2026-09-05,23:40:09,755088000,DECATUR LADY,Rosario
2026-09-05,23:40:09,563054100,MTM BIG APPLE,Rosario
2026-09-05,23:40:09,701006245,SAN JOSE V,Rosario
2026-09-05,23:40:09,701006670,BRUTUS,Rosario
2026-09-05,23:40:09,314952000,DSM HARBOUR,Rosario
2026-09-05,23:40:09,538004184,BLACK PEARL,Rosario
2026-09-05,23:40:09,636015971,STOLT ZULU,Rosario
2026-09-05,23:40:09,341694002,H7 HSB5,Rosario
2026-09-05,23:40:09,636023256,,Rosario
2026-09-05,23:40:09,636023897,ANNELIESE,Rosario
2026-09-05,23:40:09,701006926,FAVORITO SAN ANTONIO,Rosario
2026-09-05,23:40:09,636015600,F. F GLORY,Rosario
2026-09-05,23:40:09,563033900,TORM SUPREME,Rosario
2026-09-05,23:40:09,701001404,GUAZU PUCU,Rosario
2026-09-05,23:40:09,352006380,CL KIBOU,DelGuazu
2026-09-05,23:40:09,755143000,,DelGuazu
2026-09-05,23:40:09,229732000,,DelGuazu
2026-09-05,23:40:09,373240000,DRINA S,DelGuazu
2026-09-05,23:40:09,636025133,YAMI BENEFIT,DelGuazu
2026-09-05,23:40:09,352006380,,Braga
2026-09-05,23:40:09,373240000,,Braga
2026-09-05,23:40:09,636025133,,Braga
2026-09-05,23:40:09,701583000,GC70 RI0 DE LA PLATA,BellaVista
2026-09-05,23:40:09,755136000,IMPALA LADARIO,BellaVista
2026-09-05,23:40:09,755045000,BRUTUS H,BellaVista
2026-09-05,23:40:09,755003609,DONA ELVIRA,BellaVista
2026-09-05,23:40:09,755170000,DONA MARGIE,BellaVista
2026-09-05,23:40:09,755022000,R/E CAVALIER XI,BellaVista
2026-09-05,23:40:09,755004318,NAUTIC TWIN,BellaVista
2026-09-05,23:40:09,755084000,RIO DE LA PLATA,BellaVista
2026-09-05,23:40:09,755164000,BELEN B,BellaVista
2026-09-05,23:40:09,720985000,HB HYDRA,BellaVista
2026-09-05,23:40:09,755002941,HERKULES IV,BellaVista
2026-09-05,23:50:09,7010004,,SanLorenzo
2026-09-05,23:50:09,477932500,ROSCO BANYAN,SanLorenzo
2026-09-05,23:50:09,255915742,BOCHEM CASABLANCA,SanLorenzo
2026-09-05,23:50:09,701503000,GC77 GFO SAN MATIAS,SanLorenzo
2026-09-05,23:50:09,563169800,RUBY,SanLorenzo
2026-09-05,23:50:09,538006458,ODYSSEUS N,SanLorenzo
2026-09-05,23:50:09,563151400,FRANCESCO,SanLorenzo
2026-09-05,23:50:09,477754600,MAERSK VENEZIA,SanLorenzo
2026-09-05,23:50:09,311001602,SAGA ANDORINHA,SanLorenzo
2026-09-05,23:50:09,257897000,BOW FIRDA,SanLorenzo
2026-09-05,23:50:09,538006504,DANK SILVER,SanLorenzo
2026-09-05,23:50:09,538004481,AGIA PARASKEVI,SanLorenzo
2026-09-05,23:50:09,538010750,TOKYO SPIRIT,SanLorenzo
2026-09-05,23:50:09,636024698,MC CALYPSO,SanLorenzo
2026-09-05,23:50:09,636093258,EMMA JANNEKE,SanLorenzo
2026-09-05,23:50:09,538008779,LIVADI,SanLorenzo
2026-09-05,23:50:09,311000195,CS SARAFINA,SanLorenzo
2026-09-05,23:50:09,256685000,RODINA,SanLorenzo
2026-09-05,23:50:09,636024043,TG CRAB,SanLorenzo
2026-09-05,23:50:09,563234800,IVS DUNES,SanLorenzo
2026-09-05,23:50:09,351011000,OCEAN CROWN,SanLorenzo
2026-09-05,23:50:09,538090690,LEONARDO,SanLorenzo
2026-09-05,23:50:09,636023256,INGENUITY,SanLorenzo
2026-09-05,23:50:09,241624000,LEGEND,SanLorenzo
2026-09-05,23:50:09,255916599,RANA,SanLorenzo
2026-09-05,23:50:09,352004948,OBE UNITY,SanLorenzo
2026-09-05,23:50:09,636023426,TOUBKAL PARK,SanLorenzo
2026-09-05,23:50:09,352006388,NORSE BORNHOLM,SanLorenzo
2026-09-05,23:50:09,352006096,PALEXPO,SanLorenzo
2026-09-05,23:50:09,538012594,KAPETANIOS,SanLorenzo
2026-09-05,23:50:09,563163900,ANNA SCHULTE,SanLorenzo
2026-09-05,23:50:09,538008936,SOUND YOUNG,SanLorenzo
2026-09-05,23:50:09,538009801,HELIOS,SanLorenzo
2026-09-05,23:50:09,355174000,APOGEE SPIRIT,SanLorenzo
2026-09-05,23:50:09,720035000,CANTAGALLO,SanLorenzo
2026-09-05,23:50:09,701006670,BRUTUS,SanLorenzo
2026-09-05,23:50:09,720671000,IB ROSARIO,SanLorenzo
2026-09-05,23:50:09,563054100,MTM BIG APPLE,SanLorenzo
2026-09-05,23:50:09,755088000,DECATUR LADY,SanLorenzo
2026-09-05,23:50:09,701006245,SAN JOSE V,SanLorenzo
2026-09-05,23:50:09,755177000,CABALLERO BLANCO.,SanLorenzo
2026-09-05,23:50:09,636015971,STOLT ZULU,SanLorenzo
2026-09-05,23:50:09,755991013,PUMA,SanLorenzo
2026-09-05,23:50:09,701006926,FAVORITO SAN ANTONIO,SanLorenzo
2026-09-05,23:50:09,755032000,,SanLorenzo
2026-09-05,23:50:09,636023897,ANNELIESE,SanLorenzo
2026-09-05,23:50:09,636015600,F. F GLORY,SanLorenzo
2026-09-05,23:50:09,701006396,VB RECOLETA,SanLorenzo
2026-09-05,23:50:09,701001404,GUAZU PUCU,SanLorenzo
2026-09-05,23:50:09,341694002,H7 HSB5,SanLorenzo
2026-09-05,23:50:09,314952000,DSM HARBOUR,SanLorenzo
2026-09-05,23:50:09,538004184,BLACK PEARL,SanLorenzo
2026-09-05,23:50:09,563033900,TORM SUPREME,SanLorenzo
2026-09-05,23:50:09,755001797,PARAPITI.,SanLorenzo
2026-09-05,23:50:09,755703668,URUTAU,SanLorenzo
2026-09-05,23:50:09,755134000,LADOCE H,SanLorenzo
2026-09-05,23:50:09,755000020,AGUARA,SanLorenzo
2026-09-05,23:50:09,701006966,TIGRE,SanLorenzo
2026-09-05,23:50:09,538006504,,Rosario
2026-09-05,23:50:09,7010004,,Rosario
2026-09-05,23:50:09,477932500,ROSCO BANYAN,Rosario
2026-09-05,23:50:09,701503000,GC77 GFO SAN MATIAS,Rosario
2026-09-05,23:50:09,563151400,FRANCESCO,Rosario
2026-09-05,23:50:09,538006458,ODYSSEUS N,Rosario
2026-09-05,23:50:09,477754600,MAERSK VENEZIA,Rosario
2026-09-05,23:50:09,311001602,SAGA ANDORINHA,Rosario
2026-09-05,23:50:09,257897000,BOW FIRDA,Rosario
2026-09-05,23:50:09,538010750,TOKYO SPIRIT,Rosario
2026-09-05,23:50:09,636024698,MC CALYPSO,Rosario
2026-09-05,23:50:09,538008779,LIVADI,Rosario
2026-09-05,23:50:09,311000195,CS SARAFINA,Rosario
2026-09-05,23:50:09,256685000,,Rosario
2026-09-05,23:50:09,352001142,GLORY FIRST,Rosario
2026-09-05,23:50:09,636024043,TG CRAB,Rosario
2026-09-05,23:50:09,538004184,BLACK PEARL,Rosario
2026-09-05,23:50:09,538090690,LEONARDO,Rosario
2026-09-05,23:50:09,255916599,RANA,Rosario
2026-09-05,23:50:09,241624000,LEGEND,Rosario
2026-09-05,23:50:09,636023426,TOUBKAL PARK,Rosario
2026-09-05,23:50:09,352006388,NORSE BORNHOLM,Rosario
2026-09-05,23:50:09,352006096,PALEXPO,Rosario
2026-09-05,23:50:09,538008276,PORT IMABARI,Rosario
2026-09-05,23:50:09,538012594,KAPETANIOS,Rosario
2026-09-05,23:50:09,563163900,ANNA SCHULTE,Rosario
2026-09-05,23:50:09,538008936,SOUND YOUNG,Rosario
2026-09-05,23:50:09,538009801,HELIOS,Rosario
2026-09-05,23:50:09,355174000,APOGEE SPIRIT,Rosario
2026-09-05,23:50:09,755000020,AGUARA,Rosario
2026-09-05,23:50:09,755001797,PARAPITI.,Rosario
2026-09-05,23:50:09,563054100,MTM BIG APPLE,Rosario
2026-09-05,23:50:09,701006245,SAN JOSE V,Rosario
2026-09-05,23:50:09,755088000,DECATUR LADY,Rosario
2026-09-05,23:50:09,755002470,DONA CARMEN,Rosario
2026-09-05,23:50:09,636015971,STOLT ZULU,Rosario
2026-09-05,23:50:09,755991013,,Rosario
2026-09-05,23:50:09,341694002,H7 HSB5,Rosario
2026-09-05,23:50:09,701006670,BRUTUS,Rosario
2026-09-05,23:50:09,314952000,DSM HARBOUR,Rosario
2026-09-05,23:50:09,701006926,FAVORITO SAN ANTONIO,Rosario
2026-09-05,23:50:09,636023897,ANNELIESE,Rosario
2026-09-05,23:50:09,636015600,F. F GLORY,Rosario
2026-09-05,23:50:09,636023256,INGENUITY,Rosario
2026-09-05,23:50:09,563033900,TORM SUPREME,Rosario
2026-09-05,23:50:09,701006396,VB RECOLETA,Rosario
2026-09-05,23:50:09,701001404,GUAZU PUCU,Rosario
2026-09-05,23:50:09,755143000,,DelGuazu
2026-09-05,23:50:09,352006380,CL KIBOU,DelGuazu
2026-09-05,23:50:09,636024379,,DelGuazu
2026-09-05,23:50:09,636025133,YAMI BENEFIT,DelGuazu
2026-09-05,23:50:09,373240000,DRINA S,DelGuazu
2026-09-05,23:50:09,229732000,,DelGuazu
2026-09-05,23:50:09,373240000,,Braga
2026-09-05,23:50:09,701583000,GC70 RI0 DE LA PLATA,BellaVista
2026-09-05,23:50:09,755707081,IB ENCARNACION,BellaVista
2026-09-05,23:50:09,755045000,BRUTUS H,BellaVista
2026-09-05,23:50:09,755003609,DONA ELVIRA,BellaVista
2026-09-05,23:50:09,755004318,NAUTIC TWIN,BellaVista
2026-09-05,23:50:09,755084000,RIO DE LA PLATA,BellaVista
2026-09-05,23:50:09,755022000,R/E CAVALIER XI,BellaVista
2026-09-05,23:50:09,755164000,BELEN B,BellaVista
2026-09-05,23:50:09,720985000,HB HYDRA,BellaVista
2026-09-05,23:50:09,755002941,HERKULES IV,BellaVista
2026-09-05,23:50:09,755201114,AGUILUCHO,BellaVista
2026-09-05,23:50:09,755136000,IMPALA LADARIO,BellaVista
2026-09-06,00:00:12,255915742,BOCHEM CASABLANCA,SanLorenzo
2026-09-06,00:00:12,538004481,AGIA PARASKEVI,SanLorenzo
2026-09-06,00:00:12,755032000,,SanLorenzo
2026-09-06,00:00:12,7010004,,SanLorenzo
2026-09-06,00:00:12,701503000,GC77 GFO SAN MATIAS,SanLorenzo
2026-09-06,00:00:12,563169800,RUBY,SanLorenzo
2026-09-06,00:00:12,477754600,MAERSK VENEZIA,SanLorenzo
2026-09-06,00:00:12,563151400,FRANCESCO,SanLorenzo
2026-09-06,00:00:12,311001602,SAGA ANDORINHA,SanLorenzo
2026-09-06,00:00:12,538006458,ODYSSEUS N,SanLorenzo
2026-09-06,00:00:12,538006504,DANK SILVER,SanLorenzo
2026-09-06,00:00:12,257897000,BOW FIRDA,SanLorenzo
2026-09-06,00:00:12,636024698,MC CALYPSO,SanLorenzo
2026-09-06,00:00:12,538010750,TOKYO SPIRIT,SanLorenzo
2026-09-06,00:00:12,311000195,CS SARAFINA,SanLorenzo
2026-09-06,00:00:12,636093258,EMMA JANNEKE,SanLorenzo
2026-09-06,00:00:12,538008779,LIVADI,SanLorenzo
2026-09-06,00:00:12,256685000,RODINA,SanLorenzo
2026-09-06,00:00:12,636024043,TG CRAB,SanLorenzo
2026-09-06,00:00:12,563234800,IVS DUNES,SanLorenzo
2026-09-06,00:00:12,701006310,,SanLorenzo
2026-09-06,00:00:12,351011000,OCEAN CROWN,SanLorenzo
2026-09-06,00:00:12,538090690,LEONARDO,SanLorenzo
2026-09-06,00:00:12,255916599,RANA,SanLorenzo
2026-09-06,00:00:12,352004948,OBE UNITY,SanLorenzo
2026-09-06,00:00:12,241624000,LEGEND,SanLorenzo
2026-09-06,00:00:12,636023426,TOUBKAL PARK,SanLorenzo
2026-09-06,00:00:12,352006388,NORSE BORNHOLM,SanLorenzo
2026-09-06,00:00:12,352006096,PALEXPO,SanLorenzo
2026-09-06,00:00:12,538012594,KAPETANIOS,SanLorenzo
2026-09-06,00:00:12,538009801,HELIOS,SanLorenzo
2026-09-06,00:00:12,563163900,ANNA SCHULTE,SanLorenzo
2026-09-06,00:00:12,355174000,APOGEE SPIRIT,SanLorenzo
2026-09-06,00:00:12,636023256,INGENUITY,SanLorenzo
2026-09-06,00:00:12,701006966,TIGRE,SanLorenzo
2026-09-06,00:00:12,538008936,SOUND YOUNG,SanLorenzo
2026-09-06,00:00:12,720671000,IB ROSARIO,SanLorenzo
2026-09-06,00:00:12,563054100,MTM BIG APPLE,SanLorenzo
2026-09-06,00:00:12,720035000,CANTAGALLO,SanLorenzo
2026-09-06,00:00:12,755177000,CABALLERO BLANCO.,SanLorenzo
2026-09-06,00:00:12,701006670,BRUTUS,SanLorenzo
2026-09-06,00:00:12,701006245,SAN JOSE V,SanLorenzo
2026-09-06,00:00:12,755991013,PUMA,SanLorenzo
2026-09-06,00:00:12,755088000,DECATUR LADY,SanLorenzo
2026-09-06,00:00:12,636015971,STOLT ZULU,SanLorenzo
2026-09-06,00:00:12,701006926,FAVORITO SAN ANTONIO,SanLorenzo
2026-09-06,00:00:12,710000019,HERACLITO FILHO,SanLorenzo
2026-09-06,00:00:12,636015600,F. F GLORY,SanLorenzo
2026-09-06,00:00:12,636023897,ANNELIESE,SanLorenzo
2026-09-06,00:00:12,701006396,VB RECOLETA,SanLorenzo
2026-09-06,00:00:12,563033900,TORM SUPREME,SanLorenzo
2026-09-06,00:00:12,341694002,H7 HSB5,SanLorenzo
2026-09-06,00:00:12,538004184,BLACK PEARL,SanLorenzo
2026-09-06,00:00:12,314952000,DSM HARBOUR,SanLorenzo
2026-09-06,00:00:12,477932500,ROSCO BANYAN,SanLorenzo
2026-09-06,00:00:12,701001404,GUAZU PUCU,SanLorenzo
2026-09-06,00:00:12,755001797,PARAPITI.,SanLorenzo
2026-09-06,00:00:12,755703668,URUTAU,SanLorenzo
2026-09-06,00:00:12,755134000,LADOCE H,SanLorenzo
2026-09-06,00:00:12,755000020,AGUARA,SanLorenzo
2026-09-06,00:00:12,636024698,MC CALYPSO,Rosario
2026-09-06,00:00:12,256685000,RODINA,Rosario
2026-09-06,00:00:12,352004948,,Rosario
2026-09-06,00:00:12,7010004,,Rosario
2026-09-06,00:00:12,701503000,GC77 GFO SAN MATIAS,Rosario
2026-09-06,00:00:12,477754600,MAERSK VENEZIA,Rosario
2026-09-06,00:00:12,563151400,FRANCESCO,Rosario
2026-09-06,00:00:12,311001602,SAGA ANDORINHA,Rosario
2026-09-06,00:00:12,538006458,ODYSSEUS N,Rosario
2026-09-06,00:00:12,538004184,BLACK PEARL,Rosario
2026-09-06,00:00:12,538006504,,Rosario
2026-09-06,00:00:12,257897000,BOW FIRDA,Rosario
2026-09-06,00:00:12,538010750,TOKYO SPIRIT,Rosario
2026-09-06,00:00:12,538008779,LIVADI,Rosario
2026-09-06,00:00:12,311000195,CS SARAFINA,Rosario
2026-09-06,00:00:12,352001142,GLORY FIRST,Rosario
2026-09-06,00:00:12,636024043,TG CRAB,Rosario
2026-09-06,00:00:12,538090690,LEONARDO,Rosario
2026-09-06,00:00:12,255916599,RANA,Rosario
2026-09-06,00:00:12,241624000,LEGEND,Rosario
2026-09-06,00:00:12,636023426,TOUBKAL PARK,Rosario
2026-09-06,00:00:12,352006388,NORSE BORNHOLM,Rosario
2026-09-06,00:00:12,352006096,PALEXPO,Rosario
2026-09-06,00:00:12,538008276,PORT IMABARI,Rosario
2026-09-06,00:00:12,538012594,KAPETANIOS,Rosario
2026-09-06,00:00:12,755991013,,Rosario
2026-09-06,00:00:12,538009801,HELIOS,Rosario
2026-09-06,00:00:12,563163900,ANNA SCHULTE,Rosario
2026-09-06,00:00:12,355174000,APOGEE SPIRIT,Rosario
2026-09-06,00:00:12,636023256,INGENUITY,Rosario
2026-09-06,00:00:12,701006107,,Rosario
2026-09-06,00:00:12,538008936,SOUND YOUNG,Rosario
2026-09-06,00:00:12,755001797,PARAPITI.,Rosario
2026-09-06,00:00:12,701006245,SAN JOSE V,Rosario
2026-09-06,00:00:12,701006670,BRUTUS,Rosario
2026-09-06,00:00:12,755088000,DECATUR LADY,Rosario
2026-09-06,00:00:12,341694002,H7 HSB5,Rosario
2026-09-06,00:00:12,755002470,DONA CARMEN,Rosario
2026-09-06,00:00:12,636015971,STOLT ZULU,Rosario
2026-09-06,00:00:12,314952000,DSM HARBOUR,Rosario
2026-09-06,00:00:12,701006926,FAVORITO SAN ANTONIO,Rosario
2026-09-06,00:00:12,636015600,F. F GLORY,Rosario
2026-09-06,00:00:12,636023897,ANNELIESE,Rosario
2026-09-06,00:00:12,701006396,VB RECOLETA,Rosario
2026-09-06,00:00:12,563033900,TORM SUPREME,Rosario
2026-09-06,00:00:12,477932500,ROSCO BANYAN,Rosario
2026-09-06,00:00:12,701001404,GUAZU PUCU,Rosario
2026-09-06,00:00:12,755000020,AGUARA,Rosario
2026-09-06,00:00:12,563054100,MTM BIG APPLE,Rosario
2026-09-06,00:00:12,352006380,CL KIBOU,DelGuazu
2026-09-06,00:00:12,636024379,,DelGuazu
2026-09-06,00:00:12,755143000,,DelGuazu
2026-09-06,00:00:12,229732000,,DelGuazu
2026-09-06,00:00:12,636025133,YAMI BENEFIT,DelGuazu
2026-09-06,00:00:12,373240000,DRINA S,DelGuazu
2026-09-06,00:00:12,755143000,,Braga
2026-09-06,00:00:12,229732000,,Braga
2026-09-06,00:00:12,373240000,,Braga
2026-09-06,00:00:12,701583000,GC70 RI0 DE LA PLATA,BellaVista
2026-09-06,00:00:12,755022000,R/E CAVALIER XI,BellaVista
2026-09-06,00:00:12,755004318,NAUTIC TWIN,BellaVista
2026-09-06,00:00:12,755002941,HERKULES IV,BellaVista
2026-09-06,00:00:12,755045000,BRUTUS H,BellaVista
2026-09-06,00:00:12,755003609,DONA ELVIRA,BellaVista
2026-09-06,00:00:12,755170000,DONA MARGIE,BellaVista
2026-09-06,00:00:12,755084000,RIO DE LA PLATA,BellaVista
2026-09-06,00:00:12,755164000,BELEN B,BellaVista
2026-09-06,00:00:12,755136000,IMPALA LADARIO,BellaVista
2026-09-06,00:00:12,720985000,HB HYDRA,BellaVista
2026-09-06,00:10:09,255915742,BOCHEM CASABLANCA,SanLorenzo
2026-09-06,00:10:09,701006310,ARGENTINO I,SanLorenzo
2026-09-06,00:10:09,701006107,,SanLorenzo
2026-09-06,00:10:09,477932500,ROSCO BANYAN,SanLorenzo
2026-09-06,00:10:09,701503000,GC77 GFO SAN MATIAS,SanLorenzo
2026-09-06,00:10:09,563169800,RUBY,SanLorenzo
2026-09-06,00:10:09,477754600,MAERSK VENEZIA,SanLorenzo
2026-09-06,00:10:09,563151400,FRANCESCO,SanLorenzo
2026-09-06,00:10:09,538006458,ODYSSEUS N,SanLorenzo
2026-09-06,00:10:09,538006504,DANK SILVER,SanLorenzo
2026-09-06,00:10:09,257897000,BOW FIRDA,SanLorenzo
2026-09-06,00:10:09,538004481,AGIA PARASKEVI,SanLorenzo
2026-09-06,00:10:09,636024698,MC CALYPSO,SanLorenzo
2026-09-06,00:10:09,538010750,TOKYO SPIRIT,SanLorenzo
2026-09-06,00:10:09,636093258,EMMA JANNEKE,SanLorenzo
2026-09-06,00:10:09,538008779,LIVADI,SanLorenzo
2026-09-06,00:10:09,311000195,CS SARAFINA,SanLorenzo
2026-09-06,00:10:09,256685000,RODINA,SanLorenzo
2026-09-06,00:10:09,636024043,TG CRAB,SanLorenzo
2026-09-06,00:10:09,563234800,IVS DUNES,SanLorenzo
2026-09-06,00:10:09,701006670,BRUTUS,SanLorenzo
2026-09-06,00:10:09,351011000,OCEAN CROWN,SanLorenzo
2026-09-06,00:10:09,538090690,LEONARDO,SanLorenzo
2026-09-06,00:10:09,255916599,RANA,SanLorenzo
2026-09-06,00:10:09,352004948,OBE UNITY,SanLorenzo
2026-09-06,00:10:09,241624000,LEGEND,SanLorenzo
2026-09-06,00:10:09,636023426,TOUBKAL PARK,SanLorenzo
2026-09-06,00:10:09,352006388,NORSE BORNHOLM,SanLorenzo
2026-09-06,00:10:09,352006096,PALEXPO,SanLorenzo
2026-09-06,00:10:09,563319600,,SanLorenzo
2026-09-06,00:10:09,538008276,,SanLorenzo
2026-09-06,00:10:09,563054100,MTM BIG APPLE,SanLorenzo
2026-09-06,00:10:09,311001602,SAGA ANDORINHA,SanLorenzo
2026-09-06,00:10:09,538012594,KAPETANIOS,SanLorenzo
2026-09-06,00:10:09,538009801,HELIOS,SanLorenzo
2026-09-06,00:10:09,563163900,ANNA SCHULTE,SanLorenzo
2026-09-06,00:10:09,355174000,APOGEE SPIRIT,SanLorenzo
2026-09-06,00:10:09,720035000,CANTAGALLO,SanLorenzo
2026-09-06,00:10:09,538008936,SOUND YOUNG,SanLorenzo
2026-09-06,00:10:09,720671000,IB ROSARIO,SanLorenzo
2026-09-06,00:10:09,7010004,,SanLorenzo
2026-09-06,00:10:09,755991013,PUMA,SanLorenzo
2026-09-06,00:10:09,755088000,DECATUR LADY,SanLorenzo
2026-09-06,00:10:09,755177000,CABALLERO BLANCO.,SanLorenzo
2026-09-06,00:10:09,701006245,SAN JOSE V,SanLorenzo
2026-09-06,00:10:09,341694002,H7 HSB5,SanLorenzo
2026-09-06,00:10:09,636023256,INGENUITY,SanLorenzo
2026-09-06,00:10:09,755032000,,SanLorenzo
2026-09-06,00:10:09,755002470,,SanLorenzo
2026-09-06,00:10:09,701006926,FAVORITO SAN ANTONIO,SanLorenzo
2026-09-06,00:10:09,636015600,F. F GLORY,SanLorenzo
2026-09-06,00:10:09,701001404,GUAZU PUCU,SanLorenzo
2026-09-06,00:10:09,538004184,BLACK PEARL,SanLorenzo
2026-09-06,00:10:09,314952000,DSM HARBOUR,SanLorenzo
2026-09-06,00:10:09,701006966,TIGRE,SanLorenzo
2026-09-06,00:10:09,636015971,STOLT ZULU,SanLorenzo
2026-09-06,00:10:09,563033900,TORM SUPREME,SanLorenzo
2026-09-06,00:10:09,755703668,URUTAU,SanLorenzo
2026-09-06,00:10:09,701006396,VB RECOLETA,SanLorenzo
2026-09-06,00:10:09,636023897,ANNELIESE,SanLorenzo
2026-09-06,00:10:09,755001797,PARAPITI.,SanLorenzo
2026-09-06,00:10:09,755134000,LADOCE H,SanLorenzo
2026-09-06,00:10:09,755000020,AGUARA,SanLorenzo
2026-09-06,00:10:09,701006443,MAYU,SanLorenzo
2026-09-06,00:10:09,256685000,RODINA,Rosario
2026-09-06,00:10:09,701006107,,Rosario
2026-09-06,00:10:09,477932500,ROSCO BANYAN,Rosario
2026-09-06,00:10:09,701503000,GC77 GFO SAN MATIAS,Rosario
2026-09-06,00:10:09,563151400,FRANCESCO,Rosario
2026-09-06,00:10:09,477754600,MAERSK VENEZIA,Rosario
2026-09-06,00:10:09,538006458,ODYSSEUS N,Rosario
2026-09-06,00:10:09,538006504,DANK SILVER,Rosario
2026-09-06,00:10:09,257897000,BOW FIRDA,Rosario
2026-09-06,00:10:09,636024698,MC CALYPSO,Rosario
2026-09-06,00:10:09,538010750,TOKYO SPIRIT,Rosario
2026-09-06,00:10:09,538008779,LIVADI,Rosario
2026-09-06,00:10:09,311000195,CS SARAFINA,Rosario
2026-09-06,00:10:09,352001142,GLORY FIRST,Rosario
2026-09-06,00:10:09,636024043,TG CRAB,Rosario
2026-09-06,00:10:09,563054100,MTM BIG APPLE,Rosario
2026-09-06,00:10:09,755991013,,Rosario
2026-09-06,00:10:09,538090690,LEONARDO,Rosario
2026-09-06,00:10:09,255916599,RANA,Rosario
2026-09-06,00:10:09,352004948,,Rosario
2026-09-06,00:10:09,241624000,LEGEND,Rosario
2026-09-06,00:10:09,636023426,TOUBKAL PARK,Rosario
2026-09-06,00:10:09,352006388,NORSE BORNHOLM,Rosario
2026-09-06,00:10:09,701006396,VB RECOLETA,Rosario
2026-09-06,00:10:09,352006096,PALEXPO,Rosario
2026-09-06,00:10:09,563319600,,Rosario
2026-09-06,00:10:09,538008276,PORT IMABARI,Rosario
2026-09-06,00:10:09,311001602,SAGA ANDORINHA,Rosario
2026-09-06,00:10:09,538012594,KAPETANIOS,Rosario
2026-09-06,00:10:09,538009801,HELIOS,Rosario
2026-09-06,00:10:09,563163900,ANNA SCHULTE,Rosario
2026-09-06,00:10:09,355174000,APOGEE SPIRIT,Rosario
2026-09-06,00:10:09,538008936,SOUND YOUNG,Rosario
2026-09-06,00:10:09,7010004,,Rosario
2026-09-06,00:10:09,755088000,DECATUR LADY,Rosario
2026-09-06,00:10:09,701006245,SAN JOSE V,Rosario
2026-09-06,00:10:09,701006670,BRUTUS,Rosario
2026-09-06,00:10:09,341694002,H7 HSB5,Rosario
2026-09-06,00:10:09,636023256,INGENUITY,Rosario
2026-09-06,00:10:09,314952000,DSM HARBOUR,Rosario
2026-09-06,00:10:09,755002470,DONA CARMEN,Rosario
2026-09-06,00:10:09,701006926,FAVORITO SAN ANTONIO,Rosario
2026-09-06,00:10:09,636015600,F. F GLORY,Rosario
2026-09-06,00:10:09,636015971,STOLT ZULU,Rosario
2026-09-06,00:10:09,701001404,GUAZU PUCU,Rosario
2026-09-06,00:10:09,563033900,TORM SUPREME,Rosario
2026-09-06,00:10:09,755001797,PARAPITI.,Rosario
2026-09-06,00:10:09,636023897,ANNELIESE,Rosario
2026-09-06,00:10:09,755000020,AGUARA,Rosario
2026-09-06,00:10:09,701006462,,DelGuazu
2026-09-06,00:10:09,636025133,YAMI BENEFIT,DelGuazu
2026-09-06,00:10:09,352006380,,DelGuazu
2026-09-06,00:10:09,373240000,DRINA S,DelGuazu
2026-09-06,00:10:09,755143000,,DelGuazu
2026-09-06,00:10:09,229732000,YANNIS,DelGuazu
2026-09-06,00:10:09,701006462,,Braga
2026-09-06,00:10:09,373240000,,Braga
2026-09-06,00:10:09,755143000,,Braga
2026-09-06,00:10:09,229732000,,Braga
2026-09-06,00:10:09,352006380,,Braga
2026-09-06,00:10:09,701583000,GC70 RI0 DE LA PLATA,BellaVista
2026-09-06,00:10:09,755136000,IMPALA LADARIO,BellaVista
2026-09-06,00:10:09,755003609,DONA ELVIRA,BellaVista
2026-09-06,00:10:09,755004318,NAUTIC TWIN,BellaVista
2026-09-06,00:10:09,755022000,R/E CAVALIER XI,BellaVista
2026-09-06,00:10:09,755707081,IB ENCARNACION,BellaVista
2026-09-06,00:10:09,755164000,BELEN B,BellaVista
2026-09-06,00:10:09,755201114,AGUILUCHO,BellaVista
2026-09-06,00:10:09,755002941,HERKULES IV,BellaVista
2026-09-06,00:10:09,720985000,HB HYDRA,BellaVista
2026-09-06,00:10:09,755045000,BRUTUS H,BellaVista
2026-09-06,00:20:22,212977000,,SanLorenzo
2026-09-06,00:20:22,563319600,,SanLorenzo
2026-09-06,00:20:22,311001602,SAGA ANDORINHA,SanLorenzo
2026-09-06,00:20:22,538012594,KAPETANIOS,SanLorenzo
2026-09-06,00:20:22,477932500,ROSCO BANYAN,SanLorenzo
2026-09-06,00:20:22,255915742,BOCHEM CASABLANCA,SanLorenzo
2026-09-06,00:20:22,701503000,GC77 GFO SAN MATIAS,SanLorenzo
2026-09-06,00:20:22,563169800,RUBY,SanLorenzo
2026-09-06,00:20:22,538006458,ODYSSEUS N,SanLorenzo
2026-09-06,00:20:22,563151400,FRANCESCO,SanLorenzo
2026-09-06,00:20:22,477754600,MAERSK VENEZIA,SanLorenzo
2026-09-06,00:20:22,538004481,AGIA PARASKEVI,SanLorenzo
2026-09-06,00:20:22,257897000,BOW FIRDA,SanLorenzo
2026-09-06,00:20:22,538006504,DANK SILVER,SanLorenzo
2026-09-06,00:20:22,636024698,MC CALYPSO,SanLorenzo
2026-09-06,00:20:22,636093258,EMMA JANNEKE,SanLorenzo
2026-09-06,00:20:22,538010750,TOKYO SPIRIT,SanLorenzo
2026-09-06,00:20:22,538008779,LIVADI,SanLorenzo
2026-09-06,00:20:22,311000195,CS SARAFINA,SanLorenzo
2026-09-06,00:20:22,256685000,RODINA,SanLorenzo
2026-09-06,00:20:22,636024043,TG CRAB,SanLorenzo
2026-09-06,00:20:22,563234800,IVS DUNES,SanLorenzo
2026-09-06,00:20:22,701006310,ARGENTINO I,SanLorenzo
2026-09-06,00:20:22,563054100,MTM BIG APPLE,SanLorenzo
2026-09-06,00:20:22,351011000,OCEAN CROWN,SanLorenzo
2026-09-06,00:20:22,701006670,BRUTUS,SanLorenzo
2026-09-06,00:20:22,538090690,LEONARDO,SanLorenzo
2026-09-06,00:20:22,255916599,RANA,SanLorenzo
2026-09-06,00:20:22,241624000,LEGEND,SanLorenzo
2026-09-06,00:20:22,755032000,RUBEN H,SanLorenzo
2026-09-06,00:20:22,352004948,OBE UNITY,SanLorenzo
2026-09-06,00:20:22,538008276,PORT IMABARI,SanLorenzo
2026-09-06,00:20:22,352006388,NORSE BORNHOLM,SanLorenzo
2026-09-06,00:20:22,636023426,TOUBKAL PARK,SanLorenzo
2026-09-06,00:20:22,352006096,PALEXPO,SanLorenzo
2026-09-06,00:20:22,538009801,HELIOS,SanLorenzo
2026-09-06,00:20:22,563163900,ANNA SCHULTE,SanLorenzo
2026-09-06,00:20:22,355174000,APOGEE SPIRIT,SanLorenzo
2026-09-06,00:20:22,538008936,SOUND YOUNG,SanLorenzo
2026-09-06,00:20:22,720671000,IB ROSARIO,SanLorenzo
2026-09-06,00:20:22,755177000,CABALLERO BLANCO.,SanLorenzo
2026-09-06,00:20:22,755991013,PUMA,SanLorenzo
2026-09-06,00:20:22,755088000,DECATUR LADY,SanLorenzo
2026-09-06,00:20:22,7010004,,SanLorenzo
2026-09-06,00:20:22,701006740,GUILLERMO C,SanLorenzo
2026-09-06,00:20:22,341694002,H7 HSB5,SanLorenzo
2026-09-06,00:20:22,720035000,CANTAGALLO,SanLorenzo
2026-09-06,00:20:22,636015971,STOLT ZULU,SanLorenzo
2026-09-06,00:20:22,701006245,SAN JOSE V,SanLorenzo
2026-09-06,00:20:22,755002470,,SanLorenzo
2026-09-06,00:20:22,701006966,TIGRE,SanLorenzo
2026-09-06,00:20:22,701006926,FAVORITO SAN ANTONIO,SanLorenzo
2026-09-06,00:20:22,701006107,BENICIO S,SanLorenzo
2026-09-06,00:20:22,636023897,ANNELIESE,SanLorenzo
2026-09-06,00:20:22,636015600,F. F GLORY,SanLorenzo
2026-09-06,00:20:22,563033900,TORM SUPREME,SanLorenzo
2026-09-06,00:20:22,701006396,VB RECOLETA,SanLorenzo
2026-09-06,00:20:22,314952000,DSM HARBOUR,SanLorenzo
2026-09-06,00:20:22,538004184,BLACK PEARL,SanLorenzo
2026-09-06,00:20:22,701001404,GUAZU PUCU,SanLorenzo
2026-09-06,00:20:22,755001797,PARAPITI.,SanLorenzo
2026-09-06,00:20:22,755703668,URUTAU,SanLorenzo
2026-09-06,00:20:22,755000020,AGUARA,SanLorenzo
2026-09-06,00:20:22,755134000,LADOCE H,SanLorenzo
2026-09-06,00:20:22,701006443,MAYU,SanLorenzo
2026-09-06,00:20:22,538006504,DANK SILVER,Rosario
2026-09-06,00:20:22,636024698,MC CALYPSO,Rosario
2026-09-06,00:20:22,311000195,CS SARAFINA,Rosario
2026-09-06,00:20:22,701503000,GC77 GFO SAN MATIAS,Rosario
2026-09-06,00:20:22,538006458,ODYSSEUS N,Rosario
2026-09-06,00:20:22,563151400,FRANCESCO,Rosario
2026-09-06,00:20:22,477754600,MAERSK VENEZIA,Rosario
2026-09-06,00:20:22,257897000,BOW FIRDA,Rosario
2026-09-06,00:20:22,538008779,LIVADI,Rosario
2026-09-06,00:20:22,538010750,TOKYO SPIRIT,Rosario
2026-09-06,00:20:22,256685000,RODINA,Rosario
2026-09-06,00:20:22,352001142,GLORY FIRST,Rosario
2026-09-06,00:20:22,636024043,TG CRAB,Rosario
2026-09-06,00:20:22,311001602,SAGA ANDORINHA,Rosario
2026-09-06,00:20:22,701006443,,Rosario
2026-09-06,00:20:22,701006740,,Rosario
2026-09-06,00:20:22,538090690,LEONARDO,Rosario
2026-09-06,00:20:22,255916599,RANA,Rosario
2026-09-06,00:20:22,352004948,OBE UNITY,Rosario
2026-09-06,00:20:22,241624000,LEGEND,Rosario
2026-09-06,00:20:22,538004184,,Rosario
2026-09-06,00:20:22,352006388,NORSE BORNHOLM,Rosario
2026-09-06,00:20:22,636023426,TOUBKAL PARK,Rosario
2026-09-06,00:20:22,538008276,PORT IMABARI,Rosario
2026-09-06,00:20:22,352006096,PALEXPO,Rosario
2026-09-06,00:20:22,538012594,KAPETANIOS,Rosario
2026-09-06,00:20:22,755991013,,Rosario
2026-09-06,00:20:22,563163900,ANNA SCHULTE,Rosario
2026-09-06,00:20:22,538009801,HELIOS,Rosario
2026-09-06,00:20:22,355174000,APOGEE SPIRIT,Rosario
2026-09-06,00:20:22,701006396,VB RECOLETA,Rosario
2026-09-06,00:20:22,538008936,SOUND YOUNG,Rosario
2026-09-06,00:20:22,755088000,DECATUR LADY,Rosario
2026-09-06,00:20:22,636015971,STOLT ZULU,Rosario
2026-09-06,00:20:22,7010004,,Rosario
2026-09-06,00:20:22,341694002,H7 HSB5,Rosario
2026-09-06,00:20:22,701006245,SAN JOSE V,Rosario
2026-09-06,00:20:22,755002470,DONA CARMEN,Rosario
2026-09-06,00:20:22,314952000,DSM HARBOUR,Rosario
2026-09-06,00:20:22,701006670,BRUTUS,Rosario
2026-09-06,00:20:22,701006926,FAVORITO SAN ANTONIO,Rosario
2026-09-06,00:20:22,636023897,ANNELIESE,Rosario
2026-09-06,00:20:22,636015600,F. F GLORY,Rosario
2026-09-06,00:20:22,563033900,TORM SUPREME,Rosario
2026-09-06,00:20:22,755001797,PARAPITI.,Rosario
2026-09-06,00:20:22,701001404,GUAZU PUCU,Rosario
2026-09-06,00:20:22,755000020,AGUARA,Rosario
2026-09-06,00:20:22,477932500,ROSCO BANYAN,Rosario
2026-09-06,00:20:22,352006380,,DelGuazu
2026-09-06,00:20:22,636025133,YAMI BENEFIT,DelGuazu
2026-09-06,00:20:22,701006462,,DelGuazu
2026-09-06,00:20:22,229732000,YANNIS,DelGuazu
2026-09-06,00:20:22,755143000,,DelGuazu
2026-09-06,00:20:22,636025133,,Braga
2026-09-06,00:20:22,373240000,,Braga
2026-09-06,00:20:22,352006380,,Braga
2026-09-06,00:20:22,755143000,,Braga
2026-09-06,00:20:22,229732000,,Braga
2026-09-06,00:20:22,701583000,GC70 RI0 DE LA PLATA,BellaVista
2026-09-06,00:20:22,755707081,IB ENCARNACION,BellaVista
2026-09-06,00:20:22,720985000,HB HYDRA,BellaVista
2026-09-06,00:20:22,755002941,HERKULES IV,BellaVista
2026-09-06,00:20:22,755003609,DONA ELVIRA,BellaVista
2026-09-06,00:20:22,755004318,NAUTIC TWIN,BellaVista
2026-09-06,00:20:22,755201114,AGUILUCHO,BellaVista
2026-09-06,00:20:22,755045000,BRUTUS H,BellaVista
2026-09-06,00:20:22,755048000,ITAPUA I,BellaVista
2026-09-06,00:20:22,755170000,DONA MARGIE,BellaVista
2026-09-06,00:20:22,755022000,R/E CAVALIER XI,BellaVista
2026-09-06,00:20:22,755164000,BELEN B,BellaVista
2026-09-06,00:20:22,755136000,IMPALA LADARIO,BellaVista
2026-09-06,00:30:09,755032000,RUBEN H,SanLorenzo
2026-09-06,00:30:09,255915742,BOCHEM CASABLANCA,SanLorenzo
2026-09-06,00:30:09,563234800,IVS DUNES,SanLorenzo
2026-09-06,00:30:09,311001602,SAGA ANDORINHA,SanLorenzo
2026-09-06,00:30:09,241624000,LEGEND,SanLorenzo
2026-09-06,00:30:09,477932500,ROSCO BANYAN,SanLorenzo
2026-09-06,00:30:09,701503000,GC77 GFO SAN MATIAS,SanLorenzo
2026-09-06,00:30:09,477754600,MAERSK VENEZIA,SanLorenzo
2026-09-06,00:30:09,563169800,RUBY,SanLorenzo
2026-09-06,00:30:09,563151400,FRANCESCO,SanLorenzo
2026-09-06,00:30:09,538006458,ODYSSEUS N,SanLorenzo
2026-09-06,00:30:09,538004481,AGIA PARASKEVI,SanLorenzo
2026-09-06,00:30:09,538006504,DANK SILVER,SanLorenzo
2026-09-06,00:30:09,257897000,BOW FIRDA,SanLorenzo
2026-09-06,00:30:09,538010750,TOKYO SPIRIT,SanLorenzo
2026-09-06,00:30:09,636024698,MC CALYPSO,SanLorenzo
2026-09-06,00:30:09,636093258,EMMA JANNEKE,SanLorenzo
2026-09-06,00:30:09,538008779,LIVADI,SanLorenzo
2026-09-06,00:30:09,311000195,CS SARAFINA,SanLorenzo
2026-09-06,00:30:09,256685000,RODINA,SanLorenzo
2026-09-06,00:30:09,636024043,TG CRAB,SanLorenzo
2026-09-06,00:30:09,563054100,MTM BIG APPLE,SanLorenzo
2026-09-06,00:30:09,351011000,OCEAN CROWN,SanLorenzo
2026-09-06,00:30:09,701006310,ARGENTINO I,SanLorenzo
2026-09-06,00:30:09,538090690,LEONARDO,SanLorenzo
2026-09-06,00:30:09,701006670,BRUTUS,SanLorenzo
2026-09-06,00:30:09,255916599,RANA,SanLorenzo
2026-09-06,00:30:09,352004948,OBE UNITY,SanLorenzo
2026-09-06,00:30:09,352006388,NORSE BORNHOLM,SanLorenzo
2026-09-06,00:30:09,538008276,PORT IMABARI,SanLorenzo
2026-09-06,00:30:09,352006096,PALEXPO,SanLorenzo
2026-09-06,00:30:09,636023426,TOUBKAL PARK,SanLorenzo
2026-09-06,00:30:09,538012594,KAPETANIOS,SanLorenzo
2026-09-06,00:30:09,538009801,HELIOS,SanLorenzo
2026-09-06,00:30:09,355174000,APOGEE SPIRIT,SanLorenzo
2026-09-06,00:30:09,563163900,ANNA SCHULTE,SanLorenzo
2026-09-06,00:30:09,538008936,SOUND YOUNG,SanLorenzo
2026-09-06,00:30:09,720035000,CANTAGALLO,SanLorenzo
2026-09-06,00:30:09,701006966,TIGRE,SanLorenzo
2026-09-06,00:30:09,755703668,URUTAU,SanLorenzo
2026-09-06,00:30:09,720671000,IB ROSARIO,SanLorenzo
2026-09-06,00:30:09,755088000,DECATUR LADY,SanLorenzo
2026-09-06,00:30:09,7010004,,SanLorenzo
2026-09-06,00:30:09,701006245,SAN JOSE V,SanLorenzo
2026-09-06,00:30:09,341694002,H7 HSB5,SanLorenzo
2026-09-06,00:30:09,755991013,PUMA,SanLorenzo
2026-09-06,00:30:09,755177000,CABALLERO BLANCO.,SanLorenzo
2026-09-06,00:30:09,636015971,STOLT ZULU,SanLorenzo
2026-09-06,00:30:09,636023897,ANNELIESE,SanLorenzo
2026-09-06,00:30:09,755002470,DONA CARMEN,SanLorenzo
2026-09-06,00:30:09,701006107,BENICIO S,SanLorenzo
2026-09-06,00:30:09,636015600,F. F GLORY,SanLorenzo
2026-09-06,00:30:09,701006926,FAVORITO SAN ANTONIO,SanLorenzo
2026-09-06,00:30:09,563033900,TORM SUPREME,SanLorenzo
2026-09-06,00:30:09,538004184,BLACK PEARL,SanLorenzo
2026-09-06,00:30:09,701001057,VALENTINA H,SanLorenzo
2026-09-06,00:30:09,314952000,DSM HARBOUR,SanLorenzo
2026-09-06,00:30:09,701006396,VB RECOLETA,SanLorenzo
2026-09-06,00:30:09,755000020,AGUARA,SanLorenzo
2026-09-06,00:30:09,755001797,PARAPITI.,SanLorenzo
2026-09-06,00:30:09,755134000,LADOCE H,SanLorenzo
2026-09-06,00:30:09,701006443,MAYU,SanLorenzo
2026-09-06,00:30:09,701001404,GUAZU PUCU,SanLorenzo
2026-09-06,00:30:09,538006504,DANK SILVER,Rosario
2026-09-06,00:30:09,311000195,CS SARAFINA,Rosario
2026-09-06,00:30:09,212977000,,Rosario
2026-09-06,00:30:09,701006107,,Rosario
2026-09-06,00:30:09,477932500,ROSCO BANYAN,Rosario
2026-09-06,00:30:09,701503000,GC77 GFO SAN MATIAS,Rosario
2026-09-06,00:30:09,477754600,MAERSK VENEZIA,Rosario
2026-09-06,00:30:09,563151400,FRANCESCO,Rosario
2026-09-06,00:30:09,538006458,ODYSSEUS N,Rosario
2026-09-06,00:30:09,257897000,BOW FIRDA,Rosario
2026-09-06,00:30:09,538010750,TOKYO SPIRIT,Rosario
2026-09-06,00:30:09,636024698,MC CALYPSO,Rosario
2026-09-06,00:30:09,538008779,LIVADI,Rosario
2026-09-06,00:30:09,352001142,GLORY FIRST,Rosario
2026-09-06,00:30:09,701006966,,Rosario
2026-09-06,00:30:09,636024043,TG CRAB,Rosario
2026-09-06,00:30:09,311001602,SAGA ANDORINHA,Rosario
2026-09-06,00:30:09,538090690,LEONARDO,Rosario
2026-09-06,00:30:09,255916599,RANA,Rosario
2026-09-06,00:30:09,352004948,OBE UNITY,Rosario
2026-09-06,00:30:09,241624000,LEGEND,Rosario
2026-09-06,00:30:09,352006388,NORSE BORNHOLM,Rosario
2026-09-06,00:30:09,352006096,PALEXPO,Rosario
2026-09-06,00:30:09,636023426,TOUBKAL PARK,Rosario
2026-09-06,00:30:09,538008276,PORT IMABARI,Rosario
2026-09-06,00:30:09,538012594,KAPETANIOS,Rosario
2026-09-06,00:30:09,755177000,,Rosario
2026-09-06,00:30:09,538009801,HELIOS,Rosario
2026-09-06,00:30:09,355174000,APOGEE SPIRIT,Rosario
2026-09-06,00:30:09,563163900,ANNA SCHULTE,Rosario
2026-09-06,00:30:09,538008936,SOUND YOUNG,Rosario
2026-09-06,00:30:09,701006670,BRUTUS,Rosario
2026-09-06,00:30:09,755088000,DECATUR LADY,Rosario
2026-09-06,00:30:09,701006245,SAN JOSE V,Rosario
2026-09-06,00:30:09,7010004,,Rosario
2026-09-06,00:30:09,341694002,H7 HSB5,Rosario
2026-09-06,00:30:09,755991013,,Rosario
2026-09-06,00:30:09,636015971,STOLT ZULU,Rosario
2026-09-06,00:30:09,701006310,ARGENTINO I,Rosario
2026-09-06,00:30:09,538004184,,Rosario
2026-09-06,00:30:09,636023897,ANNELIESE,Rosario
2026-09-06,00:30:09,755002470,DONA CARMEN,Rosario
2026-09-06,00:30:09,314952000,DSM HARBOUR,Rosario
2026-09-06,00:30:09,636015600,F. F GLORY,Rosario
2026-09-06,00:30:09,701006926,FAVORITO SAN ANTONIO,Rosario
2026-09-06,00:30:09,563033900,TORM SUPREME,Rosario
2026-09-06,00:30:09,701006396,VB RECOLETA,Rosario
2026-09-06,00:30:09,755001797,PARAPITI.,Rosario
2026-09-06,00:30:09,755000020,AGUARA,Rosario
2026-09-06,00:30:09,701001404,GUAZU PUCU,Rosario
2026-09-06,00:30:09,701090000,,DelGuazu
2026-09-06,00:30:09,701006462,,DelGuazu
2026-09-06,00:30:09,352006380,,DelGuazu
2026-09-06,00:30:09,636025133,YAMI BENEFIT,DelGuazu
2026-09-06,00:30:09,755143000,,DelGuazu
2026-09-06,00:30:09,229732000,YANNIS,DelGuazu
2026-09-06,00:30:09,352006380,,Braga
2026-09-06,00:30:09,755143000,,Braga
2026-09-06,00:30:09,701090000,,Braga
2026-09-06,00:30:09,636025133,,Braga
2026-09-06,00:30:09,229732000,,Braga
2026-09-06,00:30:09,701583000,GC70 RI0 DE LA PLATA,BellaVista
2026-09-06,00:30:09,755707081,IB ENCARNACION,BellaVista
2026-09-06,00:30:09,755004318,NAUTIC TWIN,BellaVista
2026-09-06,00:30:09,755164000,BELEN B,BellaVista
2026-09-06,00:30:09,755045000,BRUTUS H,BellaVista
2026-09-06,00:30:09,755002941,HERKULES IV,BellaVista
2026-09-06,00:30:09,755003609,DONA ELVIRA,BellaVista
2026-09-06,00:30:09,755048000,ITAPUA I,BellaVista
2026-09-06,00:30:09,755170000,DONA MARGIE,BellaVista
2026-09-06,00:30:09,755022000,R/E CAVALIER XI,BellaVista
2026-09-06,00:30:09,720985000,HB HYDRA,BellaVista
2026-09-06,00:30:09,755201114,AGUILUCHO,BellaVista
2026-09-06,00:30:09,755136000,IMPALA LADARIO,BellaVista
2026-09-06,00:40:09,255915742,BOCHEM CASABLANCA,SanLorenzo
2026-09-06,00:40:09,311001602,,SanLorenzo
2026-09-06,00:40:09,477932500,ROSCO BANYAN,SanLorenzo
2026-09-06,00:40:09,701503000,GC77 GFO SAN MATIAS,SanLorenzo
2026-09-06,00:40:09,563169800,RUBY,SanLorenzo
2026-09-06,00:40:09,538006458,ODYSSEUS N,SanLorenzo
2026-09-06,00:40:09,563151400,FRANCESCO,SanLorenzo
2026-09-06,00:40:09,477754600,MAERSK VENEZIA,SanLorenzo
2026-09-06,00:40:09,257897000,BOW FIRDA,SanLorenzo
2026-09-06,00:40:09,538006504,DANK SILVER,SanLorenzo
2026-09-06,00:40:09,538004481,AGIA PARASKEVI,SanLorenzo
2026-09-06,00:40:09,636024698,MC CALYPSO,SanLorenzo
2026-09-06,00:40:09,311000195,CS SARAFINA,SanLorenzo
2026-09-06,00:40:09,636093258,EMMA JANNEKE,SanLorenzo
2026-09-06,00:40:09,538010750,TOKYO SPIRIT,SanLorenzo
2026-09-06,00:40:09,538008779,LIVADI,SanLorenzo
2026-09-06,00:40:09,256685000,RODINA,SanLorenzo
2026-09-06,00:40:09,636024043,TG CRAB,SanLorenzo
2026-09-06,00:40:09,563234800,IVS DUNES,SanLorenzo
2026-09-06,00:40:09,563054100,MTM BIG APPLE,SanLorenzo
2026-09-06,00:40:09,351011000,OCEAN CROWN,SanLorenzo
2026-09-06,00:40:09,538090690,LEONARDO,SanLorenzo
2026-09-06,00:40:09,255916599,RANA,SanLorenzo
2026-09-06,00:40:09,352004948,OBE UNITY,SanLorenzo
2026-09-06,00:40:09,241624000,LEGEND,SanLorenzo
2026-09-06,00:40:09,352006388,NORSE BORNHOLM,SanLorenzo
2026-09-06,00:40:09,538008276,PORT IMABARI,SanLorenzo
2026-09-06,00:40:09,636023426,TOUBKAL PARK,SanLorenzo
2026-09-06,00:40:09,352006096,PALEXPO,SanLorenzo
2026-09-06,00:40:09,538012594,KAPETANIOS,SanLorenzo
2026-09-06,00:40:09,563163900,ANNA SCHULTE,SanLorenzo
2026-09-06,00:40:09,538009801,HELIOS,SanLorenzo
2026-09-06,00:40:09,355174000,APOGEE SPIRIT,SanLorenzo
2026-09-06,00:40:09,538008936,SOUND YOUNG,SanLorenzo
2026-09-06,00:40:09,720671000,IB ROSARIO,SanLorenzo
2026-09-06,00:40:09,720035000,CANTAGALLO,SanLorenzo
2026-09-06,00:40:09,7010004,,SanLorenzo
2026-09-06,00:40:09,755177000,CABALLERO BLANCO.,SanLorenzo
2026-09-06,00:40:09,341694002,H7 HSB5,SanLorenzo
2026-09-06,00:40:09,636015971,STOLT ZULU,SanLorenzo
2026-09-06,00:40:09,755088000,DECATUR LADY,SanLorenzo
2026-09-06,00:40:09,755991013,PUMA,SanLorenzo
2026-09-06,00:40:09,701006245,SAN JOSE V,SanLorenzo
2026-09-06,00:40:09,538004184,BLACK PEARL,SanLorenzo
2026-09-06,00:40:09,755002470,DONA CARMEN,SanLorenzo
2026-09-06,00:40:09,636023256,INGENUITY,SanLorenzo
2026-09-06,00:40:09,755032000,,SanLorenzo
2026-09-06,00:40:09,701006310,ARGENTINO I,SanLorenzo
2026-09-06,00:40:09,636023897,ANNELIESE,SanLorenzo
2026-09-06,00:40:09,701006107,BENICIO S,SanLorenzo
2026-09-06,00:40:09,636015600,F. F GLORY,SanLorenzo
2026-09-06,00:40:09,701006926,FAVORITO SAN ANTONIO,SanLorenzo
2026-09-06,00:40:09,701006966,TIGRE,SanLorenzo
2026-09-06,00:40:09,563033900,TORM SUPREME,SanLorenzo
2026-09-06,00:40:09,701006396,VB RECOLETA,SanLorenzo
2026-09-06,00:40:09,701001404,GUAZU PUCU,SanLorenzo
2026-09-06,00:40:09,314952000,DSM HARBOUR,SanLorenzo
2026-09-06,00:40:09,701001057,VALENTINA H,SanLorenzo
2026-09-06,00:40:09,755001797,PARAPITI.,SanLorenzo
2026-09-06,00:40:09,701006443,MAYU,SanLorenzo
2026-09-06,00:40:09,538011430,SOFIA,SanLorenzo
2026-09-06,00:40:09,755703668,URUTAU,SanLorenzo
2026-09-06,00:40:09,755134000,LADOCE H,SanLorenzo
2026-09-06,00:40:09,755000020,AGUARA,SanLorenzo
2026-09-06,00:40:09,352004948,OBE UNITY,Rosario
2026-09-06,00:40:09,256685000,,Rosario
2026-09-06,00:40:09,241624000,LEGEND,Rosario
2026-09-06,00:40:09,477932500,ROSCO BANYAN,Rosario
2026-09-06,00:40:09,701503000,GC77 GFO SAN MATIAS,Rosario
2026-09-06,00:40:09,563151400,FRANCESCO,Rosario
2026-09-06,00:40:09,538006458,ODYSSEUS N,Rosario
2026-09-06,00:40:09,477754600,MAERSK VENEZIA,Rosario
2026-09-06,00:40:09,257897000,BOW FIRDA,Rosario
2026-09-06,00:40:09,636024698,MC CALYPSO,Rosario
2026-09-06,00:40:09,311000195,CS SARAFINA,Rosario
2026-09-06,00:40:09,538008779,LIVADI,Rosario
2026-09-06,00:40:09,538010750,TOKYO SPIRIT,Rosario
2026-09-06,00:40:09,352001142,GLORY FIRST,Rosario
2026-09-06,00:40:09,636024043,TG CRAB,Rosario
2026-09-06,00:40:09,563054100,,Rosario
2026-09-06,00:40:09,311001602,SAGA ANDORINHA,Rosario
2026-09-06,00:40:09,755001797,PARAPITI.,Rosario
2026-09-06,00:40:09,538090690,LEONARDO,Rosario
2026-09-06,00:40:09,255916599,RANA,Rosario
2026-09-06,00:40:09,212977000,LUNAR STAR 1,Rosario
2026-09-06,00:40:09,352006388,NORSE BORNHOLM,Rosario
2026-09-06,00:40:09,636023426,TOUBKAL PARK,Rosario
2026-09-06,00:40:09,352006096,PALEXPO,Rosario
2026-09-06,00:40:09,538008276,PORT IMABARI,Rosario
2026-09-06,00:40:09,755088000,DECATUR LADY,Rosario
2026-09-06,00:40:09,701006966,TIGRE,Rosario
2026-09-06,00:40:09,538012594,KAPETANIOS,Rosario
2026-09-06,00:40:09,701006107,,Rosario
2026-09-06,00:40:09,563163900,ANNA SCHULTE,Rosario
2026-09-06,00:40:09,538009801,HELIOS,Rosario
2026-09-06,00:40:09,355174000,APOGEE SPIRIT,Rosario
2026-09-06,00:40:09,538008936,SOUND YOUNG,Rosario
2026-09-06,00:40:09,755000020,AGUARA,Rosario
2026-09-06,00:40:09,7010004,,Rosario
2026-09-06,00:40:09,341694002,H7 HSB5,Rosario
2026-09-06,00:40:09,636015971,STOLT ZULU,Rosario
2026-09-06,00:40:09,701006245,SAN JOSE V,Rosario
2026-09-06,00:40:09,755991013,PUMA,Rosario
2026-09-06,00:40:09,538004184,BLACK PEARL,Rosario
2026-09-06,00:40:09,314952000,DSM HARBOUR,Rosario
2026-09-06,00:40:09,755002470,DONA CARMEN,Rosario
2026-09-06,00:40:09,636023256,INGENUITY,Rosario
2026-09-06,00:40:09,701006310,ARGENTINO I,Rosario
2026-09-06,00:40:09,636023897,ANNELIESE,Rosario
2026-09-06,00:40:09,636015600,F. F GLORY,Rosario
2026-09-06,00:40:09,701006926,FAVORITO SAN ANTONIO,Rosario
2026-09-06,00:40:09,563033900,TORM SUPREME,Rosario
2026-09-06,00:40:09,701006396,VB RECOLETA,Rosario
2026-09-06,00:40:09,701001404,GUAZU PUCU,Rosario
2026-09-06,00:40:09,538011430,SOFIA,Rosario
2026-09-06,00:40:09,352006380,,DelGuazu
2026-09-06,00:40:09,701006462,,DelGuazu
2026-09-06,00:40:09,636025133,YAMI BENEFIT,DelGuazu
2026-09-06,00:40:09,755075000,,DelGuazu
2026-09-06,00:40:09,701090000,,DelGuazu
2026-09-06,00:40:09,755143000,RAGNAR,DelGuazu
2026-09-06,00:40:09,229732000,YANNIS,DelGuazu
2026-09-06,00:40:09,755143000,,Braga
2026-09-06,00:40:09,229732000,,Braga
2026-09-06,00:40:09,701090000,,Braga
2026-09-06,00:40:09,755707081,IB ENCARNACION,BellaVista
2026-09-06,00:40:09,701583000,GC70 RI0 DE LA PLATA,BellaVista
2026-09-06,00:40:09,755003609,DONA ELVIRA,BellaVista
2026-09-06,00:40:09,755002941,HERKULES IV,BellaVista
2026-09-06,00:40:09,755170000,DONA MARGIE,BellaVista
2026-09-06,00:40:09,755004318,NAUTIC TWIN,BellaVista
2026-09-06,00:40:09,755022000,R/E CAVALIER XI,BellaVista
2026-09-06,00:40:09,755084000,RIO DE LA PLATA,BellaVista
2026-09-06,00:40:09,755201114,AGUILUCHO,BellaVista
2026-09-06,00:40:09,755164000,BELEN B,BellaVista
2026-09-06,00:40:09,755045000,BRUTUS H,BellaVista
2026-09-06,00:40:09,720985000,HB HYDRA,BellaVista
2026-09-06,00:50:10,538008276,PORT IMABARI,SanLorenzo
2026-09-06,00:50:10,7010004,,SanLorenzo
2026-09-06,00:50:10,351011000,OCEAN CROWN,SanLorenzo
2026-09-06,00:50:10,477932500,ROSCO BANYAN,SanLorenzo
2026-09-06,00:50:10,755032000,RUBEN H,SanLorenzo
2026-09-06,00:50:10,255915742,BOCHEM CASABLANCA,SanLorenzo
2026-09-06,00:50:10,701503000,GC77 GFO SAN MATIAS,SanLorenzo
2026-09-06,00:50:10,538006458,ODYSSEUS N,SanLorenzo
2026-09-06,00:50:10,563151400,FRANCESCO,SanLorenzo
2026-09-06,00:50:10,563169800,RUBY,SanLorenzo
2026-09-06,00:50:10,477754600,MAERSK VENEZIA,SanLorenzo
2026-09-06,00:50:10,341694002,H7 HSB5,SanLorenzo
2026-09-06,00:50:10,538004481,AGIA PARASKEVI,SanLorenzo
2026-09-06,00:50:10,538006504,DANK SILVER,SanLorenzo
2026-09-06,00:50:10,257897000,BOW FIRDA,SanLorenzo
2026-09-06,00:50:10,538010750,TOKYO SPIRIT,SanLorenzo
2026-09-06,00:50:10,636024698,MC CALYPSO,SanLorenzo
2026-09-06,00:50:10,636093258,EMMA JANNEKE,SanLorenzo
2026-09-06,00:50:10,538008779,LIVADI,SanLorenzo
2026-09-06,00:50:10,311000195,CS SARAFINA,SanLorenzo
2026-09-06,00:50:10,256685000,RODINA,SanLorenzo
2026-09-06,00:50:10,636024043,TG CRAB,SanLorenzo
2026-09-06,00:50:10,563234800,IVS DUNES,SanLorenzo
2026-09-06,00:50:10,563054100,MTM BIG APPLE,SanLorenzo
2026-09-06,00:50:10,311001602,,SanLorenzo
2026-09-06,00:50:10,720035000,CANTAGALLO,SanLorenzo
2026-09-06,00:50:10,538090690,LEONARDO,SanLorenzo
2026-09-06,00:50:10,255916599,RANA,SanLorenzo
2026-09-06,00:50:10,241624000,LEGEND,SanLorenzo
2026-09-06,00:50:10,352004948,OBE UNITY,SanLorenzo
2026-09-06,00:50:10,636015600,F. F GLORY,SanLorenzo
2026-09-06,00:50:10,636023426,TOUBKAL PARK,SanLorenzo
2026-09-06,00:50:10,352006388,NORSE BORNHOLM,SanLorenzo
2026-09-06,00:50:10,352006096,PALEXPO,SanLorenzo
2026-09-06,00:50:10,538012594,KAPETANIOS,SanLorenzo
2026-09-06,00:50:10,538009801,HELIOS,SanLorenzo
2026-09-06,00:50:10,563163900,ANNA SCHULTE,SanLorenzo
2026-09-06,00:50:10,355174000,APOGEE SPIRIT,SanLorenzo
2026-09-06,00:50:10,538008936,SOUND YOUNG,SanLorenzo
2026-09-06,00:50:10,701006966,TIGRE,SanLorenzo
2026-09-06,00:50:10,701001307,MAX DREAM,SanLorenzo
2026-09-06,00:50:10,720671000,IB ROSARIO,SanLorenzo
2026-09-06,00:50:10,701006740,GUILLERMO C,SanLorenzo
2026-09-06,00:50:10,755991013,PUMA,SanLorenzo
2026-09-06,00:50:10,636015971,STOLT ZULU,SanLorenzo
2026-09-06,00:50:10,701006245,SAN JOSE V,SanLorenzo
2026-09-06,00:50:10,755088000,DECATUR LADY,SanLorenzo
2026-09-06,00:50:10,755177000,CABALLERO BLANCO.,SanLorenzo
2026-09-06,00:50:10,314952000,DSM HARBOUR,SanLorenzo
2026-09-06,00:50:10,538004184,BLACK PEARL,SanLorenzo
2026-09-06,00:50:10,636023256,INGENUITY,SanLorenzo
2026-09-06,00:50:10,701006310,ARGENTINO I,SanLorenzo
2026-09-06,00:50:10,755002470,DONA CARMEN,SanLorenzo
2026-09-06,00:50:10,701006926,FAVORITO SAN ANTONIO,SanLorenzo
2026-09-06,00:50:10,701006107,BENICIO S,SanLorenzo
2026-09-06,00:50:10,636023897,ANNELIESE,SanLorenzo
2026-09-06,00:50:10,563033900,TORM SUPREME,SanLorenzo
2026-09-06,00:50:10,701001057,VALENTINA H,SanLorenzo
2026-09-06,00:50:10,755703668,URUTAU,SanLorenzo
2026-09-06,00:50:10,701006396,VB RECOLETA,SanLorenzo
2026-09-06,00:50:10,701001114,IGUAZU,SanLorenzo
2026-09-06,00:50:10,538011430,SOFIA,SanLorenzo
2026-09-06,00:50:10,755001797,PARAPITI.,SanLorenzo
2026-09-06,00:50:10,755134000,LADOCE H,SanLorenzo
2026-09-06,00:50:10,755000020,AGUARA,SanLorenzo
2026-09-06,00:50:10,701006443,MAYU,SanLorenzo
2026-09-06,00:50:10,701001404,GUAZU PUCU,SanLorenzo
2026-09-06,00:50:10,755088000,DECATUR LADY,Rosario
2026-09-06,00:50:10,7010004,,Rosario
2026-09-06,00:50:10,701006670,BRUTUS,Rosario
2026-09-06,00:50:10,477932500,ROSCO BANYAN,Rosario
2026-09-06,00:50:10,701503000,GC77 GFO SAN MATIAS,Rosario
2026-09-06,00:50:10,538006458,ODYSSEUS N,Rosario
2026-09-06,00:50:10,563151400,FRANCESCO,Rosario
2026-09-06,00:50:10,477754600,MAERSK VENEZIA,Rosario
2026-09-06,00:50:10,341694002,H7 HSB5,Rosario
2026-09-06,00:50:10,257897000,BOW FIRDA,Rosario
2026-09-06,00:50:10,538010750,TOKYO SPIRIT,Rosario
2026-09-06,00:50:10,636024698,MC CALYPSO,Rosario
2026-09-06,00:50:10,538008779,LIVADI,Rosario
2026-09-06,00:50:10,311000195,CS SARAFINA,Rosario
2026-09-06,00:50:10,256685000,RODINA,Rosario
2026-09-06,00:50:10,352001142,GLORY FIRST,Rosario
2026-09-06,00:50:10,636024043,TG CRAB,Rosario
2026-09-06,00:50:10,701006966,TIGRE,Rosario
2026-09-06,00:50:10,701006107,,Rosario
2026-09-06,00:50:10,311001602,SAGA ANDORINHA,Rosario
2026-09-06,00:50:10,755001797,PARAPITI.,Rosario
2026-09-06,00:50:10,538090690,LEONARDO,Rosario
2026-09-06,00:50:10,255916599,RANA,Rosario
2026-09-06,00:50:10,241624000,LEGEND,Rosario
2026-09-06,00:50:10,636023426,TOUBKAL PARK,Rosario
2026-09-06,00:50:10,352006388,NORSE BORNHOLM,Rosario
2026-09-06,00:50:10,352006096,PALEXPO,Rosario
2026-09-06,00:50:10,538008276,PORT IMABARI,Rosario
2026-09-06,00:50:10,701001307,,Rosario
2026-09-06,00:50:10,538012594,KAPETANIOS,Rosario
2026-09-06,00:50:10,563163900,ANNA SCHULTE,Rosario
2026-09-06,00:50:10,538009801,HELIOS,Rosario
2026-09-06,00:50:10,355174000,APOGEE SPIRIT,Rosario
2026-09-06,00:50:10,701006740,,Rosario
2026-09-06,00:50:10,538008936,SOUND YOUNG,Rosario
2026-09-06,00:50:10,755000020,AGUARA,Rosario
2026-09-06,00:50:10,755991013,PUMA,Rosario
2026-09-06,00:50:10,636015971,STOLT ZULU,Rosario
2026-09-06,00:50:10,701006245,SAN JOSE V,Rosario
2026-09-06,00:50:10,314952000,DSM HARBOUR,Rosario
2026-09-06,00:50:10,538004184,BLACK PEARL,Rosario
2026-09-06,00:50:10,636023256,INGENUITY,Rosario
2026-09-06,00:50:10,701006310,ARGENTINO I,Rosario
2026-09-06,00:50:10,755002470,DONA CARMEN,Rosario
2026-09-06,00:50:10,701006926,FAVORITO SAN ANTONIO,Rosario
2026-09-06,00:50:10,636023897,ANNELIESE,Rosario
2026-09-06,00:50:10,563033900,TORM SUPREME,Rosario
2026-09-06,00:50:10,636015600,F. F GLORY,Rosario
2026-09-06,00:50:10,701006396,VB RECOLETA,Rosario
2026-09-06,00:50:10,701001114,IGUAZU,Rosario
2026-09-06,00:50:10,538011430,SOFIA,Rosario
2026-09-06,00:50:10,701001404,GUAZU PUCU,Rosario
2026-09-06,00:50:10,701090000,,DelGuazu
2026-09-06,00:50:10,701006462,,DelGuazu
2026-09-06,00:50:10,755075000,,DelGuazu
2026-09-06,00:50:10,352006380,,DelGuazu
2026-09-06,00:50:10,229732000,YANNIS,DelGuazu
2026-09-06,00:50:10,755143000,RAGNAR,DelGuazu
2026-09-06,00:50:10,755143000,,Braga
2026-09-06,00:50:10,229732000,,Braga
2026-09-06,00:50:10,701583000,,BellaVista
2026-09-06,00:50:10,755003609,DONA ELVIRA,BellaVista
2026-09-06,00:50:10,755201114,AGUILUCHO,BellaVista
2026-09-06,00:50:10,720985000,HB HYDRA,BellaVista
2026-09-06,00:50:10,755004318,NAUTIC TWIN,BellaVista
2026-09-06,00:50:10,755707081,,BellaVista
2026-09-06,00:50:10,755045000,BRUTUS H,BellaVista
2026-09-06,00:50:10,755170000,DONA MARGIE,BellaVista
2026-09-06,00:50:10,755084000,RIO DE LA PLATA,BellaVista
2026-09-06,00:50:10,755022000,R/E CAVALIER XI,BellaVista
2026-09-06,00:50:10,755164000,BELEN B,BellaVista
2026-09-06,01:00:14,255915742,BOCHEM CASABLANCA,SanLorenzo
2026-09-06,01:00:14,755032000,RUBEN H,SanLorenzo
2026-09-06,01:00:14,563054100,MTM BIG APPLE,SanLorenzo
2026-09-06,01:00:14,538008276,PORT IMABARI,SanLorenzo
2026-09-06,01:00:14,477932500,ROSCO BANYAN,SanLorenzo
2026-09-06,01:00:14,563151400,FRANCESCO,SanLorenzo
2026-09-06,01:00:14,701503000,GC77 GFO SAN MATIAS,SanLorenzo
2026-09-06,01:00:14,563169800,RUBY,SanLorenzo
2026-09-06,01:00:14,538006458,ODYSSEUS N,SanLorenzo
2026-09-06,01:00:14,477754600,MAERSK VENEZIA,SanLorenzo
2026-09-06,01:00:14,341694002,H7 HSB5,SanLorenzo
2026-09-06,01:00:14,7010004,,SanLorenzo
2026-09-06,01:00:14,257897000,BOW FIRDA,SanLorenzo
2026-09-06,01:00:14,538006504,DANK SILVER,SanLorenzo
2026-09-06,01:00:14,538004481,AGIA PARASKEVI,SanLorenzo
2026-09-06,01:00:14,636024698,MC CALYPSO,SanLorenzo
2026-09-06,01:00:14,538010750,TOKYO SPIRIT,SanLorenzo
2026-09-06,01:00:14,636093258,EMMA JANNEKE,SanLorenzo
2026-09-06,01:00:14,538008779,LIVADI,SanLorenzo
2026-09-06,01:00:14,311000195,CS SARAFINA,SanLorenzo
2026-09-06,01:00:14,256685000,RODINA,SanLorenzo
2026-09-06,01:00:14,636024043,TG CRAB,SanLorenzo
2026-09-06,01:00:14,563234800,IVS DUNES,SanLorenzo
2026-09-06,01:00:14,636023897,ANNELIESE,SanLorenzo
2026-09-06,01:00:14,311001602,SAGA ANDORINHA,SanLorenzo
2026-09-06,01:00:14,351011000,OCEAN CROWN,SanLorenzo
2026-09-06,01:00:14,720035000,CANTAGALLO,SanLorenzo
2026-09-06,01:00:14,538090690,LEONARDO,SanLorenzo
2026-09-06,01:00:14,755002470,DONA CARMEN,SanLorenzo
2026-09-06,01:00:14,255916599,RANA,SanLorenzo
2026-09-06,01:00:14,241624000,LEGEND,SanLorenzo
2026-09-06,01:00:14,352004948,OBE UNITY,SanLorenzo
2026-09-06,01:00:14,352006388,NORSE BORNHOLM,SanLorenzo
2026-09-06,01:00:14,701006107,BENICIO S,SanLorenzo
2026-09-06,01:00:14,636023426,TOUBKAL PARK,SanLorenzo
2026-09-06,01:00:14,563319600,,SanLorenzo
2026-09-06,01:00:14,352006096,PALEXPO,SanLorenzo
2026-09-06,01:00:14,636015600,F. F GLORY,SanLorenzo
2026-09-06,01:00:14,538012594,KAPETANIOS,SanLorenzo
2026-09-06,01:00:14,701006966,TIGRE,SanLorenzo
2026-09-06,01:00:14,355174000,APOGEE SPIRIT,SanLorenzo
2026-09-06,01:00:14,563163900,ANNA SCHULTE,SanLorenzo
2026-09-06,01:00:14,538009801,HELIOS,SanLorenzo
2026-09-06,01:00:14,755177000,CABALLERO BLANCO.,SanLorenzo
2026-09-06,01:00:14,755991013,PUMA,SanLorenzo
2026-09-06,01:00:14,701001404,GUAZU PUCU,SanLorenzo
2026-09-06,01:00:14,538008936,SOUND YOUNG,SanLorenzo
2026-09-06,01:00:14,720671000,IB ROSARIO,SanLorenzo
2026-09-06,01:00:14,755703668,URUTAU,SanLorenzo
2026-09-06,01:00:14,755001797,PARAPITI.,SanLorenzo
2026-09-06,01:00:14,755000020,AGUARA,SanLorenzo
2026-09-06,01:00:14,701006443,MAYU,SanLorenzo
2026-09-06,01:00:14,755134000,LADOCE H,SanLorenzo
2026-09-06,01:00:14,701006245,SAN JOSE V,SanLorenzo
2026-09-06,01:00:14,538004184,BLACK PEARL,SanLorenzo
2026-09-06,01:00:14,636023256,INGENUITY,SanLorenzo
2026-09-06,01:00:14,701006310,ARGENTINO I,SanLorenzo
2026-09-06,01:00:14,701006926,FAVORITO SAN ANTONIO,SanLorenzo
2026-09-06,01:00:14,701006396,VB RECOLETA,SanLorenzo
2026-09-06,01:00:14,563033900,TORM SUPREME,SanLorenzo
2026-09-06,01:00:14,314952000,DSM HARBOUR,SanLorenzo
2026-09-06,01:00:14,636015971,STOLT ZULU,SanLorenzo
2026-09-06,01:00:14,701001114,IGUAZU,SanLorenzo
2026-09-06,01:00:14,701001324,HALCON,SanLorenzo
2026-09-06,01:00:14,701001307,MAX DREAM,SanLorenzo
2026-09-06,01:00:14,636024698,MC CALYPSO,Rosario
2026-09-06,01:00:14,256685000,RODINA,Rosario
2026-09-06,01:00:14,701006670,BRUTUS,Rosario
2026-09-06,01:00:14,755177000,,Rosario
2026-09-06,01:00:14,477932500,ROSCO BANYAN,Rosario
2026-09-06,01:00:14,563151400,FRANCESCO,Rosario
2026-09-06,01:00:14,701503000,GC77 GFO SAN MATIAS,Rosario
2026-09-06,01:00:14,538006458,ODYSSEUS N,Rosario
2026-09-06,01:00:14,477754600,MAERSK VENEZIA,Rosario
2026-09-06,01:00:14,341694002,H7 HSB5,Rosario
2026-09-06,01:00:14,7010004,,Rosario
2026-09-06,01:00:14,257897000,BOW FIRDA,Rosario
2026-09-06,01:00:14,538006504,,Rosario
2026-09-06,01:00:14,538008779,LIVADI,Rosario
2026-09-06,01:00:14,538010750,TOKYO SPIRIT,Rosario
2026-09-06,01:00:14,311000195,CS SARAFINA,Rosario
2026-09-06,01:00:14,352001142,GLORY FIRST,Rosario
2026-09-06,01:00:14,636024043,TG CRAB,Rosario
2026-09-06,01:00:14,636023897,ANNELIESE,Rosario
2026-09-06,01:00:14,311001602,SAGA ANDORINHA,Rosario
2026-09-06,01:00:14,538090690,LEONARDO,Rosario
2026-09-06,01:00:14,255916599,RANA,Rosario
2026-09-06,01:00:14,241624000,LEGEND,Rosario
2026-09-06,01:00:14,636023426,TOUBKAL PARK,Rosario
2026-09-06,01:00:14,352006388,NORSE BORNHOLM,Rosario
2026-09-06,01:00:14,538008276,PORT IMABARI,Rosario
2026-09-06,01:00:14,352006096,PALEXPO,Rosario
2026-09-06,01:00:14,538012594,KAPETANIOS,Rosario
2026-09-06,01:00:14,355174000,APOGEE SPIRIT,Rosario
2026-09-06,01:00:14,563163900,ANNA SCHULTE,Rosario
2026-09-06,01:00:14,538009801,HELIOS,Rosario
2026-09-06,01:00:14,538008936,SOUND YOUNG,Rosario
2026-09-06,01:00:14,701006396,VB RECOLETA,Rosario
2026-09-06,01:00:14,701006245,SAN JOSE V,Rosario
2026-09-06,01:00:14,755991013,PUMA,Rosario
2026-09-06,01:00:14,538004184,BLACK PEARL,Rosario
2026-09-06,01:00:14,755002470,DONA CARMEN,Rosario
2026-09-06,01:00:14,636023256,INGENUITY,Rosario
2026-09-06,01:00:14,314952000,DSM HARBOUR,Rosario
2026-09-06,01:00:14,636015971,STOLT ZULU,Rosario
2026-09-06,01:00:14,636015600,F. F GLORY,Rosario
2026-09-06,01:00:14,701006310,ARGENTINO I,Rosario
2026-09-06,01:00:14,701006926,FAVORITO SAN ANTONIO,Rosario
2026-09-06,01:00:14,563033900,TORM SUPREME,Rosario
2026-09-06,01:00:14,701001404,GUAZU PUCU,Rosario
2026-09-06,01:00:14,755001797,PARAPITI.,Rosario
2026-09-06,01:00:14,701001114,IGUAZU,Rosario
2026-09-06,01:00:14,701001307,,Rosario
2026-09-06,01:00:14,755000020,AGUARA,Rosario
2026-09-06,01:00:14,636025133,YAMI BENEFIT,DelGuazu
2026-09-06,01:00:14,352006380,,DelGuazu
2026-09-06,01:00:14,701090000,,DelGuazu
2026-09-06,01:00:14,701006462,,DelGuazu
2026-09-06,01:00:14,755075000,IMPALA CAMPANA.,DelGuazu
2026-09-06,01:00:14,755143000,RAGNAR,DelGuazu
2026-09-06,01:00:14,229732000,YANNIS,DelGuazu
2026-09-06,01:00:14,701090000,,Braga
2026-09-06,01:00:14,701006462,,Braga
2026-09-06,01:00:14,636025133,,Braga
2026-09-06,01:00:14,755143000,,Braga
2026-09-06,01:00:14,229732000,,Braga
2026-09-06,01:00:14,755707081,,BellaVista
2026-09-06,01:00:14,755126000,,BellaVista
2026-09-06,01:00:14,755004318,NAUTIC TWIN,BellaVista
2026-09-06,01:00:14,755164000,BELEN B,BellaVista
2026-09-06,01:00:14,755003609,DONA ELVIRA,BellaVista
2026-09-06,01:00:14,755022000,R/E CAVALIER XI,BellaVista
2026-09-06,01:00:14,701583000,,BellaVista
2026-09-06,01:00:14,720985000,HB HYDRA,BellaVista
2026-09-06,01:00:14,755045000,BRUTUS H,BellaVista
2026-09-06,01:00:14,755048000,ITAPUA I,BellaVista
2026-09-06,01:00:14,755170000,DONA MARGIE,BellaVista
2026-09-06,01:10:15,255915742,BOCHEM CASABLANCA,SanLorenzo
2026-09-06,01:10:15,701503000,GC77 GFO SAN MATIAS,SanLorenzo
2026-09-06,01:10:15,311001602,SAGA ANDORINHA,SanLorenzo
2026-09-06,01:10:15,477932500,ROSCO BANYAN,SanLorenzo
2026-09-06,01:10:15,563151400,FRANCESCO,SanLorenzo
2026-09-06,01:10:15,538006458,ODYSSEUS N,SanLorenzo
2026-09-06,01:10:15,563169800,RUBY,SanLorenzo
2026-09-06,01:10:15,477754600,MAERSK VENEZIA,SanLorenzo
2026-09-06,01:10:15,7010004,,SanLorenzo
2026-09-06,01:10:15,257897000,BOW FIRDA,SanLorenzo
2026-09-06,01:10:15,538006504,DANK SILVER,SanLorenzo
2026-09-06,01:10:15,538004481,AGIA PARASKEVI,SanLorenzo
2026-09-06,01:10:15,636024698,MC CALYPSO,SanLorenzo
2026-09-06,01:10:15,538010750,TOKYO SPIRIT,SanLorenzo
2026-09-06,01:10:15,636093258,EMMA JANNEKE,SanLorenzo
2026-09-06,01:10:15,311000195,CS SARAFINA,SanLorenzo
2026-09-06,01:10:15,538008779,LIVADI,SanLorenzo
2026-09-06,01:10:15,256685000,RODINA,SanLorenzo
2026-09-06,01:10:15,701001324,HALCON,SanLorenzo
2026-09-06,01:10:15,636024043,TG CRAB,SanLorenzo
2026-09-06,01:10:15,563234800,IVS DUNES,SanLorenzo
2026-09-06,01:10:15,636023897,ANNELIESE,SanLorenzo
2026-09-06,01:10:15,563054100,MTM BIG APPLE,SanLorenzo
2026-09-06,01:10:15,351011000,OCEAN CROWN,SanLorenzo
2026-09-06,01:10:15,255916599,RANA,SanLorenzo
2026-09-06,01:10:15,538090690,LEONARDO,SanLorenzo
2026-09-06,01:10:15,755032000,,SanLorenzo
2026-09-06,01:10:15,352004948,OBE UNITY,SanLorenzo
2026-09-06,01:10:15,241624000,LEGEND,SanLorenzo
2026-09-06,01:10:15,352006388,NORSE BORNHOLM,SanLorenzo
2026-09-06,01:10:15,538008276,PORT IMABARI,SanLorenzo
2026-09-06,01:10:15,636023426,TOUBKAL PARK,SanLorenzo
2026-09-06,01:10:15,352006096,PALEXPO,SanLorenzo
2026-09-06,01:10:15,538012594,KAPETANIOS,SanLorenzo
2026-09-06,01:10:15,755002470,DONA CARMEN,SanLorenzo
2026-09-06,01:10:15,563163900,ANNA SCHULTE,SanLorenzo
2026-09-06,01:10:15,538008936,SOUND YOUNG,SanLorenzo
2026-09-06,01:10:15,355174000,APOGEE SPIRIT,SanLorenzo
2026-09-06,01:10:15,538009801,HELIOS,SanLorenzo
2026-09-06,01:10:15,720035000,CANTAGALLO,SanLorenzo
2026-09-06,01:10:15,720671000,IB ROSARIO,SanLorenzo
2026-09-06,01:10:15,701006740,GUILLERMO C,SanLorenzo
2026-09-06,01:10:15,755991013,PUMA,SanLorenzo
2026-09-06,01:10:15,755177000,CABALLERO BLANCO.,SanLorenzo
2026-09-06,01:10:15,701006245,SAN JOSE V,SanLorenzo
2026-09-06,01:10:15,636015971,STOLT ZULU,SanLorenzo
2026-09-06,01:10:15,701006310,ARGENTINO I,SanLorenzo
2026-09-06,01:10:15,636023256,INGENUITY,SanLorenzo
2026-09-06,01:10:15,701006107,BENICIO S,SanLorenzo
2026-09-06,01:10:15,314952000,DSM HARBOUR,SanLorenzo
2026-09-06,01:10:15,636015600,F. F GLORY,SanLorenzo
2026-09-06,01:10:15,701006926,FAVORITO SAN ANTONIO,SanLorenzo
2026-09-06,01:10:15,701001404,GUAZU PUCU,SanLorenzo
2026-09-06,01:10:15,563033900,TORM SUPREME,SanLorenzo
2026-09-06,01:10:15,538004184,BLACK PEARL,SanLorenzo
2026-09-06,01:10:15,701006396,VB RECOLETA,SanLorenzo
2026-09-06,01:10:15,341694002,H7 HSB5,SanLorenzo
2026-09-06,01:10:15,701001057,VALENTINA H,SanLorenzo
2026-09-06,01:10:15,755703668,URUTAU,SanLorenzo
2026-09-06,01:10:15,755001797,PARAPITI.,SanLorenzo
2026-09-06,01:10:15,701006966,TIGRE,SanLorenzo
2026-09-06,01:10:15,701006443,MAYU,SanLorenzo
2026-09-06,01:10:15,755000020,AGUARA,SanLorenzo
2026-09-06,01:10:15,755134000,LADOCE H,SanLorenzo
2026-09-06,01:10:15,636024698,MC CALYPSO,Rosario
2026-09-06,01:10:15,538008779,LIVADI,Rosario
2026-09-06,01:10:15,755002470,DONA CARMEN,Rosario
2026-09-06,01:10:15,701006670,BRUTUS,Rosario
2026-09-06,01:10:15,477932500,ROSCO BANYAN,Rosario
2026-09-06,01:10:15,701503000,GC77 GFO SAN MATIAS,Rosario
2026-09-06,01:10:15,563151400,FRANCESCO,Rosario
2026-09-06,01:10:15,538006458,ODYSSEUS N,Rosario
2026-09-06,01:10:15,477754600,MAERSK VENEZIA,Rosario
2026-09-06,01:10:15,257897000,BOW FIRDA,Rosario
2026-09-06,01:10:15,7010004,,Rosario
2026-09-06,01:10:15,311000195,CS SARAFINA,Rosario
2026-09-06,01:10:15,538010750,TOKYO SPIRIT,Rosario
2026-09-06,01:10:15,701001114,IGUAZU,Rosario
2026-09-06,01:10:15,352001142,GLORY FIRST,Rosario
2026-09-06,01:10:15,636024043,TG CRAB,Rosario
2026-09-06,01:10:15,636023897,ANNELIESE,Rosario
2026-09-06,01:10:15,311001602,SAGA ANDORINHA,Rosario
2026-09-06,01:10:15,755177000,,Rosario
2026-09-06,01:10:15,255916599,RANA,Rosario
2026-09-06,01:10:15,538090690,LEONARDO,Rosario
2026-09-06,01:10:15,241624000,LEGEND,Rosario
2026-09-06,01:10:15,352006388,NORSE BORNHOLM,Rosario
2026-09-06,01:10:15,636023426,TOUBKAL PARK,Rosario
2026-09-06,01:10:15,352006096,PALEXPO,Rosario
2026-09-06,01:10:15,538008276,PORT IMABARI,Rosario
2026-09-06,01:10:15,563319600,CUTLASS GALAXY,Rosario
2026-09-06,01:10:15,538012594,KAPETANIOS,Rosario
2026-09-06,01:10:15,701006107,,Rosario
2026-09-06,01:10:15,563163900,ANNA SCHULTE,Rosario
2026-09-06,01:10:15,538008936,SOUND YOUNG,Rosario
2026-09-06,01:10:15,355174000,APOGEE SPIRIT,Rosario
2026-09-06,01:10:15,538009801,HELIOS,Rosario
2026-09-06,01:10:15,755001797,PARAPITI.,Rosario
2026-09-06,01:10:15,701006740,GUILLERMO C,Rosario
2026-09-06,01:10:15,755991013,PUMA,Rosario
2026-09-06,01:10:15,701006245,SAN JOSE V,Rosario
2026-09-06,01:10:15,636015971,STOLT ZULU,Rosario
2026-09-06,01:10:15,538004184,BLACK PEARL,Rosario
2026-09-06,01:10:15,701006310,ARGENTINO I,Rosario
2026-09-06,01:10:15,341694002,H7 HSB5,Rosario
2026-09-06,01:10:15,636023256,INGENUITY,Rosario
2026-09-06,01:10:15,314952000,DSM HARBOUR,Rosario
2026-09-06,01:10:15,636015600,F. F GLORY,Rosario
2026-09-06,01:10:15,701006926,FAVORITO SAN ANTONIO,Rosario
2026-09-06,01:10:15,701001404,GUAZU PUCU,Rosario
2026-09-06,01:10:15,563033900,TORM SUPREME,Rosario
2026-09-06,01:10:15,701006396,VB RECOLETA,Rosario
2026-09-06,01:10:15,755000020,AGUARA,Rosario
2026-09-06,01:10:15,755075000,IMPALA CAMPANA.,DelGuazu
2026-09-06,01:10:15,701090000,,DelGuazu
2026-09-06,01:10:15,701006462,,DelGuazu
2026-09-06,01:10:15,755143000,RAGNAR,DelGuazu
2026-09-06,01:10:15,229732000,YANNIS,DelGuazu
2026-09-06,01:10:15,701090000,,Braga
2026-09-06,01:10:15,229732000,,Braga
2026-09-06,01:10:15,755143000,,Braga
2026-09-06,01:10:15,701583000,GC70 RI0 DE LA PLATA,BellaVista
2026-09-06,01:10:15,755201114,AGUILUCHO,BellaVista
2026-09-06,01:10:15,755136000,IMPALA LADARIO,BellaVista
2026-09-06,01:10:15,755170000,DONA MARGIE,BellaVista
2026-09-06,01:10:15,755004318,NAUTIC TWIN,BellaVista
2026-09-06,01:10:15,755022000,R/E CAVALIER XI,BellaVista
2026-09-06,01:10:15,755164000,BELEN B,BellaVista
2026-09-06,01:10:15,755002941,HERKULES IV,BellaVista
2026-09-06,01:10:15,720985000,HB HYDRA,BellaVista
2026-09-06,01:10:15,755045000,BRUTUS H,BellaVista
2026-09-06,01:20:09,636015600,F. F GLORY,SanLorenzo
2026-09-06,01:20:09,720671000,IB ROSARIO,SanLorenzo
2026-09-06,01:20:09,538008779,LIVADI,SanLorenzo
2026-09-06,01:20:09,477932500,ROSCO BANYAN,SanLorenzo
2026-09-06,01:20:09,255915742,BOCHEM CASABLANCA,SanLorenzo
2026-09-06,01:20:09,563169800,RUBY,SanLorenzo
2026-09-06,01:20:09,701503000,GC77 GFO SAN MATIAS,SanLorenzo
2026-09-06,01:20:09,563151400,FRANCESCO,SanLorenzo
2026-09-06,01:20:09,755002470,DONA CARMEN,SanLorenzo
2026-09-06,01:20:09,538006458,ODYSSEUS N,SanLorenzo
2026-09-06,01:20:09,477754600,MAERSK VENEZIA,SanLorenzo
2026-09-06,01:20:09,7010004,,SanLorenzo
2026-09-06,01:20:09,538006504,DANK SILVER,SanLorenzo
2026-09-06,01:20:09,538004481,AGIA PARASKEVI,SanLorenzo
2026-09-06,01:20:09,538010750,TOKYO SPIRIT,SanLorenzo
2026-09-06,01:20:09,636024698,MC CALYPSO,SanLorenzo
2026-09-06,01:20:09,636093258,EMMA JANNEKE,SanLorenzo
2026-09-06,01:20:09,311000195,CS SARAFINA,SanLorenzo
2026-09-06,01:20:09,256685000,RODINA,SanLorenzo
2026-09-06,01:20:09,636024043,TG CRAB,SanLorenzo
2026-09-06,01:20:09,563234800,IVS DUNES,SanLorenzo
2026-09-06,01:20:09,636023897,ANNELIESE,SanLorenzo
2026-09-06,01:20:09,563054100,MTM BIG APPLE,SanLorenzo
2026-09-06,01:20:09,311001602,SAGA ANDORINHA,SanLorenzo
2026-09-06,01:20:09,351011000,OCEAN CROWN,SanLorenzo
2026-09-06,01:20:09,538090690,LEONARDO,SanLorenzo
2026-09-06,01:20:09,255916599,RANA,SanLorenzo
2026-09-06,01:20:09,241624000,LEGEND,SanLorenzo
2026-09-06,01:20:09,352004948,OBE UNITY,SanLorenzo
2026-09-06,01:20:09,636023256,INGENUITY,SanLorenzo
2026-09-06,01:20:09,538008276,PORT IMABARI,SanLorenzo
2026-09-06,01:20:09,636023426,TOUBKAL PARK,SanLorenzo
2026-09-06,01:20:09,352006388,NORSE BORNHOLM,SanLorenzo
2026-09-06,01:20:09,352006096,PALEXPO,SanLorenzo
2026-09-06,01:20:09,563319600,,SanLorenzo
2026-09-06,01:20:09,538012594,KAPETANIOS,SanLorenzo
2026-09-06,01:20:09,701006107,BENICIO S,SanLorenzo
2026-09-06,01:20:09,701006926,FAVORITO SAN ANTONIO,SanLorenzo
2026-09-06,01:20:09,563033900,TORM SUPREME,SanLorenzo
2026-09-06,01:20:09,563163900,ANNA SCHULTE,SanLorenzo
2026-09-06,01:20:09,755001797,PARAPITI.,SanLorenzo
2026-09-06,01:20:09,355174000,APOGEE SPIRIT,SanLorenzo
2026-09-06,01:20:09,701006443,MAYU,SanLorenzo
2026-09-06,01:20:09,755703668,URUTAU,SanLorenzo
2026-09-06,01:20:09,755134000,LADOCE H,SanLorenzo
2026-09-06,01:20:09,755000020,AGUARA,SanLorenzo
2026-09-06,01:20:09,538009801,HELIOS,SanLorenzo
2026-09-06,01:20:09,720035000,CANTAGALLO,SanLorenzo
2026-09-06,01:20:09,755177000,CABALLERO BLANCO.,SanLorenzo
2026-09-06,01:20:09,755991013,PUMA,SanLorenzo
2026-09-06,01:20:09,701001404,GUAZU PUCU,SanLorenzo
2026-09-06,01:20:09,701006310,ARGENTINO I,SanLorenzo
2026-09-06,01:20:09,701001057,VALENTINA H,SanLorenzo
2026-09-06,01:20:09,538008936,SOUND YOUNG,SanLorenzo
2026-09-06,01:20:09,701006245,SAN JOSE V,SanLorenzo
2026-09-06,01:20:09,538004184,BLACK PEARL,SanLorenzo
2026-09-06,01:20:09,314952000,DSM HARBOUR,SanLorenzo
2026-09-06,01:20:09,636015971,STOLT ZULU,SanLorenzo
2026-09-06,01:20:09,341694002,H7 HSB5,SanLorenzo
2026-09-06,01:20:09,701001114,IGUAZU,SanLorenzo
2026-09-06,01:20:09,701006396,VB RECOLETA,SanLorenzo
2026-09-06,01:20:09,257897000,BOW FIRDA,SanLorenzo
2026-09-06,01:20:09,701001324,HALCON,SanLorenzo
2026-09-06,01:20:09,538006504,DANK SILVER,Rosario
2026-09-06,01:20:09,477932500,ROSCO BANYAN,Rosario
2026-09-06,01:20:09,701503000,GC77 GFO SAN MATIAS,Rosario
2026-09-06,01:20:09,563151400,FRANCESCO,Rosario
2026-09-06,01:20:09,538006458,ODYSSEUS N,Rosario
2026-09-06,01:20:09,477754600,MAERSK VENEZIA,Rosario
2026-09-06,01:20:09,7010004,,Rosario
2026-09-06,01:20:09,538010750,TOKYO SPIRIT,Rosario
2026-09-06,01:20:09,636024698,MC CALYPSO,Rosario
2026-09-06,01:20:09,311000195,CS SARAFINA,Rosario
2026-09-06,01:20:09,256685000,,Rosario
2026-09-06,01:20:09,352001142,GLORY FIRST,Rosario
2026-09-06,01:20:09,636024043,TG CRAB,Rosario
2026-09-06,01:20:09,636023897,ANNELIESE,Rosario
2026-09-06,01:20:09,311001602,SAGA ANDORINHA,Rosario
2026-09-06,01:20:09,538090690,LEONARDO,Rosario
2026-09-06,01:20:09,255916599,RANA,Rosario
2026-09-06,01:20:09,352004948,OBE UNITY,Rosario
2026-09-06,01:20:09,241624000,LEGEND,Rosario
2026-09-06,01:20:09,636023426,TOUBKAL PARK,Rosario
2026-09-06,01:20:09,352006388,NORSE BORNHOLM,Rosario
2026-09-06,01:20:09,538008276,PORT IMABARI,Rosario
2026-09-06,01:20:09,352006096,PALEXPO,Rosario
2026-09-06,01:20:09,563319600,CUTLASS GALAXY,Rosario
2026-09-06,01:20:09,755002470,,Rosario
2026-09-06,01:20:09,538012594,KAPETANIOS,Rosario
2026-09-06,01:20:09,701006107,,Rosario
2026-09-06,01:20:09,563163900,ANNA SCHULTE,Rosario
2026-09-06,01:20:09,755001797,PARAPITI.,Rosario
2026-09-06,01:20:09,355174000,APOGEE SPIRIT,Rosario
2026-09-06,01:20:09,755703668,,Rosario
2026-09-06,01:20:09,538009801,HELIOS,Rosario
2026-09-06,01:20:09,538008936,SOUND YOUNG,Rosario
2026-09-06,01:20:09,538008779,LIVADI,Rosario
2026-09-06,01:20:09,701006443,,Rosario
2026-09-06,01:20:09,701006245,SAN JOSE V,Rosario
2026-09-06,01:20:09,755991013,PUMA,Rosario
2026-09-06,01:20:09,755177000,,Rosario
2026-09-06,01:20:09,538004184,BLACK PEARL,Rosario
2026-09-06,01:20:09,314952000,DSM HARBOUR,Rosario
2026-09-06,01:20:09,636015971,STOLT ZULU,Rosario
2026-09-06,01:20:09,701006310,ARGENTINO I,Rosario
2026-09-06,01:20:09,341694002,H7 HSB5,Rosario
2026-09-06,01:20:09,701006926,FAVORITO SAN ANTONIO,Rosario
2026-09-06,01:20:09,636015600,F. F GLORY,Rosario
2026-09-06,01:20:09,563033900,TORM SUPREME,Rosario
2026-09-06,01:20:09,701001114,IGUAZU,Rosario
2026-09-06,01:20:09,701001404,GUAZU PUCU,Rosario
2026-09-06,01:20:09,701006396,VB RECOLETA,Rosario
2026-09-06,01:20:09,257897000,BOW FIRDA,Rosario
2026-09-06,01:20:09,755000020,AGUARA,Rosario
2026-09-06,01:20:09,636025133,YAMI BENEFIT,DelGuazu
2026-09-06,01:20:09,755075000,IMPALA CAMPANA.,DelGuazu
2026-09-06,01:20:09,701090000,,DelGuazu
2026-09-06,01:20:09,701006462,DON EGIDIO,DelGuazu
2026-09-06,01:20:09,755143000,RAGNAR,DelGuazu
2026-09-06,01:20:09,229732000,YANNIS,DelGuazu
2026-09-06,01:20:09,755075000,,Braga
2026-09-06,01:20:09,755143000,,Braga
2026-09-06,01:20:09,701090000,,Braga
2026-09-06,01:20:09,229732000,,Braga
2026-09-06,01:20:09,701006462,,Braga
2026-09-06,01:20:09,701583000,GC70 RI0 DE LA PLATA,BellaVista
2026-09-06,01:20:09,755022000,R/E CAVALIER XI,BellaVista
2026-09-06,01:20:09,755164000,BELEN B,BellaVista
2026-09-06,01:20:09,701001459,,BellaVista
2026-09-06,01:20:09,755004318,NAUTIC TWIN,BellaVista
2026-09-06,01:20:09,755126000,,BellaVista
2026-09-06,01:20:09,755045000,BRUTUS H,BellaVista
2026-09-06,01:20:09,755048000,ITAPUA I,BellaVista
2026-09-06,01:20:09,755170000,DONA MARGIE,BellaVista
2026-09-06,01:20:09,755084000,RIO DE LA PLATA,BellaVista
2026-09-06,01:20:09,755201114,AGUILUCHO,BellaVista
2026-09-06,01:20:09,755002941,HERKULES IV,BellaVista
2026-09-06,01:20:09,755136000,IMPALA LADARIO,BellaVista
2026-09-06,01:30:11,755002470,DONA CARMEN,SanLorenzo
2026-09-06,01:30:11,255915742,BOCHEM CASABLANCA,SanLorenzo
2026-09-06,01:30:11,311001602,SAGA ANDORINHA,SanLorenzo
2026-09-06,01:30:11,701503000,GC77 GFO SAN MATIAS,SanLorenzo
2026-09-06,01:30:11,563151400,FRANCESCO,SanLorenzo
2026-09-06,01:30:11,538006458,ODYSSEUS N,SanLorenzo
2026-09-06,01:30:11,563169800,RUBY,SanLorenzo
2026-09-06,01:30:11,477754600,,SanLorenzo
2026-09-06,01:30:11,538006504,DANK SILVER,SanLorenzo
2026-09-06,01:30:11,538004481,AGIA PARASKEVI,SanLorenzo
2026-09-06,01:30:11,636024698,MC CALYPSO,SanLorenzo
2026-09-06,01:30:11,538010750,TOKYO SPIRIT,SanLorenzo
2026-09-06,01:30:11,636093258,EMMA JANNEKE,SanLorenzo
2026-09-06,01:30:11,311000195,CS SARAFINA,SanLorenzo
2026-09-06,01:30:11,256685000,RODINA,SanLorenzo
2026-09-06,01:30:11,636024043,TG CRAB,SanLorenzo
2026-09-06,01:30:11,636023897,ANNELIESE,SanLorenzo
2026-09-06,01:30:11,563054100,MTM BIG APPLE,SanLorenzo
2026-09-06,01:30:11,351011000,OCEAN CROWN,SanLorenzo
2026-09-06,01:30:11,538090690,LEONARDO,SanLorenzo
2026-09-06,01:30:11,255916599,RANA,SanLorenzo
2026-09-06,01:30:11,241624000,LEGEND,SanLorenzo
2026-09-06,01:30:11,352004948,OBE UNITY,SanLorenzo
2026-09-06,01:30:11,538008276,PORT IMABARI,SanLorenzo
2026-09-06,01:30:11,636023426,TOUBKAL PARK,SanLorenzo
2026-09-06,01:30:11,352006388,NORSE BORNHOLM,SanLorenzo
2026-09-06,01:30:11,352006096,PALEXPO,SanLorenzo
2026-09-06,01:30:11,563319600,CUTLASS GALAXY,SanLorenzo
2026-09-06,01:30:11,538012594,KAPETANIOS,SanLorenzo
2026-09-06,01:30:11,538009801,HELIOS,SanLorenzo
2026-09-06,01:30:11,563163900,ANNA SCHULTE,SanLorenzo
2026-09-06,01:30:11,355174000,APOGEE SPIRIT,SanLorenzo
2026-09-06,01:30:11,538008936,SOUND YOUNG,SanLorenzo
2026-09-06,01:30:11,341694002,H7 HSB5,SanLorenzo
2026-09-06,01:30:11,538008779,LIVADI,SanLorenzo
2026-09-06,01:30:11,720671000,IB ROSARIO,SanLorenzo
2026-09-06,01:30:11,755177000,CABALLERO BLANCO.,SanLorenzo
2026-09-06,01:30:11,720035000,CANTAGALLO,SanLorenzo
2026-09-06,01:30:11,538004184,BLACK PEARL,SanLorenzo
2026-09-06,01:30:11,701006245,SAN JOSE V,SanLorenzo
2026-09-06,01:30:11,755991013,PUMA,SanLorenzo
2026-09-06,01:30:11,636023256,INGENUITY,SanLorenzo
2026-09-06,01:30:11,636015971,STOLT ZULU,SanLorenzo
2026-09-06,01:30:11,701006310,ARGENTINO I,SanLorenzo
2026-09-06,01:30:11,701006926,FAVORITO SAN ANTONIO,SanLorenzo
2026-09-06,01:30:11,701006107,BENICIO S,SanLorenzo
2026-09-06,01:30:11,701001404,GUAZU PUCU,SanLorenzo
2026-09-06,01:30:11,636015600,F. F GLORY,SanLorenzo
2026-09-06,01:30:11,701001114,IGUAZU,SanLorenzo
2026-09-06,01:30:11,701006396,VB RECOLETA,SanLorenzo
2026-09-06,01:30:11,314952000,DSM HARBOUR,SanLorenzo
2026-09-06,01:30:11,563033900,TORM SUPREME,SanLorenzo
2026-09-06,01:30:11,701001057,VALENTINA H,SanLorenzo
2026-09-06,01:30:11,755032000,,SanLorenzo
2026-09-06,01:30:11,257897000,BOW FIRDA,SanLorenzo
2026-09-06,01:30:11,755703668,URUTAU,SanLorenzo
2026-09-06,01:30:11,477932500,ROSCO BANYAN,SanLorenzo
2026-09-06,01:30:11,701006443,MAYU,SanLorenzo
2026-09-06,01:30:11,755001797,PARAPITI.,SanLorenzo
2026-09-06,01:30:11,563234800,IVS DUNES,SanLorenzo
2026-09-06,01:30:11,7010004,,SanLorenzo
2026-09-06,01:30:11,755000020,AGUARA,SanLorenzo
2026-09-06,01:30:11,755134000,LADOCE H,SanLorenzo
2026-09-06,01:30:11,352004948,OBE UNITY,Rosario
2026-09-06,01:30:11,538006504,DANK SILVER,Rosario
2026-09-06,01:30:11,357232000,,Rosario
2026-09-06,01:30:11,563319600,CUTLASS GALAXY,Rosario
2026-09-06,01:30:11,701503000,GC77 GFO SAN MATIAS,Rosario
2026-09-06,01:30:11,563151400,FRANCESCO,Rosario
2026-09-06,01:30:11,538006458,ODYSSEUS N,Rosario
2026-09-06,01:30:11,477754600,MAERSK VENEZIA,Rosario
2026-09-06,01:30:11,636024698,MC CALYPSO,Rosario
2026-09-06,01:30:11,538010750,TOKYO SPIRIT,Rosario
2026-09-06,01:30:11,311000195,CS SARAFINA,Rosario
2026-09-06,01:30:11,256685000,,Rosario
2026-09-06,01:30:11,701006443,,Rosario
2026-09-06,01:30:11,352001142,GLORY FIRST,Rosario
2026-09-06,01:30:11,755703668,,Rosario
2026-09-06,01:30:11,636024043,TG CRAB,Rosario
2026-09-06,01:30:11,636023897,ANNELIESE,Rosario
2026-09-06,01:30:11,311001602,SAGA ANDORINHA,Rosario
2026-09-06,01:30:11,538090690,LEONARDO,Rosario
2026-09-06,01:30:11,255916599,RANA,Rosario
2026-09-06,01:30:11,241624000,LEGEND,Rosario
2026-09-06,01:30:11,720035000,,Rosario
2026-09-06,01:30:11,636023426,TOUBKAL PARK,Rosario
2026-09-06,01:30:11,352006388,NORSE BORNHOLM,Rosario
2026-09-06,01:30:11,701006107,,Rosario
2026-09-06,01:30:11,538008276,PORT IMABARI,Rosario
2026-09-06,01:30:11,352006096,PALEXPO,Rosario
2026-09-06,01:30:11,755002470,DONA CARMEN,Rosario
2026-09-06,01:30:11,538012594,KAPETANIOS,Rosario
2026-09-06,01:30:11,755991013,PUMA,Rosario
2026-09-06,01:30:11,563163900,ANNA SCHULTE,Rosario
2026-09-06,01:30:11,538009801,HELIOS,Rosario
2026-09-06,01:30:11,355174000,APOGEE SPIRIT,Rosario
2026-09-06,01:30:11,563234800,,Rosario
2026-09-06,01:30:11,538008936,SOUND YOUNG,Rosario
2026-09-06,01:30:11,341694002,H7 HSB5,Rosario
2026-09-06,01:30:11,538008779,LIVADI,Rosario
2026-09-06,01:30:11,755177000,,Rosario
2026-09-06,01:30:11,701006245,SAN JOSE V,Rosario
2026-09-06,01:30:11,538004184,BLACK PEARL,Rosario
2026-09-06,01:30:11,314952000,DSM HARBOUR,Rosario
2026-09-06,01:30:11,636023256,INGENUITY,Rosario
2026-09-06,01:30:11,636015971,STOLT ZULU,Rosario
2026-09-06,01:30:11,701006310,ARGENTINO I,Rosario
2026-09-06,01:30:11,701006926,FAVORITO SAN ANTONIO,Rosario
2026-09-06,01:30:11,636015600,F. F GLORY,Rosario
2026-09-06,01:30:11,701001404,GUAZU PUCU,Rosario
2026-09-06,01:30:11,701001114,IGUAZU,Rosario
2026-09-06,01:30:11,257897000,BOW FIRDA,Rosario
2026-09-06,01:30:11,701006396,VB RECOLETA,Rosario
2026-09-06,01:30:11,563033900,TORM SUPREME,Rosario
2026-09-06,01:30:11,477932500,ROSCO BANYAN,Rosario
2026-09-06,01:30:11,755001797,PARAPITI.,Rosario
2026-09-06,01:30:11,755000020,AGUARA,Rosario
2026-09-06,01:30:11,7010004,,Rosario
2026-09-06,01:30:11,636025133,,DelGuazu
2026-09-06,01:30:11,701006462,DON EGIDIO,DelGuazu
2026-09-06,01:30:11,701090000,,DelGuazu
2026-09-06,01:30:11,755143000,RAGNAR,DelGuazu
2026-09-06,01:30:11,701090000,,Braga
2026-09-06,01:30:11,229732000,,Braga
2026-09-06,01:30:11,755126000,,BellaVista
2026-09-06,01:30:11,701001459,,BellaVista
2026-09-06,01:30:11,755004318,NAUTIC TWIN,BellaVista
2026-09-06,01:30:11,701583000,GC70 RI0 DE LA PLATA,BellaVista
2026-09-06,01:30:11,755022000,R/E CAVALIER XI,BellaVista
2026-09-06,01:30:11,755201114,AGUILUCHO,BellaVista
2026-09-06,01:30:11,755045000,BRUTUS H,BellaVista
2026-09-06,01:30:11,755048000,ITAPUA I,BellaVista
2026-09-06,01:30:11,755170000,DONA MARGIE,BellaVista
2026-09-06,01:30:11,755084000,RIO DE LA PLATA,BellaVista
2026-09-06,01:30:11,755136000,IMPALA LADARIO,BellaVista
2026-09-06,01:40:09,755032000,,SanLorenzo
2026-09-06,01:40:09,563319600,CUTLASS GALAXY,SanLorenzo
2026-09-06,01:40:09,477932500,ROSCO BANYAN,SanLorenzo
2026-09-06,01:40:09,255915742,BOCHEM CASABLANCA,SanLorenzo
2026-09-06,01:40:09,701503000,GC77 GFO SAN MATIAS,SanLorenzo
2026-09-06,01:40:09,311001602,SAGA ANDORINHA,SanLorenzo
2026-09-06,01:40:09,538006458,ODYSSEUS N,SanLorenzo
2026-09-06,01:40:09,563151400,FRANCESCO,SanLorenzo
2026-09-06,01:40:09,563169800,RUBY,SanLorenzo
2026-09-06,01:40:09,477754600,MAERSK VENEZIA,SanLorenzo
2026-09-06,01:40:09,538004481,AGIA PARASKEVI,SanLorenzo
2026-09-06,01:40:09,538006504,DANK SILVER,SanLorenzo
2026-09-06,01:40:09,538010750,TOKYO SPIRIT,SanLorenzo
2026-09-06,01:40:09,636024698,MC CALYPSO,SanLorenzo
2026-09-06,01:40:09,636093258,EMMA JANNEKE,SanLorenzo
2026-09-06,01:40:09,311000195,CS SARAFINA,SanLorenzo
2026-09-06,01:40:09,256685000,RODINA,SanLorenzo
2026-09-06,01:40:09,720671000,IB ROSARIO,SanLorenzo
2026-09-06,01:40:09,636024043,TG CRAB,SanLorenzo
2026-09-06,01:40:09,636023897,ANNELIESE,SanLorenzo
2026-09-06,01:40:09,563054100,MTM BIG APPLE,SanLorenzo
2026-09-06,01:40:09,351011000,OCEAN CROWN,SanLorenzo
2026-09-06,01:40:09,538090690,LEONARDO,SanLorenzo
2026-09-06,01:40:09,255916599,RANA,SanLorenzo
2026-09-06,01:40:09,241624000,LEGEND,SanLorenzo
2026-09-06,01:40:09,352004948,OBE UNITY,SanLorenzo
2026-09-06,01:40:09,701001114,IGUAZU,SanLorenzo
2026-09-06,01:40:09,352006388,NORSE BORNHOLM,SanLorenzo
2026-09-06,01:40:09,636023426,TOUBKAL PARK,SanLorenzo
2026-09-06,01:40:09,352006096,PALEXPO,SanLorenzo
2026-09-06,01:40:09,538008276,PORT IMABARI,SanLorenzo
2026-09-06,01:40:09,538012594,KAPETANIOS,SanLorenzo
2026-09-06,01:40:09,755002470,DONA CARMEN,SanLorenzo
2026-09-06,01:40:09,538009801,HELIOS,SanLorenzo
2026-09-06,01:40:09,563163900,ANNA SCHULTE,SanLorenzo
2026-09-06,01:40:09,755000020,AGUARA,SanLorenzo
2026-09-06,01:40:09,355174000,APOGEE SPIRIT,SanLorenzo
2026-09-06,01:40:09,755177000,CABALLERO BLANCO.,SanLorenzo
2026-09-06,01:40:09,538008936,SOUND YOUNG,SanLorenzo
2026-09-06,01:40:09,720035000,CANTAGALLO,SanLorenzo
2026-09-06,01:40:09,755991013,PUMA,SanLorenzo
2026-09-06,01:40:09,7010004,,SanLorenzo
2026-09-06,01:40:09,341694002,H7 HSB5,SanLorenzo
2026-09-06,01:40:09,701006926,FAVORITO SAN ANTONIO,SanLorenzo
2026-09-06,01:40:09,563033900,TORM SUPREME,SanLorenzo
2026-09-06,01:40:09,701001057,VALENTINA H,SanLorenzo
2026-09-06,01:40:09,701001404,GUAZU PUCU,SanLorenzo
2026-09-06,01:40:09,563234800,IVS DUNES,SanLorenzo
2026-09-06,01:40:09,755001797,PARAPITI.,SanLorenzo
2026-09-06,01:40:09,257897000,BOW FIRDA,SanLorenzo
2026-09-06,01:40:09,755703668,URUTAU,SanLorenzo
2026-09-06,01:40:09,701006443,MAYU,SanLorenzo
2026-09-06,01:40:09,538008779,LIVADI,SanLorenzo
2026-09-06,01:40:09,755134000,LADOCE H,SanLorenzo
2026-09-06,01:40:09,701006245,SAN JOSE V,SanLorenzo
2026-09-06,01:40:09,636015971,STOLT ZULU,SanLorenzo
2026-09-06,01:40:09,314952000,DSM HARBOUR,SanLorenzo
2026-09-06,01:40:09,538004184,BLACK PEARL,SanLorenzo
2026-09-06,01:40:09,701006310,ARGENTINO I,SanLorenzo
2026-09-06,01:40:09,701006107,BENICIO S,SanLorenzo
2026-09-06,01:40:09,636023256,INGENUITY,SanLorenzo
2026-09-06,01:40:09,701001324,HALCON,SanLorenzo
2026-09-06,01:40:09,701001307,MAX DREAM,SanLorenzo
2026-09-06,01:40:09,701006396,VB RECOLETA,SanLorenzo
2026-09-06,01:40:09,563054100,,Rosario
2026-09-06,01:40:09,701006740,,Rosario
2026-09-06,01:40:09,256685000,RODINA,Rosario
2026-09-06,01:40:09,563234800,,Rosario
2026-09-06,01:40:09,755177000,,Rosario
2026-09-06,01:40:09,538009801,HELIOS,Rosario
2026-09-06,01:40:09,477932500,ROSCO BANYAN,Rosario
2026-09-06,01:40:09,701503000,GC77 GFO SAN MATIAS,Rosario
2026-09-06,01:40:09,538006458,ODYSSEUS N,Rosario
2026-09-06,01:40:09,563151400,FRANCESCO,Rosario
2026-09-06,01:40:09,477754600,MAERSK VENEZIA,Rosario
2026-09-06,01:40:09,538006504,DANK SILVER,Rosario
2026-09-06,01:40:09,538010750,TOKYO SPIRIT,Rosario
2026-09-06,01:40:09,636024698,MC CALYPSO,Rosario
2026-09-06,01:40:09,311000195,CS SARAFINA,Rosario
2026-09-06,01:40:09,352001142,GLORY FIRST,Rosario
2026-09-06,01:40:09,720671000,,Rosario
2026-09-06,01:40:09,636024043,TG CRAB,Rosario
2026-09-06,01:40:09,636023897,ANNELIESE,Rosario
2026-09-06,01:40:09,311001602,SAGA ANDORINHA,Rosario
2026-09-06,01:40:09,701006107,,Rosario
2026-09-06,01:40:09,701001114,IGUAZU,Rosario
2026-09-06,01:40:09,538090690,LEONARDO,Rosario
2026-09-06,01:40:09,255916599,RANA,Rosario
2026-09-06,01:40:09,352004948,OBE UNITY,Rosario
2026-09-06,01:40:09,241624000,LEGEND,Rosario
2026-09-06,01:40:09,352006388,NORSE BORNHOLM,Rosario
2026-09-06,01:40:09,636023426,TOUBKAL PARK,Rosario
2026-09-06,01:40:09,352006096,PALEXPO,Rosario
2026-09-06,01:40:09,563319600,CUTLASS GALAXY,Rosario
2026-09-06,01:40:09,538008276,PORT IMABARI,Rosario
2026-09-06,01:40:09,538012594,KAPETANIOS,Rosario
2026-09-06,01:40:09,563163900,ANNA SCHULTE,Rosario
2026-09-06,01:40:09,355174000,APOGEE SPIRIT,Rosario
2026-09-06,01:40:09,538008936,SOUND YOUNG,Rosario
2026-09-06,01:40:09,7010004,,Rosario
2026-09-06,01:40:09,341694002,H7 HSB5,Rosario
2026-09-06,01:40:09,538008779,LIVADI,Rosario
2026-09-06,01:40:09,701006245,SAN JOSE V,Rosario
2026-09-06,01:40:09,636015971,STOLT ZULU,Rosario
2026-09-06,01:40:09,755991013,PUMA,Rosario
2026-09-06,01:40:09,357232000,,Rosario
2026-09-06,01:40:09,755002470,DONA CARMEN,Rosario
2026-09-06,01:40:09,314952000,DSM HARBOUR,Rosario
2026-09-06,01:40:09,538004184,BLACK PEARL,Rosario
2026-09-06,01:40:09,701006310,ARGENTINO I,Rosario
2026-09-06,01:40:09,636023256,INGENUITY,Rosario
2026-09-06,01:40:09,701006926,FAVORITO SAN ANTONIO,Rosario
2026-09-06,01:40:09,563033900,TORM SUPREME,Rosario
2026-09-06,01:40:09,257897000,BOW FIRDA,Rosario
2026-09-06,01:40:09,701001307,MAX DREAM,Rosario
2026-09-06,01:40:09,755001797,PARAPITI.,Rosario
2026-09-06,01:40:09,538011430,SOFIA,Rosario
2026-09-06,01:40:09,701006396,VB RECOLETA,Rosario
2026-09-06,01:40:09,755000020,AGUARA,Rosario
2026-09-06,01:40:09,701001404,GUAZU PUCU,Rosario
2026-09-06,01:40:09,636025133,,DelGuazu
2026-09-06,01:40:09,701090000,PARANA I,DelGuazu
2026-09-06,01:40:09,538011031,CATHERINE,DelGuazu
2026-09-06,01:40:09,755143000,RAGNAR,DelGuazu
2026-09-06,01:40:09,701090000,,Braga
2026-09-06,01:40:09,755164000,BELEN B,BellaVista
2026-09-06,01:40:09,755022000,R/E CAVALIER XI,BellaVista
2026-09-06,01:40:09,755004318,NAUTIC TWIN,BellaVista
2026-09-06,01:40:09,755126000,,BellaVista
2026-09-06,01:40:09,755045000,BRUTUS H,BellaVista
2026-09-06,01:40:09,755048000,ITAPUA I,BellaVista
2026-09-06,01:40:09,755170000,DONA MARGIE,BellaVista
2026-09-06,01:40:09,755084000,RIO DE LA PLATA,BellaVista
2026-09-06,01:50:09,311001602,SAGA ANDORINHA,SanLorenzo
2026-09-06,01:50:09,755032000,,SanLorenzo
2026-09-06,01:50:09,255915742,,SanLorenzo
2026-09-06,01:50:09,701503000,GC77 GFO SAN MATIAS,SanLorenzo
2026-09-06,01:50:09,477754600,MAERSK VENEZIA,SanLorenzo
2026-09-06,01:50:09,538006458,ODYSSEUS N,SanLorenzo
2026-09-06,01:50:09,563151400,FRANCESCO,SanLorenzo
2026-09-06,01:50:09,563169800,RUBY,SanLorenzo
2026-09-06,01:50:09,538006504,DANK SILVER,SanLorenzo
2026-09-06,01:50:09,538004481,AGIA PARASKEVI,SanLorenzo
2026-09-06,01:50:09,636024698,MC CALYPSO,SanLorenzo
2026-09-06,01:50:09,538010750,TOKYO SPIRIT,SanLorenzo
2026-09-06,01:50:09,636093258,EMMA JANNEKE,SanLorenzo
2026-09-06,01:50:09,311000195,CS SARAFINA,SanLorenzo
2026-09-06,01:50:09,256685000,RODINA,SanLorenzo
2026-09-06,01:50:09,636024043,TG CRAB,SanLorenzo
2026-09-06,01:50:09,636023897,ANNELIESE,SanLorenzo
2026-09-06,01:50:09,563054100,MTM BIG APPLE,SanLorenzo
2026-09-06,01:50:09,357232000,,SanLorenzo
2026-09-06,01:50:09,351011000,OCEAN CROWN,SanLorenzo
2026-09-06,01:50:09,255916599,RANA,SanLorenzo
2026-09-06,01:50:09,538090690,LEONARDO,SanLorenzo
2026-09-06,01:50:09,352004948,OBE UNITY,SanLorenzo
2026-09-06,01:50:09,241624000,LEGEND,SanLorenzo
2026-09-06,01:50:09,636023426,TOUBKAL PARK,SanLorenzo
2026-09-06,01:50:09,352006096,PALEXPO,SanLorenzo
2026-09-06,01:50:09,538008276,PORT IMABARI,SanLorenzo
2026-09-06,01:50:09,352006388,NORSE BORNHOLM,SanLorenzo
2026-09-06,01:50:09,563319600,CUTLASS GALAXY,SanLorenzo
2026-09-06,01:50:09,538012594,KAPETANIOS,SanLorenzo
2026-09-06,01:50:09,538009801,HELIOS,SanLorenzo
2026-09-06,01:50:09,355174000,APOGEE SPIRIT,SanLorenzo
2026-09-06,01:50:09,563163900,ANNA SCHULTE,SanLorenzo
2026-09-06,01:50:09,538008936,SOUND YOUNG,SanLorenzo
2026-09-06,01:50:09,341694002,H7 HSB5,SanLorenzo
2026-09-06,01:50:09,538008779,LIVADI,SanLorenzo
2026-09-06,01:50:09,720035000,CANTAGALLO,SanLorenzo
2026-09-06,01:50:09,755088000,DECATUR LADY,SanLorenzo
2026-09-06,01:50:09,755177000,CABALLERO BLANCO.,SanLorenzo
2026-09-06,01:50:09,755991013,PUMA,SanLorenzo
2026-09-06,01:50:09,701006245,SAN JOSE V,SanLorenzo
2026-09-06,01:50:09,538004184,BLACK PEARL,SanLorenzo
2026-09-06,01:50:09,755002470,DONA CARMEN,SanLorenzo
2026-09-06,01:50:09,314952000,DSM HARBOUR,SanLorenzo
2026-09-06,01:50:09,701006310,ARGENTINO I,SanLorenzo
2026-09-06,01:50:09,636023256,INGENUITY,SanLorenzo
2026-09-06,01:50:09,701006926,FAVORITO SAN ANTONIO,SanLorenzo
2026-09-06,01:50:09,701001114,IGUAZU,SanLorenzo
2026-09-06,01:50:09,701006107,BENICIO S,SanLorenzo
2026-09-06,01:50:09,563033900,TORM SUPREME,SanLorenzo
2026-09-06,01:50:09,720671000,IB ROSARIO,SanLorenzo
2026-09-06,01:50:09,701001324,HALCON,SanLorenzo
2026-09-06,01:50:09,701001307,MAX DREAM,SanLorenzo
2026-09-06,01:50:09,701001404,GUAZU PUCU,SanLorenzo
2026-09-06,01:50:09,701001057,VALENTINA H,SanLorenzo
2026-09-06,01:50:09,636015971,STOLT ZULU,SanLorenzo
2026-09-06,01:50:09,701006396,VB RECOLETA,SanLorenzo
2026-09-06,01:50:09,563234800,IVS DUNES,SanLorenzo
2026-09-06,01:50:09,257897000,BOW FIRDA,SanLorenzo
2026-09-06,01:50:09,701006966,TIGRE,SanLorenzo
2026-09-06,01:50:09,755703668,URUTAU,SanLorenzo
2026-09-06,01:50:09,755001797,PARAPITI.,SanLorenzo
2026-09-06,01:50:09,755000020,AGUARA,SanLorenzo
2026-09-06,01:50:09,755134000,LADOCE H,SanLorenzo
2026-09-06,01:50:09,477932500,ROSCO BANYAN,SanLorenzo
2026-09-06,01:50:09,563234800,,Rosario
2026-09-06,01:50:09,257897000,BOW FIRDA,Rosario
2026-09-06,01:50:09,701006107,,Rosario
2026-09-06,01:50:09,212977000,,Rosario
2026-09-06,01:50:09,701503000,GC77 GFO SAN MATIAS,Rosario
2026-09-06,01:50:09,477754600,MAERSK VENEZIA,Rosario
2026-09-06,01:50:09,538006458,ODYSSEUS N,Rosario
2026-09-06,01:50:09,563151400,FRANCESCO,Rosario
2026-09-06,01:50:09,636024698,MC CALYPSO,Rosario
2026-09-06,01:50:09,538010750,TOKYO SPIRIT,Rosario
2026-09-06,01:50:09,311000195,CS SARAFINA,Rosario
2026-09-06,01:50:09,256685000,RODINA,Rosario
2026-09-06,01:50:09,352001142,GLORY FIRST,Rosario
2026-09-06,01:50:09,636024043,TG CRAB,Rosario
2026-09-06,01:50:09,636023897,ANNELIESE,Rosario
2026-09-06,01:50:09,311001602,SAGA ANDORINHA,Rosario
2026-09-06,01:50:09,255916599,RANA,Rosario
2026-09-06,01:50:09,538090690,LEONARDO,Rosario
2026-09-06,01:50:09,352004948,OBE UNITY,Rosario
2026-09-06,01:50:09,241624000,LEGEND,Rosario
2026-09-06,01:50:09,755991013,PUMA,Rosario
2026-09-06,01:50:09,636023426,TOUBKAL PARK,Rosario
2026-09-06,01:50:09,352006096,PALEXPO,Rosario
2026-09-06,01:50:09,352006388,NORSE BORNHOLM,Rosario
2026-09-06,01:50:09,755703668,,Rosario
2026-09-06,01:50:09,538008276,PORT IMABARI,Rosario
2026-09-06,01:50:09,538012594,KAPETANIOS,Rosario
2026-09-06,01:50:09,538009801,HELIOS,Rosario
2026-09-06,01:50:09,355174000,APOGEE SPIRIT,Rosario
2026-09-06,01:50:09,563163900,ANNA SCHULTE,Rosario
2026-09-06,01:50:09,701006966,,Rosario
2026-09-06,01:50:09,755088000,,Rosario
2026-09-06,01:50:09,538008936,SOUND YOUNG,Rosario
2026-09-06,01:50:09,341694002,H7 HSB5,Rosario
2026-09-06,01:50:09,701001307,MAX DREAM,Rosario
2026-09-06,01:50:09,538008779,LIVADI,Rosario
2026-09-06,01:50:09,720035000,,Rosario
2026-09-06,01:50:09,701006245,SAN JOSE V,Rosario
2026-09-06,01:50:09,538004184,BLACK PEARL,Rosario
2026-09-06,01:50:09,755002470,DONA CARMEN,Rosario
2026-09-06,01:50:09,357232000,YOZAN,Rosario
2026-09-06,01:50:09,314952000,DSM HARBOUR,Rosario
2026-09-06,01:50:09,636015971,STOLT ZULU,Rosario
2026-09-06,01:50:09,701006310,ARGENTINO I,Rosario
2026-09-06,01:50:09,636023256,INGENUITY,Rosario
2026-09-06,01:50:09,701006926,FAVORITO SAN ANTONIO,Rosario
2026-09-06,01:50:09,701001114,IGUAZU,Rosario
2026-09-06,01:50:09,563033900,TORM SUPREME,Rosario
2026-09-06,01:50:09,701001404,GUAZU PUCU,Rosario
2026-09-06,01:50:09,701006396,VB RECOLETA,Rosario
2026-09-06,01:50:09,755001797,PARAPITI.,Rosario
2026-09-06,01:50:09,755000020,AGUARA,Rosario
2026-09-06,01:50:09,477932500,ROSCO BANYAN,Rosario
2026-09-06,01:50:09,352006380,,DelGuazu
2026-09-06,01:50:09,538011031,CATHERINE,DelGuazu
2026-09-06,01:50:09,755143000,RAGNAR,DelGuazu
2026-09-06,01:50:09,755143000,,Braga
2026-09-06,01:50:09,701583000,GC70 RI0 DE LA PLATA,BellaVista
2026-09-06,01:50:09,720985000,HB HYDRA,BellaVista
2026-09-06,01:50:09,755164000,BELEN B,BellaVista
2026-09-06,01:50:09,755004318,NAUTIC TWIN,BellaVista
2026-09-06,01:50:09,755022000,R/E CAVALIER XI,BellaVista
2026-09-06,01:50:09,755126000,,BellaVista
2026-09-06,01:50:09,755170000,DONA MARGIE,BellaVista
2026-09-06,01:50:09,755048000,ITAPUA I,BellaVista
2026-09-06,01:50:09,755084000,RIO DE LA PLATA,BellaVista
2026-09-06,01:50:09,755045000,BRUTUS H,BellaVista
2026-09-06,02:00:15,701006310,ARGENTINO I,SanLorenzo
2026-09-06,02:00:15,255915742,BOCHEM CASABLANCA,SanLorenzo
2026-09-06,02:00:15,311001602,,SanLorenzo
2026-09-06,02:00:15,351011000,OCEAN CROWN,SanLorenzo
2026-09-06,02:00:15,352004948,OBE UNITY,SanLorenzo
2026-09-06,02:00:15,563319600,CUTLASS GALAXY,SanLorenzo
2026-09-06,02:00:15,538008936,SOUND YOUNG,SanLorenzo
2026-09-06,02:00:15,477932500,ROSCO BANYAN,SanLorenzo
2026-09-06,02:00:15,701503000,GC77 GFO SAN MATIAS,SanLorenzo
2026-09-06,02:00:15,563151400,FRANCESCO,SanLorenzo
2026-09-06,02:00:15,538006458,ODYSSEUS N,SanLorenzo
2026-09-06,02:00:15,563169800,RUBY,SanLorenzo
2026-09-06,02:00:15,477754600,MAERSK VENEZIA,SanLorenzo
2026-09-06,02:00:15,538006504,DANK SILVER,SanLorenzo
2026-09-06,02:00:15,538004481,AGIA PARASKEVI,SanLorenzo
2026-09-06,02:00:15,538010750,TOKYO SPIRIT,SanLorenzo
2026-09-06,02:00:15,636093258,EMMA JANNEKE,SanLorenzo
2026-09-06,02:00:15,311000195,CS SARAFINA,SanLorenzo
2026-09-06,02:00:15,256685000,RODINA,SanLorenzo
2026-09-06,02:00:15,636024043,TG CRAB,SanLorenzo
2026-09-06,02:00:15,755032000,,SanLorenzo
2026-09-06,02:00:15,563054100,MTM BIG APPLE,SanLorenzo
2026-09-06,02:00:15,636023897,ANNELIESE,SanLorenzo
2026-09-06,02:00:15,538090690,LEONARDO,SanLorenzo
2026-09-06,02:00:15,255916599,RANA,SanLorenzo
2026-09-06,02:00:15,241624000,LEGEND,SanLorenzo
2026-09-06,02:00:15,352006388,NORSE BORNHOLM,SanLorenzo
2026-09-06,02:00:15,538008276,PORT IMABARI,SanLorenzo
2026-09-06,02:00:15,636023426,TOUBKAL PARK,SanLorenzo
2026-09-06,02:00:15,352006096,PALEXPO,SanLorenzo
2026-09-06,02:00:15,538012594,KAPETANIOS,SanLorenzo
2026-09-06,02:00:15,538009801,HELIOS,SanLorenzo
2026-09-06,02:00:15,563163900,ANNA SCHULTE,SanLorenzo
2026-09-06,02:00:15,355174000,APOGEE SPIRIT,SanLorenzo
2026-09-06,02:00:15,341694002,H7 HSB5,SanLorenzo
2026-09-06,02:00:15,563033900,TORM SUPREME,SanLorenzo
2026-09-06,02:00:15,538008779,LIVADI,SanLorenzo
2026-09-06,02:00:15,701006245,SAN JOSE V,SanLorenzo
2026-09-06,02:00:15,720035000,CANTAGALLO,SanLorenzo
2026-09-06,02:00:15,755991013,PUMA,SanLorenzo
2026-09-06,02:00:15,755177000,CABALLERO BLANCO.,SanLorenzo
2026-09-06,02:00:15,755088000,DECATUR LADY,SanLorenzo
2026-09-06,02:00:15,755002470,DONA CARMEN,SanLorenzo
2026-09-06,02:00:15,538004184,BLACK PEARL,SanLorenzo
2026-09-06,02:00:15,314952000,DSM HARBOUR,SanLorenzo
2026-09-06,02:00:15,701006926,FAVORITO SAN ANTONIO,SanLorenzo
2026-09-06,02:00:15,636015971,STOLT ZULU,SanLorenzo
2026-09-06,02:00:15,636023256,INGENUITY,SanLorenzo
2026-09-06,02:00:15,701006107,BENICIO S,SanLorenzo
2026-09-06,02:00:15,701001114,IGUAZU,SanLorenzo
2026-09-06,02:00:15,720671000,IB ROSARIO,SanLorenzo
2026-09-06,02:00:15,701006396,VB RECOLETA,SanLorenzo
2026-09-06,02:00:15,701001324,HALCON,SanLorenzo
2026-09-06,02:00:15,755703668,URUTAU,SanLorenzo
2026-09-06,02:00:15,701001307,MAX DREAM,SanLorenzo
2026-09-06,02:00:15,755001797,PARAPITI.,SanLorenzo
2026-09-06,02:00:15,701001057,VALENTINA H,SanLorenzo
2026-09-06,02:00:15,257897000,BOW FIRDA,SanLorenzo
2026-09-06,02:00:15,563234800,IVS DUNES,SanLorenzo
2026-09-06,02:00:15,701001404,GUAZU PUCU,SanLorenzo
2026-09-06,02:00:15,538011430,SOFIA,SanLorenzo
2026-09-06,02:00:15,701006966,TIGRE,SanLorenzo
2026-09-06,02:00:15,755134000,LADOCE H,SanLorenzo
2026-09-06,02:00:15,755004326,,SanLorenzo
2026-09-06,02:00:15,755000020,AGUARA,SanLorenzo
2026-09-06,02:00:15,701006443,MAYU,SanLorenzo
2026-09-06,02:00:15,701006310,ARGENTINO I,Rosario
2026-09-06,02:00:15,256685000,RODINA,Rosario
2026-09-06,02:00:15,720671000,,Rosario
2026-09-06,02:00:15,563054100,MTM BIG APPLE,Rosario
2026-09-06,02:00:15,563319600,,Rosario
2026-09-06,02:00:15,477932500,ROSCO BANYAN,Rosario
2026-09-06,02:00:15,701503000,GC77 GFO SAN MATIAS,Rosario
2026-09-06,02:00:15,563151400,FRANCESCO,Rosario
2026-09-06,02:00:15,538006458,ODYSSEUS N,Rosario
2026-09-06,02:00:15,477754600,MAERSK VENEZIA,Rosario
2026-09-06,02:00:15,538006504,,Rosario
2026-09-06,02:00:15,538010750,TOKYO SPIRIT,Rosario
2026-09-06,02:00:15,311000195,CS SARAFINA,Rosario
2026-09-06,02:00:15,352001142,GLORY FIRST,Rosario
2026-09-06,02:00:15,636024043,TG CRAB,Rosario
2026-09-06,02:00:15,257897000,,Rosario
2026-09-06,02:00:15,636023897,ANNELIESE,Rosario
2026-09-06,02:00:15,311001602,SAGA ANDORINHA,Rosario
2026-09-06,02:00:15,755703668,,Rosario
2026-09-06,02:00:15,538090690,LEONARDO,Rosario
2026-09-06,02:00:15,255916599,RANA,Rosario
2026-09-06,02:00:15,352004948,OBE UNITY,Rosario
2026-09-06,02:00:15,241624000,LEGEND,Rosario
2026-09-06,02:00:15,352006388,NORSE BORNHOLM,Rosario
2026-09-06,02:00:15,636023426,TOUBKAL PARK,Rosario
2026-09-06,02:00:15,352006096,PALEXPO,Rosario
2026-09-06,02:00:15,538008276,PORT IMABARI,Rosario
2026-09-06,02:00:15,357232000,YOZAN,Rosario
2026-09-06,02:00:15,755000020,AGUARA,Rosario
2026-09-06,02:00:15,538012594,KAPETANIOS,Rosario
2026-09-06,02:00:15,701001114,IGUAZU,Rosario
2026-09-06,02:00:15,563163900,ANNA SCHULTE,Rosario
2026-09-06,02:00:15,538009801,HELIOS,Rosario
2026-09-06,02:00:15,701006396,VB RECOLETA,Rosario
2026-09-06,02:00:15,355174000,APOGEE SPIRIT,Rosario
2026-09-06,02:00:15,701001307,MAX DREAM,Rosario
2026-09-06,02:00:15,538008936,SOUND YOUNG,Rosario
2026-09-06,02:00:15,341694002,H7 HSB5,Rosario
2026-09-06,02:00:15,636015600,F. F GLORY,Rosario
2026-09-06,02:00:15,563033900,TORM SUPREME,Rosario
2026-09-06,02:00:15,538008779,LIVADI,Rosario
2026-09-06,02:00:15,701006245,SAN JOSE V,Rosario
2026-09-06,02:00:15,755177000,,Rosario
2026-09-06,02:00:15,720035000,,Rosario
2026-09-06,02:00:15,755991013,PUMA,Rosario
2026-09-06,02:00:15,755088000,DECATUR LADY,Rosario
2026-09-06,02:00:15,755002470,DONA CARMEN,Rosario
2026-09-06,02:00:15,538004184,BLACK PEARL,Rosario
2026-09-06,02:00:15,314952000,DSM HARBOUR,Rosario
2026-09-06,02:00:15,701006926,FAVORITO SAN ANTONIO,Rosario
2026-09-06,02:00:15,636015971,STOLT ZULU,Rosario
2026-09-06,02:00:15,636023256,INGENUITY,Rosario
2026-09-06,02:00:15,755001797,PARAPITI.,Rosario
2026-09-06,02:00:15,563234800,IVS DUNES,Rosario
2026-09-06,02:00:15,701001404,GUAZU PUCU,Rosario
2026-09-06,02:00:15,538011430,SOFIA,Rosario
2026-09-06,02:00:15,701006966,,Rosario
2026-09-06,02:00:15,538011031,CATHERINE,DelGuazu
2026-09-06,02:00:15,755143000,RAGNAR,DelGuazu
2026-09-06,02:00:15,701583000,GC70 RI0 DE LA PLATA,BellaVista
2026-09-06,02:00:15,755022000,R/E CAVALIER XI,BellaVista
2026-09-06,02:00:15,755004318,NAUTIC TWIN,BellaVista
2026-09-06,02:00:15,755164000,BELEN B,BellaVista
2026-09-06,02:00:15,720985000,HB HYDRA,BellaVista
2026-09-06,02:00:15,755201114,AGUILUCHO,BellaVista
2026-09-06,02:00:15,755003609,DONA ELVIRA,BellaVista
2026-09-06,02:00:15,755136000,IMPALA LADARIO,BellaVista
2026-09-06,02:00:15,755045000,BRUTUS H,BellaVista
2026-09-06,02:00:15,755048000,ITAPUA I,BellaVista
2026-09-06,02:00:15,755170000,DONA MARGIE,BellaVista
2026-09-06,02:00:15,755084000,RIO DE LA PLATA,BellaVista
2026-09-06,02:10:09,255915742,BOCHEM CASABLANCA,SanLorenzo
2026-09-06,02:10:09,477754600,MAERSK VENEZIA,SanLorenzo
2026-09-06,02:10:09,563033900,TORM SUPREME,SanLorenzo
2026-09-06,02:10:09,477932500,ROSCO BANYAN,SanLorenzo
2026-09-06,02:10:09,701503000,GC77 GFO SAN MATIAS,SanLorenzo
2026-09-06,02:10:09,701006283,,SanLorenzo
2026-09-06,02:10:09,563151400,FRANCESCO,SanLorenzo
2026-09-06,02:10:09,538006458,ODYSSEUS N,SanLorenzo
2026-09-06,02:10:09,563169800,RUBY,SanLorenzo
2026-09-06,02:10:09,538006504,DANK SILVER,SanLorenzo
2026-09-06,02:10:09,538004481,AGIA PARASKEVI,SanLorenzo
2026-09-06,02:10:09,538010750,TOKYO SPIRIT,SanLorenzo
2026-09-06,02:10:09,636024698,MC CALYPSO,SanLorenzo
2026-09-06,02:10:09,636093258,EMMA JANNEKE,SanLorenzo
2026-09-06,02:10:09,311000195,CS SARAFINA,SanLorenzo
2026-09-06,02:10:09,256685000,RODINA,SanLorenzo
2026-09-06,02:10:09,636024043,TG CRAB,SanLorenzo
2026-09-06,02:10:09,755032000,,SanLorenzo
2026-09-06,02:10:09,563054100,MTM BIG APPLE,SanLorenzo
2026-09-06,02:10:09,636023897,ANNELIESE,SanLorenzo
2026-09-06,02:10:09,351011000,OCEAN CROWN,SanLorenzo
2026-09-06,02:10:09,538090690,LEONARDO,SanLorenzo
2026-09-06,02:10:09,241624000,LEGEND,SanLorenzo
2026-09-06,02:10:09,255916599,RANA,SanLorenzo
2026-09-06,02:10:09,352004948,OBE UNITY,SanLorenzo
2026-09-06,02:10:09,636023426,TOUBKAL PARK,SanLorenzo
2026-09-06,02:10:09,352006388,NORSE BORNHOLM,SanLorenzo
2026-09-06,02:10:09,352006096,PALEXPO,SanLorenzo
2026-09-06,02:10:09,538008276,PORT IMABARI,SanLorenzo
2026-09-06,02:10:09,538012594,KAPETANIOS,SanLorenzo
2026-09-06,02:10:09,538009801,HELIOS,SanLorenzo
2026-09-06,02:10:09,563163900,ANNA SCHULTE,SanLorenzo
2026-09-06,02:10:09,355174000,APOGEE SPIRIT,SanLorenzo
2026-09-06,02:10:09,701006443,MAYU,SanLorenzo
2026-09-06,02:10:09,538008936,SOUND YOUNG,SanLorenzo
2026-09-06,02:10:09,710000019,HERACLITO FILHO,SanLorenzo
2026-09-06,02:10:09,341694002,H7 HSB5,SanLorenzo
2026-09-06,02:10:09,538008779,LIVADI,SanLorenzo
2026-09-06,02:10:09,720035000,CANTAGALLO,SanLorenzo
2026-09-06,02:10:09,755000020,AGUARA,SanLorenzo
2026-09-06,02:10:09,755177000,CABALLERO BLANCO.,SanLorenzo
2026-09-06,02:10:09,755991013,PUMA,SanLorenzo
2026-09-06,02:10:09,755088000,DECATUR LADY,SanLorenzo
2026-09-06,02:10:09,701006245,SAN JOSE V,SanLorenzo
2026-09-06,02:10:09,357232000,,SanLorenzo
2026-09-06,02:10:09,314952000,DSM HARBOUR,SanLorenzo
2026-09-06,02:10:09,636023256,INGENUITY,SanLorenzo
2026-09-06,02:10:09,538004184,BLACK PEARL,SanLorenzo
2026-09-06,02:10:09,701006107,BENICIO S,SanLorenzo
2026-09-06,02:10:09,755002470,DONA CARMEN,SanLorenzo
2026-09-06,02:10:09,701006926,FAVORITO SAN ANTONIO,SanLorenzo
2026-09-06,02:10:09,720671000,IB ROSARIO,SanLorenzo
2026-09-06,02:10:09,701006396,VB RECOLETA,SanLorenzo
2026-09-06,02:10:09,701001057,VALENTINA H,SanLorenzo
2026-09-06,02:10:09,636015971,STOLT ZULU,SanLorenzo
2026-09-06,02:10:09,701001404,GUAZU PUCU,SanLorenzo
2026-09-06,02:10:09,755703668,URUTAU,SanLorenzo
2026-09-06,02:10:09,701001307,MAX DREAM,SanLorenzo
2026-09-06,02:10:09,257897000,BOW FIRDA,SanLorenzo
2026-09-06,02:10:09,755001797,PARAPITI.,SanLorenzo
2026-09-06,02:10:09,563234800,IVS DUNES,SanLorenzo
2026-09-06,02:10:09,701006966,TIGRE,SanLorenzo
2026-09-06,02:10:09,538011430,SOFIA,SanLorenzo
2026-09-06,02:10:09,755004326,OLIMPO,SanLorenzo
2026-09-06,02:10:09,755134000,LADOCE H,SanLorenzo
2026-09-06,02:10:09,636015600,F. F GLORY,Rosario
2026-09-06,02:10:09,701006966,,Rosario
2026-09-06,02:10:09,563054100,MTM BIG APPLE,Rosario
2026-09-06,02:10:09,256685000,,Rosario
2026-09-06,02:10:09,701006740,,Rosario
2026-09-06,02:10:09,352004948,OBE UNITY,Rosario
2026-09-06,02:10:09,755000020,AGUARA,Rosario
2026-09-06,02:10:09,477932500,ROSCO BANYAN,Rosario
2026-09-06,02:10:09,701503000,GC77 GFO SAN MATIAS,Rosario
2026-09-06,02:10:09,563151400,FRANCESCO,Rosario
2026-09-06,02:10:09,538006458,ODYSSEUS N,Rosario
2026-09-06,02:10:09,477754600,MAERSK VENEZIA,Rosario
2026-09-06,02:10:09,257897000,,Rosario
2026-09-06,02:10:09,538010750,TOKYO SPIRIT,Rosario
2026-09-06,02:10:09,311000195,CS SARAFINA,Rosario
2026-09-06,02:10:09,352001142,GLORY FIRST,Rosario
2026-09-06,02:10:09,755177000,,Rosario
2026-09-06,02:10:09,710000019,,Rosario
2026-09-06,02:10:09,636024043,TG CRAB,Rosario
2026-09-06,02:10:09,311001602,SAGA ANDORINHA,Rosario
2026-09-06,02:10:09,636023897,ANNELIESE,Rosario
2026-09-06,02:10:09,538090690,LEONARDO,Rosario
2026-09-06,02:10:09,255916599,RANA,Rosario
2026-09-06,02:10:09,241624000,LEGEND,Rosario
2026-09-06,02:10:09,636023426,TOUBKAL PARK,Rosario
2026-09-06,02:10:09,352006388,NORSE BORNHOLM,Rosario
2026-09-06,02:10:09,352006096,PALEXPO,Rosario
2026-09-06,02:10:09,701001307,MAX DREAM,Rosario
2026-09-06,02:10:09,538008276,PORT IMABARI,Rosario
2026-09-06,02:10:09,357232000,YOZAN,Rosario
2026-09-06,02:10:09,720671000,,Rosario
2026-09-06,02:10:09,701006396,VB RECOLETA,Rosario
2026-09-06,02:10:09,538012594,KAPETANIOS,Rosario
2026-09-06,02:10:09,755001797,PARAPITI.,Rosario
2026-09-06,02:10:09,538009801,HELIOS,Rosario
2026-09-06,02:10:09,563163900,ANNA SCHULTE,Rosario
2026-09-06,02:10:09,355174000,APOGEE SPIRIT,Rosario
2026-09-06,02:10:09,563234800,IVS DUNES,Rosario
2026-09-06,02:10:09,538008936,SOUND YOUNG,Rosario
2026-09-06,02:10:09,341694002,H7 HSB5,Rosario
2026-09-06,02:10:09,538008779,LIVADI,Rosario
2026-09-06,02:10:09,720035000,CANTAGALLO,Rosario
2026-09-06,02:10:09,755991013,PUMA,Rosario
2026-09-06,02:10:09,755088000,DECATUR LADY,Rosario
2026-09-06,02:10:09,701006245,SAN JOSE V,Rosario
2026-09-06,02:10:09,314952000,DSM HARBOUR,Rosario
2026-09-06,02:10:09,636023256,INGENUITY,Rosario
2026-09-06,02:10:09,538004184,BLACK PEARL,Rosario
2026-09-06,02:10:09,755002470,DONA CARMEN,Rosario
2026-09-06,02:10:09,701006926,FAVORITO SAN ANTONIO,Rosario
2026-09-06,02:10:09,538010532,,Rosario
2026-09-06,02:10:09,636015971,STOLT ZULU,Rosario
2026-09-06,02:10:09,563033900,TORM SUPREME,Rosario
2026-09-06,02:10:09,701001404,GUAZU PUCU,Rosario
2026-09-06,02:10:09,538011430,SOFIA,Rosario
2026-09-06,02:10:09,564751000,,DelGuazu
2026-09-06,02:10:09,755143000,RAGNAR,DelGuazu
2026-09-06,02:10:09,755143000,,Braga
2026-09-06,02:10:09,701583000,,BellaVista
2026-09-06,02:10:09,755004318,NAUTIC TWIN,BellaVista
2026-09-06,02:10:09,755126000,LATERE,BellaVista
2026-09-06,02:10:09,755003609,DONA ELVIRA,BellaVista
2026-09-06,02:10:09,755022000,R/E CAVALIER XI,BellaVista
2026-09-06,02:10:09,720985000,HB HYDRA,BellaVista
2026-09-06,02:10:09,755164000,BELEN B,BellaVista
2026-09-06,02:10:09,755045000,BRUTUS H,BellaVista
2026-09-06,02:10:09,755170000,DONA MARGIE,BellaVista
2026-09-06,02:10:09,755048000,ITAPUA I,BellaVista
2026-09-06,02:10:09,755084000,RIO DE LA PLATA,BellaVista
2026-09-06,02:10:09,755136000,IMPALA LADARIO,BellaVista
2026-09-06,02:20:10,701006283,,SanLorenzo
2026-09-06,02:20:10,563054100,MTM BIG APPLE,SanLorenzo
2026-09-06,02:20:10,352004948,OBE UNITY,SanLorenzo
2026-09-06,02:20:10,352006388,NORSE BORNHOLM,SanLorenzo
2026-09-06,02:20:10,563319600,,SanLorenzo
2026-09-06,02:20:10,538008276,PORT IMABARI,SanLorenzo
2026-09-06,02:20:10,477932500,ROSCO BANYAN,SanLorenzo
2026-09-06,02:20:10,255915742,BOCHEM CASABLANCA,SanLorenzo
2026-09-06,02:20:10,563169800,RUBY,SanLorenzo
2026-09-06,02:20:10,701503000,GC77 GFO SAN MATIAS,SanLorenzo
2026-09-06,02:20:10,538006458,ODYSSEUS N,SanLorenzo
2026-09-06,02:20:10,477754600,MAERSK VENEZIA,SanLorenzo
2026-09-06,02:20:10,563151400,FRANCESCO,SanLorenzo
2026-09-06,02:20:10,538006504,DANK SILVER,SanLorenzo
2026-09-06,02:20:10,538004481,AGIA PARASKEVI,SanLorenzo
2026-09-06,02:20:10,755004326,OLIMPO,SanLorenzo
2026-09-06,02:20:10,538010750,TOKYO SPIRIT,SanLorenzo
2026-09-06,02:20:10,636024698,MC CALYPSO,SanLorenzo
2026-09-06,02:20:10,636093258,EMMA JANNEKE,SanLorenzo
2026-09-06,02:20:10,256685000,RODINA,SanLorenzo
2026-09-06,02:20:10,311000195,CS SARAFINA,SanLorenzo
2026-09-06,02:20:10,357232000,,SanLorenzo
2026-09-06,02:20:10,636024043,TG CRAB,SanLorenzo
2026-09-06,02:20:10,7010004,,SanLorenzo
2026-09-06,02:20:10,636023897,ANNELIESE,SanLorenzo
2026-09-06,02:20:10,351011000,OCEAN CROWN,SanLorenzo
2026-09-06,02:20:10,538090690,LEONARDO,SanLorenzo
2026-09-06,02:20:10,255916599,RANA,SanLorenzo
2026-09-06,02:20:10,241624000,LEGEND,SanLorenzo
2026-09-06,02:20:10,636023426,TOUBKAL PARK,SanLorenzo
2026-09-06,02:20:10,352006096,PALEXPO,SanLorenzo
2026-09-06,02:20:10,538012594,KAPETANIOS,SanLorenzo
2026-09-06,02:20:10,701006107,BENICIO S,SanLorenzo
2026-09-06,02:20:10,538009801,HELIOS,SanLorenzo
2026-09-06,02:20:10,563163900,ANNA SCHULTE,SanLorenzo
2026-09-06,02:20:10,720671000,IB ROSARIO,SanLorenzo
2026-09-06,02:20:10,755703668,URUTAU,SanLorenzo
2026-09-06,02:20:10,355174000,APOGEE SPIRIT,SanLorenzo
2026-09-06,02:20:10,538008936,SOUND YOUNG,SanLorenzo
2026-09-06,02:20:10,341694002,H7 HSB5,SanLorenzo
2026-09-06,02:20:10,755001797,PARAPITI.,SanLorenzo
2026-09-06,02:20:10,257897000,BOW FIRDA,SanLorenzo
2026-09-06,02:20:10,701006443,MAYU,SanLorenzo
2026-09-06,02:20:10,701006966,TIGRE,SanLorenzo
2026-09-06,02:20:10,755134000,LADOCE H,SanLorenzo
2026-09-06,02:20:10,538008779,LIVADI,SanLorenzo
2026-09-06,02:20:10,563234800,IVS DUNES,SanLorenzo
2026-09-06,02:20:10,755000020,AGUARA,SanLorenzo
2026-09-06,02:20:10,701001404,GUAZU PUCU,SanLorenzo
2026-09-06,02:20:10,720035000,CANTAGALLO,SanLorenzo
2026-09-06,02:20:10,755177000,CABALLERO BLANCO.,SanLorenzo
2026-09-06,02:20:10,755991013,PUMA,SanLorenzo
2026-09-06,02:20:10,701006245,SAN JOSE V,SanLorenzo
2026-09-06,02:20:10,538004184,BLACK PEARL,SanLorenzo
2026-09-06,02:20:10,636023256,INGENUITY,SanLorenzo
2026-09-06,02:20:10,314952000,DSM HARBOUR,SanLorenzo
2026-09-06,02:20:10,701001057,VALENTINA H,SanLorenzo
2026-09-06,02:20:10,755002470,DONA CARMEN,SanLorenzo
2026-09-06,02:20:10,701006926,FAVORITO SAN ANTONIO,SanLorenzo
2026-09-06,02:20:10,636015971,STOLT ZULU,SanLorenzo
2026-09-06,02:20:10,563033900,TORM SUPREME,SanLorenzo
2026-09-06,02:20:10,701006396,VB RECOLETA,SanLorenzo
2026-09-06,02:20:10,701001307,MAX DREAM,SanLorenzo
2026-09-06,02:20:10,538010532,,Rosario
2026-09-06,02:20:10,257897000,,Rosario
2026-09-06,02:20:10,701006107,,Rosario
2026-09-06,02:20:10,477932500,ROSCO BANYAN,Rosario
2026-09-06,02:20:10,701503000,GC77 GFO SAN MATIAS,Rosario
2026-09-06,02:20:10,538006458,ODYSSEUS N,Rosario
2026-09-06,02:20:10,477754600,MAERSK VENEZIA,Rosario
2026-09-06,02:20:10,701006966,,Rosario
2026-09-06,02:20:10,563151400,FRANCESCO,Rosario
2026-09-06,02:20:10,538010750,TOKYO SPIRIT,Rosario
2026-09-06,02:20:10,636024698,MC CALYPSO,Rosario
2026-09-06,02:20:10,256685000,,Rosario
2026-09-06,02:20:10,311000195,CS SARAFINA,Rosario
2026-09-06,02:20:10,352001142,GLORY FIRST,Rosario
2026-09-06,02:20:10,636024043,TG CRAB,Rosario
2026-09-06,02:20:10,7010004,,Rosario
2026-09-06,02:20:10,636023897,ANNELIESE,Rosario
2026-09-06,02:20:10,311001602,SAGA ANDORINHA,Rosario
2026-09-06,02:20:10,538090690,LEONARDO,Rosario
2026-09-06,02:20:10,255916599,RANA,Rosario
2026-09-06,02:20:10,352004948,,Rosario
2026-09-06,02:20:10,241624000,LEGEND,Rosario
2026-09-06,02:20:10,352006388,NORSE BORNHOLM,Rosario
2026-09-06,02:20:10,636023426,TOUBKAL PARK,Rosario
2026-09-06,02:20:10,352006096,PALEXPO,Rosario
2026-09-06,02:20:10,538008276,PORT IMABARI,Rosario
2026-09-06,02:20:10,563319600,,Rosario
2026-09-06,02:20:10,755000020,AGUARA,Rosario
2026-09-06,02:20:10,538012594,KAPETANIOS,Rosario
2026-09-06,02:20:10,563163900,ANNA SCHULTE,Rosario
2026-09-06,02:20:10,538009801,HELIOS,Rosario
2026-09-06,02:20:10,720671000,,Rosario
2026-09-06,02:20:10,701001307,MAX DREAM,Rosario
2026-09-06,02:20:10,355174000,APOGEE SPIRIT,Rosario
2026-09-06,02:20:10,538008936,SOUND YOUNG,Rosario
2026-09-06,02:20:10,755002470,DONA CARMEN,Rosario
2026-09-06,02:20:10,341694002,H7 HSB5,Rosario
2026-09-06,02:20:10,755001797,PARAPITI.,Rosario
2026-09-06,02:20:10,701006396,VB RECOLETA,Rosario
2026-09-06,02:20:10,538008779,LIVADI,Rosario
2026-09-06,02:20:10,720035000,CANTAGALLO,Rosario
2026-09-06,02:20:10,701006245,SAN JOSE V,Rosario
2026-09-06,02:20:10,755991013,PUMA,Rosario
2026-09-06,02:20:10,357232000,YOZAN,Rosario
2026-09-06,02:20:10,538004184,BLACK PEARL,Rosario
2026-09-06,02:20:10,636023256,INGENUITY,Rosario
2026-09-06,02:20:10,314952000,DSM HARBOUR,Rosario
2026-09-06,02:20:10,701006926,FAVORITO SAN ANTONIO,Rosario
2026-09-06,02:20:10,636015971,STOLT ZULU,Rosario
2026-09-06,02:20:10,563033900,TORM SUPREME,Rosario
2026-09-06,02:20:10,701001404,GUAZU PUCU,Rosario
2026-09-06,02:20:10,563234800,IVS DUNES,Rosario
2026-09-06,02:20:10,538011031,,DelGuazu
2026-09-06,02:20:10,564751000,,DelGuazu
2026-09-06,02:20:10,755143000,RAGNAR,DelGuazu
2026-09-06,02:20:10,755143000,,Braga
2026-09-06,02:20:10,755201114,AGUILUCHO,BellaVista
2026-09-06,02:20:10,755004318,,BellaVista
2026-09-06,02:20:10,755022000,R/E CAVALIER XI,BellaVista
2026-09-06,02:20:10,755164000,BELEN B,BellaVista
2026-09-06,02:20:10,755126000,LATERE,BellaVista
2026-09-06,02:20:10,755045000,BRUTUS H,BellaVista
2026-09-06,02:20:10,755048000,ITAPUA I,BellaVista
2026-09-06,02:20:10,755170000,DONA MARGIE,BellaVista
2026-09-06,02:20:10,755136000,IMPALA LADARIO,BellaVista
2026-09-06,02:30:10,755032000,,SanLorenzo
2026-09-06,02:30:10,477932500,ROSCO BANYAN,SanLorenzo
2026-09-06,02:30:10,255915742,BOCHEM CASABLANCA,SanLorenzo
2026-09-06,02:30:10,701503000,GC77 GFO SAN MATIAS,SanLorenzo
2026-09-06,02:30:10,563169800,RUBY,SanLorenzo
2026-09-06,02:30:10,477754600,MAERSK VENEZIA,SanLorenzo
2026-09-06,02:30:10,538004481,AGIA PARASKEVI,SanLorenzo
2026-09-06,02:30:10,563033900,TORM SUPREME,SanLorenzo
2026-09-06,02:30:10,563054100,MTM BIG APPLE,SanLorenzo
2026-09-06,02:30:10,357232000,,SanLorenzo
2026-09-06,02:30:10,538006458,ODYSSEUS N,SanLorenzo
2026-09-06,02:30:10,563151400,FRANCESCO,SanLorenzo
2026-09-06,02:30:10,538006504,DANK SILVER,SanLorenzo
2026-09-06,02:30:10,538010750,TOKYO SPIRIT,SanLorenzo
2026-09-06,02:30:10,636024698,MC CALYPSO,SanLorenzo
2026-09-06,02:30:10,710000019,,SanLorenzo
2026-09-06,02:30:10,311000195,CS SARAFINA,SanLorenzo
2026-09-06,02:30:10,636093258,EMMA JANNEKE,SanLorenzo
2026-09-06,02:30:10,256685000,RODINA,SanLorenzo
2026-09-06,02:30:10,636024043,TG CRAB,SanLorenzo
2026-09-06,02:30:10,7010004,,SanLorenzo
2026-09-06,02:30:10,636023897,ANNELIESE,SanLorenzo
2026-09-06,02:30:10,351011000,OCEAN CROWN,SanLorenzo
2026-09-06,02:30:10,538090690,LEONARDO,SanLorenzo
2026-09-06,02:30:10,255916599,RANA,SanLorenzo
2026-09-06,02:30:10,241624000,LEGEND,SanLorenzo
2026-09-06,02:30:10,352004948,OBE UNITY,SanLorenzo
2026-09-06,02:30:10,636023426,TOUBKAL PARK,SanLorenzo
2026-09-06,02:30:10,352006096,PALEXPO,SanLorenzo
2026-09-06,02:30:10,352006388,NORSE BORNHOLM,SanLorenzo
2026-09-06,02:30:10,563319600,,SanLorenzo
2026-09-06,02:30:10,538008276,PORT IMABARI,SanLorenzo
2026-09-06,02:30:10,538012594,KAPETANIOS,SanLorenzo
2026-09-06,02:30:10,538009801,HELIOS,SanLorenzo
2026-09-06,02:30:10,563163900,ANNA SCHULTE,SanLorenzo
2026-09-06,02:30:10,355174000,APOGEE SPIRIT,SanLorenzo
2026-09-06,02:30:10,701006966,TIGRE,SanLorenzo
2026-09-06,02:30:10,538008936,SOUND YOUNG,SanLorenzo
2026-09-06,02:30:10,701006107,BENICIO S,SanLorenzo
2026-09-06,02:30:10,341694002,H7 HSB5,SanLorenzo
2026-09-06,02:30:10,538008779,LIVADI,SanLorenzo
2026-09-06,02:30:10,701006443,MAYU,SanLorenzo
2026-09-06,02:30:10,720035000,CANTAGALLO,SanLorenzo
2026-09-06,02:30:10,755177000,CABALLERO BLANCO.,SanLorenzo
2026-09-06,02:30:10,755088000,DECATUR LADY,SanLorenzo
2026-09-06,02:30:10,755991013,PUMA,SanLorenzo
2026-09-06,02:30:10,701006245,SAN JOSE V,SanLorenzo
2026-09-06,02:30:10,538004184,BLACK PEARL,SanLorenzo
2026-09-06,02:30:10,636023256,INGENUITY,SanLorenzo
2026-09-06,02:30:10,701006926,FAVORITO SAN ANTONIO,SanLorenzo
2026-09-06,02:30:10,314952000,DSM HARBOUR,SanLorenzo
2026-09-06,02:30:10,701001114,IGUAZU,SanLorenzo
2026-09-06,02:30:10,755002470,DONA CARMEN,SanLorenzo
2026-09-06,02:30:10,701001307,MAX DREAM,SanLorenzo
2026-09-06,02:30:10,720671000,IB ROSARIO,SanLorenzo
2026-09-06,02:30:10,755703668,URUTAU,SanLorenzo
2026-09-06,02:30:10,636015971,STOLT ZULU,SanLorenzo
2026-09-06,02:30:10,563234800,IVS DUNES,SanLorenzo
2026-09-06,02:30:10,755001797,PARAPITI.,SanLorenzo
2026-09-06,02:30:10,701006396,VB RECOLETA,SanLorenzo
2026-09-06,02:30:10,257897000,BOW FIRDA,SanLorenzo
2026-09-06,02:30:10,755000020,AGUARA,SanLorenzo
2026-09-06,02:30:10,755134000,LADOCE H,SanLorenzo
2026-09-06,02:30:10,701001404,GUAZU PUCU,SanLorenzo
2026-09-06,02:30:10,257897000,,Rosario
2026-09-06,02:30:10,755000020,AGUARA,Rosario
2026-09-06,02:30:10,701006966,,Rosario
2026-09-06,02:30:10,256685000,RODINA,Rosario
2026-09-06,02:30:10,720671000,,Rosario
2026-09-06,02:30:10,701006107,,Rosario
2026-09-06,02:30:10,538009801,HELIOS,Rosario
2026-09-06,02:30:10,477932500,ROSCO BANYAN,Rosario
2026-09-06,02:30:10,701503000,GC77 GFO SAN MATIAS,Rosario
2026-09-06,02:30:10,538006458,ODYSSEUS N,Rosario
2026-09-06,02:30:10,563151400,FRANCESCO,Rosario
2026-09-06,02:30:10,477754600,MAERSK VENEZIA,Rosario
2026-09-06,02:30:10,538006504,,Rosario
2026-09-06,02:30:10,538010750,TOKYO SPIRIT,Rosario
2026-09-06,02:30:10,311000195,CS SARAFINA,Rosario
2026-09-06,02:30:10,352001142,GLORY FIRST,Rosario
2026-09-06,02:30:10,636024043,TG CRAB,Rosario
2026-09-06,02:30:10,7010004,,Rosario
2026-09-06,02:30:10,636023897,ANNELIESE,Rosario
2026-09-06,02:30:10,538090690,LEONARDO,Rosario
2026-09-06,02:30:10,255916599,RANA,Rosario
2026-09-06,02:30:10,241624000,LEGEND,Rosario
2026-09-06,02:30:10,755991013,PUMA,Rosario
2026-09-06,02:30:10,636023426,TOUBKAL PARK,Rosario
2026-09-06,02:30:10,352006096,PALEXPO,Rosario
2026-09-06,02:30:10,352006388,NORSE BORNHOLM,Rosario
2026-09-06,02:30:10,538008276,PORT IMABARI,Rosario
2026-09-06,02:30:10,538012594,KAPETANIOS,Rosario
2026-09-06,02:30:10,720035000,CANTAGALLO,Rosario
2026-09-06,02:30:10,701001114,,Rosario
2026-09-06,02:30:10,563163900,ANNA SCHULTE,Rosario
2026-09-06,02:30:10,355174000,APOGEE SPIRIT,Rosario
2026-09-06,02:30:10,538008936,SOUND YOUNG,Rosario
2026-09-06,02:30:10,357232000,YOZAN,Rosario
2026-09-06,02:30:10,341694002,H7 HSB5,Rosario
2026-09-06,02:30:10,755001797,PARAPITI.,Rosario
2026-09-06,02:30:10,701006396,VB RECOLETA,Rosario
2026-09-06,02:30:10,538008779,LIVADI,Rosario
2026-09-06,02:30:10,755088000,DECATUR LADY,Rosario
2026-09-06,02:30:10,701006245,SAN JOSE V,Rosario
2026-09-06,02:30:10,538004184,BLACK PEARL,Rosario
2026-09-06,02:30:10,636023256,INGENUITY,Rosario
2026-09-06,02:30:10,701006926,FAVORITO SAN ANTONIO,Rosario
2026-09-06,02:30:10,314952000,DSM HARBOUR,Rosario
2026-09-06,02:30:10,755002470,DONA CARMEN,Rosario
2026-09-06,02:30:10,701001307,MAX DREAM,Rosario
2026-09-06,02:30:10,563033900,TORM SUPREME,Rosario
2026-09-06,02:30:10,636015971,STOLT ZULU,Rosario
2026-09-06,02:30:10,563234800,IVS DUNES,Rosario
2026-09-06,02:30:10,701001404,GUAZU PUCU,Rosario
2026-09-06,02:30:10,564751000,,DelGuazu
2026-09-06,02:30:10,538011031,,DelGuazu
2026-09-06,02:30:10,701583000,,BellaVista
2026-09-06,02:30:10,755126000,LATERE,BellaVista
2026-09-06,02:30:10,755003609,DONA ELVIRA,BellaVista
2026-09-06,02:30:10,755045000,BRUTUS H,BellaVista
2026-09-06,02:30:10,755048000,ITAPUA I,BellaVista
2026-09-06,02:30:10,755004318,,BellaVista
2026-09-06,02:30:10,755170000,DONA MARGIE,BellaVista
2026-09-06,02:30:10,755022000,R/E CAVALIER XI,BellaVista
2026-09-06,02:30:10,755164000,BELEN B,BellaVista
2026-09-06,02:30:10,755201114,AGUILUCHO,BellaVista
2026-09-06,02:30:10,720985000,,BellaVista
2026-09-06,02:30:10,755136000,IMPALA LADARIO,BellaVista
2026-09-06,02:40:09,311001602,SAGA ANDORINHA,SanLorenzo
2026-09-06,02:40:09,563169800,RUBY,SanLorenzo
2026-09-06,02:40:09,255915742,BOCHEM CASABLANCA,SanLorenzo
2026-09-06,02:40:09,701503000,GC77 GFO SAN MATIAS,SanLorenzo
2026-09-06,02:40:09,477754600,MAERSK VENEZIA,SanLorenzo
2026-09-06,02:40:09,563151400,FRANCESCO,SanLorenzo
2026-09-06,02:40:09,538006458,ODYSSEUS N,SanLorenzo
2026-09-06,02:40:09,755032000,,SanLorenzo
2026-09-06,02:40:09,538004481,AGIA PARASKEVI,SanLorenzo
2026-09-06,02:40:09,636024698,MC CALYPSO,SanLorenzo
2026-09-06,02:40:09,538010750,TOKYO SPIRIT,SanLorenzo
2026-09-06,02:40:09,636093258,EMMA JANNEKE,SanLorenzo
2026-09-06,02:40:09,311000195,CS SARAFINA,SanLorenzo
2026-09-06,02:40:09,256685000,RODINA,SanLorenzo
2026-09-06,02:40:09,563033900,,SanLorenzo
2026-09-06,02:40:09,357232000,,SanLorenzo
2026-09-06,02:40:09,636024043,TG CRAB,SanLorenzo
2026-09-06,02:40:09,563054100,MTM BIG APPLE,SanLorenzo
2026-09-06,02:40:09,636023897,ANNELIESE,SanLorenzo
2026-09-06,02:40:09,351011000,OCEAN CROWN,SanLorenzo
2026-09-06,02:40:09,538090690,LEONARDO,SanLorenzo
2026-09-06,02:40:09,255916599,RANA,SanLorenzo
2026-09-06,02:40:09,241624000,LEGEND,SanLorenzo
2026-09-06,02:40:09,352004948,OBE UNITY,SanLorenzo
2026-09-06,02:40:09,701006107,BENICIO S,SanLorenzo
2026-09-06,02:40:09,636023426,TOUBKAL PARK,SanLorenzo
2026-09-06,02:40:09,352006388,NORSE BORNHOLM,SanLorenzo
2026-09-06,02:40:09,563319600,,SanLorenzo
2026-09-06,02:40:09,352006096,PALEXPO,SanLorenzo
2026-09-06,02:40:09,538012594,KAPETANIOS,SanLorenzo
2026-09-06,02:40:09,538009801,HELIOS,SanLorenzo
2026-09-06,02:40:09,563163900,ANNA SCHULTE,SanLorenzo
2026-09-06,02:40:09,355174000,APOGEE SPIRIT,SanLorenzo
2026-09-06,02:40:09,538008936,SOUND YOUNG,SanLorenzo
2026-09-06,02:40:09,341694002,H7 HSB5,SanLorenzo
2026-09-06,02:40:09,701006966,TIGRE,SanLorenzo
2026-09-06,02:40:09,538008779,LIVADI,SanLorenzo
2026-09-06,02:40:09,720035000,CANTAGALLO,SanLorenzo
2026-09-06,02:40:09,755088000,DECATUR LADY,SanLorenzo
2026-09-06,02:40:09,755177000,CABALLERO BLANCO.,SanLorenzo
2026-09-06,02:40:09,755991013,PUMA,SanLorenzo
2026-09-06,02:40:09,538008276,PORT IMABARI,SanLorenzo
2026-09-06,02:40:09,701006245,SAN JOSE V,SanLorenzo
2026-09-06,02:40:09,538004184,BLACK PEARL,SanLorenzo
2026-09-06,02:40:09,314952000,DSM HARBOUR,SanLorenzo
2026-09-06,02:40:09,755002470,DONA CARMEN,SanLorenzo
2026-09-06,02:40:09,636023256,INGENUITY,SanLorenzo
2026-09-06,02:40:09,701006926,FAVORITO SAN ANTONIO,SanLorenzo
2026-09-06,02:40:09,701001114,IGUAZU,SanLorenzo
2026-09-06,02:40:09,701006396,VB RECOLETA,SanLorenzo
2026-09-06,02:40:09,701001057,VALENTINA H,SanLorenzo
2026-09-06,02:40:09,636015971,STOLT ZULU,SanLorenzo
2026-09-06,02:40:09,755004326,,SanLorenzo
2026-09-06,02:40:09,755001797,PARAPITI.,SanLorenzo
2026-09-06,02:40:09,720671000,IB ROSARIO,SanLorenzo
2026-09-06,02:40:09,257897000,BOW FIRDA,SanLorenzo
2026-09-06,02:40:09,755703668,URUTAU,SanLorenzo
2026-09-06,02:40:09,563234800,IVS DUNES,SanLorenzo
2026-09-06,02:40:09,701006443,MAYU,SanLorenzo
2026-09-06,02:40:09,7010004,,SanLorenzo
2026-09-06,02:40:09,755000020,AGUARA,SanLorenzo
2026-09-06,02:40:09,538006504,DANK SILVER,SanLorenzo
2026-09-06,02:40:09,701001404,GUAZU PUCU,SanLorenzo
2026-09-06,02:40:09,477932500,ROSCO BANYAN,SanLorenzo
2026-09-06,02:40:09,755134000,LADOCE H,SanLorenzo
2026-09-06,02:40:09,636024698,MC CALYPSO,Rosario
2026-09-06,02:40:09,256685000,RODINA,Rosario
2026-09-06,02:40:09,311001602,SAGA ANDORINHA,Rosario
2026-09-06,02:40:09,538010532,,Rosario
2026-09-06,02:40:09,563319600,CUTLASS GALAXY,Rosario
2026-09-06,02:40:09,701503000,GC77 GFO SAN MATIAS,Rosario
2026-09-06,02:40:09,563151400,FRANCESCO,Rosario
2026-09-06,02:40:09,538006458,ODYSSEUS N,Rosario
2026-09-06,02:40:09,477754600,MAERSK VENEZIA,Rosario
2026-09-06,02:40:09,636015600,,Rosario
2026-09-06,02:40:09,538010750,TOKYO SPIRIT,Rosario
2026-09-06,02:40:09,311000195,CS SARAFINA,Rosario
2026-09-06,02:40:09,352001142,GLORY FIRST,Rosario
2026-09-06,02:40:09,636024043,TG CRAB,Rosario
2026-09-06,02:40:09,701006107,,Rosario
2026-09-06,02:40:09,563054100,,Rosario
2026-09-06,02:40:09,636023897,ANNELIESE,Rosario
2026-09-06,02:40:09,538090690,LEONARDO,Rosario
2026-09-06,02:40:09,255916599,RANA,Rosario
2026-09-06,02:40:09,241624000,LEGEND,Rosario
2026-09-06,02:40:09,636023426,TOUBKAL PARK,Rosario
2026-09-06,02:40:09,352006388,NORSE BORNHOLM,Rosario
2026-09-06,02:40:09,352006096,PALEXPO,Rosario
2026-09-06,02:40:09,257897000,,Rosario
2026-09-06,02:40:09,755001797,PARAPITI.,Rosario
2026-09-06,02:40:09,538012594,KAPETANIOS,Rosario
2026-09-06,02:40:09,538009801,HELIOS,Rosario
2026-09-06,02:40:09,563163900,ANNA SCHULTE,Rosario
2026-09-06,02:40:09,563033900,TORM SUPREME,Rosario
2026-09-06,02:40:09,355174000,APOGEE SPIRIT,Rosario
2026-09-06,02:40:09,538008936,SOUND YOUNG,Rosario
2026-09-06,02:40:09,341694002,H7 HSB5,Rosario
2026-09-06,02:40:09,755002470,DONA CARMEN,Rosario
2026-09-06,02:40:09,701001114,,Rosario
2026-09-06,02:40:09,701006396,VB RECOLETA,Rosario
2026-09-06,02:40:09,538008779,LIVADI,Rosario
2026-09-06,02:40:09,755000020,,Rosario
2026-09-06,02:40:09,720035000,CANTAGALLO,Rosario
2026-09-06,02:40:09,755088000,DECATUR LADY,Rosario
2026-09-06,02:40:09,755991013,PUMA,Rosario
2026-09-06,02:40:09,538008276,PORT IMABARI,Rosario
2026-09-06,02:40:09,701006245,SAN JOSE V,Rosario
2026-09-06,02:40:09,357232000,YOZAN,Rosario
2026-09-06,02:40:09,538004184,BLACK PEARL,Rosario
2026-09-06,02:40:09,314952000,DSM HARBOUR,Rosario
2026-09-06,02:40:09,636023256,INGENUITY,Rosario
2026-09-06,02:40:09,636015971,STOLT ZULU,Rosario
2026-09-06,02:40:09,701006926,FAVORITO SAN ANTONIO,Rosario
2026-09-06,02:40:09,720671000,,Rosario
2026-09-06,02:40:09,701006443,,Rosario
2026-09-06,02:40:09,563234800,IVS DUNES,Rosario
2026-09-06,02:40:09,7010004,,Rosario
2026-09-06,02:40:09,538006504,DANK SILVER,Rosario
2026-09-06,02:40:09,701001404,GUAZU PUCU,Rosario
2026-09-06,02:40:09,477932500,ROSCO BANYAN,Rosario
2026-09-06,02:40:09,538011031,,DelGuazu
2026-09-06,02:40:09,564751000,,DelGuazu
2026-09-06,02:40:09,701583000,GC70 RI0 DE LA PLATA,BellaVista
2026-09-06,02:40:09,720985000,HB HYDRA,BellaVista
2026-09-06,02:40:09,755003609,DONA ELVIRA,BellaVista
2026-09-06,02:40:09,755201114,AGUILUCHO,BellaVista
2026-09-06,02:40:09,755004318,,BellaVista
2026-09-06,02:40:09,755022000,R/E CAVALIER XI,BellaVista
2026-09-06,02:40:09,755136000,IMPALA LADARIO,BellaVista
2026-09-06,02:40:09,755045000,BRUTUS H,BellaVista
2026-09-06,02:40:09,755048000,ITAPUA I,BellaVista
2026-09-06,02:40:09,755170000,DONA MARGIE,BellaVista
2026-09-06,02:40:09,755084000,RIO DE LA PLATA,BellaVista
2026-09-06,02:40:09,755164000,BELEN B,BellaVista
2026-09-06,02:50:09,563054100,MTM BIG APPLE,SanLorenzo
2026-09-06,02:50:09,755004326,,SanLorenzo
2026-09-06,02:50:09,755032000,,SanLorenzo
2026-09-06,02:50:09,538010532,,SanLorenzo
2026-09-06,02:50:09,477932500,ROSCO BANYAN,SanLorenzo
2026-09-06,02:50:09,255915742,BOCHEM CASABLANCA,SanLorenzo
2026-09-06,02:50:09,701503000,GC77 GFO SAN MATIAS,SanLorenzo
2026-09-06,02:50:09,563169800,RUBY,SanLorenzo
2026-09-06,02:50:09,538006458,ODYSSEUS N,SanLorenzo
2026-09-06,02:50:09,563151400,FRANCESCO,SanLorenzo
2026-09-06,02:50:09,477754600,MAERSK VENEZIA,SanLorenzo
2026-09-06,02:50:09,538004481,AGIA PARASKEVI,SanLorenzo
2026-09-06,02:50:09,636024698,MC CALYPSO,SanLorenzo
2026-09-06,02:50:09,538010750,TOKYO SPIRIT,SanLorenzo
2026-09-06,02:50:09,256685000,RODINA,SanLorenzo
2026-09-06,02:50:09,311000195,CS SARAFINA,SanLorenzo
2026-09-06,02:50:09,636024043,TG CRAB,SanLorenzo
2026-09-06,02:50:09,701006107,BENICIO S,SanLorenzo
2026-09-06,02:50:09,636023897,ANNELIESE,SanLorenzo
2026-09-06,02:50:09,351011000,OCEAN CROWN,SanLorenzo
2026-09-06,02:50:09,701006354,,SanLorenzo
2026-09-06,02:50:09,538090690,LEONARDO,SanLorenzo
2026-09-06,02:50:09,255916599,RANA,SanLorenzo
2026-09-06,02:50:09,241624000,LEGEND,SanLorenzo
2026-09-06,02:50:09,352004948,OBE UNITY,SanLorenzo
2026-09-06,02:50:09,352006388,NORSE BORNHOLM,SanLorenzo
2026-09-06,02:50:09,636023426,TOUBKAL PARK,SanLorenzo
2026-09-06,02:50:09,352006096,PALEXPO,SanLorenzo
2026-09-06,02:50:09,7010004,,SanLorenzo
2026-09-06,02:50:09,538012594,KAPETANIOS,SanLorenzo
2026-09-06,02:50:09,538009801,HELIOS,SanLorenzo
2026-09-06,02:50:09,563163900,ANNA SCHULTE,SanLorenzo
2026-09-06,02:50:09,355174000,APOGEE SPIRIT,SanLorenzo
2026-09-06,02:50:09,755177000,CABALLERO BLANCO.,SanLorenzo
2026-09-06,02:50:09,755991013,PUMA,SanLorenzo
2026-09-06,02:50:09,701006926,FAVORITO SAN ANTONIO,SanLorenzo
2026-09-06,02:50:09,538008936,SOUND YOUNG,SanLorenzo
2026-09-06,02:50:09,341694002,H7 HSB5,SanLorenzo
2026-09-06,02:50:09,311001602,,SanLorenzo
2026-09-06,02:50:09,538008779,LIVADI,SanLorenzo
2026-09-06,02:50:09,701006443,MAYU,SanLorenzo
2026-09-06,02:50:09,720035000,CANTAGALLO,SanLorenzo
2026-09-06,02:50:09,636093258,EMMA JANNEKE,SanLorenzo
2026-09-06,02:50:09,701006245,SAN JOSE V,SanLorenzo
2026-09-06,02:50:09,357232000,YOZAN,SanLorenzo
2026-09-06,02:50:09,636015971,STOLT ZULU,SanLorenzo
2026-09-06,02:50:09,314952000,DSM HARBOUR,SanLorenzo
2026-09-06,02:50:09,636023256,INGENUITY,SanLorenzo
2026-09-06,02:50:09,538004184,BLACK PEARL,SanLorenzo
2026-09-06,02:50:09,755002470,DONA CARMEN,SanLorenzo
2026-09-06,02:50:09,701001057,VALENTINA H,SanLorenzo
2026-09-06,02:50:09,701006396,VB RECOLETA,SanLorenzo
2026-09-06,02:50:09,563033900,,SanLorenzo
2026-09-06,02:50:09,257897000,BOW FIRDA,SanLorenzo
2026-09-06,02:50:09,538008276,PORT IMABARI,SanLorenzo
2026-09-06,02:50:09,563234800,IVS DUNES,SanLorenzo
2026-09-06,02:50:09,701006966,TIGRE,SanLorenzo
2026-09-06,02:50:09,755001797,PARAPITI.,SanLorenzo
2026-09-06,02:50:09,755134000,LADOCE H,SanLorenzo
2026-09-06,02:50:09,755703668,URUTAU,SanLorenzo
2026-09-06,02:50:09,701001404,GUAZU PUCU,SanLorenzo
2026-09-06,02:50:09,538006504,DANK SILVER,SanLorenzo
2026-09-06,02:50:09,755000020,AGUARA,SanLorenzo
2026-09-06,02:50:09,257897000,,Rosario
2026-09-06,02:50:09,256685000,RODINA,Rosario
2026-09-06,02:50:09,538009801,HELIOS,Rosario
2026-09-06,02:50:09,720671000,,Rosario
2026-09-06,02:50:09,255916599,RANA,Rosario
2026-09-06,02:50:09,538008779,LIVADI,Rosario
2026-09-06,02:50:09,636015971,STOLT ZULU,Rosario
2026-09-06,02:50:09,477932500,ROSCO BANYAN,Rosario
2026-09-06,02:50:09,701503000,GC77 GFO SAN MATIAS,Rosario
2026-09-06,02:50:09,538006458,ODYSSEUS N,Rosario
2026-09-06,02:50:09,563151400,FRANCESCO,Rosario
2026-09-06,02:50:09,477754600,MAERSK VENEZIA,Rosario
2026-09-06,02:50:09,538006504,DANK SILVER,Rosario
2026-09-06,02:50:09,636024698,MC CALYPSO,Rosario
2026-09-06,02:50:09,538010750,TOKYO SPIRIT,Rosario
2026-09-06,02:50:09,311000195,CS SARAFINA,Rosario
2026-09-06,02:50:09,352001142,GLORY FIRST,Rosario
2026-09-06,02:50:09,636024043,TG CRAB,Rosario
2026-09-06,02:50:09,636023897,ANNELIESE,Rosario
2026-09-06,02:50:09,563054100,,Rosario
2026-09-06,02:50:09,538090690,LEONARDO,Rosario
2026-09-06,02:50:09,241624000,LEGEND,Rosario
2026-09-06,02:50:09,352006388,NORSE BORNHOLM,Rosario
2026-09-06,02:50:09,636023426,TOUBKAL PARK,Rosario
2026-09-06,02:50:09,701006396,VB RECOLETA,Rosario
2026-09-06,02:50:09,755000020,AGUARA,Rosario
2026-09-06,02:50:09,352006096,PALEXPO,Rosario
2026-09-06,02:50:09,755991013,PUMA,Rosario
2026-09-06,02:50:09,7010004,,Rosario
2026-09-06,02:50:09,701001114,,Rosario
2026-09-06,02:50:09,755001797,PARAPITI.,Rosario
2026-09-06,02:50:09,538012594,KAPETANIOS,Rosario
2026-09-06,02:50:09,636093258,,Rosario
2026-09-06,02:50:09,563163900,ANNA SCHULTE,Rosario
2026-09-06,02:50:09,355174000,APOGEE SPIRIT,Rosario
2026-09-06,02:50:09,720035000,CANTAGALLO,Rosario
2026-09-06,02:50:09,701006245,SAN JOSE V,Rosario
2026-09-06,02:50:09,538008936,SOUND YOUNG,Rosario
2026-09-06,02:50:09,538008276,PORT IMABARI,Rosario
2026-09-06,02:50:09,341694002,H7 HSB5,Rosario
2026-09-06,02:50:09,311001602,SAGA ANDORINHA,Rosario
2026-09-06,02:50:09,357232000,YOZAN,Rosario
2026-09-06,02:50:09,314952000,DSM HARBOUR,Rosario
2026-09-06,02:50:09,636023256,INGENUITY,Rosario
2026-09-06,02:50:09,538004184,BLACK PEARL,Rosario
2026-09-06,02:50:09,538010532,,Rosario
2026-09-06,02:50:09,755002470,DONA CARMEN,Rosario
2026-09-06,02:50:09,701006926,FAVORITO SAN ANTONIO,Rosario
2026-09-06,02:50:09,563033900,TORM SUPREME,Rosario
2026-09-06,02:50:09,563234800,IVS DUNES,Rosario
2026-09-06,02:50:09,701001404,GUAZU PUCU,Rosario
2026-09-06,02:50:09,564751000,,DelGuazu
2026-09-06,02:50:09,701006545,HERNANDARIAS,DelGuazu
2026-09-06,02:50:09,564751000,,Braga
2026-09-06,02:50:09,701006545,,Braga
2026-09-06,02:50:09,701583000,GC70 RI0 DE LA PLATA,BellaVista
2026-09-06,02:50:09,755091000,,BellaVista
2026-09-06,02:50:09,720985000,HB HYDRA,BellaVista
2026-09-06,02:50:09,755045000,BRUTUS H,BellaVista
2026-09-06,02:50:09,755003609,DONA ELVIRA,BellaVista
2026-09-06,02:50:09,755084000,RIO DE LA PLATA,BellaVista
2026-09-06,02:50:09,755004318,NAUTIC TWIN,BellaVista
2026-09-06,02:50:09,755022000,R/E CAVALIER XI,BellaVista
2026-09-06,02:50:09,755201114,AGUILUCHO,BellaVista
2026-09-06,02:50:09,755164000,BELEN B,BellaVista
2026-09-06,02:50:09,755136000,IMPALA LADARIO,BellaVista
2026-09-06,03:00:15,538010532,,SanLorenzo
2026-09-06,03:00:15,563054100,MTM BIG APPLE,SanLorenzo
2026-09-06,03:00:15,701006354,,SanLorenzo
2026-09-06,03:00:15,255915742,BOCHEM CASABLANCA,SanLorenzo
2026-09-06,03:00:15,351011000,OCEAN CROWN,SanLorenzo
2026-09-06,03:00:15,477932500,ROSCO BANYAN,SanLorenzo
2026-09-06,03:00:15,701503000,GC77 GFO SAN MATIAS,SanLorenzo
2026-09-06,03:00:15,7010004,,SanLorenzo
2026-09-06,03:00:15,538006458,ODYSSEUS N,SanLorenzo
2026-09-06,03:00:15,563169800,RUBY,SanLorenzo
2026-09-06,03:00:15,563151400,FRANCESCO,SanLorenzo
2026-09-06,03:00:15,477754600,MAERSK VENEZIA,SanLorenzo
2026-09-06,03:00:15,538004481,AGIA PARASKEVI,SanLorenzo
2026-09-06,03:00:15,538010750,TOKYO SPIRIT,SanLorenzo
2026-09-06,03:00:15,636024698,MC CALYPSO,SanLorenzo
2026-09-06,03:00:15,311000195,CS SARAFINA,SanLorenzo
2026-09-06,03:00:15,256685000,RODINA,SanLorenzo
2026-09-06,03:00:15,636024043,TG CRAB,SanLorenzo
2026-09-06,03:00:15,636023897,ANNELIESE,SanLorenzo
2026-09-06,03:00:15,538090690,LEONARDO,SanLorenzo
2026-09-06,03:00:15,241624000,LEGEND,SanLorenzo
2026-09-06,03:00:15,255916599,RANA,SanLorenzo
2026-09-06,03:00:15,352004948,OBE UNITY,SanLorenzo
2026-09-06,03:00:15,636023426,TOUBKAL PARK,SanLorenzo
2026-09-06,03:00:15,352006096,PALEXPO,SanLorenzo
2026-09-06,03:00:15,352006388,NORSE BORNHOLM,SanLorenzo
2026-09-06,03:00:15,563033900,,SanLorenzo
2026-09-06,03:00:15,538012594,KAPETANIOS,SanLorenzo
2026-09-06,03:00:15,538009801,HELIOS,SanLorenzo
2026-09-06,03:00:15,563163900,ANNA SCHULTE,SanLorenzo
2026-09-06,03:00:15,355174000,APOGEE SPIRIT,SanLorenzo
2026-09-06,03:00:15,538008936,SOUND YOUNG,SanLorenzo
2026-09-06,03:00:15,314952000,DSM HARBOUR,SanLorenzo
2026-09-06,03:00:15,341694002,H7 HSB5,SanLorenzo
2026-09-06,03:00:15,538008779,LIVADI,SanLorenzo
2026-09-06,03:00:15,538006504,DANK SILVER,SanLorenzo
2026-09-06,03:00:15,701006443,MAYU,SanLorenzo
2026-09-06,03:00:15,311001602,,SanLorenzo
2026-09-06,03:00:15,755991013,PUMA,SanLorenzo
2026-09-06,03:00:15,755177000,CABALLERO BLANCO.,SanLorenzo
2026-09-06,03:00:15,720035000,CANTAGALLO,SanLorenzo
2026-09-06,03:00:15,701006245,SAN JOSE V,SanLorenzo
2026-09-06,03:00:15,538008276,PORT IMABARI,SanLorenzo
2026-09-06,03:00:15,538004184,BLACK PEARL,SanLorenzo
2026-09-06,03:00:15,755002470,DONA CARMEN,SanLorenzo
2026-09-06,03:00:15,636015971,STOLT ZULU,SanLorenzo
2026-09-06,03:00:15,636023256,INGENUITY,SanLorenzo
2026-09-06,03:00:15,701006926,FAVORITO SAN ANTONIO,SanLorenzo
2026-09-06,03:00:15,701001404,GUAZU PUCU,SanLorenzo
2026-09-06,03:00:15,701001057,VALENTINA H,SanLorenzo
2026-09-06,03:00:15,636093258,EMMA JANNEKE,SanLorenzo
2026-09-06,03:00:15,357458000,BULK ITALY,SanLorenzo
2026-09-06,03:00:15,755703668,URUTAU,SanLorenzo
2026-09-06,03:00:15,701006396,VB RECOLETA,SanLorenzo
2026-09-06,03:00:15,563234800,IVS DUNES,SanLorenzo
2026-09-06,03:00:15,755001797,PARAPITI.,SanLorenzo
2026-09-06,03:00:15,257897000,BOW FIRDA,SanLorenzo
2026-09-06,03:00:15,755134000,LADOCE H,SanLorenzo
2026-09-06,03:00:15,701006966,TIGRE,SanLorenzo
2026-09-06,03:00:15,755000020,AGUARA,SanLorenzo
2026-09-06,03:00:15,563054100,MTM BIG APPLE,Rosario
2026-09-06,03:00:15,538009801,HELIOS,Rosario
2026-09-06,03:00:15,477932500,ROSCO BANYAN,Rosario
2026-09-06,03:00:15,701503000,GC77 GFO SAN MATIAS,Rosario
2026-09-06,03:00:15,7010004,,Rosario
2026-09-06,03:00:15,563151400,FRANCESCO,Rosario
2026-09-06,03:00:15,538006458,ODYSSEUS N,Rosario
2026-09-06,03:00:15,477754600,MAERSK VENEZIA,Rosario
2026-09-06,03:00:15,636024698,MC CALYPSO,Rosario
2026-09-06,03:00:15,701006396,VB RECOLETA,Rosario
2026-09-06,03:00:15,538010750,TOKYO SPIRIT,Rosario
2026-09-06,03:00:15,311000195,CS SARAFINA,Rosario
2026-09-06,03:00:15,256685000,RODINA,Rosario
2026-09-06,03:00:15,352001142,GLORY FIRST,Rosario
2026-09-06,03:00:15,636024379,,Rosario
2026-09-06,03:00:15,636024043,TG CRAB,Rosario
2026-09-06,03:00:15,636023897,ANNELIESE,Rosario
2026-09-06,03:00:15,755000020,AGUARA,Rosario
2026-09-06,03:00:15,538090690,LEONARDO,Rosario
2026-09-06,03:00:15,255916599,RANA,Rosario
2026-09-06,03:00:15,241624000,LEGEND,Rosario
2026-09-06,03:00:15,636023426,TOUBKAL PARK,Rosario
2026-09-06,03:00:15,352006096,PALEXPO,Rosario
2026-09-06,03:00:15,352006388,NORSE BORNHOLM,Rosario
2026-09-06,03:00:15,538012594,KAPETANIOS,Rosario
2026-09-06,03:00:15,563163900,ANNA SCHULTE,Rosario
2026-09-06,03:00:15,355174000,APOGEE SPIRIT,Rosario
2026-09-06,03:00:15,538008936,SOUND YOUNG,Rosario
2026-09-06,03:00:15,341694002,H7 HSB5,Rosario
2026-09-06,03:00:15,538008779,LIVADI,Rosario
2026-09-06,03:00:15,311001602,SAGA ANDORINHA,Rosario
2026-09-06,03:00:15,755991013,PUMA,Rosario
2026-09-06,03:00:15,701006245,SAN JOSE V,Rosario
2026-09-06,03:00:15,720035000,CANTAGALLO,Rosario
2026-09-06,03:00:15,538008276,PORT IMABARI,Rosario
2026-09-06,03:00:15,538004184,BLACK PEARL,Rosario
2026-09-06,03:00:15,314952000,DSM HARBOUR,Rosario
2026-09-06,03:00:15,755002470,DONA CARMEN,Rosario
2026-09-06,03:00:15,636015971,STOLT ZULU,Rosario
2026-09-06,03:00:15,636023256,INGENUITY,Rosario
2026-09-06,03:00:15,538010532,DEANA,Rosario
2026-09-06,03:00:15,701006926,FAVORITO SAN ANTONIO,Rosario
2026-09-06,03:00:15,636093258,EMMA JANNEKE,Rosario
2026-09-06,03:00:15,701001404,GUAZU PUCU,Rosario
2026-09-06,03:00:15,357458000,BULK ITALY,Rosario
2026-09-06,03:00:15,563234800,IVS DUNES,Rosario
2026-09-06,03:00:15,755001797,PARAPITI.,Rosario
2026-09-06,03:00:15,563033900,TORM SUPREME,Rosario
2026-09-06,03:00:15,701006545,HERNANDARIAS,DelGuazu
2026-09-06,03:00:15,564751000,,DelGuazu
2026-09-06,03:00:15,701006545,,Braga
2026-09-06,03:00:15,564751000,,Braga
2026-09-06,03:00:15,755003671,,BellaVista
2026-09-06,03:00:15,701583000,GC70 RI0 DE LA PLATA,BellaVista
2026-09-06,03:00:15,720687000,,BellaVista
2026-09-06,03:00:15,755091000,,BellaVista
2026-09-06,03:00:15,720985000,HB HYDRA,BellaVista
2026-09-06,03:00:15,755201114,AGUILUCHO,BellaVista
2026-09-06,03:00:15,755003609,DONA ELVIRA,BellaVista
2026-09-06,03:00:15,755022000,R/E CAVALIER XI,BellaVista
2026-09-06,03:00:15,755004318,NAUTIC TWIN,BellaVista
2026-09-06,03:00:15,755045000,BRUTUS H,BellaVista
2026-09-06,03:00:15,755084000,RIO DE LA PLATA,BellaVista
2026-09-06,03:10:09,701006354,,SanLorenzo
2026-09-06,03:10:09,563033900,TORM SUPREME,SanLorenzo
2026-09-06,03:10:09,755004326,,SanLorenzo
2026-09-06,03:10:09,255915742,BOCHEM CASABLANCA,SanLorenzo
2026-09-06,03:10:09,563054100,MTM BIG APPLE,SanLorenzo
2026-09-06,03:10:09,477932500,ROSCO BANYAN,SanLorenzo
2026-09-06,03:10:09,701503000,GC77 GFO SAN MATIAS,SanLorenzo
2026-09-06,03:10:09,7010004,,SanLorenzo
2026-09-06,03:10:09,563151400,FRANCESCO,SanLorenzo
2026-09-06,03:10:09,563169800,RUBY,SanLorenzo
2026-09-06,03:10:09,538006458,ODYSSEUS N,SanLorenzo
2026-09-06,03:10:09,477754600,MAERSK VENEZIA,SanLorenzo
2026-09-06,03:10:09,538004481,AGIA PARASKEVI,SanLorenzo
2026-09-06,03:10:09,538010750,TOKYO SPIRIT,SanLorenzo
2026-09-06,03:10:09,636024698,MC CALYPSO,SanLorenzo
2026-09-06,03:10:09,311000195,CS SARAFINA,SanLorenzo
2026-09-06,03:10:09,256685000,RODINA,SanLorenzo
2026-09-06,03:10:09,636024043,TG CRAB,SanLorenzo
2026-09-06,03:10:09,636023897,ANNELIESE,SanLorenzo
2026-09-06,03:10:09,351011000,OCEAN CROWN,SanLorenzo
2026-09-06,03:10:09,538090690,LEONARDO,SanLorenzo
2026-09-06,03:10:09,255916599,RANA,SanLorenzo
2026-09-06,03:10:09,352004948,OBE UNITY,SanLorenzo
2026-09-06,03:10:09,241624000,LEGEND,SanLorenzo
2026-09-06,03:10:09,352006388,NORSE BORNHOLM,SanLorenzo
2026-09-06,03:10:09,352006096,PALEXPO,SanLorenzo
2026-09-06,03:10:09,538012594,KAPETANIOS,SanLorenzo
2026-09-06,03:10:09,701006966,TIGRE,SanLorenzo
2026-09-06,03:10:09,355174000,APOGEE SPIRIT,SanLorenzo
2026-09-06,03:10:09,563163900,ANNA SCHULTE,SanLorenzo
2026-09-06,03:10:09,538009801,HELIOS,SanLorenzo
2026-09-06,03:10:09,538008936,SOUND YOUNG,SanLorenzo
2026-09-06,03:10:09,538004184,BLACK PEARL,SanLorenzo
2026-09-06,03:10:09,341694002,H7 HSB5,SanLorenzo
2026-09-06,03:10:09,538008779,LIVADI,SanLorenzo
2026-09-06,03:10:09,720035000,CANTAGALLO,SanLorenzo
2026-09-06,03:10:09,755177000,CABALLERO BLANCO.,SanLorenzo
2026-09-06,03:10:09,311001602,,SanLorenzo
2026-09-06,03:10:09,538008276,PORT IMABARI,SanLorenzo
2026-09-06,03:10:09,755991013,PUMA,SanLorenzo
2026-09-06,03:10:09,357232000,YOZAN,SanLorenzo
2026-09-06,03:10:09,701006245,SAN JOSE V,SanLorenzo
2026-09-06,03:10:09,636023256,INGENUITY,SanLorenzo
2026-09-06,03:10:09,755002470,DONA CARMEN,SanLorenzo
2026-09-06,03:10:09,538010532,,SanLorenzo
2026-09-06,03:10:09,314952000,DSM HARBOUR,SanLorenzo
2026-09-06,03:10:09,701006926,FAVORITO SAN ANTONIO,SanLorenzo
2026-09-06,03:10:09,755032000,RUBEN H,SanLorenzo
2026-09-06,03:10:09,701001057,VALENTINA H,SanLorenzo
2026-09-06,03:10:09,636015971,STOLT ZULU,SanLorenzo
2026-09-06,03:10:09,257897000,BOW FIRDA,SanLorenzo
2026-09-06,03:10:09,755001797,PARAPITI.,SanLorenzo
2026-09-06,03:10:09,701006396,VB RECOLETA,SanLorenzo
2026-09-06,03:10:09,357458000,BULK ITALY,SanLorenzo
2026-09-06,03:10:09,755703668,URUTAU,SanLorenzo
2026-09-06,03:10:09,701006443,MAYU,SanLorenzo
2026-09-06,03:10:09,636093258,EMMA JANNEKE,SanLorenzo
2026-09-06,03:10:09,755134000,LADOCE H,SanLorenzo
2026-09-06,03:10:09,701001404,GUAZU PUCU,SanLorenzo
2026-09-06,03:10:09,563234800,IVS DUNES,SanLorenzo
2026-09-06,03:10:09,755000020,AGUARA,SanLorenzo
2026-09-06,03:10:09,636023426,TOUBKAL PARK,SanLorenzo
2026-09-06,03:10:09,538006504,DANK SILVER,SanLorenzo
2026-09-06,03:10:09,352004948,,Rosario
2026-09-06,03:10:09,636024698,MC CALYPSO,Rosario
2026-09-06,03:10:09,256685000,RODINA,Rosario
2026-09-06,03:10:09,255916599,RANA,Rosario
2026-09-06,03:10:09,477932500,ROSCO BANYAN,Rosario
2026-09-06,03:10:09,701503000,GC77 GFO SAN MATIAS,Rosario
2026-09-06,03:10:09,7010004,,Rosario
2026-09-06,03:10:09,563151400,FRANCESCO,Rosario
2026-09-06,03:10:09,538006458,ODYSSEUS N,Rosario
2026-09-06,03:10:09,477754600,MAERSK VENEZIA,Rosario
2026-09-06,03:10:09,538010750,TOKYO SPIRIT,Rosario
2026-09-06,03:10:09,311000195,CS SARAFINA,Rosario
2026-09-06,03:10:09,352001142,GLORY FIRST,Rosario
2026-09-06,03:10:09,257897000,,Rosario
2026-09-06,03:10:09,636024043,TG CRAB,Rosario
2026-09-06,03:10:09,636023897,ANNELIESE,Rosario
2026-09-06,03:10:09,563054100,MTM BIG APPLE,Rosario
2026-09-06,03:10:09,538090690,LEONARDO,Rosario
2026-09-06,03:10:09,241624000,LEGEND,Rosario
2026-09-06,03:10:09,352006388,NORSE BORNHOLM,Rosario
2026-09-06,03:10:09,352006096,PALEXPO,Rosario
2026-09-06,03:10:09,701006679,COOPOR ESTIBADOR I,Rosario
2026-09-06,03:10:09,755001797,PARAPITI.,Rosario
2026-09-06,03:10:09,538012594,KAPETANIOS,Rosario
2026-09-06,03:10:09,355174000,APOGEE SPIRIT,Rosario
2026-09-06,03:10:09,563163900,ANNA SCHULTE,Rosario
2026-09-06,03:10:09,538009801,HELIOS,Rosario
2026-09-06,03:10:09,538008936,SOUND YOUNG,Rosario
2026-09-06,03:10:09,341694002,H7 HSB5,Rosario
2026-09-06,03:10:09,538008779,LIVADI,Rosario
2026-09-06,03:10:09,720035000,CANTAGALLO,Rosario
2026-09-06,03:10:09,311001602,SAGA ANDORINHA,Rosario
2026-09-06,03:10:09,538008276,PORT IMABARI,Rosario
2026-09-06,03:10:09,701006245,SAN JOSE V,Rosario
2026-09-06,03:10:09,755991013,PUMA,Rosario
2026-09-06,03:10:09,357232000,YOZAN,Rosario
2026-09-06,03:10:09,538004184,BLACK PEARL,Rosario
2026-09-06,03:10:09,636023256,INGENUITY,Rosario
2026-09-06,03:10:09,538010532,DEANA,Rosario
2026-09-06,03:10:09,755002470,DONA CARMEN,Rosario
2026-09-06,03:10:09,314952000,DSM HARBOUR,Rosario
2026-09-06,03:10:09,636015971,STOLT ZULU,Rosario
2026-09-06,03:10:09,701006926,FAVORITO SAN ANTONIO,Rosario
2026-09-06,03:10:09,357458000,BULK ITALY,Rosario
2026-09-06,03:10:09,701006396,VB RECOLETA,Rosario
2026-09-06,03:10:09,636093258,EMMA JANNEKE,Rosario
2026-09-06,03:10:09,563234800,IVS DUNES,Rosario
2026-09-06,03:10:09,701001404,GUAZU PUCU,Rosario
2026-09-06,03:10:09,755000020,AGUARA,Rosario
2026-09-06,03:10:09,636023426,TOUBKAL PARK,Rosario
2026-09-06,03:10:09,538006504,DANK SILVER,Rosario
2026-09-06,03:10:09,701006545,HERNANDARIAS,DelGuazu
2026-09-06,03:10:09,564751000,,DelGuazu
2026-09-06,03:10:09,701006545,,Braga
2026-09-06,03:10:09,564751000,,Braga
2026-09-06,03:10:09,755004318,NAUTIC TWIN,BellaVista
2026-09-06,03:10:09,755022000,R/E CAVALIER XI,BellaVista
2026-09-06,03:10:09,755201114,AGUILUCHO,BellaVista
2026-09-06,03:10:09,755003609,DONA ELVIRA,BellaVista
2026-09-06,03:10:09,720985000,HB HYDRA,BellaVista
2026-09-06,03:10:09,720687000,,BellaVista
2026-09-06,03:10:09,755091000,,BellaVista
2026-09-06,03:10:09,755170000,DONA MARGIE,BellaVista
2026-09-06,03:10:09,755126000,LATERE,BellaVista
2026-09-06,03:10:09,755084000,RIO DE LA PLATA,BellaVista
2026-09-06,03:10:09,755045000,BRUTUS H,BellaVista
2026-09-06,03:20:09,311001602,SAGA ANDORINHA,SanLorenzo
2026-09-06,03:20:09,477754600,MAERSK VENEZIA,SanLorenzo
2026-09-06,03:20:09,563054100,MTM BIG APPLE,SanLorenzo
2026-09-06,03:20:09,212977000,,SanLorenzo
2026-09-06,03:20:09,538012594,KAPETANIOS,SanLorenzo
2026-09-06,03:20:09,477932500,ROSCO BANYAN,SanLorenzo
2026-09-06,03:20:09,255915742,BOCHEM CASABLANCA,SanLorenzo
2026-09-06,03:20:09,701503000,GC77 GFO SAN MATIAS,SanLorenzo
2026-09-06,03:20:09,563169800,RUBY,SanLorenzo
2026-09-06,03:20:09,563151400,FRANCESCO,SanLorenzo
2026-09-06,03:20:09,538006458,ODYSSEUS N,SanLorenzo
2026-09-06,03:20:09,538004481,AGIA PARASKEVI,SanLorenzo
2026-09-06,03:20:09,636024698,MC CALYPSO,SanLorenzo
2026-09-06,03:20:09,538010750,TOKYO SPIRIT,SanLorenzo
2026-09-06,03:20:09,311000195,CS SARAFINA,SanLorenzo
2026-09-06,03:20:09,256685000,RODINA,SanLorenzo
2026-09-06,03:20:09,636024043,TG CRAB,SanLorenzo
2026-09-06,03:20:09,636023897,ANNELIESE,SanLorenzo
2026-09-06,03:20:09,257897000,BOW FIRDA,SanLorenzo
2026-09-06,03:20:09,351011000,OCEAN CROWN,SanLorenzo
2026-09-06,03:20:09,255916599,RANA,SanLorenzo
2026-09-06,03:20:09,538090690,LEONARDO,SanLorenzo
2026-09-06,03:20:09,241624000,LEGEND,SanLorenzo
2026-09-06,03:20:09,352004948,OBE UNITY,SanLorenzo
2026-09-06,03:20:09,352006388,NORSE BORNHOLM,SanLorenzo
2026-09-06,03:20:09,352006096,PALEXPO,SanLorenzo
2026-09-06,03:20:09,701006443,MAYU,SanLorenzo
2026-09-06,03:20:09,538009801,HELIOS,SanLorenzo
2026-09-06,03:20:09,355174000,APOGEE SPIRIT,SanLorenzo
2026-09-06,03:20:09,755032000,RUBEN H,SanLorenzo
2026-09-06,03:20:09,538008936,SOUND YOUNG,SanLorenzo
2026-09-06,03:20:09,341694002,H7 HSB5,SanLorenzo
2026-09-06,03:20:09,701006966,TIGRE,SanLorenzo
2026-09-06,03:20:09,538008779,LIVADI,SanLorenzo
2026-09-06,03:20:09,720035000,CANTAGALLO,SanLorenzo
2026-09-06,03:20:09,7010004,,SanLorenzo
2026-09-06,03:20:09,636023426,TOUBKAL PARK,SanLorenzo
2026-09-06,03:20:09,701001324,HALCON,SanLorenzo
2026-09-06,03:20:09,701006245,SAN JOSE V,SanLorenzo
2026-09-06,03:20:09,636093258,EMMA JANNEKE,SanLorenzo
2026-09-06,03:20:09,538008276,PORT IMABARI,SanLorenzo
2026-09-06,03:20:09,755177000,CABALLERO BLANCO.,SanLorenzo
2026-09-06,03:20:09,755991013,PUMA,SanLorenzo
2026-09-06,03:20:09,636023256,INGENUITY,SanLorenzo
2026-09-06,03:20:09,538004184,BLACK PEARL,SanLorenzo
2026-09-06,03:20:09,314952000,DSM HARBOUR,SanLorenzo
2026-09-06,03:20:09,357232000,YOZAN,SanLorenzo
2026-09-06,03:20:09,755002470,DONA CARMEN,SanLorenzo
2026-09-06,03:20:09,701006926,FAVORITO SAN ANTONIO,SanLorenzo
2026-09-06,03:20:09,701001057,VALENTINA H,SanLorenzo
2026-09-06,03:20:09,636015971,STOLT ZULU,SanLorenzo
2026-09-06,03:20:09,357458000,BULK ITALY,SanLorenzo
2026-09-06,03:20:09,755703668,URUTAU,SanLorenzo
2026-09-06,03:20:09,538011430,SOFIA,SanLorenzo
2026-09-06,03:20:09,701006396,VB RECOLETA,SanLorenzo
2026-09-06,03:20:09,563234800,IVS DUNES,SanLorenzo
2026-09-06,03:20:09,755001797,PARAPITI.,SanLorenzo
2026-09-06,03:20:09,701001404,GUAZU PUCU,SanLorenzo
2026-09-06,03:20:09,755134000,LADOCE H,SanLorenzo
2026-09-06,03:20:09,538006504,DANK SILVER,SanLorenzo
2026-09-06,03:20:09,755000020,AGUARA,SanLorenzo
2026-09-06,03:20:09,563054100,MTM BIG APPLE,Rosario
2026-09-06,03:20:09,538006504,DANK SILVER,Rosario
2026-09-06,03:20:09,352001142,GLORY FIRST,Rosario
2026-09-06,03:20:09,538012594,KAPETANIOS,Rosario
2026-09-06,03:20:09,538009801,HELIOS,Rosario
2026-09-06,03:20:09,477932500,ROSCO BANYAN,Rosario
2026-09-06,03:20:09,701503000,GC77 GFO SAN MATIAS,Rosario
2026-09-06,03:20:09,563151400,FRANCESCO,Rosario
2026-09-06,03:20:09,477754600,MAERSK VENEZIA,Rosario
2026-09-06,03:20:09,538006458,ODYSSEUS N,Rosario
2026-09-06,03:20:09,636024698,MC CALYPSO,Rosario
2026-09-06,03:20:09,538010750,TOKYO SPIRIT,Rosario
2026-09-06,03:20:09,311000195,CS SARAFINA,Rosario
2026-09-06,03:20:09,256685000,RODINA,Rosario
2026-09-06,03:20:09,563033900,TORM SUPREME,Rosario
2026-09-06,03:20:09,636024043,TG CRAB,Rosario
2026-09-06,03:20:09,755032000,,Rosario
2026-09-06,03:20:09,636023897,ANNELIESE,Rosario
2026-09-06,03:20:09,701006396,VB RECOLETA,Rosario
2026-09-06,03:20:09,755000020,AGUARA,Rosario
2026-09-06,03:20:09,255916599,RANA,Rosario
2026-09-06,03:20:09,538090690,LEONARDO,Rosario
2026-09-06,03:20:09,755991013,PUMA,Rosario
2026-09-06,03:20:09,352004948,,Rosario
2026-09-06,03:20:09,636024379,STAR WESTPORT,Rosario
2026-09-06,03:20:09,701006679,COOPOR ESTIBADOR I,Rosario
2026-09-06,03:20:09,241624000,LEGEND,Rosario
2026-09-06,03:20:09,755001797,PARAPITI.,Rosario
2026-09-06,03:20:09,352006388,NORSE BORNHOLM,Rosario
2026-09-06,03:20:09,352006096,PALEXPO,Rosario
2026-09-06,03:20:09,701006245,SAN JOSE V,Rosario
2026-09-06,03:20:09,355174000,APOGEE SPIRIT,Rosario
2026-09-06,03:20:09,538008936,SOUND YOUNG,Rosario
2026-09-06,03:20:09,341694002,H7 HSB5,Rosario
2026-09-06,03:20:09,538008779,LIVADI,Rosario
2026-09-06,03:20:09,636023426,TOUBKAL PARK,Rosario
2026-09-06,03:20:09,720035000,CANTAGALLO,Rosario
2026-09-06,03:20:09,7010004,,Rosario
2026-09-06,03:20:09,311001602,SAGA ANDORINHA,Rosario
2026-09-06,03:20:09,636093258,EMMA JANNEKE,Rosario
2026-09-06,03:20:09,538008276,PORT IMABARI,Rosario
2026-09-06,03:20:09,636023256,INGENUITY,Rosario
2026-09-06,03:20:09,538004184,BLACK PEARL,Rosario
2026-09-06,03:20:09,314952000,DSM HARBOUR,Rosario
2026-09-06,03:20:09,357232000,YOZAN,Rosario
2026-09-06,03:20:09,755002470,DONA CARMEN,Rosario
2026-09-06,03:20:09,701006926,FAVORITO SAN ANTONIO,Rosario
2026-09-06,03:20:09,636015971,STOLT ZULU,Rosario
2026-09-06,03:20:09,357458000,BULK ITALY,Rosario
2026-09-06,03:20:09,538011430,SOFIA,Rosario
2026-09-06,03:20:09,563234800,IVS DUNES,Rosario
2026-09-06,03:20:09,701001404,GUAZU PUCU,Rosario
2026-09-06,03:20:09,701006545,HERNANDARIAS,DelGuazu
2026-09-06,03:20:09,564751000,MTM NEW YORK,DelGuazu
2026-09-06,03:20:09,701006545,,Braga
2026-09-06,03:20:09,564751000,,Braga
2026-09-06,03:20:09,701583000,,BellaVista
2026-09-06,03:20:09,755091000,,BellaVista
2026-09-06,03:20:09,755022000,R/E CAVALIER XI,BellaVista
2026-09-06,03:20:09,755004318,NAUTIC TWIN,BellaVista
2026-09-06,03:20:09,755201114,AGUILUCHO,BellaVista
2026-09-06,03:20:09,720687000,,BellaVista
2026-09-06,03:20:09,755045000,BRUTUS H,BellaVista
2026-09-06,03:20:09,755136000,IMPALA LADARIO,BellaVista
2026-09-06,03:20:09,755048000,ITAPUA I,BellaVista
2026-09-06,03:20:09,755126000,LATERE,BellaVista
2026-09-06,03:20:09,755084000,RIO DE LA PLATA,BellaVista
2026-09-06,03:20:09,720985000,HB HYDRA,BellaVista
2026-09-06,03:30:11,255915742,BOCHEM CASABLANCA,SanLorenzo
2026-09-06,03:30:11,701503000,GC77 GFO SAN MATIAS,SanLorenzo
2026-09-06,03:30:11,538006458,ODYSSEUS N,SanLorenzo
2026-09-06,03:30:11,563151400,FRANCESCO,SanLorenzo
2026-09-06,03:30:11,563169800,RUBY,SanLorenzo
2026-09-06,03:30:11,477754600,MAERSK VENEZIA,SanLorenzo
2026-09-06,03:30:11,538010750,TOKYO SPIRIT,SanLorenzo
2026-09-06,03:30:11,311000195,CS SARAFINA,SanLorenzo
2026-09-06,03:30:11,636024698,MC CALYPSO,SanLorenzo
2026-09-06,03:30:11,256685000,RODINA,SanLorenzo
2026-09-06,03:30:11,636024043,TG CRAB,SanLorenzo
2026-09-06,03:30:11,701006966,TIGRE,SanLorenzo
2026-09-06,03:30:11,563054100,,SanLorenzo
2026-09-06,03:30:11,636023897,ANNELIESE,SanLorenzo
2026-09-06,03:30:11,351011000,OCEAN CROWN,SanLorenzo
2026-09-06,03:30:11,257897000,BOW FIRDA,SanLorenzo
2026-09-06,03:30:11,7010004,,SanLorenzo
2026-09-06,03:30:11,538090690,LEONARDO,SanLorenzo
2026-09-06,03:30:11,255916599,RANA,SanLorenzo
2026-09-06,03:30:11,241624000,LEGEND,SanLorenzo
2026-09-06,03:30:11,352004948,OBE UNITY,SanLorenzo
2026-09-06,03:30:11,352006388,NORSE BORNHOLM,SanLorenzo
2026-09-06,03:30:11,352006096,PALEXPO,SanLorenzo
2026-09-06,03:30:11,538012594,KAPETANIOS,SanLorenzo
2026-09-06,03:30:11,538004184,BLACK PEARL,SanLorenzo
2026-09-06,03:30:11,563163900,ANNA SCHULTE,SanLorenzo
2026-09-06,03:30:11,355174000,APOGEE SPIRIT,SanLorenzo
2026-09-06,03:30:11,538009801,HELIOS,SanLorenzo
2026-09-06,03:30:11,538008936,SOUND YOUNG,SanLorenzo
2026-09-06,03:30:11,341694002,H7 HSB5,SanLorenzo
2026-09-06,03:30:11,755703668,URUTAU,SanLorenzo
2026-09-06,03:30:11,701006443,MAYU,SanLorenzo
2026-09-06,03:30:11,538008779,LIVADI,SanLorenzo
2026-09-06,03:30:11,636023426,TOUBKAL PARK,SanLorenzo
2026-09-06,03:30:11,636093258,EMMA JANNEKE,SanLorenzo
2026-09-06,03:30:11,720035000,CANTAGALLO,SanLorenzo
2026-09-06,03:30:11,538008276,PORT IMABARI,SanLorenzo
2026-09-06,03:30:11,755991013,PUMA,SanLorenzo
2026-09-06,03:30:11,701006245,SAN JOSE V,SanLorenzo
2026-09-06,03:30:11,755177000,CABALLERO BLANCO.,SanLorenzo
2026-09-06,03:30:11,701001324,HALCON,SanLorenzo
2026-09-06,03:30:11,314952000,DSM HARBOUR,SanLorenzo
2026-09-06,03:30:11,755032000,RUBEN H,SanLorenzo
2026-09-06,03:30:11,538010532,DEANA,SanLorenzo
2026-09-06,03:30:11,755002470,DONA CARMEN,SanLorenzo
2026-09-06,03:30:11,636023256,INGENUITY,SanLorenzo
2026-09-06,03:30:11,701006926,FAVORITO SAN ANTONIO,SanLorenzo
2026-09-06,03:30:11,701006396,VB RECOLETA,SanLorenzo
2026-09-06,03:30:11,636015971,STOLT ZULU,SanLorenzo
2026-09-06,03:30:11,701001057,VALENTINA H,SanLorenzo
2026-09-06,03:30:11,755001797,PARAPITI.,SanLorenzo
2026-09-06,03:30:11,563234800,IVS DUNES,SanLorenzo
2026-09-06,03:30:11,538004481,AGIA PARASKEVI,SanLorenzo
2026-09-06,03:30:11,357458000,BULK ITALY,SanLorenzo
2026-09-06,03:30:11,755000020,AGUARA,SanLorenzo
2026-09-06,03:30:11,755134000,LADOCE H,SanLorenzo
2026-09-06,03:30:11,701001404,GUAZU PUCU,SanLorenzo
2026-09-06,03:30:11,538006504,DANK SILVER,SanLorenzo
2026-09-06,03:30:11,477932500,ROSCO BANYAN,SanLorenzo
2026-09-06,03:30:11,563054100,MTM BIG APPLE,Rosario
2026-09-06,03:30:11,755177000,,Rosario
2026-09-06,03:30:11,636024379,STAR WESTPORT,Rosario
2026-09-06,03:30:11,701503000,GC77 GFO SAN MATIAS,Rosario
2026-09-06,03:30:11,563151400,FRANCESCO,Rosario
2026-09-06,03:30:11,538006458,ODYSSEUS N,Rosario
2026-09-06,03:30:11,477754600,MAERSK VENEZIA,Rosario
2026-09-06,03:30:11,636024698,MC CALYPSO,Rosario
2026-09-06,03:30:11,538010750,TOKYO SPIRIT,Rosario
2026-09-06,03:30:11,311000195,CS SARAFINA,Rosario
2026-09-06,03:30:11,256685000,RODINA,Rosario
2026-09-06,03:30:11,352001142,GLORY FIRST,Rosario
2026-09-06,03:30:11,636024043,TG CRAB,Rosario
2026-09-06,03:30:11,636023897,ANNELIESE,Rosario
2026-09-06,03:30:11,701001324,,Rosario
2026-09-06,03:30:11,7010004,,Rosario
2026-09-06,03:30:11,538090690,LEONARDO,Rosario
2026-09-06,03:30:11,255916599,RANA,Rosario
2026-09-06,03:30:11,241624000,LEGEND,Rosario
2026-09-06,03:30:11,352006388,NORSE BORNHOLM,Rosario
2026-09-06,03:30:11,352006096,PALEXPO,Rosario
2026-09-06,03:30:11,755032000,,Rosario
2026-09-06,03:30:11,538012594,KAPETANIOS,Rosario
2026-09-06,03:30:11,563163900,ANNA SCHULTE,Rosario
2026-09-06,03:30:11,355174000,APOGEE SPIRIT,Rosario
2026-09-06,03:30:11,538009801,,Rosario
2026-09-06,03:30:11,341694002,H7 HSB5,Rosario
2026-09-06,03:30:11,538008936,SOUND YOUNG,Rosario
2026-09-06,03:30:11,755001797,PARAPITI.,Rosario
2026-09-06,03:30:11,538008779,LIVADI,Rosario
2026-09-06,03:30:11,755000020,AGUARA,Rosario
2026-09-06,03:30:11,636023426,TOUBKAL PARK,Rosario
2026-09-06,03:30:11,636093258,EMMA JANNEKE,Rosario
2026-09-06,03:30:11,720035000,CANTAGALLO,Rosario
2026-09-06,03:30:11,701006245,SAN JOSE V,Rosario
2026-09-06,03:30:11,311001602,SAGA ANDORINHA,Rosario
2026-09-06,03:30:11,538008276,PORT IMABARI,Rosario
2026-09-06,03:30:11,755991013,PUMA,Rosario
2026-09-06,03:30:11,538004184,BLACK PEARL,Rosario
2026-09-06,03:30:11,636015971,STOLT ZULU,Rosario
2026-09-06,03:30:11,314952000,DSM HARBOUR,Rosario
2026-09-06,03:30:11,538010532,DEANA,Rosario
2026-09-06,03:30:11,755002470,DONA CARMEN,Rosario
2026-09-06,03:30:11,636023256,INGENUITY,Rosario
2026-09-06,03:30:11,701006926,FAVORITO SAN ANTONIO,Rosario
2026-09-06,03:30:11,701006679,COOPOR ESTIBADOR I,Rosario
2026-09-06,03:30:11,701006396,VB RECOLETA,Rosario
2026-09-06,03:30:11,563234800,IVS DUNES,Rosario
2026-09-06,03:30:11,357458000,BULK ITALY,Rosario
2026-09-06,03:30:11,701001404,GUAZU PUCU,Rosario
2026-09-06,03:30:11,477932500,ROSCO BANYAN,Rosario
2026-09-06,03:30:11,701006545,HERNANDARIAS,DelGuazu
2026-09-06,03:30:11,564751000,MTM NEW YORK,DelGuazu
2026-09-06,03:30:11,701006545,,Braga
2026-09-06,03:30:11,564751000,,Braga
2026-09-06,03:30:11,701583000,GC70 RI0 DE LA PLATA,BellaVista
2026-09-06,03:30:11,755136000,IMPALA LADARIO,BellaVista
2026-09-06,03:30:11,755170000,DONA MARGIE,BellaVista
2026-09-06,03:30:11,755048000,ITAPUA I,BellaVista
2026-09-06,03:30:11,755022000,R/E CAVALIER XI,BellaVista
2026-09-06,03:30:11,755126000,LATERE,BellaVista
2026-09-06,03:30:11,755004318,NAUTIC TWIN,BellaVista
2026-09-06,03:30:11,755084000,RIO DE LA PLATA,BellaVista
2026-09-06,03:30:11,755164000,BELEN B,BellaVista
2026-09-06,03:30:11,755201114,AGUILUCHO,BellaVista
2026-09-06,03:30:11,720985000,HB HYDRA,BellaVista
2026-09-06,03:40:09,636025133,,SanLorenzo
2026-09-06,03:40:09,255915742,BOCHEM CASABLANCA,SanLorenzo
2026-09-06,03:40:09,257897000,BOW FIRDA,SanLorenzo
2026-09-06,03:40:09,636024379,,SanLorenzo
2026-09-06,03:40:09,477932500,ROSCO BANYAN,SanLorenzo
2026-09-06,03:40:09,701503000,GC77 GFO SAN MATIAS,SanLorenzo
2026-09-06,03:40:09,563169800,RUBY,SanLorenzo
2026-09-06,03:40:09,563151400,FRANCESCO,SanLorenzo
2026-09-06,03:40:09,477754600,MAERSK VENEZIA,SanLorenzo
2026-09-06,03:40:09,538006458,ODYSSEUS N,SanLorenzo
2026-09-06,03:40:09,538010750,TOKYO SPIRIT,SanLorenzo
2026-09-06,03:40:09,636024698,MC CALYPSO,SanLorenzo
2026-09-06,03:40:09,311000195,CS SARAFINA,SanLorenzo
2026-09-06,03:40:09,256685000,RODINA,SanLorenzo
2026-09-06,03:40:09,636024043,TG CRAB,SanLorenzo
2026-09-06,03:40:09,636023897,ANNELIESE,SanLorenzo
2026-09-06,03:40:09,563054100,MTM BIG APPLE,SanLorenzo
2026-09-06,03:40:09,351011000,OCEAN CROWN,SanLorenzo
2026-09-06,03:40:09,538090690,LEONARDO,SanLorenzo
2026-09-06,03:40:09,241624000,LEGEND,SanLorenzo
2026-09-06,03:40:09,255916599,RANA,SanLorenzo
2026-09-06,03:40:09,352004948,OBE UNITY,SanLorenzo
2026-09-06,03:40:09,352006388,NORSE BORNHOLM,SanLorenzo
2026-09-06,03:40:09,352006096,PALEXPO,SanLorenzo
2026-09-06,03:40:09,538012594,KAPETANIOS,SanLorenzo
2026-09-06,03:40:09,538009801,HELIOS,SanLorenzo
2026-09-06,03:40:09,7010004,,SanLorenzo
2026-09-06,03:40:09,563163900,ANNA SCHULTE,SanLorenzo
2026-09-06,03:40:09,355174000,APOGEE SPIRIT,SanLorenzo
2026-09-06,03:40:09,538008936,SOUND YOUNG,SanLorenzo
2026-09-06,03:40:09,341694002,H7 HSB5,SanLorenzo
2026-09-06,03:40:09,538004481,AGIA PARASKEVI,SanLorenzo
2026-09-06,03:40:09,538008779,LIVADI,SanLorenzo
2026-09-06,03:40:09,701006966,TIGRE,SanLorenzo
2026-09-06,03:40:09,701006443,MAYU,SanLorenzo
2026-09-06,03:40:09,538006504,DANK SILVER,SanLorenzo
2026-09-06,03:40:09,636015971,STOLT ZULU,SanLorenzo
2026-09-06,03:40:09,636093258,EMMA JANNEKE,SanLorenzo
2026-09-06,03:40:09,311001602,,SanLorenzo
2026-09-06,03:40:09,720035000,CANTAGALLO,SanLorenzo
2026-09-06,03:40:09,701006245,SAN JOSE V,SanLorenzo
2026-09-06,03:40:09,755177000,CABALLERO BLANCO.,SanLorenzo
2026-09-06,03:40:09,755991013,PUMA,SanLorenzo
2026-09-06,03:40:09,538004184,BLACK PEARL,SanLorenzo
2026-09-06,03:40:09,357232000,YOZAN,SanLorenzo
2026-09-06,03:40:09,636023256,INGENUITY,SanLorenzo
2026-09-06,03:40:09,314952000,DSM HARBOUR,SanLorenzo
2026-09-06,03:40:09,755032000,RUBEN H,SanLorenzo
2026-09-06,03:40:09,755002470,DONA CARMEN,SanLorenzo
2026-09-06,03:40:09,538008276,PORT IMABARI,SanLorenzo
2026-09-06,03:40:09,701006926,FAVORITO SAN ANTONIO,SanLorenzo
2026-09-06,03:40:09,701001307,MAX DREAM,SanLorenzo
2026-09-06,03:40:09,701001057,VALENTINA H,SanLorenzo
2026-09-06,03:40:09,357458000,BULK ITALY,SanLorenzo
2026-09-06,03:40:09,538010532,DEANA,SanLorenzo
2026-09-06,03:40:09,755703668,URUTAU,SanLorenzo
2026-09-06,03:40:09,701006396,VB RECOLETA,SanLorenzo
2026-09-06,03:40:09,563234800,IVS DUNES,SanLorenzo
2026-09-06,03:40:09,755001797,PARAPITI.,SanLorenzo
2026-09-06,03:40:09,755134000,LADOCE H,SanLorenzo
2026-09-06,03:40:09,701001404,GUAZU PUCU,SanLorenzo
2026-09-06,03:40:09,755000020,AGUARA,SanLorenzo
2026-09-06,03:40:09,212977000,,Rosario
2026-09-06,03:40:09,701006466,,Rosario
2026-09-06,03:40:09,256685000,RODINA,Rosario
2026-09-06,03:40:09,563033900,,Rosario
2026-09-06,03:40:09,477932500,ROSCO BANYAN,Rosario
2026-09-06,03:40:09,701503000,GC77 GFO SAN MATIAS,Rosario
2026-09-06,03:40:09,563151400,FRANCESCO,Rosario
2026-09-06,03:40:09,477754600,MAERSK VENEZIA,Rosario
2026-09-06,03:40:09,538006458,ODYSSEUS N,Rosario
2026-09-06,03:40:09,755177000,,Rosario
2026-09-06,03:40:09,538010750,TOKYO SPIRIT,Rosario
2026-09-06,03:40:09,636024698,MC CALYPSO,Rosario
2026-09-06,03:40:09,311000195,CS SARAFINA,Rosario
2026-09-06,03:40:09,352001142,GLORY FIRST,Rosario
2026-09-06,03:40:09,636024043,TG CRAB,Rosario
2026-09-06,03:40:09,755032000,RUBEN H,Rosario
2026-09-06,03:40:09,636024379,,Rosario
2026-09-06,03:40:09,636023897,ANNELIESE,Rosario
2026-09-06,03:40:09,563054100,,Rosario
2026-09-06,03:40:09,538090690,LEONARDO,Rosario
2026-09-06,03:40:09,255916599,RANA,Rosario
2026-09-06,03:40:09,241624000,LEGEND,Rosario
2026-09-06,03:40:09,352006388,NORSE BORNHOLM,Rosario
2026-09-06,03:40:09,563319600,CUTLASS GALAXY,Rosario
2026-09-06,03:40:09,352006096,PALEXPO,Rosario
2026-09-06,03:40:09,636025133,,Rosario
2026-09-06,03:40:09,538012594,KAPETANIOS,Rosario
2026-09-06,03:40:09,755991013,PUMA,Rosario
2026-09-06,03:40:09,538009801,HELIOS,Rosario
2026-09-06,03:40:09,7010004,,Rosario
2026-09-06,03:40:09,563163900,ANNA SCHULTE,Rosario
2026-09-06,03:40:09,355174000,APOGEE SPIRIT,Rosario
2026-09-06,03:40:09,701006396,VB RECOLETA,Rosario
2026-09-06,03:40:09,538008936,SOUND YOUNG,Rosario
2026-09-06,03:40:09,341694002,H7 HSB5,Rosario
2026-09-06,03:40:09,755001797,PARAPITI.,Rosario
2026-09-06,03:40:09,538008779,LIVADI,Rosario
2026-09-06,03:40:09,636015971,STOLT ZULU,Rosario
2026-09-06,03:40:09,636093258,EMMA JANNEKE,Rosario
2026-09-06,03:40:09,701006245,SAN JOSE V,Rosario
2026-09-06,03:40:09,311001602,SAGA ANDORINHA,Rosario
2026-09-06,03:40:09,720035000,CANTAGALLO,Rosario
2026-09-06,03:40:09,538004184,BLACK PEARL,Rosario
2026-09-06,03:40:09,357232000,YOZAN,Rosario
2026-09-06,03:40:09,636023256,INGENUITY,Rosario
2026-09-06,03:40:09,314952000,DSM HARBOUR,Rosario
2026-09-06,03:40:09,755002470,DONA CARMEN,Rosario
2026-09-06,03:40:09,701006926,FAVORITO SAN ANTONIO,Rosario
2026-09-06,03:40:09,701006679,COOPOR ESTIBADOR I,Rosario
2026-09-06,03:40:09,701001307,MAX DREAM,Rosario
2026-09-06,03:40:09,357458000,BULK ITALY,Rosario
2026-09-06,03:40:09,538010532,DEANA,Rosario
2026-09-06,03:40:09,563234800,IVS DUNES,Rosario
2026-09-06,03:40:09,538008276,PORT IMABARI,Rosario
2026-09-06,03:40:09,701001404,GUAZU PUCU,Rosario
2026-09-06,03:40:09,755000020,AGUARA,Rosario
2026-09-06,03:40:09,701006545,HERNANDARIAS,DelGuazu
2026-09-06,03:40:09,564751000,MTM NEW YORK,DelGuazu
2026-09-06,03:40:09,564751000,,Braga
2026-09-06,03:40:09,701006545,,Braga
2026-09-06,03:40:09,701583000,GC70 RI0 DE LA PLATA,BellaVista
2026-09-06,03:40:09,720687000,,BellaVista
2026-09-06,03:40:09,720985000,HB HYDRA,BellaVista
2026-09-06,03:40:09,755004318,NAUTIC TWIN,BellaVista
2026-09-06,03:40:09,755170000,DONA MARGIE,BellaVista
2026-09-06,03:40:09,755022000,R/E CAVALIER XI,BellaVista
2026-09-06,03:40:09,755084000,RIO DE LA PLATA,BellaVista
2026-09-06,03:40:09,755201114,AGUILUCHO,BellaVista
2026-09-06,03:40:09,755164000,BELEN B,BellaVista
2026-09-06,03:40:09,755136000,IMPALA LADARIO,BellaVista
2026-09-06,03:50:09,563054100,MTM BIG APPLE,SanLorenzo
2026-09-06,03:50:09,563319600,,SanLorenzo
2026-09-06,03:50:09,701006966,TIGRE,SanLorenzo
2026-09-06,03:50:09,311001602,SAGA ANDORINHA,SanLorenzo
2026-09-06,03:50:09,477932500,ROSCO BANYAN,SanLorenzo
2026-09-06,03:50:09,255915742,BOCHEM CASABLANCA,SanLorenzo
2026-09-06,03:50:09,701503000,GC77 GFO SAN MATIAS,SanLorenzo
2026-09-06,03:50:09,563169800,RUBY,SanLorenzo
2026-09-06,03:50:09,563151400,FRANCESCO,SanLorenzo
2026-09-06,03:50:09,477754600,MAERSK VENEZIA,SanLorenzo
2026-09-06,03:50:09,538006458,ODYSSEUS N,SanLorenzo
2026-09-06,03:50:09,636024698,MC CALYPSO,SanLorenzo
2026-09-06,03:50:09,538010750,TOKYO SPIRIT,SanLorenzo
2026-09-06,03:50:09,256685000,RODINA,SanLorenzo
2026-09-06,03:50:09,636024379,,SanLorenzo
2026-09-06,03:50:09,636024043,TG CRAB,SanLorenzo
2026-09-06,03:50:09,636023897,ANNELIESE,SanLorenzo
2026-09-06,03:50:09,351011000,OCEAN CROWN,SanLorenzo
2026-09-06,03:50:09,701006721,PRIM FLORES,SanLorenzo
2026-09-06,03:50:09,257897000,BOW FIRDA,SanLorenzo
2026-09-06,03:50:09,538090690,LEONARDO,SanLorenzo
2026-09-06,03:50:09,255916599,RANA,SanLorenzo
2026-09-06,03:50:09,241624000,LEGEND,SanLorenzo
2026-09-06,03:50:09,352004948,OBE UNITY,SanLorenzo
2026-09-06,03:50:09,538004184,BLACK PEARL,SanLorenzo
2026-09-06,03:50:09,352006388,NORSE BORNHOLM,SanLorenzo
2026-09-06,03:50:09,352006096,PALEXPO,SanLorenzo
2026-09-06,03:50:09,538012594,KAPETANIOS,SanLorenzo
2026-09-06,03:50:09,701006443,MAYU,SanLorenzo
2026-09-06,03:50:09,314952000,DSM HARBOUR,SanLorenzo
2026-09-06,03:50:09,538010532,DEANA,SanLorenzo
2026-09-06,03:50:09,7010004,,SanLorenzo
2026-09-06,03:50:09,563163900,ANNA SCHULTE,SanLorenzo
2026-09-06,03:50:09,355174000,APOGEE SPIRIT,SanLorenzo
2026-09-06,03:50:09,538009801,HELIOS,SanLorenzo
2026-09-06,03:50:09,755032000,RUBEN H,SanLorenzo
2026-09-06,03:50:09,538008936,SOUND YOUNG,SanLorenzo
2026-09-06,03:50:09,341694002,H7 HSB5,SanLorenzo
2026-09-06,03:50:09,538008779,LIVADI,SanLorenzo
2026-09-06,03:50:09,538006504,DANK SILVER,SanLorenzo
2026-09-06,03:50:09,636093258,EMMA JANNEKE,SanLorenzo
2026-09-06,03:50:09,701006245,SAN JOSE V,SanLorenzo
2026-09-06,03:50:09,755991013,PUMA,SanLorenzo
2026-09-06,03:50:09,755177000,CABALLERO BLANCO.,SanLorenzo
2026-09-06,03:50:09,357232000,YOZAN,SanLorenzo
2026-09-06,03:50:09,636015971,STOLT ZULU,SanLorenzo
2026-09-06,03:50:09,755002470,DONA CARMEN,SanLorenzo
2026-09-06,03:50:09,636023256,INGENUITY,SanLorenzo
2026-09-06,03:50:09,701006926,FAVORITO SAN ANTONIO,SanLorenzo
2026-09-06,03:50:09,701001307,MAX DREAM,SanLorenzo
2026-09-06,03:50:09,311000195,CS SARAFINA,SanLorenzo
2026-09-06,03:50:09,538004481,AGIA PARASKEVI,SanLorenzo
2026-09-06,03:50:09,701006396,VB RECOLETA,SanLorenzo
2026-09-06,03:50:09,755703668,URUTAU,SanLorenzo
2026-09-06,03:50:09,755001797,PARAPITI.,SanLorenzo
2026-09-06,03:50:09,357458000,BULK ITALY,SanLorenzo
2026-09-06,03:50:09,563234800,IVS DUNES,SanLorenzo
2026-09-06,03:50:09,701001404,GUAZU PUCU,SanLorenzo
2026-09-06,03:50:09,755000020,AGUARA,SanLorenzo
2026-09-06,03:50:09,755134000,LADOCE H,SanLorenzo
2026-09-06,03:50:09,720035000,CANTAGALLO,SanLorenzo
2026-09-06,03:50:09,701006670,,Rosario
2026-09-06,03:50:09,352006388,NORSE BORNHOLM,Rosario
2026-09-06,03:50:09,538009801,HELIOS,Rosario
2026-09-06,03:50:09,477932500,ROSCO BANYAN,Rosario
2026-09-06,03:50:09,701503000,GC77 GFO SAN MATIAS,Rosario
2026-09-06,03:50:09,563151400,FRANCESCO,Rosario
2026-09-06,03:50:09,477754600,MAERSK VENEZIA,Rosario
2026-09-06,03:50:09,538006458,ODYSSEUS N,Rosario
2026-09-06,03:50:09,636024698,MC CALYPSO,Rosario
2026-09-06,03:50:09,538010750,TOKYO SPIRIT,Rosario
2026-09-06,03:50:09,256685000,RODINA,Rosario
2026-09-06,03:50:09,755032000,RUBEN H,Rosario
2026-09-06,03:50:09,352001142,GLORY FIRST,Rosario
2026-09-06,03:50:09,636024043,TG CRAB,Rosario
2026-09-06,03:50:09,701006466,,Rosario
2026-09-06,03:50:09,563054100,MTM BIG APPLE,Rosario
2026-09-06,03:50:09,636023897,ANNELIESE,Rosario
2026-09-06,03:50:09,538090690,LEONARDO,Rosario
2026-09-06,03:50:09,255916599,RANA,Rosario
2026-09-06,03:50:09,636025133,,Rosario
2026-09-06,03:50:09,352004948,,Rosario
2026-09-06,03:50:09,241624000,LEGEND,Rosario
2026-09-06,03:50:09,563319600,CUTLASS GALAXY,Rosario
2026-09-06,03:50:09,352006096,PALEXPO,Rosario
2026-09-06,03:50:09,538012594,KAPETANIOS,Rosario
2026-09-06,03:50:09,538004184,BLACK PEARL,Rosario
2026-09-06,03:50:09,563163900,ANNA SCHULTE,Rosario
2026-09-06,03:50:09,7010004,,Rosario
2026-09-06,03:50:09,355174000,APOGEE SPIRIT,Rosario
2026-09-06,03:50:09,701006396,VB RECOLETA,Rosario
2026-09-06,03:50:09,755000020,AGUARA,Rosario
2026-09-06,03:50:09,538008936,SOUND YOUNG,Rosario
2026-09-06,03:50:09,341694002,H7 HSB5,Rosario
2026-09-06,03:50:09,755001797,PARAPITI.,Rosario
2026-09-06,03:50:09,538008779,LIVADI,Rosario
2026-09-06,03:50:09,701006245,SAN JOSE V,Rosario
2026-09-06,03:50:09,636093258,EMMA JANNEKE,Rosario
2026-09-06,03:50:09,311001602,SAGA ANDORINHA,Rosario
2026-09-06,03:50:09,755991013,PUMA,Rosario
2026-09-06,03:50:09,311000195,CS SARAFINA,Rosario
2026-09-06,03:50:09,357232000,YOZAN,Rosario
2026-09-06,03:50:09,314952000,DSM HARBOUR,Rosario
2026-09-06,03:50:09,636015971,STOLT ZULU,Rosario
2026-09-06,03:50:09,755002470,DONA CARMEN,Rosario
2026-09-06,03:50:09,636023256,INGENUITY,Rosario
2026-09-06,03:50:09,538010532,DEANA,Rosario
2026-09-06,03:50:09,701006926,FAVORITO SAN ANTONIO,Rosario
2026-09-06,03:50:09,701001307,MAX DREAM,Rosario
2026-09-06,03:50:09,636024379,STAR WESTPORT,Rosario
2026-09-06,03:50:09,357458000,BULK ITALY,Rosario
2026-09-06,03:50:09,563234800,IVS DUNES,Rosario
2026-09-06,03:50:09,701001404,GUAZU PUCU,Rosario
2026-09-06,03:50:09,720035000,CANTAGALLO,Rosario
2026-09-06,03:50:09,701006545,HERNANDARIAS,DelGuazu
2026-09-06,03:50:09,564751000,MTM NEW YORK,DelGuazu
2026-09-06,03:50:09,755049000,P&O MBURUCUYA,DelGuazu
2026-09-06,03:50:09,701006545,,Braga
2026-09-06,03:50:09,755049000,,Braga
2026-09-06,03:50:09,564751000,,Braga
2026-09-06,03:50:09,701583000,GC70 RI0 DE LA PLATA,BellaVista
2026-09-06,03:50:09,755091000,,BellaVista
2026-09-06,03:50:09,720687000,,BellaVista
2026-09-06,03:50:09,755022000,R/E CAVALIER XI,BellaVista
2026-09-06,03:50:09,755201114,AGUILUCHO,BellaVista
2026-09-06,03:50:09,755004318,NAUTIC TWIN,BellaVista
2026-09-06,03:50:09,720985000,HB HYDRA,BellaVista
2026-09-06,03:50:09,755048000,ITAPUA I,BellaVista
2026-09-06,03:50:09,755170000,DONA MARGIE,BellaVista
2026-09-06,03:50:09,755126000,LATERE,BellaVista
2026-09-06,03:50:09,755084000,RIO DE LA PLATA,BellaVista
2026-09-06,03:50:09,755164000,BELEN B,BellaVista
2026-09-06,03:50:09,755136000,IMPALA LADARIO,BellaVista
2026-09-06,03:50:09,755045000,BRUTUS H,BellaVista
2026-09-06,04:00:15,563319600,,SanLorenzo
2026-09-06,04:00:15,255915742,BOCHEM CASABLANCA,SanLorenzo
2026-09-06,04:00:15,636025133,,SanLorenzo
2026-09-06,04:00:15,314952000,DSM HARBOUR,SanLorenzo
2026-09-06,04:00:15,257897000,BOW FIRDA,SanLorenzo
2026-09-06,04:00:15,477932500,ROSCO BANYAN,SanLorenzo
2026-09-06,04:00:15,701503000,GC77 GFO SAN MATIAS,SanLorenzo
2026-09-06,04:00:15,563169800,RUBY,SanLorenzo
2026-09-06,04:00:15,563151400,FRANCESCO,SanLorenzo
2026-09-06,04:00:15,477754600,MAERSK VENEZIA,SanLorenzo
2026-09-06,04:00:15,538006458,ODYSSEUS N,SanLorenzo
2026-09-06,04:00:15,538010750,TOKYO SPIRIT,SanLorenzo
2026-09-06,04:00:15,636024698,MC CALYPSO,SanLorenzo
2026-09-06,04:00:15,256685000,RODINA,SanLorenzo
2026-09-06,04:00:15,636024043,TG CRAB,SanLorenzo
2026-09-06,04:00:15,636023897,ANNELIESE,SanLorenzo
2026-09-06,04:00:15,563054100,MTM BIG APPLE,SanLorenzo
2026-09-06,04:00:15,351011000,OCEAN CROWN,SanLorenzo
2026-09-06,04:00:15,701006966,TIGRE,SanLorenzo
2026-09-06,04:00:15,538090690,LEONARDO,SanLorenzo
2026-09-06,04:00:15,255916599,RANA,SanLorenzo
2026-09-06,04:00:15,755032000,RUBEN H,SanLorenzo
2026-09-06,04:00:15,241624000,LEGEND,SanLorenzo
2026-09-06,04:00:15,352004948,OBE UNITY,SanLorenzo
2026-09-06,04:00:15,352006388,NORSE BORNHOLM,SanLorenzo
2026-09-06,04:00:15,352006096,PALEXPO,SanLorenzo
2026-09-06,04:00:15,538012594,KAPETANIOS,SanLorenzo
2026-09-06,04:00:15,538009801,HELIOS,SanLorenzo
2026-09-06,04:00:15,7010004,,SanLorenzo
2026-09-06,04:00:15,563163900,ANNA SCHULTE,SanLorenzo
2026-09-06,04:00:15,355174000,APOGEE SPIRIT,SanLorenzo
2026-09-06,04:00:15,538008936,SOUND YOUNG,SanLorenzo
2026-09-06,04:00:15,341694002,H7 HSB5,SanLorenzo
2026-09-06,04:00:15,538008779,LIVADI,SanLorenzo
2026-09-06,04:00:15,701006443,MAYU,SanLorenzo
2026-09-06,04:00:15,538006504,DANK SILVER,SanLorenzo
2026-09-06,04:00:15,720035000,CANTAGALLO,SanLorenzo
2026-09-06,04:00:15,636093258,EMMA JANNEKE,SanLorenzo
2026-09-06,04:00:15,755177000,CABALLERO BLANCO.,SanLorenzo
2026-09-06,04:00:15,755991013,PUMA,SanLorenzo
2026-09-06,04:00:15,701006245,SAN JOSE V,SanLorenzo
2026-09-06,04:00:15,311000195,CS SARAFINA,SanLorenzo
2026-09-06,04:00:15,357232000,YOZAN,SanLorenzo
2026-09-06,04:00:15,538010532,DEANA,SanLorenzo
2026-09-06,04:00:15,538004184,BLACK PEARL,SanLorenzo
2026-09-06,04:00:15,636023256,INGENUITY,SanLorenzo
2026-09-06,04:00:15,755002470,DONA CARMEN,SanLorenzo
2026-09-06,04:00:15,636015971,STOLT ZULU,SanLorenzo
2026-09-06,04:00:15,636024379,,SanLorenzo
2026-09-06,04:00:15,701006926,FAVORITO SAN ANTONIO,SanLorenzo
2026-09-06,04:00:15,701001307,MAX DREAM,SanLorenzo
2026-09-06,04:00:15,701001057,VALENTINA H,SanLorenzo
2026-09-06,04:00:15,755001797,PARAPITI.,SanLorenzo
2026-09-06,04:00:15,755703668,URUTAU,SanLorenzo
2026-09-06,04:00:15,563234800,IVS DUNES,SanLorenzo
2026-09-06,04:00:15,357458000,BULK ITALY,SanLorenzo
2026-09-06,04:00:15,538004481,AGIA PARASKEVI,SanLorenzo
2026-09-06,04:00:15,701006396,VB RECOLETA,SanLorenzo
2026-09-06,04:00:15,538008276,PORT IMABARI,SanLorenzo
2026-09-06,04:00:15,701001404,GUAZU PUCU,SanLorenzo
2026-09-06,04:00:15,755000020,AGUARA,SanLorenzo
2026-09-06,04:00:15,755134000,LADOCE H,SanLorenzo
2026-09-06,04:00:15,636025133,,Rosario
2026-09-06,04:00:15,701006466,,Rosario
2026-09-06,04:00:15,563054100,MTM BIG APPLE,Rosario
2026-09-06,04:00:15,477932500,ROSCO BANYAN,Rosario
2026-09-06,04:00:15,701503000,GC77 GFO SAN MATIAS,Rosario
2026-09-06,04:00:15,563151400,FRANCESCO,Rosario
2026-09-06,04:00:15,477754600,MAERSK VENEZIA,Rosario
2026-09-06,04:00:15,538006458,ODYSSEUS N,Rosario
2026-09-06,04:00:15,538010750,TOKYO SPIRIT,Rosario
2026-09-06,04:00:15,636024698,MC CALYPSO,Rosario
2026-09-06,04:00:15,256685000,RODINA,Rosario
2026-09-06,04:00:15,352001142,GLORY FIRST,Rosario
2026-09-06,04:00:15,636024043,TG CRAB,Rosario
2026-09-06,04:00:15,755703668,,Rosario
2026-09-06,04:00:15,636023897,ANNELIESE,Rosario
2026-09-06,04:00:15,538090690,LEONARDO,Rosario
2026-09-06,04:00:15,255916599,RANA,Rosario
2026-09-06,04:00:15,241624000,LEGEND,Rosario
2026-09-06,04:00:15,352006388,NORSE BORNHOLM,Rosario
2026-09-06,04:00:15,352006096,PALEXPO,Rosario
2026-09-06,04:00:15,563319600,CUTLASS GALAXY,Rosario
2026-09-06,04:00:15,538012594,KAPETANIOS,Rosario
2026-09-06,04:00:15,755000020,AGUARA,Rosario
2026-09-06,04:00:15,538009801,HELIOS,Rosario
2026-09-06,04:00:15,563163900,ANNA SCHULTE,Rosario
2026-09-06,04:00:15,7010004,,Rosario
2026-09-06,04:00:15,355174000,APOGEE SPIRIT,Rosario
2026-09-06,04:00:15,755001797,PARAPITI.,Rosario
2026-09-06,04:00:15,538008936,SOUND YOUNG,Rosario
2026-09-06,04:00:15,341694002,H7 HSB5,Rosario
2026-09-06,04:00:15,538008779,LIVADI,Rosario
2026-09-06,04:00:15,720035000,CANTAGALLO,Rosario
2026-09-06,04:00:15,636093258,EMMA JANNEKE,Rosario
2026-09-06,04:00:15,311001602,SAGA ANDORINHA,Rosario
2026-09-06,04:00:15,755991013,PUMA,Rosario
2026-09-06,04:00:15,701006245,SAN JOSE V,Rosario
2026-09-06,04:00:15,311000195,CS SARAFINA,Rosario
2026-09-06,04:00:15,357232000,YOZAN,Rosario
2026-09-06,04:00:15,314952000,DSM HARBOUR,Rosario
2026-09-06,04:00:15,538010532,DEANA,Rosario
2026-09-06,04:00:15,538004184,BLACK PEARL,Rosario
2026-09-06,04:00:15,636023256,INGENUITY,Rosario
2026-09-06,04:00:15,755002470,DONA CARMEN,Rosario
2026-09-06,04:00:15,636015971,STOLT ZULU,Rosario
2026-09-06,04:00:15,636024379,STAR WESTPORT,Rosario
2026-09-06,04:00:15,701006926,FAVORITO SAN ANTONIO,Rosario
2026-09-06,04:00:15,701001307,MAX DREAM,Rosario
2026-09-06,04:00:15,357458000,BULK ITALY,Rosario
2026-09-06,04:00:15,538004481,,Rosario
2026-09-06,04:00:15,563234800,IVS DUNES,Rosario
2026-09-06,04:00:15,701006396,VB RECOLETA,Rosario
2026-09-06,04:00:15,538008276,PORT IMABARI,Rosario
2026-09-06,04:00:15,701001404,GUAZU PUCU,Rosario
2026-09-06,04:00:15,564751000,MTM NEW YORK,DelGuazu
2026-09-06,04:00:15,701006545,HERNANDARIAS,DelGuazu
2026-09-06,04:00:15,755049000,P&O MBURUCUYA,DelGuazu
2026-09-06,04:00:15,564751000,MTM NEW YORK,Braga
2026-09-06,04:00:15,701006545,,Braga
2026-09-06,04:00:15,755049000,,Braga
2026-09-06,04:00:15,720687000,,BellaVista
2026-09-06,04:00:15,701583000,GC70 RI0 DE LA PLATA,BellaVista
2026-09-06,04:00:15,755004318,NAUTIC TWIN,BellaVista
2026-09-06,04:00:15,755022000,R/E CAVALIER XI,BellaVista
2026-09-06,04:00:15,755201114,AGUILUCHO,BellaVista
2026-09-06,04:00:15,755048000,ITAPUA I,BellaVista
2026-09-06,04:00:15,755170000,DONA MARGIE,BellaVista
2026-09-06,04:00:15,755126000,LATERE,BellaVista
2026-09-06,04:00:15,720985000,HB HYDRA,BellaVista
2026-09-06,04:00:15,755136000,IMPALA LADARIO,BellaVista
2026-09-06,04:00:15,755045000,BRUTUS H,BellaVista
2026-09-06,04:10:10,563319600,,SanLorenzo
2026-09-06,04:10:10,255915742,BOCHEM CASABLANCA,SanLorenzo
2026-09-06,04:10:10,314952000,DSM HARBOUR,SanLorenzo
2026-09-06,04:10:10,477932500,ROSCO BANYAN,SanLorenzo
2026-09-06,04:10:10,538004184,BLACK PEARL,SanLorenzo
2026-09-06,04:10:10,701503000,GC77 GFO SAN MATIAS,SanLorenzo
2026-09-06,04:10:10,636025133,,SanLorenzo
2026-09-06,04:10:10,563169800,RUBY,SanLorenzo
2026-09-06,04:10:10,563151400,FRANCESCO,SanLorenzo
2026-09-06,04:10:10,538006458,ODYSSEUS N,SanLorenzo
2026-09-06,04:10:10,477754600,MAERSK VENEZIA,SanLorenzo
2026-09-06,04:10:10,636024698,MC CALYPSO,SanLorenzo
2026-09-06,04:10:10,538010750,TOKYO SPIRIT,SanLorenzo
2026-09-06,04:10:10,256685000,RODINA,SanLorenzo
2026-09-06,04:10:10,636024043,TG CRAB,SanLorenzo
2026-09-06,04:10:10,563054100,MTM BIG APPLE,SanLorenzo
2026-09-06,04:10:10,636023897,ANNELIESE,SanLorenzo
2026-09-06,04:10:10,351011000,OCEAN CROWN,SanLorenzo
2026-09-06,04:10:10,257897000,BOW FIRDA,SanLorenzo
2026-09-06,04:10:10,538090690,LEONARDO,SanLorenzo
2026-09-06,04:10:10,255916599,RANA,SanLorenzo
2026-09-06,04:10:10,241624000,LEGEND,SanLorenzo
2026-09-06,04:10:10,352004948,OBE UNITY,SanLorenzo
2026-09-06,04:10:10,352006388,NORSE BORNHOLM,SanLorenzo
2026-09-06,04:10:10,352006096,PALEXPO,SanLorenzo
2026-09-06,04:10:10,538012594,KAPETANIOS,SanLorenzo
2026-09-06,04:10:10,538009801,HELIOS,SanLorenzo
2026-09-06,04:10:10,7010004,,SanLorenzo
2026-09-06,04:10:10,636024379,STAR WESTPORT,SanLorenzo
2026-09-06,04:10:10,355174000,APOGEE SPIRIT,SanLorenzo
2026-09-06,04:10:10,563163900,ANNA SCHULTE,SanLorenzo
2026-09-06,04:10:10,538008276,PORT IMABARI,SanLorenzo
2026-09-06,04:10:10,538008936,SOUND YOUNG,SanLorenzo
2026-09-06,04:10:10,755032000,RUBEN H,SanLorenzo
2026-09-06,04:10:10,341694002,H7 HSB5,SanLorenzo
2026-09-06,04:10:10,701006443,MAYU,SanLorenzo
2026-09-06,04:10:10,701006966,TIGRE,SanLorenzo
2026-09-06,04:10:10,538008779,LIVADI,SanLorenzo
2026-09-06,04:10:10,538006504,DANK SILVER,SanLorenzo
2026-09-06,04:10:10,720035000,CANTAGALLO,SanLorenzo
2026-09-06,04:10:10,636093258,EMMA JANNEKE,SanLorenzo
2026-09-06,04:10:10,755177000,CABALLERO BLANCO.,SanLorenzo
2026-09-06,04:10:10,755991013,PUMA,SanLorenzo
2026-09-06,04:10:10,701006245,SAN JOSE V,SanLorenzo
2026-09-06,04:10:10,311000195,CS SARAFINA,SanLorenzo
2026-09-06,04:10:10,636015971,STOLT ZULU,SanLorenzo
2026-09-06,04:10:10,357232000,YOZAN,SanLorenzo
2026-09-06,04:10:10,636023256,INGENUITY,SanLorenzo
2026-09-06,04:10:10,538010532,DEANA,SanLorenzo
2026-09-06,04:10:10,755002470,DONA CARMEN,SanLorenzo
2026-09-06,04:10:10,701006926,FAVORITO SAN ANTONIO,SanLorenzo
2026-09-06,04:10:10,701006396,VB RECOLETA,SanLorenzo
2026-09-06,04:10:10,701001057,VALENTINA H,SanLorenzo
2026-09-06,04:10:10,538004481,AGIA PARASKEVI,SanLorenzo
2026-09-06,04:10:10,755703668,URUTAU,SanLorenzo
2026-09-06,04:10:10,357458000,BULK ITALY,SanLorenzo
2026-09-06,04:10:10,755001797,PARAPITI.,SanLorenzo
2026-09-06,04:10:10,563234800,IVS DUNES,SanLorenzo
2026-09-06,04:10:10,755134000,LADOCE H,SanLorenzo
2026-09-06,04:10:10,701001404,GUAZU PUCU,SanLorenzo
2026-09-06,04:10:10,755000020,AGUARA,SanLorenzo
2026-09-06,04:10:10,352004948,,Rosario
2026-09-06,04:10:10,701006466,,Rosario
2026-09-06,04:10:10,636024698,MC CALYPSO,Rosario
2026-09-06,04:10:10,477932500,ROSCO BANYAN,Rosario
2026-09-06,04:10:10,701503000,GC77 GFO SAN MATIAS,Rosario
2026-09-06,04:10:10,563151400,FRANCESCO,Rosario
2026-09-06,04:10:10,538006458,ODYSSEUS N,Rosario
2026-09-06,04:10:10,477754600,MAERSK VENEZIA,Rosario
2026-09-06,04:10:10,538010750,TOKYO SPIRIT,Rosario
2026-09-06,04:10:10,256685000,RODINA,Rosario
2026-09-06,04:10:10,352001142,GLORY FIRST,Rosario
2026-09-06,04:10:10,636024043,TG CRAB,Rosario
2026-09-06,04:10:10,563054100,MTM BIG APPLE,Rosario
2026-09-06,04:10:10,636023897,ANNELIESE,Rosario
2026-09-06,04:10:10,701006396,VB RECOLETA,Rosario
2026-09-06,04:10:10,538090690,LEONARDO,Rosario
2026-09-06,04:10:10,255916599,RANA,Rosario
2026-09-06,04:10:10,241624000,LEGEND,Rosario
2026-09-06,04:10:10,352006388,NORSE BORNHOLM,Rosario
2026-09-06,04:10:10,563319600,CUTLASS GALAXY,Rosario
2026-09-06,04:10:10,352006096,PALEXPO,Rosario
2026-09-06,04:10:10,538012594,KAPETANIOS,Rosario
2026-09-06,04:10:10,538009801,HELIOS,Rosario
2026-09-06,04:10:10,7010004,,Rosario
2026-09-06,04:10:10,355174000,APOGEE SPIRIT,Rosario
2026-09-06,04:10:10,563163900,ANNA SCHULTE,Rosario
2026-09-06,04:10:10,538008276,PORT IMABARI,Rosario
2026-09-06,04:10:10,538008936,SOUND YOUNG,Rosario
2026-09-06,04:10:10,538004184,BLACK PEARL,Rosario
2026-09-06,04:10:10,538004481,AGIA PARASKEVI,Rosario
2026-09-06,04:10:10,341694002,H7 HSB5,Rosario
2026-09-06,04:10:10,755001797,PARAPITI.,Rosario
2026-09-06,04:10:10,538008779,LIVADI,Rosario
2026-09-06,04:10:10,720035000,CANTAGALLO,Rosario
2026-09-06,04:10:10,636093258,EMMA JANNEKE,Rosario
2026-09-06,04:10:10,311001602,SAGA ANDORINHA,Rosario
2026-09-06,04:10:10,701006245,SAN JOSE V,Rosario
2026-09-06,04:10:10,755991013,PUMA,Rosario
2026-09-06,04:10:10,636015971,STOLT ZULU,Rosario
2026-09-06,04:10:10,311000195,CS SARAFINA,Rosario
2026-09-06,04:10:10,314952000,DSM HARBOUR,Rosario
2026-09-06,04:10:10,357232000,YOZAN,Rosario
2026-09-06,04:10:10,636023256,INGENUITY,Rosario
2026-09-06,04:10:10,538010532,DEANA,Rosario
2026-09-06,04:10:10,636024379,STAR WESTPORT,Rosario
2026-09-06,04:10:10,755002470,DONA CARMEN,Rosario
2026-09-06,04:10:10,701006926,FAVORITO SAN ANTONIO,Rosario
2026-09-06,04:10:10,357458000,BULK ITALY,Rosario
2026-09-06,04:10:10,563234800,IVS DUNES,Rosario
2026-09-06,04:10:10,701001404,GUAZU PUCU,Rosario
2026-09-06,04:10:10,755000020,AGUARA,Rosario
2026-09-06,04:10:10,701006545,HERNANDARIAS,DelGuazu
2026-09-06,04:10:10,755049000,P&O MBURUCUYA,DelGuazu
2026-09-06,04:10:10,701006545,,Braga
2026-09-06,04:10:10,755049000,,Braga
2026-09-06,04:10:10,701583000,GC70 RI0 DE LA PLATA,BellaVista
2026-09-06,04:10:10,720687000,,BellaVista
2026-09-06,04:10:10,755045000,BRUTUS H,BellaVista
2026-09-06,04:10:10,755170000,DONA MARGIE,BellaVista
2026-09-06,04:10:10,755126000,LATERE,BellaVista
2026-09-06,04:10:10,755048000,ITAPUA I,BellaVista
2026-09-06,04:10:10,755004318,NAUTIC TWIN,BellaVista
2026-09-06,04:10:10,755022000,R/E CAVALIER XI,BellaVista
2026-09-06,04:10:10,720985000,HB HYDRA,BellaVista
2026-09-06,04:10:10,755201114,AGUILUCHO,BellaVista
2026-09-06,04:10:10,755164000,BELEN B,BellaVista
2026-09-06,04:10:10,755136000,IMPALA LADARIO,BellaVista
2026-09-06,04:20:09,257897000,BOW FIRDA,SanLorenzo
2026-09-06,04:20:09,636025133,,SanLorenzo
2026-09-06,04:20:09,563054100,MTM BIG APPLE,SanLorenzo
2026-09-06,04:20:09,351011000,OCEAN CROWN,SanLorenzo
2026-09-06,04:20:09,563319600,,SanLorenzo
2026-09-06,04:20:09,255915742,BOCHEM CASABLANCA,SanLorenzo
2026-09-06,04:20:09,477932500,ROSCO BANYAN,SanLorenzo
2026-09-06,04:20:09,701503000,GC77 GFO SAN MATIAS,SanLorenzo
2026-09-06,04:20:09,563169800,RUBY,SanLorenzo
2026-09-06,04:20:09,538006458,ODYSSEUS N,SanLorenzo
2026-09-06,04:20:09,563151400,FRANCESCO,SanLorenzo
2026-09-06,04:20:09,477754600,MAERSK VENEZIA,SanLorenzo
2026-09-06,04:20:09,538010750,TOKYO SPIRIT,SanLorenzo
2026-09-06,04:20:09,636024698,MC CALYPSO,SanLorenzo
2026-09-06,04:20:09,256685000,RODINA,SanLorenzo
2026-09-06,04:20:09,636024043,TG CRAB,SanLorenzo
2026-09-06,04:20:09,636023897,ANNELIESE,SanLorenzo
2026-09-06,04:20:09,538090690,LEONARDO,SanLorenzo
2026-09-06,04:20:09,241624000,LEGEND,SanLorenzo
2026-09-06,04:20:09,255916599,RANA,SanLorenzo
2026-09-06,04:20:09,352004948,OBE UNITY,SanLorenzo
2026-09-06,04:20:09,352006388,NORSE BORNHOLM,SanLorenzo
2026-09-06,04:20:09,352006096,PALEXPO,SanLorenzo
2026-09-06,04:20:09,538012594,KAPETANIOS,SanLorenzo
2026-09-06,04:20:09,538009801,HELIOS,SanLorenzo
2026-09-06,04:20:09,7010004,,SanLorenzo
2026-09-06,04:20:09,563163900,ANNA SCHULTE,SanLorenzo
2026-09-06,04:20:09,355174000,APOGEE SPIRIT,SanLorenzo
2026-09-06,04:20:09,341694002,H7 HSB5,SanLorenzo
2026-09-06,04:20:09,755032000,RUBEN H,SanLorenzo
2026-09-06,04:20:09,538008936,SOUND YOUNG,SanLorenzo
2026-09-06,04:20:09,701006443,MAYU,SanLorenzo
2026-09-06,04:20:09,538008779,LIVADI,SanLorenzo
2026-09-06,04:20:09,701006966,TIGRE,SanLorenzo
2026-09-06,04:20:09,720035000,CANTAGALLO,SanLorenzo
2026-09-06,04:20:09,636015971,STOLT ZULU,SanLorenzo
2026-09-06,04:20:09,755177000,CABALLERO BLANCO.,SanLorenzo
2026-09-06,04:20:09,636093258,EMMA JANNEKE,SanLorenzo
2026-09-06,04:20:09,755991013,PUMA,SanLorenzo
2026-09-06,04:20:09,701006245,SAN JOSE V,SanLorenzo
2026-09-06,04:20:09,357232000,YOZAN,SanLorenzo
2026-09-06,04:20:09,701006926,FAVORITO SAN ANTONIO,SanLorenzo
2026-09-06,04:20:09,636024379,STAR WESTPORT,SanLorenzo
2026-09-06,04:20:09,755002470,DONA CARMEN,SanLorenzo
2026-09-06,04:20:09,311000195,CS SARAFINA,SanLorenzo
2026-09-06,04:20:09,636023256,INGENUITY,SanLorenzo
2026-09-06,04:20:09,357458000,BULK ITALY,SanLorenzo
2026-09-06,04:20:09,755001797,PARAPITI.,SanLorenzo
2026-09-06,04:20:09,701006396,VB RECOLETA,SanLorenzo
2026-09-06,04:20:09,563234800,IVS DUNES,SanLorenzo
2026-09-06,04:20:09,755703668,URUTAU,SanLorenzo
2026-09-06,04:20:09,538011430,SOFIA,SanLorenzo
2026-09-06,04:20:09,538004481,AGIA PARASKEVI,SanLorenzo
2026-09-06,04:20:09,755000020,AGUARA,SanLorenzo
2026-09-06,04:20:09,701001404,GUAZU PUCU,SanLorenzo
2026-09-06,04:20:09,538006504,DANK SILVER,SanLorenzo
2026-09-06,04:20:09,755134000,LADOCE H,SanLorenzo
2026-09-06,04:20:09,701503000,GC77 GFO SAN MATIAS,Rosario
2026-09-06,04:20:09,563151400,FRANCESCO,Rosario
2026-09-06,04:20:09,538006458,ODYSSEUS N,Rosario
2026-09-06,04:20:09,477754600,MAERSK VENEZIA,Rosario
2026-09-06,04:20:09,538010750,TOKYO SPIRIT,Rosario
2026-09-06,04:20:09,636024698,MC CALYPSO,Rosario
2026-09-06,04:20:09,256685000,RODINA,Rosario
2026-09-06,04:20:09,352001142,GLORY FIRST,Rosario
2026-09-06,04:20:09,636024043,TG CRAB,Rosario
2026-09-06,04:20:09,538004481,AGIA PARASKEVI,Rosario
2026-09-06,04:20:09,636023897,ANNELIESE,Rosario
2026-09-06,04:20:09,563054100,MTM BIG APPLE,Rosario
2026-09-06,04:20:09,538090690,LEONARDO,Rosario
2026-09-06,04:20:09,255916599,RANA,Rosario
2026-09-06,04:20:09,241624000,LEGEND,Rosario
2026-09-06,04:20:09,352006388,NORSE BORNHOLM,Rosario
2026-09-06,04:20:09,563319600,CUTLASS GALAXY,Rosario
2026-09-06,04:20:09,352006096,PALEXPO,Rosario
2026-09-06,04:20:09,538012594,KAPETANIOS,Rosario
2026-09-06,04:20:09,538009801,HELIOS,Rosario
2026-09-06,04:20:09,563163900,ANNA SCHULTE,Rosario
2026-09-06,04:20:09,7010004,,Rosario
2026-09-06,04:20:09,355174000,APOGEE SPIRIT,Rosario
2026-09-06,04:20:09,341694002,H7 HSB5,Rosario
2026-09-06,04:20:09,636023256,INGENUITY,Rosario
2026-09-06,04:20:09,538008936,SOUND YOUNG,Rosario
2026-09-06,04:20:09,538008779,LIVADI,Rosario
2026-09-06,04:20:09,720035000,CANTAGALLO,Rosario
2026-09-06,04:20:09,636015971,STOLT ZULU,Rosario
2026-09-06,04:20:09,311001602,SAGA ANDORINHA,Rosario
2026-09-06,04:20:09,636093258,EMMA JANNEKE,Rosario
2026-09-06,04:20:09,755991013,PUMA,Rosario
2026-09-06,04:20:09,701006245,SAN JOSE V,Rosario
2026-09-06,04:20:09,538004184,BLACK PEARL,Rosario
2026-09-06,04:20:09,311000195,CS SARAFINA,Rosario
2026-09-06,04:20:09,357232000,YOZAN,Rosario
2026-09-06,04:20:09,314952000,DSM HARBOUR,Rosario
2026-09-06,04:20:09,701006466,,Rosario
2026-09-06,04:20:09,701006926,FAVORITO SAN ANTONIO,Rosario
2026-09-06,04:20:09,636024379,STAR WESTPORT,Rosario
2026-09-06,04:20:09,755002470,DONA CARMEN,Rosario
2026-09-06,04:20:09,755001797,PARAPITI.,Rosario
2026-09-06,04:20:09,352006380,,Rosario
2026-09-06,04:20:09,357458000,BULK ITALY,Rosario
2026-09-06,04:20:09,755703668,,Rosario
2026-09-06,04:20:09,701006396,VB RECOLETA,Rosario
2026-09-06,04:20:09,563234800,IVS DUNES,Rosario
2026-09-06,04:20:09,538011430,SOFIA,Rosario
2026-09-06,04:20:09,755000020,AGUARA,Rosario
2026-09-06,04:20:09,701001404,GUAZU PUCU,Rosario
2026-09-06,04:20:09,477932500,ROSCO BANYAN,Rosario
2026-09-06,04:20:09,701006545,HERNANDARIAS,DelGuazu
2026-09-06,04:20:09,720694000,IB LADARIO,DelGuazu
2026-09-06,04:20:09,755049000,P&O MBURUCUYA,DelGuazu
2026-09-06,04:20:09,720694000,,Braga
2026-09-06,04:20:09,755049000,,Braga
2026-09-06,04:20:09,720687000,,BellaVista
2026-09-06,04:20:09,701583000,GC70 RI0 DE LA PLATA,BellaVista
2026-09-06,04:20:09,755048000,ITAPUA I,BellaVista
2026-09-06,04:20:09,755170000,DONA MARGIE,BellaVista
2026-09-06,04:20:09,755126000,LATERE,BellaVista
2026-09-06,04:20:09,755004318,NAUTIC TWIN,BellaVista
2026-09-06,04:20:09,755022000,R/E CAVALIER XI,BellaVista
2026-09-06,04:20:09,755201114,AGUILUCHO,BellaVista
2026-09-06,04:20:09,720985000,HB HYDRA,BellaVista
2026-09-06,04:20:09,755164000,BELEN B,BellaVista
2026-09-06,04:20:09,755136000,IMPALA LADARIO,BellaVista
2026-09-06,04:30:10,755004326,,SanLorenzo
2026-09-06,04:30:10,352006380,,SanLorenzo
2026-09-06,04:30:10,563319600,,SanLorenzo
2026-09-06,04:30:10,257897000,,SanLorenzo
2026-09-06,04:30:10,636024379,STAR WESTPORT,SanLorenzo
2026-09-06,04:30:10,477932500,ROSCO BANYAN,SanLorenzo
2026-09-06,04:30:10,701503000,GC77 GFO SAN MATIAS,SanLorenzo
2026-09-06,04:30:10,563151400,FRANCESCO,SanLorenzo
2026-09-06,04:30:10,563169800,RUBY,SanLorenzo
2026-09-06,04:30:10,477754600,MAERSK VENEZIA,SanLorenzo
2026-09-06,04:30:10,538006458,ODYSSEUS N,SanLorenzo
2026-09-06,04:30:10,538010750,TOKYO SPIRIT,SanLorenzo
2026-09-06,04:30:10,636024698,MC CALYPSO,SanLorenzo
2026-09-06,04:30:10,256685000,RODINA,SanLorenzo
2026-09-06,04:30:10,636024043,TG CRAB,SanLorenzo
2026-09-06,04:30:10,563054100,,SanLorenzo
2026-09-06,04:30:10,636023897,ANNELIESE,SanLorenzo
2026-09-06,04:30:10,351011000,OCEAN CROWN,SanLorenzo
2026-09-06,04:30:10,538006504,DANK SILVER,SanLorenzo
2026-09-06,04:30:10,255916599,RANA,SanLorenzo
2026-09-06,04:30:10,538090690,LEONARDO,SanLorenzo
2026-09-06,04:30:10,755032000,RUBEN H,SanLorenzo
2026-09-06,04:30:10,241624000,LEGEND,SanLorenzo
2026-09-06,04:30:10,352004948,OBE UNITY,SanLorenzo
2026-09-06,04:30:10,701006283,,SanLorenzo
2026-09-06,04:30:10,352006388,NORSE BORNHOLM,SanLorenzo
2026-09-06,04:30:10,352006096,PALEXPO,SanLorenzo
2026-09-06,04:30:10,701006966,TIGRE,SanLorenzo
2026-09-06,04:30:10,538012594,KAPETANIOS,SanLorenzo
2026-09-06,04:30:10,538009801,HELIOS,SanLorenzo
2026-09-06,04:30:10,563234800,IVS DUNES,SanLorenzo
2026-09-06,04:30:10,563163900,ANNA SCHULTE,SanLorenzo
2026-09-06,04:30:10,7010004,,SanLorenzo
2026-09-06,04:30:10,355174000,APOGEE SPIRIT,SanLorenzo
2026-09-06,04:30:10,755002470,DONA CARMEN,SanLorenzo
2026-09-06,04:30:10,538008936,SOUND YOUNG,SanLorenzo
2026-09-06,04:30:10,341694002,H7 HSB5,SanLorenzo
2026-09-06,04:30:10,538008779,LIVADI,SanLorenzo
2026-09-06,04:30:10,701006443,MAYU,SanLorenzo
2026-09-06,04:30:10,636093258,EMMA JANNEKE,SanLorenzo
2026-09-06,04:30:10,720035000,CANTAGALLO,SanLorenzo
2026-09-06,04:30:10,755991013,PUMA,SanLorenzo
2026-09-06,04:30:10,311001602,,SanLorenzo
2026-09-06,04:30:10,701006245,SAN JOSE V,SanLorenzo
2026-09-06,04:30:10,755177000,CABALLERO BLANCO.,SanLorenzo
2026-09-06,04:30:10,636025133,,SanLorenzo
2026-09-06,04:30:10,357232000,YOZAN,SanLorenzo
2026-09-06,04:30:10,538010532,DEANA,SanLorenzo
2026-09-06,04:30:10,311000195,CS SARAFINA,SanLorenzo
2026-09-06,04:30:10,701006926,FAVORITO SAN ANTONIO,SanLorenzo
2026-09-06,04:30:10,701006396,VB RECOLETA,SanLorenzo
2026-09-06,04:30:10,636023256,INGENUITY,SanLorenzo
2026-09-06,04:30:10,636015971,STOLT ZULU,SanLorenzo
2026-09-06,04:30:10,538004481,AGIA PARASKEVI,SanLorenzo
2026-09-06,04:30:10,755703668,URUTAU,SanLorenzo
2026-09-06,04:30:10,755001797,PARAPITI.,SanLorenzo
2026-09-06,04:30:10,538011430,SOFIA,SanLorenzo
2026-09-06,04:30:10,357458000,BULK ITALY,SanLorenzo
2026-09-06,04:30:10,701001404,GUAZU PUCU,SanLorenzo
2026-09-06,04:30:10,755000020,AGUARA,SanLorenzo
2026-09-06,04:30:10,755134000,LADOCE H,SanLorenzo
2026-09-06,04:30:10,701006107,,Rosario
2026-09-06,04:30:10,636024698,MC CALYPSO,Rosario
2026-09-06,04:30:10,256685000,RODINA,Rosario
2026-09-06,04:30:10,563054100,MTM BIG APPLE,Rosario
2026-09-06,04:30:10,352004948,,Rosario
2026-09-06,04:30:10,538004184,BLACK PEARL,Rosario
2026-09-06,04:30:10,477932500,ROSCO BANYAN,Rosario
2026-09-06,04:30:10,701503000,GC77 GFO SAN MATIAS,Rosario
2026-09-06,04:30:10,563151400,FRANCESCO,Rosario
2026-09-06,04:30:10,538004481,AGIA PARASKEVI,Rosario
2026-09-06,04:30:10,477754600,MAERSK VENEZIA,Rosario
2026-09-06,04:30:10,538006458,ODYSSEUS N,Rosario
2026-09-06,04:30:10,538010750,TOKYO SPIRIT,Rosario
2026-09-06,04:30:10,352001142,GLORY FIRST,Rosario
2026-09-06,04:30:10,636024043,TG CRAB,Rosario
2026-09-06,04:30:10,636023897,ANNELIESE,Rosario
2026-09-06,04:30:10,255916599,RANA,Rosario
2026-09-06,04:30:10,538090690,LEONARDO,Rosario
2026-09-06,04:30:10,241624000,LEGEND,Rosario
2026-09-06,04:30:10,311000195,CS SARAFINA,Rosario
2026-09-06,04:30:10,352006388,NORSE BORNHOLM,Rosario
2026-09-06,04:30:10,352006096,PALEXPO,Rosario
2026-09-06,04:30:10,563319600,CUTLASS GALAXY,Rosario
2026-09-06,04:30:10,538012594,KAPETANIOS,Rosario
2026-09-06,04:30:10,563163900,ANNA SCHULTE,Rosario
2026-09-06,04:30:10,538009801,HELIOS,Rosario
2026-09-06,04:30:10,7010004,,Rosario
2026-09-06,04:30:10,355174000,APOGEE SPIRIT,Rosario
2026-09-06,04:30:10,538008936,SOUND YOUNG,Rosario
2026-09-06,04:30:10,341694002,H7 HSB5,Rosario
2026-09-06,04:30:10,701006466,,Rosario
2026-09-06,04:30:10,755001797,PARAPITI.,Rosario
2026-09-06,04:30:10,538008779,LIVADI,Rosario
2026-09-06,04:30:10,636093258,EMMA JANNEKE,Rosario
2026-09-06,04:30:10,720035000,CANTAGALLO,Rosario
2026-09-06,04:30:10,755991013,PUMA,Rosario
2026-09-06,04:30:10,701006245,SAN JOSE V,Rosario
2026-09-06,04:30:10,311001602,SAGA ANDORINHA,Rosario
2026-09-06,04:30:10,636025133,,Rosario
2026-09-06,04:30:10,357232000,YOZAN,Rosario
2026-09-06,04:30:10,538010532,DEANA,Rosario
2026-09-06,04:30:10,636023256,INGENUITY,Rosario
2026-09-06,04:30:10,314952000,DSM HARBOUR,Rosario
2026-09-06,04:30:10,636024379,STAR WESTPORT,Rosario
2026-09-06,04:30:10,636015971,STOLT ZULU,Rosario
2026-09-06,04:30:10,701006926,FAVORITO SAN ANTONIO,Rosario
2026-09-06,04:30:10,755002470,DONA CARMEN,Rosario
2026-09-06,04:30:10,701006396,VB RECOLETA,Rosario
2026-09-06,04:30:10,563234800,IVS DUNES,Rosario
2026-09-06,04:30:10,357458000,BULK ITALY,Rosario
2026-09-06,04:30:10,538011430,SOFIA,Rosario
2026-09-06,04:30:10,701001404,GUAZU PUCU,Rosario
2026-09-06,04:30:10,538008276,PORT IMABARI,Rosario
2026-09-06,04:30:10,755000020,AGUARA,Rosario
2026-09-06,04:30:10,720694000,IB LADARIO,DelGuazu
2026-09-06,04:30:10,755049000,P&O MBURUCUYA,DelGuazu
2026-09-06,04:30:10,755049000,,Braga
2026-09-06,04:30:10,720694000,,Braga
2026-09-06,04:30:10,701583000,GC70 RI0 DE LA PLATA,BellaVista
2026-09-06,04:30:10,755048000,ITAPUA I,BellaVista
2026-09-06,04:30:10,755170000,DONA MARGIE,BellaVista
2026-09-06,04:30:10,755126000,LATERE,BellaVista
2026-09-06,04:30:10,755004318,NAUTIC TWIN,BellaVista
2026-09-06,04:30:10,755022000,R/E CAVALIER XI,BellaVista
2026-09-06,04:30:10,755201114,AGUILUCHO,BellaVista
2026-09-06,04:30:10,755164000,BELEN B,BellaVista
2026-09-06,04:30:10,755136000,IMPALA LADARIO,BellaVista
2026-09-06,04:30:10,720985000,HB HYDRA,BellaVista
2026-09-06,04:40:10,255915742,BOCHEM CASABLANCA,SanLorenzo
2026-09-06,04:40:10,636025133,,SanLorenzo
2026-09-06,04:40:10,636024379,STAR WESTPORT,SanLorenzo
2026-09-06,04:40:10,477932500,ROSCO BANYAN,SanLorenzo
2026-09-06,04:40:10,701503000,GC77 GFO SAN MATIAS,SanLorenzo
2026-09-06,04:40:10,563151400,FRANCESCO,SanLorenzo
2026-09-06,04:40:10,538006458,ODYSSEUS N,SanLorenzo
2026-09-06,04:40:10,563169800,RUBY,SanLorenzo
2026-09-06,04:40:10,477754600,MAERSK VENEZIA,SanLorenzo
2026-09-06,04:40:10,538010750,TOKYO SPIRIT,SanLorenzo
2026-09-06,04:40:10,256685000,RODINA,SanLorenzo
2026-09-06,04:40:10,636024698,MC CALYPSO,SanLorenzo
2026-09-06,04:40:10,701006283,,SanLorenzo
2026-09-06,04:40:10,636024043,TG CRAB,SanLorenzo
2026-09-06,04:40:10,563054100,MTM BIG APPLE,SanLorenzo
2026-09-06,04:40:10,701006966,TIGRE,SanLorenzo
2026-09-06,04:40:10,636023897,ANNELIESE,SanLorenzo
2026-09-06,04:40:10,351011000,OCEAN CROWN,SanLorenzo
2026-09-06,04:40:10,257897000,,SanLorenzo
2026-09-06,04:40:10,538006504,DANK SILVER,SanLorenzo
2026-09-06,04:40:10,538090690,LEONARDO,SanLorenzo
2026-09-06,04:40:10,241624000,LEGEND,SanLorenzo
2026-09-06,04:40:10,255916599,RANA,SanLorenzo
2026-09-06,04:40:10,352004948,OBE UNITY,SanLorenzo
2026-09-06,04:40:10,352006388,NORSE BORNHOLM,SanLorenzo
2026-09-06,04:40:10,352006096,PALEXPO,SanLorenzo
2026-09-06,04:40:10,538012594,KAPETANIOS,SanLorenzo
2026-09-06,04:40:10,538009801,HELIOS,SanLorenzo
2026-09-06,04:40:10,7010004,,SanLorenzo
2026-09-06,04:40:10,563163900,ANNA SCHULTE,SanLorenzo
2026-09-06,04:40:10,355174000,APOGEE SPIRIT,SanLorenzo
2026-09-06,04:40:10,538008936,SOUND YOUNG,SanLorenzo
2026-09-06,04:40:10,755032000,,SanLorenzo
2026-09-06,04:40:10,341694002,H7 HSB5,SanLorenzo
2026-09-06,04:40:10,538008779,LIVADI,SanLorenzo
2026-09-06,04:40:10,701006443,MAYU,SanLorenzo
2026-09-06,04:40:10,720035000,CANTAGALLO,SanLorenzo
2026-09-06,04:40:10,636093258,EMMA JANNEKE,SanLorenzo
2026-09-06,04:40:10,755177000,CABALLERO BLANCO.,SanLorenzo
2026-09-06,04:40:10,755991013,PUMA,SanLorenzo
2026-09-06,04:40:10,701006245,SAN JOSE V,SanLorenzo
2026-09-06,04:40:10,636015971,STOLT ZULU,SanLorenzo
2026-09-06,04:40:10,311000195,CS SARAFINA,SanLorenzo
2026-09-06,04:40:10,357232000,YOZAN,SanLorenzo
2026-09-06,04:40:10,701006926,FAVORITO SAN ANTONIO,SanLorenzo
2026-09-06,04:40:10,538010532,DEANA,SanLorenzo
2026-09-06,04:40:10,701001404,GUAZU PUCU,SanLorenzo
2026-09-06,04:40:10,755002470,DONA CARMEN,SanLorenzo
2026-09-06,04:40:10,701006396,VB RECOLETA,SanLorenzo
2026-09-06,04:40:10,636023256,INGENUITY,SanLorenzo
2026-09-06,04:40:10,755703668,URUTAU,SanLorenzo
2026-09-06,04:40:10,357458000,BULK ITALY,SanLorenzo
2026-09-06,04:40:10,755001797,PARAPITI.,SanLorenzo
2026-09-06,04:40:10,538011430,SOFIA,SanLorenzo
2026-09-06,04:40:10,563234800,IVS DUNES,SanLorenzo
2026-09-06,04:40:10,538004481,AGIA PARASKEVI,SanLorenzo
2026-09-06,04:40:10,755000020,AGUARA,SanLorenzo
2026-09-06,04:40:10,755134000,LADOCE H,SanLorenzo
2026-09-06,04:40:10,212977000,,Rosario
2026-09-06,04:40:10,311000195,CS SARAFINA,Rosario
2026-09-06,04:40:10,563319600,CUTLASS GALAXY,Rosario
2026-09-06,04:40:10,755177000,,Rosario
2026-09-06,04:40:10,477932500,ROSCO BANYAN,Rosario
2026-09-06,04:40:10,701503000,GC77 GFO SAN MATIAS,Rosario
2026-09-06,04:40:10,563151400,FRANCESCO,Rosario
2026-09-06,04:40:10,538006458,ODYSSEUS N,Rosario
2026-09-06,04:40:10,477754600,MAERSK VENEZIA,Rosario
2026-09-06,04:40:10,636024698,MC CALYPSO,Rosario
2026-09-06,04:40:10,538010750,TOKYO SPIRIT,Rosario
2026-09-06,04:40:10,256685000,RODINA,Rosario
2026-09-06,04:40:10,352001142,GLORY FIRST,Rosario
2026-09-06,04:40:10,701006466,,Rosario
2026-09-06,04:40:10,636024043,TG CRAB,Rosario
2026-09-06,04:40:10,563054100,MTM BIG APPLE,Rosario
2026-09-06,04:40:10,636023897,ANNELIESE,Rosario
2026-09-06,04:40:10,701006396,VB RECOLETA,Rosario
2026-09-06,04:40:10,538090690,LEONARDO,Rosario
2026-09-06,04:40:10,255916599,RANA,Rosario
2026-09-06,04:40:10,352004948,,Rosario
2026-09-06,04:40:10,241624000,LEGEND,Rosario
2026-09-06,04:40:10,352006388,NORSE BORNHOLM,Rosario
2026-09-06,04:40:10,352006096,PALEXPO,Rosario
2026-09-06,04:40:10,538012594,KAPETANIOS,Rosario
2026-09-06,04:40:10,636093258,EMMA JANNEKE,Rosario
2026-09-06,04:40:10,538009801,HELIOS,Rosario
2026-09-06,04:40:10,563163900,ANNA SCHULTE,Rosario
2026-09-06,04:40:10,7010004,,Rosario
2026-09-06,04:40:10,355174000,APOGEE SPIRIT,Rosario
2026-09-06,04:40:10,538008936,SOUND YOUNG,Rosario
2026-09-06,04:40:10,341694002,H7 HSB5,Rosario
2026-09-06,04:40:10,755001797,PARAPITI.,Rosario
2026-09-06,04:40:10,538008779,LIVADI,Rosario
2026-09-06,04:40:10,636025133,YAMI BENEFIT,Rosario
2026-09-06,04:40:10,311001602,SAGA ANDORINHA,Rosario
2026-09-06,04:40:10,701006245,SAN JOSE V,Rosario
2026-09-06,04:40:10,755991013,PUMA,Rosario
2026-09-06,04:40:10,538008276,PORT IMABARI,Rosario
2026-09-06,04:40:10,636015971,STOLT ZULU,Rosario
2026-09-06,04:40:10,538004184,BLACK PEARL,Rosario
2026-09-06,04:40:10,636023256,INGENUITY,Rosario
2026-09-06,04:40:10,357232000,YOZAN,Rosario
2026-09-06,04:40:10,701006926,FAVORITO SAN ANTONIO,Rosario
2026-09-06,04:40:10,538010532,DEANA,Rosario
2026-09-06,04:40:10,701001404,GUAZU PUCU,Rosario
2026-09-06,04:40:10,755002470,DONA CARMEN,Rosario
2026-09-06,04:40:10,636024379,STAR WESTPORT,Rosario
2026-09-06,04:40:10,357458000,BULK ITALY,Rosario
2026-09-06,04:40:10,538004481,AGIA PARASKEVI,Rosario
2026-09-06,04:40:10,538011430,SOFIA,Rosario
2026-09-06,04:40:10,563234800,IVS DUNES,Rosario
2026-09-06,04:40:10,755000020,AGUARA,Rosario
2026-09-06,04:40:10,720035000,CANTAGALLO,Rosario
2026-09-06,04:40:10,755049000,,DelGuazu
2026-09-06,04:40:10,720694000,IB LADARIO,DelGuazu
2026-09-06,04:40:10,755058000,CAP. JACKSON,DelGuazu
2026-09-06,04:40:10,755058000,,Braga
2026-09-06,04:40:10,720694000,,Braga
2026-09-06,04:40:10,701583000,GC70 RI0 DE LA PLATA,BellaVista
2026-09-06,04:40:10,720687000,,BellaVista
2026-09-06,04:40:10,755201114,AGUILUCHO,BellaVista
2026-09-06,04:40:10,755022000,R/E CAVALIER XI,BellaVista
2026-09-06,04:40:10,755004318,NAUTIC TWIN,BellaVista
2026-09-06,04:40:10,720985000,HB HYDRA,BellaVista
2026-09-06,04:40:10,755164000,BELEN B,BellaVista
2026-09-06,04:40:10,755048000,ITAPUA I,BellaVista
2026-09-06,04:40:10,755170000,DONA MARGIE,BellaVista
2026-09-06,04:40:10,755126000,LATERE,BellaVista
2026-09-06,04:40:10,755136000,IMPALA LADARIO,BellaVista
2026-09-06,04:50:09,755032000,,SanLorenzo
2026-09-06,04:50:09,563054100,MTM BIG APPLE,SanLorenzo
2026-09-06,04:50:09,636025133,,SanLorenzo
2026-09-06,04:50:09,477932500,ROSCO BANYAN,SanLorenzo
2026-09-06,04:50:09,255915742,BOCHEM CASABLANCA,SanLorenzo
2026-09-06,04:50:09,701503000,GC77 GFO SAN MATIAS,SanLorenzo
2026-09-06,04:50:09,563169800,RUBY,SanLorenzo
2026-09-06,04:50:09,563151400,FRANCESCO,SanLorenzo
2026-09-06,04:50:09,477754600,MAERSK VENEZIA,SanLorenzo
2026-09-06,04:50:09,538006458,ODYSSEUS N,SanLorenzo
2026-09-06,04:50:09,538010750,TOKYO SPIRIT,SanLorenzo
2026-09-06,04:50:09,636024698,MC CALYPSO,SanLorenzo
2026-09-06,04:50:09,314952000,,SanLorenzo
2026-09-06,04:50:09,256685000,RODINA,SanLorenzo
2026-09-06,04:50:09,636024043,TG CRAB,SanLorenzo
2026-09-06,04:50:09,636023897,ANNELIESE,SanLorenzo
2026-09-06,04:50:09,351011000,OCEAN CROWN,SanLorenzo
2026-09-06,04:50:09,257897000,BOW FIRDA,SanLorenzo
2026-09-06,04:50:09,538006504,DANK SILVER,SanLorenzo
2026-09-06,04:50:09,538090690,LEONARDO,SanLorenzo
2026-09-06,04:50:09,255916599,RANA,SanLorenzo
2026-09-06,04:50:09,352004948,OBE UNITY,SanLorenzo
2026-09-06,04:50:09,241624000,LEGEND,SanLorenzo
2026-09-06,04:50:09,701006966,TIGRE,SanLorenzo
2026-09-06,04:50:09,352006388,NORSE BORNHOLM,SanLorenzo
2026-09-06,04:50:09,352006096,PALEXPO,SanLorenzo
2026-09-06,04:50:09,538012594,KAPETANIOS,SanLorenzo
2026-09-06,04:50:09,7010004,,SanLorenzo
2026-09-06,04:50:09,538009801,HELIOS,SanLorenzo
2026-09-06,04:50:09,563163900,ANNA SCHULTE,SanLorenzo
2026-09-06,04:50:09,355174000,APOGEE SPIRIT,SanLorenzo
2026-09-06,04:50:09,701001324,HALCON,SanLorenzo
2026-09-06,04:50:09,701001404,GUAZU PUCU,SanLorenzo
2026-09-06,04:50:09,538008936,SOUND YOUNG,SanLorenzo
2026-09-06,04:50:09,341694002,H7 HSB5,SanLorenzo
2026-09-06,04:50:09,538008779,LIVADI,SanLorenzo
2026-09-06,04:50:09,720035000,CANTAGALLO,SanLorenzo
2026-09-06,04:50:09,636093258,EMMA JANNEKE,SanLorenzo
2026-09-06,04:50:09,701006245,SAN JOSE V,SanLorenzo
2026-09-06,04:50:09,755991013,PUMA,SanLorenzo
2026-09-06,04:50:09,636015971,STOLT ZULU,SanLorenzo
2026-09-06,04:50:09,755177000,CABALLERO BLANCO.,SanLorenzo
2026-09-06,04:50:09,357232000,YOZAN,SanLorenzo
2026-09-06,04:50:09,538010532,DEANA,SanLorenzo
2026-09-06,04:50:09,538004184,,SanLorenzo
2026-09-06,04:50:09,701006926,FAVORITO SAN ANTONIO,SanLorenzo
2026-09-06,04:50:09,701001307,MAX DREAM,SanLorenzo
2026-09-06,04:50:09,357458000,BULK ITALY,SanLorenzo
2026-09-06,04:50:09,755002470,DONA CARMEN,SanLorenzo
2026-09-06,04:50:09,701006396,VB RECOLETA,SanLorenzo
2026-09-06,04:50:09,311000195,CS SARAFINA,SanLorenzo
2026-09-06,04:50:09,701001057,VALENTINA H,SanLorenzo
2026-09-06,04:50:09,636023256,INGENUITY,SanLorenzo
2026-09-06,04:50:09,755001797,PARAPITI.,SanLorenzo
2026-09-06,04:50:09,710000019,HERACLITO FILHO,SanLorenzo
2026-09-06,04:50:09,755703668,URUTAU,SanLorenzo
2026-09-06,04:50:09,701006443,MAYU,SanLorenzo
2026-09-06,04:50:09,538004481,AGIA PARASKEVI,SanLorenzo
2026-09-06,04:50:09,538011430,SOFIA,SanLorenzo
2026-09-06,04:50:09,563234800,IVS DUNES,SanLorenzo
2026-09-06,04:50:09,755000020,AGUARA,SanLorenzo
2026-09-06,04:50:09,755134000,LADOCE H,SanLorenzo
2026-09-06,04:50:09,755004326,,SanLorenzo
2026-09-06,04:50:09,563319600,CUTLASS GALAXY,Rosario
2026-09-06,04:50:09,755703668,,Rosario
2026-09-06,04:50:09,538009801,HELIOS,Rosario
2026-09-06,04:50:09,538008779,LIVADI,Rosario
2026-09-06,04:50:09,636015971,STOLT ZULU,Rosario
2026-09-06,04:50:09,701006466,,Rosario
2026-09-06,04:50:09,477932500,ROSCO BANYAN,Rosario
2026-09-06,04:50:09,701503000,GC77 GFO SAN MATIAS,Rosario
2026-09-06,04:50:09,701001324,,Rosario
2026-09-06,04:50:09,563151400,FRANCESCO,Rosario
2026-09-06,04:50:09,477754600,MAERSK VENEZIA,Rosario
2026-09-06,04:50:09,538006458,ODYSSEUS N,Rosario
2026-09-06,04:50:09,352006380,,Rosario
2026-09-06,04:50:09,538010750,TOKYO SPIRIT,Rosario
2026-09-06,04:50:09,636024698,MC CALYPSO,Rosario
2026-09-06,04:50:09,256685000,RODINA,Rosario
2026-09-06,04:50:09,352001142,GLORY FIRST,Rosario
2026-09-06,04:50:09,636024043,TG CRAB,Rosario
2026-09-06,04:50:09,755001797,PARAPITI.,Rosario
2026-09-06,04:50:09,636023897,ANNELIESE,Rosario
2026-09-06,04:50:09,563054100,MTM BIG APPLE,Rosario
2026-09-06,04:50:09,755000020,AGUARA,Rosario
2026-09-06,04:50:09,538090690,LEONARDO,Rosario
2026-09-06,04:50:09,255916599,RANA,Rosario
2026-09-06,04:50:09,352004948,OBE UNITY,Rosario
2026-09-06,04:50:09,241624000,LEGEND,Rosario
2026-09-06,04:50:09,538008276,PORT IMABARI,Rosario
2026-09-06,04:50:09,755991013,PUMA,Rosario
2026-09-06,04:50:09,636025133,YAMI BENEFIT,Rosario
2026-09-06,04:50:09,352006388,NORSE BORNHOLM,Rosario
2026-09-06,04:50:09,701001307,,Rosario
2026-09-06,04:50:09,311000195,,Rosario
2026-09-06,04:50:09,314952000,DSM HARBOUR,Rosario
2026-09-06,04:50:09,352006096,PALEXPO,Rosario
2026-09-06,04:50:09,538012594,KAPETANIOS,Rosario
2026-09-06,04:50:09,7010004,,Rosario
2026-09-06,04:50:09,563163900,ANNA SCHULTE,Rosario
2026-09-06,04:50:09,355174000,APOGEE SPIRIT,Rosario
2026-09-06,04:50:09,538008936,SOUND YOUNG,Rosario
2026-09-06,04:50:09,341694002,H7 HSB5,Rosario
2026-09-06,04:50:09,755002470,DONA CARMEN,Rosario
2026-09-06,04:50:09,720035000,CANTAGALLO,Rosario
2026-09-06,04:50:09,311001602,SAGA ANDORINHA,Rosario
2026-09-06,04:50:09,701006245,SAN JOSE V,Rosario
2026-09-06,04:50:09,357232000,YOZAN,Rosario
2026-09-06,04:50:09,538010532,DEANA,Rosario
2026-09-06,04:50:09,538004184,BLACK PEARL,Rosario
2026-09-06,04:50:09,701006926,FAVORITO SAN ANTONIO,Rosario
2026-09-06,04:50:09,636023256,INGENUITY,Rosario
2026-09-06,04:50:09,357458000,BULK ITALY,Rosario
2026-09-06,04:50:09,701001404,GUAZU PUCU,Rosario
2026-09-06,04:50:09,701006396,VB RECOLETA,Rosario
2026-09-06,04:50:09,538004481,AGIA PARASKEVI,Rosario
2026-09-06,04:50:09,538011430,SOFIA,Rosario
2026-09-06,04:50:09,563234800,IVS DUNES,Rosario
2026-09-06,04:50:09,636093258,EMMA JANNEKE,Rosario
2026-09-06,04:50:09,701006545,,DelGuazu
2026-09-06,04:50:09,755049000,,DelGuazu
2026-09-06,04:50:09,720694000,IB LADARIO,DelGuazu
2026-09-06,04:50:09,755058000,CAP. JACKSON,DelGuazu
2026-09-06,04:50:09,755058000,,Braga
2026-09-06,04:50:09,755049000,,Braga
2026-09-06,04:50:09,720694000,,Braga
2026-09-06,04:50:09,701583000,GC70 RI0 DE LA PLATA,BellaVista
2026-09-06,04:50:09,755201114,AGUILUCHO,BellaVista
2026-09-06,04:50:09,755045000,BRUTUS H,BellaVista
2026-09-06,04:50:09,755048000,ITAPUA I,BellaVista
2026-09-06,04:50:09,755170000,DONA MARGIE,BellaVista
2026-09-06,04:50:09,755004318,NAUTIC TWIN,BellaVista
2026-09-06,04:50:09,755022000,R/E CAVALIER XI,BellaVista
2026-09-06,04:50:09,755126000,LATERE,BellaVista
2026-09-06,04:50:09,755084000,RIO DE LA PLATA,BellaVista
2026-09-06,04:50:09,755164000,BELEN B,BellaVista
2026-09-06,04:50:09,720985000,HB HYDRA,BellaVista
2026-09-06,04:50:09,720687000,JAN CONNOR,BellaVista
2026-09-06,05:00:11,212977000,,SanLorenzo
2026-09-06,05:00:11,311001602,SAGA ANDORINHA,SanLorenzo
2026-09-06,05:00:11,255915742,BOCHEM CASABLANCA,SanLorenzo
2026-09-06,05:00:11,538006504,DANK SILVER,SanLorenzo
2026-09-06,05:00:11,477932500,ROSCO BANYAN,SanLorenzo
2026-09-06,05:00:11,701503000,GC77 GFO SAN MATIAS,SanLorenzo
2026-09-06,05:00:11,7010004,,SanLorenzo
2026-09-06,05:00:11,563151400,FRANCESCO,SanLorenzo
2026-09-06,05:00:11,563169800,RUBY,SanLorenzo
2026-09-06,05:00:11,477754600,MAERSK VENEZIA,SanLorenzo
2026-09-06,05:00:11,538006458,ODYSSEUS N,SanLorenzo
2026-09-06,05:00:11,538010750,TOKYO SPIRIT,SanLorenzo
2026-09-06,05:00:11,636024698,MC CALYPSO,SanLorenzo
2026-09-06,05:00:11,256685000,RODINA,SanLorenzo
2026-09-06,05:00:11,636024043,TG CRAB,SanLorenzo
2026-09-06,05:00:11,538008276,,SanLorenzo
2026-09-06,05:00:11,563054100,MTM BIG APPLE,SanLorenzo
2026-09-06,05:00:11,636023897,ANNELIESE,SanLorenzo
2026-09-06,05:00:11,351011000,OCEAN CROWN,SanLorenzo
2026-09-06,05:00:11,257897000,BOW FIRDA,SanLorenzo
2026-09-06,05:00:11,538090690,LEONARDO,SanLorenzo
2026-09-06,05:00:11,241624000,LEGEND,SanLorenzo
2026-09-06,05:00:11,255916599,RANA,SanLorenzo
2026-09-06,05:00:11,352004948,OBE UNITY,SanLorenzo
2026-09-06,05:00:11,352006388,NORSE BORNHOLM,SanLorenzo
2026-09-06,05:00:11,352006096,PALEXPO,SanLorenzo
2026-09-06,05:00:11,701006966,TIGRE,SanLorenzo
2026-09-06,05:00:11,538012594,KAPETANIOS,SanLorenzo
2026-09-06,05:00:11,538009801,HELIOS,SanLorenzo
2026-09-06,05:00:11,563163900,ANNA SCHULTE,SanLorenzo
2026-09-06,05:00:11,355174000,APOGEE SPIRIT,SanLorenzo
2026-09-06,05:00:11,538004184,BLACK PEARL,SanLorenzo
2026-09-06,05:00:11,538010532,DEANA,SanLorenzo
2026-09-06,05:00:11,538008936,SOUND YOUNG,SanLorenzo
2026-09-06,05:00:11,341694002,H7 HSB5,SanLorenzo
2026-09-06,05:00:11,538008779,LIVADI,SanLorenzo
2026-09-06,05:00:11,720035000,CANTAGALLO,SanLorenzo
2026-09-06,05:00:11,755000020,AGUARA,SanLorenzo
2026-09-06,05:00:11,755177000,CABALLERO BLANCO.,SanLorenzo
2026-09-06,05:00:11,755991013,PUMA,SanLorenzo
2026-09-06,05:00:11,701006245,SAN JOSE V,SanLorenzo
2026-09-06,05:00:11,636025133,,SanLorenzo
2026-09-06,05:00:11,636093258,EMMA JANNEKE,SanLorenzo
2026-09-06,05:00:11,357232000,YOZAN,SanLorenzo
2026-09-06,05:00:11,701001307,MAX DREAM,SanLorenzo
2026-09-06,05:00:11,701006926,FAVORITO SAN ANTONIO,SanLorenzo
2026-09-06,05:00:11,755002470,DONA CARMEN,SanLorenzo
2026-09-06,05:00:11,538004481,AGIA PARASKEVI,SanLorenzo
2026-09-06,05:00:11,636015971,STOLT ZULU,SanLorenzo
2026-09-06,05:00:11,636023256,INGENUITY,SanLorenzo
2026-09-06,05:00:11,311000195,CS SARAFINA,SanLorenzo
2026-09-06,05:00:11,701001057,VALENTINA H,SanLorenzo
2026-09-06,05:00:11,710000019,HERACLITO FILHO,SanLorenzo
2026-09-06,05:00:11,357458000,BULK ITALY,SanLorenzo
2026-09-06,05:00:11,755001797,PARAPITI.,SanLorenzo
2026-09-06,05:00:11,755703668,URUTAU,SanLorenzo
2026-09-06,05:00:11,701006396,VB RECOLETA,SanLorenzo
2026-09-06,05:00:11,563234800,IVS DUNES,SanLorenzo
2026-09-06,05:00:11,538011430,SOFIA,SanLorenzo
2026-09-06,05:00:11,755134000,LADOCE H,SanLorenzo
2026-09-06,05:00:11,701001404,GUAZU PUCU,SanLorenzo
2026-09-06,05:00:11,701006443,MAYU,SanLorenzo
2026-09-06,05:00:11,755004326,OLIMPO,SanLorenzo
2026-09-06,05:00:11,256685000,RODINA,Rosario
2026-09-06,05:00:11,352004948,OBE UNITY,Rosario
2026-09-06,05:00:11,701001324,,Rosario
2026-09-06,05:00:11,538009801,HELIOS,Rosario
2026-09-06,05:00:11,477932500,ROSCO BANYAN,Rosario
2026-09-06,05:00:11,701503000,GC77 GFO SAN MATIAS,Rosario
2026-09-06,05:00:11,7010004,,Rosario
2026-09-06,05:00:11,563151400,FRANCESCO,Rosario
2026-09-06,05:00:11,477754600,MAERSK VENEZIA,Rosario
2026-09-06,05:00:11,538006458,ODYSSEUS N,Rosario
2026-09-06,05:00:11,538010750,TOKYO SPIRIT,Rosario
2026-09-06,05:00:11,636024698,MC CALYPSO,Rosario
2026-09-06,05:00:11,755000020,AGUARA,Rosario
2026-09-06,05:00:11,352001142,GLORY FIRST,Rosario
2026-09-06,05:00:11,636024043,TG CRAB,Rosario
2026-09-06,05:00:11,701006443,,Rosario
2026-09-06,05:00:11,311000195,,Rosario
2026-09-06,05:00:11,563054100,MTM BIG APPLE,Rosario
2026-09-06,05:00:11,636023897,ANNELIESE,Rosario
2026-09-06,05:00:11,701006466,,Rosario
2026-09-06,05:00:11,538090690,LEONARDO,Rosario
2026-09-06,05:00:11,255916599,RANA,Rosario
2026-09-06,05:00:11,241624000,LEGEND,Rosario
2026-09-06,05:00:11,352006388,NORSE BORNHOLM,Rosario
2026-09-06,05:00:11,352006096,PALEXPO,Rosario
2026-09-06,05:00:11,538012594,KAPETANIOS,Rosario
2026-09-06,05:00:11,563163900,ANNA SCHULTE,Rosario
2026-09-06,05:00:11,355174000,APOGEE SPIRIT,Rosario
2026-09-06,05:00:11,701006396,VB RECOLETA,Rosario
2026-09-06,05:00:11,314952000,DSM HARBOUR,Rosario
2026-09-06,05:00:11,538008936,SOUND YOUNG,Rosario
2026-09-06,05:00:11,701001307,,Rosario
2026-09-06,05:00:11,341694002,H7 HSB5,Rosario
2026-09-06,05:00:11,755001797,PARAPITI.,Rosario
2026-09-06,05:00:11,538008779,LIVADI,Rosario
2026-09-06,05:00:11,720035000,CANTAGALLO,Rosario
2026-09-06,05:00:11,701006245,SAN JOSE V,Rosario
2026-09-06,05:00:11,755991013,PUMA,Rosario
2026-09-06,05:00:11,311001602,SAGA ANDORINHA,Rosario
2026-09-06,05:00:11,636025133,YAMI BENEFIT,Rosario
2026-09-06,05:00:11,636093258,EMMA JANNEKE,Rosario
2026-09-06,05:00:11,538008276,PORT IMABARI,Rosario
2026-09-06,05:00:11,357232000,YOZAN,Rosario
2026-09-06,05:00:11,538004184,BLACK PEARL,Rosario
2026-09-06,05:00:11,636015971,STOLT ZULU,Rosario
2026-09-06,05:00:11,538010532,DEANA,Rosario
2026-09-06,05:00:11,636023256,INGENUITY,Rosario
2026-09-06,05:00:11,701006926,FAVORITO SAN ANTONIO,Rosario
2026-09-06,05:00:11,755002470,DONA CARMEN,Rosario
2026-09-06,05:00:11,357458000,BULK ITALY,Rosario
2026-09-06,05:00:11,538004481,AGIA PARASKEVI,Rosario
2026-09-06,05:00:11,563234800,IVS DUNES,Rosario
2026-09-06,05:00:11,538011430,SOFIA,Rosario
2026-09-06,05:00:11,701001404,GUAZU PUCU,Rosario
2026-09-06,05:00:11,755049000,,DelGuazu
2026-09-06,05:00:11,720694000,IB LADARIO,DelGuazu
2026-09-06,05:00:11,755058000,CAP. JACKSON,DelGuazu
2026-09-06,05:00:11,755058000,,Braga
2026-09-06,05:00:11,701583000,,BellaVista
2026-09-06,05:00:11,755022000,R/E CAVALIER XI,BellaVista
2026-09-06,05:00:11,755048000,ITAPUA I,BellaVista
2026-09-06,05:00:11,755170000,DONA MARGIE,BellaVista
2026-09-06,05:00:11,755126000,LATERE,BellaVista
2026-09-06,05:00:11,755004318,NAUTIC TWIN,BellaVista
2026-09-06,05:00:11,755084000,RIO DE LA PLATA,BellaVista
2026-09-06,05:00:11,755122000,INQUEBRANTABLE,BellaVista
2026-09-06,05:00:11,755164000,BELEN B,BellaVista
2026-09-06,05:00:11,720687000,JAN CONNOR,BellaVista
2026-09-06,05:00:11,720985000,HB HYDRA,BellaVista
2026-09-06,05:00:11,755045000,BRUTUS H,BellaVista
2026-09-06,05:10:09,212977000,,SanLorenzo
2026-09-06,05:10:09,255915742,BOCHEM CASABLANCA,SanLorenzo
2026-09-06,05:10:09,477932500,ROSCO BANYAN,SanLorenzo
2026-09-06,05:10:09,701503000,GC77 GFO SAN MATIAS,SanLorenzo
2026-09-06,05:10:09,563151400,FRANCESCO,SanLorenzo
2026-09-06,05:10:09,563169800,RUBY,SanLorenzo
2026-09-06,05:10:09,538006458,ODYSSEUS N,SanLorenzo
2026-09-06,05:10:09,477754600,MAERSK VENEZIA,SanLorenzo
2026-09-06,05:10:09,538010750,TOKYO SPIRIT,SanLorenzo
2026-09-06,05:10:09,636024698,MC CALYPSO,SanLorenzo
2026-09-06,05:10:09,7010004,,SanLorenzo
2026-09-06,05:10:09,256685000,RODINA,SanLorenzo
2026-09-06,05:10:09,636024043,TG CRAB,SanLorenzo
2026-09-06,05:10:09,636093258,EMMA JANNEKE,SanLorenzo
2026-09-06,05:10:09,563054100,,SanLorenzo
2026-09-06,05:10:09,636023897,ANNELIESE,SanLorenzo
2026-09-06,05:10:09,257897000,BOW FIRDA,SanLorenzo
2026-09-06,05:10:09,351011000,OCEAN CROWN,SanLorenzo
2026-09-06,05:10:09,538006504,DANK SILVER,SanLorenzo
2026-09-06,05:10:09,538090690,LEONARDO,SanLorenzo
2026-09-06,05:10:09,255916599,RANA,SanLorenzo
2026-09-06,05:10:09,352004948,OBE UNITY,SanLorenzo
2026-09-06,05:10:09,241624000,LEGEND,SanLorenzo
2026-09-06,05:10:09,352006388,NORSE BORNHOLM,SanLorenzo
2026-09-06,05:10:09,352006096,PALEXPO,SanLorenzo
2026-09-06,05:10:09,563319600,,SanLorenzo
2026-09-06,05:10:09,538012594,KAPETANIOS,SanLorenzo
2026-09-06,05:10:09,538009801,HELIOS,SanLorenzo
2026-09-06,05:10:09,563163900,ANNA SCHULTE,SanLorenzo
2026-09-06,05:10:09,355174000,APOGEE SPIRIT,SanLorenzo
2026-09-06,05:10:09,538008936,SOUND YOUNG,SanLorenzo
2026-09-06,05:10:09,311000195,CS SARAFINA,SanLorenzo
2026-09-06,05:10:09,538010532,DEANA,SanLorenzo
2026-09-06,05:10:09,341694002,H7 HSB5,SanLorenzo
2026-09-06,05:10:09,352006380,,SanLorenzo
2026-09-06,05:10:09,755703668,URUTAU,SanLorenzo
2026-09-06,05:10:09,701006966,TIGRE,SanLorenzo
2026-09-06,05:10:09,538008779,LIVADI,SanLorenzo
2026-09-06,05:10:09,720035000,CANTAGALLO,SanLorenzo
2026-09-06,05:10:09,755991013,PUMA,SanLorenzo
2026-09-06,05:10:09,755177000,CABALLERO BLANCO.,SanLorenzo
2026-09-06,05:10:09,311001602,,SanLorenzo
2026-09-06,05:10:09,636015971,STOLT ZULU,SanLorenzo
2026-09-06,05:10:09,701006245,SAN JOSE V,SanLorenzo
2026-09-06,05:10:09,636025133,,SanLorenzo
2026-09-06,05:10:09,357232000,YOZAN,SanLorenzo
2026-09-06,05:10:09,538004184,BLACK PEARL,SanLorenzo
2026-09-06,05:10:09,636023256,INGENUITY,SanLorenzo
2026-09-06,05:10:09,701006926,FAVORITO SAN ANTONIO,SanLorenzo
2026-09-06,05:10:09,701001307,MAX DREAM,SanLorenzo
2026-09-06,05:10:09,755002470,DONA CARMEN,SanLorenzo
2026-09-06,05:10:09,636024379,STAR WESTPORT,SanLorenzo
2026-09-06,05:10:09,701001057,VALENTINA H,SanLorenzo
2026-09-06,05:10:09,710000019,HERACLITO FILHO,SanLorenzo
2026-09-06,05:10:09,357458000,BULK ITALY,SanLorenzo
2026-09-06,05:10:09,563234800,IVS DUNES,SanLorenzo
2026-09-06,05:10:09,538004481,AGIA PARASKEVI,SanLorenzo
2026-09-06,05:10:09,701006396,VB RECOLETA,SanLorenzo
2026-09-06,05:10:09,755001797,PARAPITI.,SanLorenzo
2026-09-06,05:10:09,701006443,MAYU,SanLorenzo
2026-09-06,05:10:09,701001404,GUAZU PUCU,SanLorenzo
2026-09-06,05:10:09,755000020,AGUARA,SanLorenzo
2026-09-06,05:10:09,755134000,LADOCE H,SanLorenzo
2026-09-06,05:10:09,311000195,CS SARAFINA,Rosario
2026-09-06,05:10:09,701006466,,Rosario
2026-09-06,05:10:09,538008276,PORT IMABARI,Rosario
2026-09-06,05:10:09,477932500,ROSCO BANYAN,Rosario
2026-09-06,05:10:09,701503000,GC77 GFO SAN MATIAS,Rosario
2026-09-06,05:10:09,563151400,FRANCESCO,Rosario
2026-09-06,05:10:09,538006458,ODYSSEUS N,Rosario
2026-09-06,05:10:09,477754600,MAERSK VENEZIA,Rosario
2026-09-06,05:10:09,538010750,TOKYO SPIRIT,Rosario
2026-09-06,05:10:09,636024698,MC CALYPSO,Rosario
2026-09-06,05:10:09,7010004,,Rosario
2026-09-06,05:10:09,256685000,RODINA,Rosario
2026-09-06,05:10:09,352001142,GLORY FIRST,Rosario
2026-09-06,05:10:09,636024043,TG CRAB,Rosario
2026-09-06,05:10:09,636093258,EMMA JANNEKE,Rosario
2026-09-06,05:10:09,563054100,MTM BIG APPLE,Rosario
2026-09-06,05:10:09,636023897,ANNELIESE,Rosario
2026-09-06,05:10:09,538090690,LEONARDO,Rosario
2026-09-06,05:10:09,255916599,RANA,Rosario
2026-09-06,05:10:09,710000019,,Rosario
2026-09-06,05:10:09,241624000,LEGEND,Rosario
2026-09-06,05:10:09,352006388,NORSE BORNHOLM,Rosario
2026-09-06,05:10:09,352006096,PALEXPO,Rosario
2026-09-06,05:10:09,538012594,KAPETANIOS,Rosario
2026-09-06,05:10:09,538009801,HELIOS,Rosario
2026-09-06,05:10:09,314952000,DSM HARBOUR,Rosario
2026-09-06,05:10:09,563163900,ANNA SCHULTE,Rosario
2026-09-06,05:10:09,355174000,APOGEE SPIRIT,Rosario
2026-09-06,05:10:09,538008936,SOUND YOUNG,Rosario
2026-09-06,05:10:09,538010532,DEANA,Rosario
2026-09-06,05:10:09,341694002,H7 HSB5,Rosario
2026-09-06,05:10:09,538008779,LIVADI,Rosario
2026-09-06,05:10:09,720035000,CANTAGALLO,Rosario
2026-09-06,05:10:09,755991013,PUMA,Rosario
2026-09-06,05:10:09,636015971,STOLT ZULU,Rosario
2026-09-06,05:10:09,311001602,SAGA ANDORINHA,Rosario
2026-09-06,05:10:09,701006245,SAN JOSE V,Rosario
2026-09-06,05:10:09,636025133,YAMI BENEFIT,Rosario
2026-09-06,05:10:09,357232000,YOZAN,Rosario
2026-09-06,05:10:09,636023256,INGENUITY,Rosario
2026-09-06,05:10:09,538004184,BLACK PEARL,Rosario
2026-09-06,05:10:09,701006926,FAVORITO SAN ANTONIO,Rosario
2026-09-06,05:10:09,701001307,MAX DREAM,Rosario
2026-09-06,05:10:09,755002470,DONA CARMEN,Rosario
2026-09-06,05:10:09,636024379,STAR WESTPORT,Rosario
2026-09-06,05:10:09,357458000,BULK ITALY,Rosario
2026-09-06,05:10:09,563234800,IVS DUNES,Rosario
2026-09-06,05:10:09,538004481,AGIA PARASKEVI,Rosario
2026-09-06,05:10:09,352006380,,Rosario
2026-09-06,05:10:09,755001797,PARAPITI.,Rosario
2026-09-06,05:10:09,701006396,VB RECOLETA,Rosario
2026-09-06,05:10:09,701001404,GUAZU PUCU,Rosario
2026-09-06,05:10:09,755000020,AGUARA,Rosario
2026-09-06,05:10:09,720694000,IB LADARIO,DelGuazu
2026-09-06,05:10:09,755058000,CAP. JACKSON,DelGuazu
2026-09-06,05:10:09,720694000,,Braga
2026-09-06,05:10:09,755058000,,Braga
2026-09-06,05:10:09,720687000,JAN CONNOR,BellaVista
2026-09-06,05:10:09,755004318,NAUTIC TWIN,BellaVista
2026-09-06,05:10:09,755048000,ITAPUA I,BellaVista
2026-09-06,05:10:09,755170000,DONA MARGIE,BellaVista
2026-09-06,05:10:09,755022000,R/E CAVALIER XI,BellaVista
2026-09-06,05:10:09,755122000,INQUEBRANTABLE,BellaVista
2026-09-06,05:10:09,755164000,BELEN B,BellaVista
2026-09-06,05:10:09,755201114,AGUILUCHO,BellaVista
2026-09-06,05:10:09,720985000,HB HYDRA,BellaVista
2026-09-06,05:10:09,755045000,BRUTUS H,BellaVista
2026-09-06,05:20:09,538010750,TOKYO SPIRIT,SanLorenzo
2026-09-06,05:20:09,636024043,TG CRAB,SanLorenzo
2026-09-06,05:20:09,701006283,,SanLorenzo
2026-09-06,05:20:09,563054100,,SanLorenzo
2026-09-06,05:20:09,314952000,,SanLorenzo
2026-09-06,05:20:09,477932500,ROSCO BANYAN,SanLorenzo
2026-09-06,05:20:09,255915742,BOCHEM CASABLANCA,SanLorenzo
2026-09-06,05:20:09,701503000,GC77 GFO SAN MATIAS,SanLorenzo
2026-09-06,05:20:09,563169800,RUBY,SanLorenzo
2026-09-06,05:20:09,563151400,FRANCESCO,SanLorenzo
2026-09-06,05:20:09,538006458,ODYSSEUS N,SanLorenzo
2026-09-06,05:20:09,477754600,MAERSK VENEZIA,SanLorenzo
2026-09-06,05:20:09,538004184,BLACK PEARL,SanLorenzo
2026-09-06,05:20:09,7010004,,SanLorenzo
2026-09-06,05:20:09,256685000,RODINA,SanLorenzo
2026-09-06,05:20:09,636093258,EMMA JANNEKE,SanLorenzo
2026-09-06,05:20:09,636023897,ANNELIESE,SanLorenzo
2026-09-06,05:20:09,351011000,OCEAN CROWN,SanLorenzo
2026-09-06,05:20:09,257897000,,SanLorenzo
2026-09-06,05:20:09,538010532,DEANA,SanLorenzo
2026-09-06,05:20:09,538006504,DANK SILVER,SanLorenzo
2026-09-06,05:20:09,255916599,RANA,SanLorenzo
2026-09-06,05:20:09,538090690,LEONARDO,SanLorenzo
2026-09-06,05:20:09,241624000,LEGEND,SanLorenzo
2026-09-06,05:20:09,352004948,OBE UNITY,SanLorenzo
2026-09-06,05:20:09,352006388,NORSE BORNHOLM,SanLorenzo
2026-09-06,05:20:09,352006096,PALEXPO,SanLorenzo
2026-09-06,05:20:09,212977000,,SanLorenzo
2026-09-06,05:20:09,538012594,KAPETANIOS,SanLorenzo
2026-09-06,05:20:09,538009801,HELIOS,SanLorenzo
2026-09-06,05:20:09,563163900,ANNA SCHULTE,SanLorenzo
2026-09-06,05:20:09,355174000,APOGEE SPIRIT,SanLorenzo
2026-09-06,05:20:09,538008936,SOUND YOUNG,SanLorenzo
2026-09-06,05:20:09,357458000,BULK ITALY,SanLorenzo
2026-09-06,05:20:09,352006380,,SanLorenzo
2026-09-06,05:20:09,341694002,H7 HSB5,SanLorenzo
2026-09-06,05:20:09,538008779,LIVADI,SanLorenzo
2026-09-06,05:20:09,701006966,TIGRE,SanLorenzo
2026-09-06,05:20:09,755000020,AGUARA,SanLorenzo
2026-09-06,05:20:09,720035000,CANTAGALLO,SanLorenzo
2026-09-06,05:20:09,755177000,CABALLERO BLANCO.,SanLorenzo
2026-09-06,05:20:09,755991013,PUMA,SanLorenzo
2026-09-06,05:20:09,701006245,SAN JOSE V,SanLorenzo
2026-09-06,05:20:09,357232000,YOZAN,SanLorenzo
2026-09-06,05:20:09,636015971,STOLT ZULU,SanLorenzo
2026-09-06,05:20:09,701001307,MAX DREAM,SanLorenzo
2026-09-06,05:20:09,701006926,FAVORITO SAN ANTONIO,SanLorenzo
2026-09-06,05:20:09,701001404,GUAZU PUCU,SanLorenzo
2026-09-06,05:20:09,636024379,STAR WESTPORT,SanLorenzo
2026-09-06,05:20:09,755002470,DONA CARMEN,SanLorenzo
2026-09-06,05:20:09,636023256,INGENUITY,SanLorenzo
2026-09-06,05:20:09,311000195,CS SARAFINA,SanLorenzo
2026-09-06,05:20:09,701001057,VALENTINA H,SanLorenzo
2026-09-06,05:20:09,755001797,PARAPITI.,SanLorenzo
2026-09-06,05:20:09,710000019,HERACLITO FILHO,SanLorenzo
2026-09-06,05:20:09,755703668,URUTAU,SanLorenzo
2026-09-06,05:20:09,538004481,AGIA PARASKEVI,SanLorenzo
2026-09-06,05:20:09,563234800,IVS DUNES,SanLorenzo
2026-09-06,05:20:09,755004326,OLIMPO,SanLorenzo
2026-09-06,05:20:09,701006443,MAYU,SanLorenzo
2026-09-06,05:20:09,701006396,VB RECOLETA,SanLorenzo
2026-09-06,05:20:09,755134000,LADOCE H,SanLorenzo
2026-09-06,05:20:09,563054100,MTM BIG APPLE,Rosario
2026-09-06,05:20:09,538008779,LIVADI,Rosario
2026-09-06,05:20:09,538009801,HELIOS,Rosario
2026-09-06,05:20:09,701006466,,Rosario
2026-09-06,05:20:09,477932500,ROSCO BANYAN,Rosario
2026-09-06,05:20:09,352006380,CL KIBOU,Rosario
2026-09-06,05:20:09,701503000,GC77 GFO SAN MATIAS,Rosario
2026-09-06,05:20:09,563151400,FRANCESCO,Rosario
2026-09-06,05:20:09,538006458,ODYSSEUS N,Rosario
2026-09-06,05:20:09,477754600,MAERSK VENEZIA,Rosario
2026-09-06,05:20:09,538010750,TOKYO SPIRIT,Rosario
2026-09-06,05:20:09,7010004,,Rosario
2026-09-06,05:20:09,256685000,RODINA,Rosario
2026-09-06,05:20:09,352001142,GLORY FIRST,Rosario
2026-09-06,05:20:09,636024043,TG CRAB,Rosario
2026-09-06,05:20:09,755001797,PARAPITI.,Rosario
2026-09-06,05:20:09,636093258,EMMA JANNEKE,Rosario
2026-09-06,05:20:09,636023897,ANNELIESE,Rosario
2026-09-06,05:20:09,710000019,,Rosario
2026-09-06,05:20:09,755991013,PUMA,Rosario
2026-09-06,05:20:09,538010532,DEANA,Rosario
2026-09-06,05:20:09,755000020,AGUARA,Rosario
2026-09-06,05:20:09,255916599,RANA,Rosario
2026-09-06,05:20:09,538090690,LEONARDO,Rosario
2026-09-06,05:20:09,314952000,DSM HARBOUR,Rosario
2026-09-06,05:20:09,241624000,LEGEND,Rosario
2026-09-06,05:20:09,701006396,VB RECOLETA,Rosario
2026-09-06,05:20:09,352006388,NORSE BORNHOLM,Rosario
2026-09-06,05:20:09,352006096,PALEXPO,Rosario
2026-09-06,05:20:09,538012594,KAPETANIOS,Rosario
2026-09-06,05:20:09,701006245,SAN JOSE V,Rosario
2026-09-06,05:20:09,701001307,MAX DREAM,Rosario
2026-09-06,05:20:09,701006679,COOPOR ESTIBADOR I,Rosario
2026-09-06,05:20:09,563163900,ANNA SCHULTE,Rosario
2026-09-06,05:20:09,355174000,APOGEE SPIRIT,Rosario
2026-09-06,05:20:09,538008936,SOUND YOUNG,Rosario
2026-09-06,05:20:09,341694002,H7 HSB5,Rosario
2026-09-06,05:20:09,720035000,CANTAGALLO,Rosario
2026-09-06,05:20:09,311001602,SAGA ANDORINHA,Rosario
2026-09-06,05:20:09,636015971,STOLT ZULU,Rosario
2026-09-06,05:20:09,357232000,YOZAN,Rosario
2026-09-06,05:20:09,538004184,BLACK PEARL,Rosario
2026-09-06,05:20:09,636023256,INGENUITY,Rosario
2026-09-06,05:20:09,701006926,FAVORITO SAN ANTONIO,Rosario
2026-09-06,05:20:09,701001404,GUAZU PUCU,Rosario
2026-09-06,05:20:09,636024379,STAR WESTPORT,Rosario
2026-09-06,05:20:09,755002470,DONA CARMEN,Rosario
2026-09-06,05:20:09,538004481,AGIA PARASKEVI,Rosario
2026-09-06,05:20:09,357458000,BULK ITALY,Rosario
2026-09-06,05:20:09,563234800,IVS DUNES,Rosario
2026-09-06,05:20:09,701006685,AZALEA,DelGuazu
2026-09-06,05:20:09,720694000,IB LADARIO,DelGuazu
2026-09-06,05:20:09,755058000,CAP. JACKSON,DelGuazu
2026-09-06,05:20:09,755058000,,Braga
2026-09-06,05:20:09,720694000,,Braga
2026-09-06,05:20:09,701006685,,Braga
2026-09-06,05:20:09,701583000,,BellaVista
2026-09-06,05:20:09,720985000,HB HYDRA,BellaVista
2026-09-06,05:20:09,755003609,DONA ELVIRA,BellaVista
2026-09-06,05:20:09,755004318,NAUTIC TWIN,BellaVista
2026-09-06,05:20:09,755122000,INQUEBRANTABLE,BellaVista
2026-09-06,05:20:09,755022000,R/E CAVALIER XI,BellaVista
2026-09-06,05:20:09,755201114,AGUILUCHO,BellaVista
2026-09-06,05:20:09,755045000,BRUTUS H,BellaVista
2026-09-06,05:20:09,755048000,ITAPUA I,BellaVista
2026-09-06,05:20:09,755170000,DONA MARGIE,BellaVista
2026-09-06,05:20:09,755126000,LATERE,BellaVista
2026-09-06,05:20:09,755164000,BELEN B,BellaVista
2026-09-06,05:30:11,212977000,,SanLorenzo
2026-09-06,05:30:11,255915742,BOCHEM CASABLANCA,SanLorenzo
2026-09-06,05:30:11,477754600,MAERSK VENEZIA,SanLorenzo
2026-09-06,05:30:11,563054100,MTM BIG APPLE,SanLorenzo
2026-09-06,05:30:11,477932500,ROSCO BANYAN,SanLorenzo
2026-09-06,05:30:11,701503000,GC77 GFO SAN MATIAS,SanLorenzo
2026-09-06,05:30:11,563169800,RUBY,SanLorenzo
2026-09-06,05:30:11,563151400,FRANCESCO,SanLorenzo
2026-09-06,05:30:11,538006458,ODYSSEUS N,SanLorenzo
2026-09-06,05:30:11,538010750,TOKYO SPIRIT,SanLorenzo
2026-09-06,05:30:11,636024698,MC CALYPSO,SanLorenzo
2026-09-06,05:30:11,256685000,RODINA,SanLorenzo
2026-09-06,05:30:11,7010004,,SanLorenzo
2026-09-06,05:30:11,636024043,TG CRAB,SanLorenzo
2026-09-06,05:30:11,636093258,EMMA JANNEKE,SanLorenzo
2026-09-06,05:30:11,636023897,ANNELIESE,SanLorenzo
2026-09-06,05:30:11,351011000,OCEAN CROWN,SanLorenzo
2026-09-06,05:30:11,257897000,BOW FIRDA,SanLorenzo
2026-09-06,05:30:11,538010532,DEANA,SanLorenzo
2026-09-06,05:30:11,538006504,DANK SILVER,SanLorenzo
2026-09-06,05:30:11,538090690,LEONARDO,SanLorenzo
2026-09-06,05:30:11,255916599,RANA,SanLorenzo
2026-09-06,05:30:11,241624000,LEGEND,SanLorenzo
2026-09-06,05:30:11,352004948,OBE UNITY,SanLorenzo
2026-09-06,05:30:11,701006966,TIGRE,SanLorenzo
2026-09-06,05:30:11,352006388,NORSE BORNHOLM,SanLorenzo
2026-09-06,05:30:11,352006096,PALEXPO,SanLorenzo
2026-09-06,05:30:11,538012594,KAPETANIOS,SanLorenzo
2026-09-06,05:30:11,538009801,HELIOS,SanLorenzo
2026-09-06,05:30:11,563163900,ANNA SCHULTE,SanLorenzo
2026-09-06,05:30:11,355174000,APOGEE SPIRIT,SanLorenzo
2026-09-06,05:30:11,710000019,HERACLITO FILHO,SanLorenzo
2026-09-06,05:30:11,538008936,SOUND YOUNG,SanLorenzo
2026-09-06,05:30:11,755032000,,SanLorenzo
2026-09-06,05:30:11,341694002,H7 HSB5,SanLorenzo
2026-09-06,05:30:11,538008779,LIVADI,SanLorenzo
2026-09-06,05:30:11,720035000,CANTAGALLO,SanLorenzo
2026-09-06,05:30:11,636025133,YAMI BENEFIT,SanLorenzo
2026-09-06,05:30:11,701006245,SAN JOSE V,SanLorenzo
2026-09-06,05:30:11,755991013,PUMA,SanLorenzo
2026-09-06,05:30:11,755177000,CABALLERO BLANCO.,SanLorenzo
2026-09-06,05:30:11,636015971,STOLT ZULU,SanLorenzo
2026-09-06,05:30:11,357232000,YOZAN,SanLorenzo
2026-09-06,05:30:11,701006926,FAVORITO SAN ANTONIO,SanLorenzo
2026-09-06,05:30:11,701001404,GUAZU PUCU,SanLorenzo
2026-09-06,05:30:11,755002470,DONA CARMEN,SanLorenzo
2026-09-06,05:30:11,701001307,MAX DREAM,SanLorenzo
2026-09-06,05:30:11,538004481,AGIA PARASKEVI,SanLorenzo
2026-09-06,05:30:11,357458000,BULK ITALY,SanLorenzo
2026-09-06,05:30:11,563234800,IVS DUNES,SanLorenzo
2026-09-06,05:30:11,701006396,VB RECOLETA,SanLorenzo
2026-09-06,05:30:11,636023256,INGENUITY,SanLorenzo
2026-09-06,05:30:11,311000195,CS SARAFINA,SanLorenzo
2026-09-06,05:30:11,636024379,STAR WESTPORT,SanLorenzo
2026-09-06,05:30:11,755703668,URUTAU,SanLorenzo
2026-09-06,05:30:11,755001797,PARAPITI.,SanLorenzo
2026-09-06,05:30:11,755134000,LADOCE H,SanLorenzo
2026-09-06,05:30:11,755000020,AGUARA,SanLorenzo
2026-09-06,05:30:11,701006466,,Rosario
2026-09-06,05:30:11,701001307,MAX DREAM,Rosario
2026-09-06,05:30:11,710000019,,Rosario
2026-09-06,05:30:11,477932500,ROSCO BANYAN,Rosario
2026-09-06,05:30:11,701503000,GC77 GFO SAN MATIAS,Rosario
2026-09-06,05:30:11,563151400,FRANCESCO,Rosario
2026-09-06,05:30:11,477754600,MAERSK VENEZIA,Rosario
2026-09-06,05:30:11,538006458,ODYSSEUS N,Rosario
2026-09-06,05:30:11,636024698,MC CALYPSO,Rosario
2026-09-06,05:30:11,538010750,TOKYO SPIRIT,Rosario
2026-09-06,05:30:11,7010004,,Rosario
2026-09-06,05:30:11,352001142,GLORY FIRST,Rosario
2026-09-06,05:30:11,636024043,TG CRAB,Rosario
2026-09-06,05:30:11,636093258,EMMA JANNEKE,Rosario
2026-09-06,05:30:11,636023897,ANNELIESE,Rosario
2026-09-06,05:30:11,538010532,DEANA,Rosario
2026-09-06,05:30:11,538090690,LEONARDO,Rosario
2026-09-06,05:30:11,255916599,RANA,Rosario
2026-09-06,05:30:11,241624000,LEGEND,Rosario
2026-09-06,05:30:11,352006388,NORSE BORNHOLM,Rosario
2026-09-06,05:30:11,563234800,IVS DUNES,Rosario
2026-09-06,05:30:11,352006096,PALEXPO,Rosario
2026-09-06,05:30:11,538012594,KAPETANIOS,Rosario
2026-09-06,05:30:11,538009801,HELIOS,Rosario
2026-09-06,05:30:11,563163900,ANNA SCHULTE,Rosario
2026-09-06,05:30:11,355174000,APOGEE SPIRIT,Rosario
2026-09-06,05:30:11,538008936,SOUND YOUNG,Rosario
2026-09-06,05:30:11,341694002,H7 HSB5,Rosario
2026-09-06,05:30:11,755001797,PARAPITI.,Rosario
2026-09-06,05:30:11,538008779,LIVADI,Rosario
2026-09-06,05:30:11,701006396,VB RECOLETA,Rosario
2026-09-06,05:30:11,720035000,CANTAGALLO,Rosario
2026-09-06,05:30:11,636025133,YAMI BENEFIT,Rosario
2026-09-06,05:30:11,701006245,SAN JOSE V,Rosario
2026-09-06,05:30:11,311001602,SAGA ANDORINHA,Rosario
2026-09-06,05:30:11,755991013,PUMA,Rosario
2026-09-06,05:30:11,636015971,STOLT ZULU,Rosario
2026-09-06,05:30:11,538004184,BLACK PEARL,Rosario
2026-09-06,05:30:11,357232000,YOZAN,Rosario
2026-09-06,05:30:11,314952000,DSM HARBOUR,Rosario
2026-09-06,05:30:11,636023256,INGENUITY,Rosario
2026-09-06,05:30:11,636024379,STAR WESTPORT,Rosario
2026-09-06,05:30:11,701006926,FAVORITO SAN ANTONIO,Rosario
2026-09-06,05:30:11,701001404,GUAZU PUCU,Rosario
2026-09-06,05:30:11,755002470,DONA CARMEN,Rosario
2026-09-06,05:30:11,538004481,AGIA PARASKEVI,Rosario
2026-09-06,05:30:11,357458000,BULK ITALY,Rosario
2026-09-06,05:30:11,352006380,CL KIBOU,Rosario
2026-09-06,05:30:11,755000020,AGUARA,Rosario
2026-09-06,05:30:11,636015600,F. F GLORY,DelGuazu
2026-09-06,05:30:11,701006685,AZALEA,DelGuazu
2026-09-06,05:30:11,755058000,CAP. JACKSON,DelGuazu
2026-09-06,05:30:11,720694000,IB LADARIO,DelGuazu
2026-09-06,05:30:11,701006685,AZALEA,Braga
2026-09-06,05:30:11,720694000,,Braga
2026-09-06,05:30:11,755058000,,Braga
2026-09-06,05:30:11,701583000,GC70 RI0 DE LA PLATA,BellaVista
2026-09-06,05:30:11,755122000,INQUEBRANTABLE,BellaVista
2026-09-06,05:30:11,755201114,AGUILUCHO,BellaVista
2026-09-06,05:30:11,720985000,HB HYDRA,BellaVista
2026-09-06,05:30:11,720687000,JAN CONNOR,BellaVista
2026-09-06,05:30:11,755004318,NAUTIC TWIN,BellaVista
2026-09-06,05:30:11,755022000,R/E CAVALIER XI,BellaVista
2026-09-06,05:30:11,755045000,BRUTUS H,BellaVista
2026-09-06,05:30:11,755048000,ITAPUA I,BellaVista
2026-09-06,05:30:11,755170000,DONA MARGIE,BellaVista
2026-09-06,05:30:11,755126000,LATERE,BellaVista
2026-09-06,05:30:11,755164000,BELEN B,BellaVista
2026-09-06,05:40:10,314952000,,SanLorenzo
2026-09-06,05:40:10,755032000,,SanLorenzo
2026-09-06,05:40:10,538011430,SOFIA,SanLorenzo
2026-09-06,05:40:10,477932500,ROSCO BANYAN,SanLorenzo
2026-09-06,05:40:10,255915742,BOCHEM CASABLANCA,SanLorenzo
2026-09-06,05:40:10,701503000,GC77 GFO SAN MATIAS,SanLorenzo
2026-09-06,05:40:10,538006458,ODYSSEUS N,SanLorenzo
2026-09-06,05:40:10,563151400,FRANCESCO,SanLorenzo
2026-09-06,05:40:10,477754600,MAERSK VENEZIA,SanLorenzo
2026-09-06,05:40:10,538010750,TOKYO SPIRIT,SanLorenzo
2026-09-06,05:40:10,636024698,MC CALYPSO,SanLorenzo
2026-09-06,05:40:10,256685000,RODINA,SanLorenzo
2026-09-06,05:40:10,7010004,,SanLorenzo
2026-09-06,05:40:10,352001142,,SanLorenzo
2026-09-06,05:40:10,636024043,TG CRAB,SanLorenzo
2026-09-06,05:40:10,636093258,EMMA JANNEKE,SanLorenzo
2026-09-06,05:40:10,563054100,MTM BIG APPLE,SanLorenzo
2026-09-06,05:40:10,636023897,ANNELIESE,SanLorenzo
2026-09-06,05:40:10,311000195,CS SARAFINA,SanLorenzo
2026-09-06,05:40:10,351011000,OCEAN CROWN,SanLorenzo
2026-09-06,05:40:10,257897000,BOW FIRDA,SanLorenzo
2026-09-06,05:40:10,538010532,DEANA,SanLorenzo
2026-09-06,05:40:10,538006504,DANK SILVER,SanLorenzo
2026-09-06,05:40:10,538090690,LEONARDO,SanLorenzo
2026-09-06,05:40:10,255916599,RANA,SanLorenzo
2026-09-06,05:40:10,241624000,LEGEND,SanLorenzo
2026-09-06,05:40:10,352004948,OBE UNITY,SanLorenzo
2026-09-06,05:40:10,352006388,NORSE BORNHOLM,SanLorenzo
2026-09-06,05:40:10,352006096,PALEXPO,SanLorenzo
2026-09-06,05:40:10,538012594,KAPETANIOS,SanLorenzo
2026-09-06,05:40:10,538009801,HELIOS,SanLorenzo
2026-09-06,05:40:10,355174000,APOGEE SPIRIT,SanLorenzo
2026-09-06,05:40:10,563163900,ANNA SCHULTE,SanLorenzo
2026-09-06,05:40:10,538008936,SOUND YOUNG,SanLorenzo
2026-09-06,05:40:10,701001307,MAX DREAM,SanLorenzo
2026-09-06,05:40:10,341694002,H7 HSB5,SanLorenzo
2026-09-06,05:40:10,563234800,IVS DUNES,SanLorenzo
2026-09-06,05:40:10,352006380,,SanLorenzo
2026-09-06,05:40:10,701006966,TIGRE,SanLorenzo
2026-09-06,05:40:10,755001797,PARAPITI.,SanLorenzo
2026-09-06,05:40:10,755004326,OLIMPO,SanLorenzo
2026-09-06,05:40:10,538008779,LIVADI,SanLorenzo
2026-09-06,05:40:10,755134000,LADOCE H,SanLorenzo
2026-09-06,05:40:10,701006443,MAYU,SanLorenzo
2026-09-06,05:40:10,755000020,AGUARA,SanLorenzo
2026-09-06,05:40:10,755991013,PUMA,SanLorenzo
2026-09-06,05:40:10,311001602,,SanLorenzo
2026-09-06,05:40:10,720035000,CANTAGALLO,SanLorenzo
2026-09-06,05:40:10,701006245,SAN JOSE V,SanLorenzo
2026-09-06,05:40:10,636025133,YAMI BENEFIT,SanLorenzo
2026-09-06,05:40:10,636015971,STOLT ZULU,SanLorenzo
2026-09-06,05:40:10,357232000,YOZAN,SanLorenzo
2026-09-06,05:40:10,755177000,CABALLERO BLANCO.,SanLorenzo
2026-09-06,05:40:10,636023256,INGENUITY,SanLorenzo
2026-09-06,05:40:10,636024379,STAR WESTPORT,SanLorenzo
2026-09-06,05:40:10,701006926,FAVORITO SAN ANTONIO,SanLorenzo
2026-09-06,05:40:10,755002470,DONA CARMEN,SanLorenzo
2026-09-06,05:40:10,563169800,RUBY,SanLorenzo
2026-09-06,05:40:10,710000019,HERACLITO FILHO,SanLorenzo
2026-09-06,05:40:10,701001404,GUAZU PUCU,SanLorenzo
2026-09-06,05:40:10,357458000,BULK ITALY,SanLorenzo
2026-09-06,05:40:10,755703668,URUTAU,SanLorenzo
2026-09-06,05:40:10,538004481,AGIA PARASKEVI,SanLorenzo
2026-09-06,05:40:10,701006396,VB RECOLETA,SanLorenzo
2026-09-06,05:40:10,314952000,DSM HARBOUR,Rosario
2026-09-06,05:40:10,212977000,,Rosario
2026-09-06,05:40:10,563163900,ANNA SCHULTE,Rosario
2026-09-06,05:40:10,341694002,H7 HSB5,Rosario
2026-09-06,05:40:10,477932500,ROSCO BANYAN,Rosario
2026-09-06,05:40:10,701503000,GC77 GFO SAN MATIAS,Rosario
2026-09-06,05:40:10,563151400,FRANCESCO,Rosario
2026-09-06,05:40:10,538006458,ODYSSEUS N,Rosario
2026-09-06,05:40:10,477754600,MAERSK VENEZIA,Rosario
2026-09-06,05:40:10,636024698,MC CALYPSO,Rosario
2026-09-06,05:40:10,538010750,TOKYO SPIRIT,Rosario
2026-09-06,05:40:10,256685000,RODINA,Rosario
2026-09-06,05:40:10,7010004,,Rosario
2026-09-06,05:40:10,352001142,GLORY FIRST,Rosario
2026-09-06,05:40:10,636024043,TG CRAB,Rosario
2026-09-06,05:40:10,636093258,EMMA JANNEKE,Rosario
2026-09-06,05:40:10,563054100,MTM BIG APPLE,Rosario
2026-09-06,05:40:10,636023897,ANNELIESE,Rosario
2026-09-06,05:40:10,538010532,DEANA,Rosario
2026-09-06,05:40:10,538090690,LEONARDO,Rosario
2026-09-06,05:40:10,255916599,RANA,Rosario
2026-09-06,05:40:10,538004184,BLACK PEARL,Rosario
2026-09-06,05:40:10,241624000,LEGEND,Rosario
2026-09-06,05:40:10,352006388,NORSE BORNHOLM,Rosario
2026-09-06,05:40:10,701001307,MAX DREAM,Rosario
2026-09-06,05:40:10,710000019,,Rosario
2026-09-06,05:40:10,352006096,PALEXPO,Rosario
2026-09-06,05:40:10,538012594,KAPETANIOS,Rosario
2026-09-06,05:40:10,538009801,HELIOS,Rosario
2026-09-06,05:40:10,755991013,PUMA,Rosario
2026-09-06,05:40:10,355174000,APOGEE SPIRIT,Rosario
2026-09-06,05:40:10,701006396,VB RECOLETA,Rosario
2026-09-06,05:40:10,755000020,AGUARA,Rosario
2026-09-06,05:40:10,538008936,SOUND YOUNG,Rosario
2026-09-06,05:40:10,352006380,CL KIBOU,Rosario
2026-09-06,05:40:10,538008779,LIVADI,Rosario
2026-09-06,05:40:10,311001602,SAGA ANDORINHA,Rosario
2026-09-06,05:40:10,701006245,SAN JOSE V,Rosario
2026-09-06,05:40:10,636015971,STOLT ZULU,Rosario
2026-09-06,05:40:10,636025133,YAMI BENEFIT,Rosario
2026-09-06,05:40:10,357232000,YOZAN,Rosario
2026-09-06,05:40:10,636023256,INGENUITY,Rosario
2026-09-06,05:40:10,636024379,STAR WESTPORT,Rosario
2026-09-06,05:40:10,701006926,FAVORITO SAN ANTONIO,Rosario
2026-09-06,05:40:10,755002470,DONA CARMEN,Rosario
2026-09-06,05:40:10,701006679,COOPOR ESTIBADOR I,Rosario
2026-09-06,05:40:10,701001404,GUAZU PUCU,Rosario
2026-09-06,05:40:10,357458000,BULK ITALY,Rosario
2026-09-06,05:40:10,538004481,AGIA PARASKEVI,Rosario
2026-09-06,05:40:10,563234800,IVS DUNES,Rosario
2026-09-06,05:40:10,755001797,PARAPITI.,Rosario
2026-09-06,05:40:10,720035000,CANTAGALLO,Rosario
2026-09-06,05:40:10,636015600,F. F GLORY,DelGuazu
2026-09-06,05:40:10,701006685,AZALEA,DelGuazu
2026-09-06,05:40:10,720694000,IB LADARIO,DelGuazu
2026-09-06,05:40:10,755058000,CAP. JACKSON,DelGuazu
2026-09-06,05:40:10,755058000,,Braga
2026-09-06,05:40:10,701006685,AZALEA,Braga
2026-09-06,05:40:10,701583000,GC70 RI0 DE LA PLATA,BellaVista
2026-09-06,05:40:10,720985000,HB HYDRA,BellaVista
2026-09-06,05:40:10,755004318,NAUTIC TWIN,BellaVista
2026-09-06,05:40:10,755022000,R/E CAVALIER XI,BellaVista
2026-09-06,05:40:10,755122000,INQUEBRANTABLE,BellaVista
2026-09-06,05:40:10,755201114,AGUILUCHO,BellaVista
2026-09-06,05:40:10,755136000,IMPALA LADARIO,BellaVista
2026-09-06,05:40:10,720687000,JAN CONNOR,BellaVista
2026-09-06,05:40:10,755045000,BRUTUS H,BellaVista
2026-09-06,05:40:10,755048000,ITAPUA I,BellaVista
2026-09-06,05:40:10,755170000,DONA MARGIE,BellaVista
2026-09-06,05:40:10,755126000,LATERE,BellaVista
2026-09-06,05:40:10,755084000,RIO DE LA PLATA,BellaVista
2026-09-06,05:40:10,755164000,BELEN B,BellaVista
2026-09-06,05:50:09,212977000,,SanLorenzo
2026-09-06,05:50:09,352006380,,SanLorenzo
2026-09-06,05:50:09,701006283,,SanLorenzo
2026-09-06,05:50:09,477932500,ROSCO BANYAN,SanLorenzo
2026-09-06,05:50:09,255915742,BOCHEM CASABLANCA,SanLorenzo
2026-09-06,05:50:09,701503000,GC77 GFO SAN MATIAS,SanLorenzo
2026-09-06,05:50:09,563151400,FRANCESCO,SanLorenzo
2026-09-06,05:50:09,538006458,ODYSSEUS N,SanLorenzo
2026-09-06,05:50:09,477754600,MAERSK VENEZIA,SanLorenzo
2026-09-06,05:50:09,538010750,TOKYO SPIRIT,SanLorenzo
2026-09-06,05:50:09,311000195,CS SARAFINA,SanLorenzo
2026-09-06,05:50:09,7010004,,SanLorenzo
2026-09-06,05:50:09,256685000,RODINA,SanLorenzo
2026-09-06,05:50:09,636024043,TG CRAB,SanLorenzo
2026-09-06,05:50:09,636093258,EMMA JANNEKE,SanLorenzo
2026-09-06,05:50:09,563054100,MTM BIG APPLE,SanLorenzo
2026-09-06,05:50:09,636023897,ANNELIESE,SanLorenzo
2026-09-06,05:50:09,351011000,OCEAN CROWN,SanLorenzo
2026-09-06,05:50:09,257897000,BOW FIRDA,SanLorenzo
2026-09-06,05:50:09,538010532,DEANA,SanLorenzo
2026-09-06,05:50:09,701001307,MAX DREAM,SanLorenzo
2026-09-06,05:50:09,538006504,DANK SILVER,SanLorenzo
2026-09-06,05:50:09,538090690,LEONARDO,SanLorenzo
2026-09-06,05:50:09,255916599,RANA,SanLorenzo
2026-09-06,05:50:09,241624000,LEGEND,SanLorenzo
2026-09-06,05:50:09,352004948,OBE UNITY,SanLorenzo
2026-09-06,05:50:09,352006388,NORSE BORNHOLM,SanLorenzo
2026-09-06,05:50:09,352006096,PALEXPO,SanLorenzo
2026-09-06,05:50:09,538012594,KAPETANIOS,SanLorenzo
2026-09-06,05:50:09,355174000,APOGEE SPIRIT,SanLorenzo
2026-09-06,05:50:09,563163900,ANNA SCHULTE,SanLorenzo
2026-09-06,05:50:09,538009801,HELIOS,SanLorenzo
2026-09-06,05:50:09,720035000,CANTAGALLO,SanLorenzo
2026-09-06,05:50:09,538008936,SOUND YOUNG,SanLorenzo
2026-09-06,05:50:09,341694002,H7 HSB5,SanLorenzo
2026-09-06,05:50:09,701006966,TIGRE,SanLorenzo
2026-09-06,05:50:09,563234800,IVS DUNES,SanLorenzo
2026-09-06,05:50:09,538008779,LIVADI,SanLorenzo
2026-09-06,05:50:09,720946000,DON KASBERGEN,SanLorenzo
2026-09-06,05:50:09,636024698,MC CALYPSO,SanLorenzo
2026-09-06,05:50:09,755177000,CABALLERO BLANCO.,SanLorenzo
2026-09-06,05:50:09,636025133,YAMI BENEFIT,SanLorenzo
2026-09-06,05:50:09,701006245,SAN JOSE V,SanLorenzo
2026-09-06,05:50:09,755991013,PUMA,SanLorenzo
2026-09-06,05:50:09,357232000,YOZAN,SanLorenzo
2026-09-06,05:50:09,701006926,FAVORITO SAN ANTONIO,SanLorenzo
2026-09-06,05:50:09,636015971,STOLT ZULU,SanLorenzo
2026-09-06,05:50:09,710000019,HERACLITO FILHO,SanLorenzo
2026-09-06,05:50:09,701001404,GUAZU PUCU,SanLorenzo
2026-09-06,05:50:09,755002470,DONA CARMEN,SanLorenzo
2026-09-06,05:50:09,357458000,BULK ITALY,SanLorenzo
2026-09-06,05:50:09,636023256,INGENUITY,SanLorenzo
2026-09-06,05:50:09,701001057,VALENTINA H,SanLorenzo
2026-09-06,05:50:09,563169800,RUBY,SanLorenzo
2026-09-06,05:50:09,755703668,URUTAU,SanLorenzo
2026-09-06,05:50:09,538004481,AGIA PARASKEVI,SanLorenzo
2026-09-06,05:50:09,701006443,MAYU,SanLorenzo
2026-09-06,05:50:09,701006396,VB RECOLETA,SanLorenzo
2026-09-06,05:50:09,755004326,OLIMPO,SanLorenzo
2026-09-06,05:50:09,755001797,PARAPITI.,SanLorenzo
2026-09-06,05:50:09,755134000,LADOCE H,SanLorenzo
2026-09-06,05:50:09,755000020,AGUARA,SanLorenzo
2026-09-06,05:50:09,701001307,MAX DREAM,Rosario
2026-09-06,05:50:09,477932500,ROSCO BANYAN,Rosario
2026-09-06,05:50:09,701503000,GC77 GFO SAN MATIAS,Rosario
2026-09-06,05:50:09,563151400,FRANCESCO,Rosario
2026-09-06,05:50:09,538006458,ODYSSEUS N,Rosario
2026-09-06,05:50:09,477754600,MAERSK VENEZIA,Rosario
2026-09-06,05:50:09,538010750,TOKYO SPIRIT,Rosario
2026-09-06,05:50:09,7010004,,Rosario
2026-09-06,05:50:09,256685000,RODINA,Rosario
2026-09-06,05:50:09,352001142,GLORY FIRST,Rosario
2026-09-06,05:50:09,701006586,,Rosario
2026-09-06,05:50:09,636024043,TG CRAB,Rosario
2026-09-06,05:50:09,563169800,RUBY,Rosario
2026-09-06,05:50:09,636093258,EMMA JANNEKE,Rosario
2026-09-06,05:50:09,314952000,DSM HARBOUR,Rosario
2026-09-06,05:50:09,563054100,MTM BIG APPLE,Rosario
2026-09-06,05:50:09,636023897,ANNELIESE,Rosario
2026-09-06,05:50:09,538010532,DEANA,Rosario
2026-09-06,05:50:09,538090690,LEONARDO,Rosario
2026-09-06,05:50:09,255916599,RANA,Rosario
2026-09-06,05:50:09,352004948,,Rosario
2026-09-06,05:50:09,241624000,LEGEND,Rosario
2026-09-06,05:50:09,352006388,NORSE BORNHOLM,Rosario
2026-09-06,05:50:09,352006096,PALEXPO,Rosario
2026-09-06,05:50:09,538012594,KAPETANIOS,Rosario
2026-09-06,05:50:09,355174000,APOGEE SPIRIT,Rosario
2026-09-06,05:50:09,563163900,ANNA SCHULTE,Rosario
2026-09-06,05:50:09,538009801,HELIOS,Rosario
2026-09-06,05:50:09,538008936,SOUND YOUNG,Rosario
2026-09-06,05:50:09,341694002,H7 HSB5,Rosario
2026-09-06,05:50:09,701006396,VB RECOLETA,Rosario
2026-09-06,05:50:09,538008779,LIVADI,Rosario
2026-09-06,05:50:09,636024698,MC CALYPSO,Rosario
2026-09-06,05:50:09,701006245,SAN JOSE V,Rosario
2026-09-06,05:50:09,720035000,CANTAGALLO,Rosario
2026-09-06,05:50:09,636025133,YAMI BENEFIT,Rosario
2026-09-06,05:50:09,311001602,SAGA ANDORINHA,Rosario
2026-09-06,05:50:09,755991013,PUMA,Rosario
2026-09-06,05:50:09,538004184,BLACK PEARL,Rosario
2026-09-06,05:50:09,357232000,YOZAN,Rosario
2026-09-06,05:50:09,636023256,INGENUITY,Rosario
2026-09-06,05:50:09,701006926,FAVORITO SAN ANTONIO,Rosario
2026-09-06,05:50:09,636015971,STOLT ZULU,Rosario
2026-09-06,05:50:09,710000019,,Rosario
2026-09-06,05:50:09,701001404,GUAZU PUCU,Rosario
2026-09-06,05:50:09,755002470,DONA CARMEN,Rosario
2026-09-06,05:50:09,352006380,CL KIBOU,Rosario
2026-09-06,05:50:09,357458000,BULK ITALY,Rosario
2026-09-06,05:50:09,563234800,IVS DUNES,Rosario
2026-09-06,05:50:09,538004481,AGIA PARASKEVI,Rosario
2026-09-06,05:50:09,755001797,PARAPITI.,Rosario
2026-09-06,05:50:09,755000020,AGUARA,Rosario
2026-09-06,05:50:09,701006685,AZALEA,DelGuazu
2026-09-06,05:50:09,755058000,CAP. JACKSON,DelGuazu
2026-09-06,05:50:09,720694000,IB LADARIO,DelGuazu
2026-09-06,05:50:09,755058000,,Braga
2026-09-06,05:50:09,701583000,GC70 RI0 DE LA PLATA,BellaVista
2026-09-06,05:50:09,720687000,JAN CONNOR,BellaVista
2026-09-06,05:50:09,755003609,DONA ELVIRA,BellaVista
2026-09-06,05:50:09,755045000,BRUTUS H,BellaVista
2026-09-06,05:50:09,755048000,ITAPUA I,BellaVista
2026-09-06,05:50:09,755084000,RIO DE LA PLATA,BellaVista
2026-09-06,05:50:09,755004318,NAUTIC TWIN,BellaVista
2026-09-06,05:50:09,755170000,DONA MARGIE,BellaVista
2026-09-06,05:50:09,755022000,R/E CAVALIER XI,BellaVista
2026-09-06,05:50:09,755126000,LATERE,BellaVista
2026-09-06,05:50:09,755122000,INQUEBRANTABLE,BellaVista
2026-09-06,05:50:09,755201114,AGUILUCHO,BellaVista
2026-09-06,05:50:09,720985000,HB HYDRA,BellaVista
2026-09-06,05:50:09,755164000,BELEN B,BellaVista
2026-09-06,06:00:10,563319600,,SanLorenzo
2026-09-06,06:00:10,255915742,BOCHEM CASABLANCA,SanLorenzo
2026-09-06,06:00:10,477932500,ROSCO BANYAN,SanLorenzo
2026-09-06,06:00:10,701503000,GC77 GFO SAN MATIAS,SanLorenzo
2026-09-06,06:00:10,563151400,FRANCESCO,SanLorenzo
2026-09-06,06:00:10,538006458,ODYSSEUS N,SanLorenzo
2026-09-06,06:00:10,477754600,MAERSK VENEZIA,SanLorenzo
2026-09-06,06:00:10,7010004,,SanLorenzo
2026-09-06,06:00:10,538010750,TOKYO SPIRIT,SanLorenzo
2026-09-06,06:00:10,311000195,CS SARAFINA,SanLorenzo
2026-09-06,06:00:10,256685000,RODINA,SanLorenzo
2026-09-06,06:00:10,636024043,TG CRAB,SanLorenzo
2026-09-06,06:00:10,636093258,EMMA JANNEKE,SanLorenzo
2026-09-06,06:00:10,563054100,MTM BIG APPLE,SanLorenzo
2026-09-06,06:00:10,636023897,ANNELIESE,SanLorenzo
2026-09-06,06:00:10,720946000,DON KASBERGEN,SanLorenzo
2026-09-06,06:00:10,351011000,OCEAN CROWN,SanLorenzo
2026-09-06,06:00:10,257897000,BOW FIRDA,SanLorenzo
2026-09-06,06:00:10,538010532,DEANA,SanLorenzo
2026-09-06,06:00:10,538006504,DANK SILVER,SanLorenzo
2026-09-06,06:00:10,538090690,LEONARDO,SanLorenzo
2026-09-06,06:00:10,255916599,RANA,SanLorenzo
2026-09-06,06:00:10,241624000,LEGEND,SanLorenzo
2026-09-06,06:00:10,352004948,OBE UNITY,SanLorenzo
2026-09-06,06:00:10,352006388,NORSE BORNHOLM,SanLorenzo
2026-09-06,06:00:10,352006096,PALEXPO,SanLorenzo
2026-09-06,06:00:10,538012594,KAPETANIOS,SanLorenzo
2026-09-06,06:00:10,720035000,CANTAGALLO,SanLorenzo
2026-09-06,06:00:10,538009801,HELIOS,SanLorenzo
2026-09-06,06:00:10,563163900,ANNA SCHULTE,SanLorenzo
2026-09-06,06:00:10,355174000,APOGEE SPIRIT,SanLorenzo
2026-09-06,06:00:10,538008936,SOUND YOUNG,SanLorenzo
2026-09-06,06:00:10,341694002,H7 HSB5,SanLorenzo
2026-09-06,06:00:10,755032000,,SanLorenzo
2026-09-06,06:00:10,701006966,TIGRE,SanLorenzo
2026-09-06,06:00:10,538008779,LIVADI,SanLorenzo
2026-09-06,06:00:10,701006245,SAN JOSE V,SanLorenzo
2026-09-06,06:00:10,636024698,MC CALYPSO,SanLorenzo
2026-09-06,06:00:10,755177000,CABALLERO BLANCO.,SanLorenzo
2026-09-06,06:00:10,755991013,PUMA,SanLorenzo
2026-09-06,06:00:10,357232000,YOZAN,SanLorenzo
2026-09-06,06:00:10,636015971,STOLT ZULU,SanLorenzo
2026-09-06,06:00:10,636024379,STAR WESTPORT,SanLorenzo
2026-09-06,06:00:10,701006926,FAVORITO SAN ANTONIO,SanLorenzo
2026-09-06,06:00:10,710000019,HERACLITO FILHO,SanLorenzo
2026-09-06,06:00:10,755002470,DONA CARMEN,SanLorenzo
2026-09-06,06:00:10,636023256,INGENUITY,SanLorenzo
2026-09-06,06:00:10,563169800,RUBY,SanLorenzo
2026-09-06,06:00:10,755001797,PARAPITI.,SanLorenzo
2026-09-06,06:00:10,701001307,MAX DREAM,SanLorenzo
2026-09-06,06:00:10,357458000,BULK ITALY,SanLorenzo
2026-09-06,06:00:10,538004481,AGIA PARASKEVI,SanLorenzo
2026-09-06,06:00:10,563234800,IVS DUNES,SanLorenzo
2026-09-06,06:00:10,636025133,YAMI BENEFIT,SanLorenzo
2026-09-06,06:00:10,755703668,URUTAU,SanLorenzo
2026-09-06,06:00:10,701006396,VB RECOLETA,SanLorenzo
2026-09-06,06:00:10,701006443,MAYU,SanLorenzo
2026-09-06,06:00:10,701001404,GUAZU PUCU,SanLorenzo
2026-09-06,06:00:10,755134000,LADOCE H,SanLorenzo
2026-09-06,06:00:10,755000020,AGUARA,SanLorenzo
2026-09-06,06:00:10,701006586,,Rosario
2026-09-06,06:00:10,314952000,DSM HARBOUR,Rosario
2026-09-06,06:00:10,563054100,MTM BIG APPLE,Rosario
2026-09-06,06:00:10,755177000,,Rosario
2026-09-06,06:00:10,477932500,ROSCO BANYAN,Rosario
2026-09-06,06:00:10,701503000,GC77 GFO SAN MATIAS,Rosario
2026-09-06,06:00:10,563151400,FRANCESCO,Rosario
2026-09-06,06:00:10,538006458,ODYSSEUS N,Rosario
2026-09-06,06:00:10,477754600,MAERSK VENEZIA,Rosario
2026-09-06,06:00:10,7010004,,Rosario
2026-09-06,06:00:10,538010750,TOKYO SPIRIT,Rosario
2026-09-06,06:00:10,701006466,,Rosario
2026-09-06,06:00:10,256685000,RODINA,Rosario
2026-09-06,06:00:10,352001142,GLORY FIRST,Rosario
2026-09-06,06:00:10,636024043,TG CRAB,Rosario
2026-09-06,06:00:10,636093258,EMMA JANNEKE,Rosario
2026-09-06,06:00:10,636023897,ANNELIESE,Rosario
2026-09-06,06:00:10,538010532,DEANA,Rosario
2026-09-06,06:00:10,538090690,LEONARDO,Rosario
2026-09-06,06:00:10,255916599,RANA,Rosario
2026-09-06,06:00:10,241624000,LEGEND,Rosario
2026-09-06,06:00:10,352006388,NORSE BORNHOLM,Rosario
2026-09-06,06:00:10,352006096,PALEXPO,Rosario
2026-09-06,06:00:10,538012594,KAPETANIOS,Rosario
2026-09-06,06:00:10,538009801,HELIOS,Rosario
2026-09-06,06:00:10,563163900,ANNA SCHULTE,Rosario
2026-09-06,06:00:10,355174000,APOGEE SPIRIT,Rosario
2026-09-06,06:00:10,538008936,SOUND YOUNG,Rosario
2026-09-06,06:00:10,341694002,H7 HSB5,Rosario
2026-09-06,06:00:10,701006679,COOPOR ESTIBADOR I,Rosario
2026-09-06,06:00:10,701001307,,Rosario
2026-09-06,06:00:10,755001797,PARAPITI.,Rosario
2026-09-06,06:00:10,538008779,LIVADI,Rosario
2026-09-06,06:00:10,720035000,CANTAGALLO,Rosario
2026-09-06,06:00:10,701006245,SAN JOSE V,Rosario
2026-09-06,06:00:10,311001602,SAGA ANDORINHA,Rosario
2026-09-06,06:00:10,636024698,MC CALYPSO,Rosario
2026-09-06,06:00:10,755991013,PUMA,Rosario
2026-09-06,06:00:10,357232000,YOZAN,Rosario
2026-09-06,06:00:10,636023256,INGENUITY,Rosario
2026-09-06,06:00:10,636015971,STOLT ZULU,Rosario
2026-09-06,06:00:10,538004184,BLACK PEARL,Rosario
2026-09-06,06:00:10,636024379,STAR WESTPORT,Rosario
2026-09-06,06:00:10,701006926,FAVORITO SAN ANTONIO,Rosario
2026-09-06,06:00:10,710000019,HERACLITO FILHO,Rosario
2026-09-06,06:00:10,755002470,DONA CARMEN,Rosario
2026-09-06,06:00:10,563169800,RUBY,Rosario
2026-09-06,06:00:10,357458000,BULK ITALY,Rosario
2026-09-06,06:00:10,538004481,AGIA PARASKEVI,Rosario
2026-09-06,06:00:10,563234800,IVS DUNES,Rosario
2026-09-06,06:00:10,636025133,YAMI BENEFIT,Rosario
2026-09-06,06:00:10,701006396,VB RECOLETA,Rosario
2026-09-06,06:00:10,701001404,GUAZU PUCU,Rosario
2026-09-06,06:00:10,755000020,AGUARA,Rosario
2026-09-06,06:00:10,636015600,,DelGuazu
2026-09-06,06:00:10,755058000,CAP. JACKSON,DelGuazu
2026-09-06,06:00:10,720694000,IB LADARIO,DelGuazu
2026-09-06,06:00:10,636023728,TAI STEADINESS,DelGuazu
2026-09-06,06:00:10,755058000,,Braga
2026-09-06,06:00:10,701583000,GC70 RI0 DE LA PLATA,BellaVista
2026-09-06,06:00:10,755201114,AGUILUCHO,BellaVista
2026-09-06,06:00:10,755045000,BRUTUS H,BellaVista
2026-09-06,06:00:10,755004318,NAUTIC TWIN,BellaVista
2026-09-06,06:00:10,755048000,ITAPUA I,BellaVista
2026-09-06,06:00:10,755122000,INQUEBRANTABLE,BellaVista
2026-09-06,06:00:10,755126000,LATERE,BellaVista
2026-09-06,06:00:10,755022000,R/E CAVALIER XI,BellaVista
2026-09-06,06:00:10,755170000,DONA MARGIE,BellaVista
2026-09-06,06:00:10,755084000,RIO DE LA PLATA,BellaVista
2026-09-06,06:00:10,755164000,BELEN B,BellaVista
2026-09-06,06:00:10,720985000,HB HYDRA,BellaVista
2026-09-06,06:10:09,255915742,BOCHEM CASABLANCA,SanLorenzo
2026-09-06,06:10:09,311001602,,SanLorenzo
2026-09-06,06:10:09,477932500,ROSCO BANYAN,SanLorenzo
2026-09-06,06:10:09,701503000,GC77 GFO SAN MATIAS,SanLorenzo
2026-09-06,06:10:09,563151400,FRANCESCO,SanLorenzo
2026-09-06,06:10:09,477754600,MAERSK VENEZIA,SanLorenzo
2026-09-06,06:10:09,538006458,ODYSSEUS N,SanLorenzo
2026-09-06,06:10:09,538010750,TOKYO SPIRIT,SanLorenzo
2026-09-06,06:10:09,311000195,CS SARAFINA,SanLorenzo
2026-09-06,06:10:09,7010004,,SanLorenzo
2026-09-06,06:10:09,636024043,TG CRAB,SanLorenzo
2026-09-06,06:10:09,636093258,EMMA JANNEKE,SanLorenzo
2026-09-06,06:10:09,563054100,,SanLorenzo
2026-09-06,06:10:09,636023897,ANNELIESE,SanLorenzo
2026-09-06,06:10:09,351011000,OCEAN CROWN,SanLorenzo
2026-09-06,06:10:09,257897000,BOW FIRDA,SanLorenzo
2026-09-06,06:10:09,538010532,DEANA,SanLorenzo
2026-09-06,06:10:09,538006504,DANK SILVER,SanLorenzo
2026-09-06,06:10:09,538090690,LEONARDO,SanLorenzo
2026-09-06,06:10:09,255916599,RANA,SanLorenzo
2026-09-06,06:10:09,241624000,LEGEND,SanLorenzo
2026-09-06,06:10:09,755032000,,SanLorenzo
2026-09-06,06:10:09,352004948,OBE UNITY,SanLorenzo
2026-09-06,06:10:09,352006388,NORSE BORNHOLM,SanLorenzo
2026-09-06,06:10:09,352006096,PALEXPO,SanLorenzo
2026-09-06,06:10:09,538012594,KAPETANIOS,SanLorenzo
2026-09-06,06:10:09,538009801,HELIOS,SanLorenzo
2026-09-06,06:10:09,563163900,ANNA SCHULTE,SanLorenzo
2026-09-06,06:10:09,355174000,APOGEE SPIRIT,SanLorenzo
2026-09-06,06:10:09,720946000,DON KASBERGEN,SanLorenzo
2026-09-06,06:10:09,538008936,SOUND YOUNG,SanLorenzo
2026-09-06,06:10:09,341694002,H7 HSB5,SanLorenzo
2026-09-06,06:10:09,701006443,MAYU,SanLorenzo
2026-09-06,06:10:09,538008779,LIVADI,SanLorenzo
2026-09-06,06:10:09,720035000,CANTAGALLO,SanLorenzo
2026-09-06,06:10:09,256685000,RODINA,SanLorenzo
2026-09-06,06:10:09,636024698,MC CALYPSO,SanLorenzo
2026-09-06,06:10:09,701006245,SAN JOSE V,SanLorenzo
2026-09-06,06:10:09,755177000,CABALLERO BLANCO.,SanLorenzo
2026-09-06,06:10:09,636025133,YAMI BENEFIT,SanLorenzo
2026-09-06,06:10:09,755991013,PUMA,SanLorenzo
2026-09-06,06:10:09,357232000,YOZAN,SanLorenzo
2026-09-06,06:10:09,701006926,FAVORITO SAN ANTONIO,SanLorenzo
2026-09-06,06:10:09,710000019,HERACLITO FILHO,SanLorenzo
2026-09-06,06:10:09,755002470,DONA CARMEN,SanLorenzo
2026-09-06,06:10:09,352006380,CL KIBOU,SanLorenzo
2026-09-06,06:10:09,701001057,VALENTINA H,SanLorenzo
2026-09-06,06:10:09,636023256,INGENUITY,SanLorenzo
2026-09-06,06:10:09,636024379,STAR WESTPORT,SanLorenzo
2026-09-06,06:10:09,701006396,VB RECOLETA,SanLorenzo
2026-09-06,06:10:09,636015971,STOLT ZULU,SanLorenzo
2026-09-06,06:10:09,755703668,URUTAU,SanLorenzo
2026-09-06,06:10:09,357458000,BULK ITALY,SanLorenzo
2026-09-06,06:10:09,538004481,AGIA PARASKEVI,SanLorenzo
2026-09-06,06:10:09,755001797,PARAPITI.,SanLorenzo
2026-09-06,06:10:09,755134000,LADOCE H,SanLorenzo
2026-09-06,06:10:09,563169800,RUBY,SanLorenzo
2026-09-06,06:10:09,701001404,GUAZU PUCU,SanLorenzo
2026-09-06,06:10:09,563234800,IVS DUNES,SanLorenzo
2026-09-06,06:10:09,701006966,TIGRE,SanLorenzo
2026-09-06,06:10:09,755000020,AGUARA,SanLorenzo
2026-09-06,06:10:09,314952000,DSM HARBOUR,Rosario
2026-09-06,06:10:09,538004184,BLACK PEARL,Rosario
2026-09-06,06:10:09,755703668,,Rosario
2026-09-06,06:10:09,477932500,ROSCO BANYAN,Rosario
2026-09-06,06:10:09,701503000,GC77 GFO SAN MATIAS,Rosario
2026-09-06,06:10:09,563151400,FRANCESCO,Rosario
2026-09-06,06:10:09,477754600,MAERSK VENEZIA,Rosario
2026-09-06,06:10:09,538006458,ODYSSEUS N,Rosario
2026-09-06,06:10:09,538010750,TOKYO SPIRIT,Rosario
2026-09-06,06:10:09,352001142,GLORY FIRST,Rosario
2026-09-06,06:10:09,701006966,,Rosario
2026-09-06,06:10:09,7010004,,Rosario
2026-09-06,06:10:09,636024043,TG CRAB,Rosario
2026-09-06,06:10:09,636093258,EMMA JANNEKE,Rosario
2026-09-06,06:10:09,563054100,MTM BIG APPLE,Rosario
2026-09-06,06:10:09,636023897,ANNELIESE,Rosario
2026-09-06,06:10:09,538010532,DEANA,Rosario
2026-09-06,06:10:09,255916599,RANA,Rosario
2026-09-06,06:10:09,538090690,LEONARDO,Rosario
2026-09-06,06:10:09,241624000,LEGEND,Rosario
2026-09-06,06:10:09,352006388,NORSE BORNHOLM,Rosario
2026-09-06,06:10:09,352006096,PALEXPO,Rosario
2026-09-06,06:10:09,538012594,KAPETANIOS,Rosario
2026-09-06,06:10:09,538009801,HELIOS,Rosario
2026-09-06,06:10:09,563163900,ANNA SCHULTE,Rosario
2026-09-06,06:10:09,755001797,PARAPITI.,Rosario
2026-09-06,06:10:09,355174000,APOGEE SPIRIT,Rosario
2026-09-06,06:10:09,538008936,SOUND YOUNG,Rosario
2026-09-06,06:10:09,341694002,H7 HSB5,Rosario
2026-09-06,06:10:09,538008779,LIVADI,Rosario
2026-09-06,06:10:09,720035000,CANTAGALLO,Rosario
2026-09-06,06:10:09,256685000,RODINA,Rosario
2026-09-06,06:10:09,311001602,SAGA ANDORINHA,Rosario
2026-09-06,06:10:09,636024698,MC CALYPSO,Rosario
2026-09-06,06:10:09,701006245,SAN JOSE V,Rosario
2026-09-06,06:10:09,636025133,YAMI BENEFIT,Rosario
2026-09-06,06:10:09,755991013,PUMA,Rosario
2026-09-06,06:10:09,357232000,YOZAN,Rosario
2026-09-06,06:10:09,636023256,INGENUITY,Rosario
2026-09-06,06:10:09,701006926,FAVORITO SAN ANTONIO,Rosario
2026-09-06,06:10:09,710000019,HERACLITO FILHO,Rosario
2026-09-06,06:10:09,636024379,STAR WESTPORT,Rosario
2026-09-06,06:10:09,755002470,DONA CARMEN,Rosario
2026-09-06,06:10:09,352006380,CL KIBOU,Rosario
2026-09-06,06:10:09,357458000,BULK ITALY,Rosario
2026-09-06,06:10:09,701006396,VB RECOLETA,Rosario
2026-09-06,06:10:09,636015971,STOLT ZULU,Rosario
2026-09-06,06:10:09,538004481,AGIA PARASKEVI,Rosario
2026-09-06,06:10:09,563169800,RUBY,Rosario
2026-09-06,06:10:09,563234800,IVS DUNES,Rosario
2026-09-06,06:10:09,701001404,GUAZU PUCU,Rosario
2026-09-06,06:10:09,701006586,,Rosario
2026-09-06,06:10:09,755000020,AGUARA,Rosario
2026-09-06,06:10:09,636015600,,DelGuazu
2026-09-06,06:10:09,701006685,,DelGuazu
2026-09-06,06:10:09,755058000,CAP. JACKSON,DelGuazu
2026-09-06,06:10:09,720694000,IB LADARIO,DelGuazu
2026-09-06,06:10:09,636023728,TAI STEADINESS,DelGuazu
2026-09-06,06:10:09,720694000,,Braga
2026-09-06,06:10:09,701583000,GC70 RI0 DE LA PLATA,BellaVista
2026-09-06,06:10:09,755122000,INQUEBRANTABLE,BellaVista
2026-09-06,06:10:09,755004318,NAUTIC TWIN,BellaVista
2026-09-06,06:10:09,755022000,R/E CAVALIER XI,BellaVista
2026-09-06,06:10:09,720985000,HB HYDRA,BellaVista
2026-09-06,06:10:09,755201114,AGUILUCHO,BellaVista
2026-09-06,06:10:09,755045000,BRUTUS H,BellaVista
2026-09-06,06:10:09,755048000,ITAPUA I,BellaVista
2026-09-06,06:10:09,755170000,DONA MARGIE,BellaVista
2026-09-06,06:10:09,755126000,LATERE,BellaVista
2026-09-06,06:10:09,755084000,RIO DE LA PLATA,BellaVista
2026-09-06,06:10:09,755164000,BELEN B,BellaVista
2026-09-06,06:20:09,255915742,BOCHEM CASABLANCA,SanLorenzo
2026-09-06,06:20:09,538012594,KAPETANIOS,SanLorenzo
2026-09-06,06:20:09,477932500,ROSCO BANYAN,SanLorenzo
2026-09-06,06:20:09,477754600,MAERSK VENEZIA,SanLorenzo
2026-09-06,06:20:09,538010750,TOKYO SPIRIT,SanLorenzo
2026-09-06,06:20:09,355174000,APOGEE SPIRIT,SanLorenzo
2026-09-06,06:20:09,538008779,LIVADI,SanLorenzo
2026-09-06,06:20:09,311001602,,SanLorenzo
2026-09-06,06:20:09,701503000,GC77 GFO SAN MATIAS,SanLorenzo
2026-09-06,06:20:09,563151400,FRANCESCO,SanLorenzo
2026-09-06,06:20:09,538006458,ODYSSEUS N,SanLorenzo
2026-09-06,06:20:09,311000195,CS SARAFINA,SanLorenzo
2026-09-06,06:20:09,7010004,,SanLorenzo
2026-09-06,06:20:09,636024043,TG CRAB,SanLorenzo
2026-09-06,06:20:09,636093258,EMMA JANNEKE,SanLorenzo
2026-09-06,06:20:09,563054100,,SanLorenzo
2026-09-06,06:20:09,636023897,ANNELIESE,SanLorenzo
2026-09-06,06:20:09,701006586,,SanLorenzo
2026-09-06,06:20:09,720946000,DON KASBERGEN,SanLorenzo
2026-09-06,06:20:09,351011000,OCEAN CROWN,SanLorenzo
2026-09-06,06:20:09,257897000,BOW FIRDA,SanLorenzo
2026-09-06,06:20:09,538010532,DEANA,SanLorenzo
2026-09-06,06:20:09,538006504,DANK SILVER,SanLorenzo
2026-09-06,06:20:09,538090690,LEONARDO,SanLorenzo
2026-09-06,06:20:09,255916599,RANA,SanLorenzo
2026-09-06,06:20:09,241624000,LEGEND,SanLorenzo
2026-09-06,06:20:09,755032000,,SanLorenzo
2026-09-06,06:20:09,352004948,OBE UNITY,SanLorenzo
2026-09-06,06:20:09,352006388,NORSE BORNHOLM,SanLorenzo
2026-09-06,06:20:09,352006380,CL KIBOU,SanLorenzo
2026-09-06,06:20:09,352006096,PALEXPO,SanLorenzo
2026-09-06,06:20:09,563163900,ANNA SCHULTE,SanLorenzo
2026-09-06,06:20:09,538009801,HELIOS,SanLorenzo
2026-09-06,06:20:09,341694002,H7 HSB5,SanLorenzo
2026-09-06,06:20:09,538008936,SOUND YOUNG,SanLorenzo
2026-09-06,06:20:09,256685000,RODINA,SanLorenzo
2026-09-06,06:20:09,755991013,PUMA,SanLorenzo
2026-09-06,06:20:09,636024698,MC CALYPSO,SanLorenzo
2026-09-06,06:20:09,755177000,CABALLERO BLANCO.,SanLorenzo
2026-09-06,06:20:09,720035000,CANTAGALLO,SanLorenzo
2026-09-06,06:20:09,636025133,YAMI BENEFIT,SanLorenzo
2026-09-06,06:20:09,701006245,SAN JOSE V,SanLorenzo
2026-09-06,06:20:09,357232000,YOZAN,SanLorenzo
2026-09-06,06:20:09,701006926,FAVORITO SAN ANTONIO,SanLorenzo
2026-09-06,06:20:09,636024379,STAR WESTPORT,SanLorenzo
2026-09-06,06:20:09,538004481,AGIA PARASKEVI,SanLorenzo
2026-09-06,06:20:09,357458000,BULK ITALY,SanLorenzo
2026-09-06,06:20:09,636015971,STOLT ZULU,SanLorenzo
2026-09-06,06:20:09,636023256,INGENUITY,SanLorenzo
2026-09-06,06:20:09,701001057,VALENTINA H,SanLorenzo
2026-09-06,06:20:09,755002470,DONA CARMEN,SanLorenzo
2026-09-06,06:20:09,563169800,RUBY,SanLorenzo
2026-09-06,06:20:09,755703668,URUTAU,SanLorenzo
2026-09-06,06:20:09,755001797,PARAPITI.,SanLorenzo
2026-09-06,06:20:09,563234800,IVS DUNES,SanLorenzo
2026-09-06,06:20:09,701006396,VB RECOLETA,SanLorenzo
2026-09-06,06:20:09,701001404,GUAZU PUCU,SanLorenzo
2026-09-06,06:20:09,755004326,OLIMPO,SanLorenzo
2026-09-06,06:20:09,701006443,MAYU,SanLorenzo
2026-09-06,06:20:09,701006966,TIGRE,SanLorenzo
2026-09-06,06:20:09,755134000,LADOCE H,SanLorenzo
2026-09-06,06:20:09,755000020,AGUARA,SanLorenzo
2026-09-06,06:20:09,563319600,,Rosario
2026-09-06,06:20:09,477932500,ROSCO BANYAN,Rosario
2026-09-06,06:20:09,701503000,GC77 GFO SAN MATIAS,Rosario
2026-09-06,06:20:09,563151400,FRANCESCO,Rosario
2026-09-06,06:20:09,477754600,MAERSK VENEZIA,Rosario
2026-09-06,06:20:09,538006458,ODYSSEUS N,Rosario
2026-09-06,06:20:09,538010750,TOKYO SPIRIT,Rosario
2026-09-06,06:20:09,352001142,GLORY FIRST,Rosario
2026-09-06,06:20:09,7010004,,Rosario
2026-09-06,06:20:09,636024043,TG CRAB,Rosario
2026-09-06,06:20:09,314952000,,Rosario
2026-09-06,06:20:09,636093258,EMMA JANNEKE,Rosario
2026-09-06,06:20:09,563054100,MTM BIG APPLE,Rosario
2026-09-06,06:20:09,636023897,ANNELIESE,Rosario
2026-09-06,06:20:09,701006966,,Rosario
2026-09-06,06:20:09,538010532,DEANA,Rosario
2026-09-06,06:20:09,538090690,LEONARDO,Rosario
2026-09-06,06:20:09,255916599,RANA,Rosario
2026-09-06,06:20:09,241624000,LEGEND,Rosario
2026-09-06,06:20:09,352006388,NORSE BORNHOLM,Rosario
2026-09-06,06:20:09,352006096,PALEXPO,Rosario
2026-09-06,06:20:09,538012594,KAPETANIOS,Rosario
2026-09-06,06:20:09,563163900,ANNA SCHULTE,Rosario
2026-09-06,06:20:09,355174000,APOGEE SPIRIT,Rosario
2026-09-06,06:20:09,538009801,HELIOS,Rosario
2026-09-06,06:20:09,341694002,H7 HSB5,Rosario
2026-09-06,06:20:09,538008936,SOUND YOUNG,Rosario
2026-09-06,06:20:09,701006466,,Rosario
2026-09-06,06:20:09,563169800,RUBY,Rosario
2026-09-06,06:20:09,538008779,LIVADI,Rosario
2026-09-06,06:20:09,256685000,RODINA,Rosario
2026-09-06,06:20:09,636024698,MC CALYPSO,Rosario
2026-09-06,06:20:09,755991013,PUMA,Rosario
2026-09-06,06:20:09,720035000,CANTAGALLO,Rosario
2026-09-06,06:20:09,311001602,SAGA ANDORINHA,Rosario
2026-09-06,06:20:09,701006245,SAN JOSE V,Rosario
2026-09-06,06:20:09,636025133,YAMI BENEFIT,Rosario
2026-09-06,06:20:09,636015971,STOLT ZULU,Rosario
2026-09-06,06:20:09,357232000,YOZAN,Rosario
2026-09-06,06:20:09,636023256,INGENUITY,Rosario
2026-09-06,06:20:09,701006926,FAVORITO SAN ANTONIO,Rosario
2026-09-06,06:20:09,636024379,STAR WESTPORT,Rosario
2026-09-06,06:20:09,538004481,AGIA PARASKEVI,Rosario
2026-09-06,06:20:09,357458000,BULK ITALY,Rosario
2026-09-06,06:20:09,755001797,PARAPITI.,Rosario
2026-09-06,06:20:09,755002470,DONA CARMEN,Rosario
2026-09-06,06:20:09,563234800,IVS DUNES,Rosario
2026-09-06,06:20:09,352006380,CL KIBOU,Rosario
2026-09-06,06:20:09,701006396,VB RECOLETA,Rosario
2026-09-06,06:20:09,701001404,GUAZU PUCU,Rosario
2026-09-06,06:20:09,701006586,QUIMEY,Rosario
2026-09-06,06:20:09,755000020,AGUARA,Rosario
2026-09-06,06:20:09,701006685,,DelGuazu
2026-09-06,06:20:09,720694000,IB LADARIO,DelGuazu
2026-09-06,06:20:09,755075000,,DelGuazu
2026-09-06,06:20:09,755058000,CAP. JACKSON,DelGuazu
2026-09-06,06:20:09,636023728,TAI STEADINESS,DelGuazu
2026-09-06,06:20:09,720694000,,Braga
2026-09-06,06:20:09,755058000,,Braga
2026-09-06,06:20:09,636023728,,Braga
2026-09-06,06:20:09,755075000,,Braga
2026-09-06,06:20:09,755091000,,BellaVista
2026-09-06,06:20:09,755122000,INQUEBRANTABLE,BellaVista
2026-09-06,06:20:09,720985000,HB HYDRA,BellaVista
2026-09-06,06:20:09,755004318,NAUTIC TWIN,BellaVista
2026-09-06,06:20:09,755022000,R/E CAVALIER XI,BellaVista
2026-09-06,06:20:09,755201114,AGUILUCHO,BellaVista
2026-09-06,06:20:09,755045000,BRUTUS H,BellaVista
2026-09-06,06:20:09,755048000,ITAPUA I,BellaVista
2026-09-06,06:20:09,755170000,DONA MARGIE,BellaVista
2026-09-06,06:20:09,755126000,LATERE,BellaVista
2026-09-06,06:20:09,755084000,RIO DE LA PLATA,BellaVista
2026-09-06,06:20:09,755164000,BELEN B,BellaVista
2026-09-06,06:30:12,755042000,,SanLorenzo
2026-09-06,06:30:12,701006283,,SanLorenzo
2026-09-06,06:30:12,477932500,ROSCO BANYAN,SanLorenzo
2026-09-06,06:30:12,255915742,,SanLorenzo
2026-09-06,06:30:12,636023728,,SanLorenzo
2026-09-06,06:30:12,538010750,TOKYO SPIRIT,SanLorenzo
2026-09-06,06:30:12,755032000,,SanLorenzo
2026-09-06,06:30:12,7010004,,SanLorenzo
2026-09-06,06:30:12,311001602,,SanLorenzo
2026-09-06,06:30:12,701503000,GC77 GFO SAN MATIAS,SanLorenzo
2026-09-06,06:30:12,563151400,FRANCESCO,SanLorenzo
2026-09-06,06:30:12,477754600,MAERSK VENEZIA,SanLorenzo
2026-09-06,06:30:12,538006458,ODYSSEUS N,SanLorenzo
2026-09-06,06:30:12,311000195,CS SARAFINA,SanLorenzo
2026-09-06,06:30:12,352001142,,SanLorenzo
2026-09-06,06:30:12,636024043,TG CRAB,SanLorenzo
2026-09-06,06:30:12,314952000,,SanLorenzo
2026-09-06,06:30:12,636093258,EMMA JANNEKE,SanLorenzo
2026-09-06,06:30:12,563054100,MTM BIG APPLE,SanLorenzo
2026-09-06,06:30:12,636023897,ANNELIESE,SanLorenzo
2026-09-06,06:30:12,257897000,BOW FIRDA,SanLorenzo
2026-09-06,06:30:12,351011000,OCEAN CROWN,SanLorenzo
2026-09-06,06:30:12,538010532,DEANA,SanLorenzo
2026-09-06,06:30:12,538006504,DANK SILVER,SanLorenzo
2026-09-06,06:30:12,255916599,RANA,SanLorenzo
2026-09-06,06:30:12,538090690,LEONARDO,SanLorenzo
2026-09-06,06:30:12,241624000,LEGEND,SanLorenzo
2026-09-06,06:30:12,352004948,OBE UNITY,SanLorenzo
2026-09-06,06:30:12,352006388,NORSE BORNHOLM,SanLorenzo
2026-09-06,06:30:12,563319600,,SanLorenzo
2026-09-06,06:30:12,352006096,PALEXPO,SanLorenzo
2026-09-06,06:30:12,701006466,,SanLorenzo
2026-09-06,06:30:12,538012594,KAPETANIOS,SanLorenzo
2026-09-06,06:30:12,256672000,ARIETTA,SanLorenzo
2026-09-06,06:30:12,538009801,HELIOS,SanLorenzo
2026-09-06,06:30:12,563163900,ANNA SCHULTE,SanLorenzo
2026-09-06,06:30:12,355174000,APOGEE SPIRIT,SanLorenzo
2026-09-06,06:30:12,701006443,MAYU,SanLorenzo
2026-09-06,06:30:12,720035000,CANTAGALLO,SanLorenzo
2026-09-06,06:30:12,341694002,H7 HSB5,SanLorenzo
2026-09-06,06:30:12,538008936,SOUND YOUNG,SanLorenzo
2026-09-06,06:30:12,563234800,IVS DUNES,SanLorenzo
2026-09-06,06:30:12,538008779,LIVADI,SanLorenzo
2026-09-06,06:30:12,256685000,RODINA,SanLorenzo
2026-09-06,06:30:12,755177000,CABALLERO BLANCO.,SanLorenzo
2026-09-06,06:30:12,755991013,PUMA,SanLorenzo
2026-09-06,06:30:12,636025133,YAMI BENEFIT,SanLorenzo
2026-09-06,06:30:12,701006245,SAN JOSE V,SanLorenzo
2026-09-06,06:30:12,636024698,MC CALYPSO,SanLorenzo
2026-09-06,06:30:12,636023256,INGENUITY,SanLorenzo
2026-09-06,06:30:12,357232000,YOZAN,SanLorenzo
2026-09-06,06:30:12,701006926,FAVORITO SAN ANTONIO,SanLorenzo
2026-09-06,06:30:12,710000019,HERACLITO FILHO,SanLorenzo
2026-09-06,06:30:12,755002470,DONA CARMEN,SanLorenzo
2026-09-06,06:30:12,636024379,STAR WESTPORT,SanLorenzo
2026-09-06,06:30:12,357458000,BULK ITALY,SanLorenzo
2026-09-06,06:30:12,352006380,CL KIBOU,SanLorenzo
2026-09-06,06:30:12,563169800,RUBY,SanLorenzo
2026-09-06,06:30:12,755703668,URUTAU,SanLorenzo
2026-09-06,06:30:12,636015971,STOLT ZULU,SanLorenzo
2026-09-06,06:30:12,538004481,AGIA PARASKEVI,SanLorenzo
2026-09-06,06:30:12,755001797,PARAPITI.,SanLorenzo
2026-09-06,06:30:12,701006396,VB RECOLETA,SanLorenzo
2026-09-06,06:30:12,755000020,AGUARA,SanLorenzo
2026-09-06,06:30:12,701006966,TIGRE,SanLorenzo
2026-09-06,06:30:12,701001404,GUAZU PUCU,SanLorenzo
2026-09-06,06:30:12,701006586,QUIMEY,SanLorenzo
2026-09-06,06:30:12,755134000,LADOCE H,SanLorenzo
2026-09-06,06:30:12,7010004,,Rosario
2026-09-06,06:30:12,352006388,NORSE BORNHOLM,Rosario
2026-09-06,06:30:12,701006966,,Rosario
2026-09-06,06:30:12,538009801,HELIOS,Rosario
2026-09-06,06:30:12,538008779,LIVADI,Rosario
2026-09-06,06:30:12,636015971,STOLT ZULU,Rosario
2026-09-06,06:30:12,311001602,SAGA ANDORINHA,Rosario
2026-09-06,06:30:12,636023256,INGENUITY,Rosario
2026-09-06,06:30:12,477932500,ROSCO BANYAN,Rosario
2026-09-06,06:30:12,755001797,PARAPITI.,Rosario
2026-09-06,06:30:12,701503000,GC77 GFO SAN MATIAS,Rosario
2026-09-06,06:30:12,563151400,FRANCESCO,Rosario
2026-09-06,06:30:12,477754600,MAERSK VENEZIA,Rosario
2026-09-06,06:30:12,538006458,ODYSSEUS N,Rosario
2026-09-06,06:30:12,538010750,TOKYO SPIRIT,Rosario
2026-09-06,06:30:12,563169800,RUBY,Rosario
2026-09-06,06:30:12,352001142,GLORY FIRST,Rosario
2026-09-06,06:30:12,701006466,,Rosario
2026-09-06,06:30:12,636024379,STAR WESTPORT,Rosario
2026-09-06,06:30:12,636024043,TG CRAB,Rosario
2026-09-06,06:30:12,755991013,PUMA,Rosario
2026-09-06,06:30:12,636093258,EMMA JANNEKE,Rosario
2026-09-06,06:30:12,636023897,ANNELIESE,Rosario
2026-09-06,06:30:12,538010532,DEANA,Rosario
2026-09-06,06:30:12,701006586,QUIMEY,Rosario
2026-09-06,06:30:12,255916599,RANA,Rosario
2026-09-06,06:30:12,538090690,LEONARDO,Rosario
2026-09-06,06:30:12,241624000,LEGEND,Rosario
2026-09-06,06:30:12,563319600,CUTLASS GALAXY,Rosario
2026-09-06,06:30:12,352006096,PALEXPO,Rosario
2026-09-06,06:30:12,357458000,BULK ITALY,Rosario
2026-09-06,06:30:12,755000020,AGUARA,Rosario
2026-09-06,06:30:12,538012594,KAPETANIOS,Rosario
2026-09-06,06:30:12,256672000,ARIETTA,Rosario
2026-09-06,06:30:12,355174000,APOGEE SPIRIT,Rosario
2026-09-06,06:30:12,701006245,SAN JOSE V,Rosario
2026-09-06,06:30:12,341694002,H7 HSB5,Rosario
2026-09-06,06:30:12,710000019,HERACLITO FILHO,Rosario
2026-09-06,06:30:12,538008936,SOUND YOUNG,Rosario
2026-09-06,06:30:12,636025133,YAMI BENEFIT,Rosario
2026-09-06,06:30:12,720035000,CANTAGALLO,Rosario
2026-09-06,06:30:12,636024698,MC CALYPSO,Rosario
2026-09-06,06:30:12,357232000,YOZAN,Rosario
2026-09-06,06:30:12,701006926,FAVORITO SAN ANTONIO,Rosario
2026-09-06,06:30:12,755002470,DONA CARMEN,Rosario
2026-09-06,06:30:12,352006380,CL KIBOU,Rosario
2026-09-06,06:30:12,563234800,IVS DUNES,Rosario
2026-09-06,06:30:12,538004481,AGIA PARASKEVI,Rosario
2026-09-06,06:30:12,701006396,VB RECOLETA,Rosario
2026-09-06,06:30:12,701001404,GUAZU PUCU,Rosario
2026-09-06,06:30:12,256685000,RODINA,Rosario
2026-09-06,06:30:12,720694000,IB LADARIO,DelGuazu
2026-09-06,06:30:12,755058000,CAP. JACKSON,DelGuazu
2026-09-06,06:30:12,755075000,IMPALA CAMPANA.,DelGuazu
2026-09-06,06:30:12,538009547,MEDITERRANEAN SPIRIT,DelGuazu
2026-09-06,06:30:12,636023728,TAI STEADINESS,DelGuazu
2026-09-06,06:30:12,636023728,,Braga
2026-09-06,06:30:12,701583000,,BellaVista
2026-09-06,06:30:12,755091000,,BellaVista
2026-09-06,06:30:12,720687000,JAN CONNOR,BellaVista
2026-09-06,06:30:12,755045000,BRUTUS H,BellaVista
2026-09-06,06:30:12,755048000,ITAPUA I,BellaVista
2026-09-06,06:30:12,755004318,NAUTIC TWIN,BellaVista
2026-09-06,06:30:12,755170000,DONA MARGIE,BellaVista
2026-09-06,06:30:12,755022000,R/E CAVALIER XI,BellaVista
2026-09-06,06:30:12,755126000,LATERE,BellaVista
2026-09-06,06:30:12,755122000,INQUEBRANTABLE,BellaVista
2026-09-06,06:30:12,755164000,BELEN B,BellaVista
2026-09-06,06:30:12,755084000,RIO DE LA PLATA,BellaVista
2026-09-06,06:30:12,720985000,HB HYDRA,BellaVista
2026-09-06,06:30:12,755136000,IMPALA LADARIO,BellaVista
2026-09-06,06:30:12,755201114,AGUILUCHO,BellaVista
2026-09-06,06:40:10,352001142,GLORY FIRST,SanLorenzo
2026-09-06,06:40:10,755032000,,SanLorenzo
2026-09-06,06:40:10,255915742,BOCHEM CASABLANCA,SanLorenzo
2026-09-06,06:40:10,257897000,BOW FIRDA,SanLorenzo
2026-09-06,06:40:10,563319600,CUTLASS GALAXY,SanLorenzo
2026-09-06,06:40:10,477932500,ROSCO BANYAN,SanLorenzo
2026-09-06,06:40:10,701503000,GC77 GFO SAN MATIAS,SanLorenzo
2026-09-06,06:40:10,477754600,MAERSK VENEZIA,SanLorenzo
2026-09-06,06:40:10,563151400,FRANCESCO,SanLorenzo
2026-09-06,06:40:10,701006283,,SanLorenzo
2026-09-06,06:40:10,538006458,ODYSSEUS N,SanLorenzo
2026-09-06,06:40:10,538010750,TOKYO SPIRIT,SanLorenzo
2026-09-06,06:40:10,311000195,CS SARAFINA,SanLorenzo
2026-09-06,06:40:10,636024043,TG CRAB,SanLorenzo
2026-09-06,06:40:10,314952000,DSM HARBOUR,SanLorenzo
2026-09-06,06:40:10,636093258,EMMA JANNEKE,SanLorenzo
2026-09-06,06:40:10,563054100,MTM BIG APPLE,SanLorenzo
2026-09-06,06:40:10,636023897,ANNELIESE,SanLorenzo
2026-09-06,06:40:10,351011000,OCEAN CROWN,SanLorenzo
2026-09-06,06:40:10,538010532,DEANA,SanLorenzo
2026-09-06,06:40:10,538006504,DANK SILVER,SanLorenzo
2026-09-06,06:40:10,538090690,LEONARDO,SanLorenzo
2026-09-06,06:40:10,255916599,RANA,SanLorenzo
2026-09-06,06:40:10,241624000,LEGEND,SanLorenzo
2026-09-06,06:40:10,352004948,OBE UNITY,SanLorenzo
2026-09-06,06:40:10,352006388,NORSE BORNHOLM,SanLorenzo
2026-09-06,06:40:10,352006096,PALEXPO,SanLorenzo
2026-09-06,06:40:10,256672000,ARIETTA,SanLorenzo
2026-09-06,06:40:10,538012594,KAPETANIOS,SanLorenzo
2026-09-06,06:40:10,563163900,ANNA SCHULTE,SanLorenzo
2026-09-06,06:40:10,355174000,APOGEE SPIRIT,SanLorenzo
2026-09-06,06:40:10,538009801,HELIOS,SanLorenzo
2026-09-06,06:40:10,720035000,CANTAGALLO,SanLorenzo
2026-09-06,06:40:10,538008936,SOUND YOUNG,SanLorenzo
2026-09-06,06:40:10,341694002,H7 HSB5,SanLorenzo
2026-09-06,06:40:10,357458000,BULK ITALY,SanLorenzo
2026-09-06,06:40:10,563234800,IVS DUNES,SanLorenzo
2026-09-06,06:40:10,755703668,URUTAU,SanLorenzo
2026-09-06,06:40:10,538008779,LIVADI,SanLorenzo
2026-09-06,06:40:10,256685000,RODINA,SanLorenzo
2026-09-06,06:40:10,636024698,MC CALYPSO,SanLorenzo
2026-09-06,06:40:10,755177000,CABALLERO BLANCO.,SanLorenzo
2026-09-06,06:40:10,755991013,PUMA,SanLorenzo
2026-09-06,06:40:10,636023256,INGENUITY,SanLorenzo
2026-09-06,06:40:10,701006245,SAN JOSE V,SanLorenzo
2026-09-06,06:40:10,636025133,YAMI BENEFIT,SanLorenzo
2026-09-06,06:40:10,357232000,YOZAN,SanLorenzo
2026-09-06,06:40:10,636015971,STOLT ZULU,SanLorenzo
2026-09-06,06:40:10,701001057,VALENTINA H,SanLorenzo
2026-09-06,06:40:10,710000019,HERACLITO FILHO,SanLorenzo
2026-09-06,06:40:10,701006926,FAVORITO SAN ANTONIO,SanLorenzo
2026-09-06,06:40:10,636024379,STAR WESTPORT,SanLorenzo
2026-09-06,06:40:10,538004481,AGIA PARASKEVI,SanLorenzo
2026-09-06,06:40:10,755002470,DONA CARMEN,SanLorenzo
2026-09-06,06:40:10,352006380,CL KIBOU,SanLorenzo
2026-09-06,06:40:10,563169800,RUBY,SanLorenzo
2026-09-06,06:40:10,701006396,VB RECOLETA,SanLorenzo
2026-09-06,06:40:10,701006443,MAYU,SanLorenzo
2026-09-06,06:40:10,701006966,TIGRE,SanLorenzo
2026-09-06,06:40:10,755001797,PARAPITI.,SanLorenzo
2026-09-06,06:40:10,755004326,OLIMPO,SanLorenzo
2026-09-06,06:40:10,701001404,GUAZU PUCU,SanLorenzo
2026-09-06,06:40:10,755000020,AGUARA,SanLorenzo
2026-09-06,06:40:10,755134000,LADOCE H,SanLorenzo
2026-09-06,06:40:10,755000020,AGUARA,Rosario
2026-09-06,06:40:10,352004948,,Rosario
2026-09-06,06:40:10,477932500,ROSCO BANYAN,Rosario
2026-09-06,06:40:10,701503000,GC77 GFO SAN MATIAS,Rosario
2026-09-06,06:40:10,477754600,MAERSK VENEZIA,Rosario
2026-09-06,06:40:10,563151400,FRANCESCO,Rosario
2026-09-06,06:40:10,538006458,ODYSSEUS N,Rosario
2026-09-06,06:40:10,538010750,TOKYO SPIRIT,Rosario
2026-09-06,06:40:10,352001142,GLORY FIRST,Rosario
2026-09-06,06:40:10,636024043,TG CRAB,Rosario
2026-09-06,06:40:10,755177000,,Rosario
2026-09-06,06:40:10,314952000,,Rosario
2026-09-06,06:40:10,636093258,EMMA JANNEKE,Rosario
2026-09-06,06:40:10,563054100,MTM BIG APPLE,Rosario
2026-09-06,06:40:10,636023897,ANNELIESE,Rosario
2026-09-06,06:40:10,538010532,DEANA,Rosario
2026-09-06,06:40:10,538090690,LEONARDO,Rosario
2026-09-06,06:40:10,255916599,RANA,Rosario
2026-09-06,06:40:10,241624000,LEGEND,Rosario
2026-09-06,06:40:10,352006388,NORSE BORNHOLM,Rosario
2026-09-06,06:40:10,563234800,IVS DUNES,Rosario
2026-09-06,06:40:10,563319600,CUTLASS GALAXY,Rosario
2026-09-06,06:40:10,352006096,PALEXPO,Rosario
2026-09-06,06:40:10,755991013,PUMA,Rosario
2026-09-06,06:40:10,256672000,ARIETTA,Rosario
2026-09-06,06:40:10,538012594,KAPETANIOS,Rosario
2026-09-06,06:40:10,563163900,ANNA SCHULTE,Rosario
2026-09-06,06:40:10,355174000,APOGEE SPIRIT,Rosario
2026-09-06,06:40:10,538009801,HELIOS,Rosario
2026-09-06,06:40:10,538004184,,Rosario
2026-09-06,06:40:10,538008936,SOUND YOUNG,Rosario
2026-09-06,06:40:10,710000019,HERACLITO FILHO,Rosario
2026-09-06,06:40:10,341694002,H7 HSB5,Rosario
2026-09-06,06:40:10,538008779,LIVADI,Rosario
2026-09-06,06:40:10,701006966,,Rosario
2026-09-06,06:40:10,256685000,RODINA,Rosario
2026-09-06,06:40:10,636024698,MC CALYPSO,Rosario
2026-09-06,06:40:10,720035000,CANTAGALLO,Rosario
2026-09-06,06:40:10,636023256,INGENUITY,Rosario
2026-09-06,06:40:10,701006245,SAN JOSE V,Rosario
2026-09-06,06:40:10,357232000,YOZAN,Rosario
2026-09-06,06:40:10,636025133,YAMI BENEFIT,Rosario
2026-09-06,06:40:10,701006466,,Rosario
2026-09-06,06:40:10,636015971,STOLT ZULU,Rosario
2026-09-06,06:40:10,701006926,FAVORITO SAN ANTONIO,Rosario
2026-09-06,06:40:10,636024379,STAR WESTPORT,Rosario
2026-09-06,06:40:10,563169800,RUBY,Rosario
2026-09-06,06:40:10,538004481,AGIA PARASKEVI,Rosario
2026-09-06,06:40:10,755002470,DONA CARMEN,Rosario
2026-09-06,06:40:10,352006380,CL KIBOU,Rosario
2026-09-06,06:40:10,357458000,BULK ITALY,Rosario
2026-09-06,06:40:10,701006396,VB RECOLETA,Rosario
2026-09-06,06:40:10,755001797,PARAPITI.,Rosario
2026-09-06,06:40:10,701001404,GUAZU PUCU,Rosario
2026-09-06,06:40:10,636015600,,DelGuazu
2026-09-06,06:40:10,636023728,TAI STEADINESS,DelGuazu
2026-09-06,06:40:10,755058000,CAP. JACKSON,DelGuazu
2026-09-06,06:40:10,538009547,MEDITERRANEAN SPIRIT,DelGuazu
2026-09-06,06:40:10,701583000,GC70 RI0 DE LA PLATA,BellaVista
2026-09-06,06:40:10,755091000,,BellaVista
2026-09-06,06:40:10,755022000,R/E CAVALIER XI,BellaVista
2026-09-06,06:40:10,755122000,INQUEBRANTABLE,BellaVista
2026-09-06,06:40:10,720985000,HB HYDRA,BellaVista
2026-09-06,06:40:10,755004318,NAUTIC TWIN,BellaVista
2026-09-06,06:40:10,755201114,AGUILUCHO,BellaVista
2026-09-06,06:40:10,755048000,ITAPUA I,BellaVista
2026-09-06,06:40:10,720687000,JAN CONNOR,BellaVista
2026-09-06,06:40:10,755045000,BRUTUS H,BellaVista
2026-09-06,06:40:10,755170000,DONA MARGIE,BellaVista
2026-09-06,06:40:10,755126000,LATERE,BellaVista
2026-09-06,06:40:10,755084000,RIO DE LA PLATA,BellaVista
2026-09-06,06:40:10,755136000,IMPALA LADARIO,BellaVista
2026-09-06,06:50:09,314952000,DSM HARBOUR,SanLorenzo
2026-09-06,06:50:09,477932500,ROSCO BANYAN,SanLorenzo
2026-09-06,06:50:09,255915742,BOCHEM CASABLANCA,SanLorenzo
2026-09-06,06:50:09,311001602,,SanLorenzo
2026-09-06,06:50:09,701503000,GC77 GFO SAN MATIAS,SanLorenzo
2026-09-06,06:50:09,563151400,FRANCESCO,SanLorenzo
2026-09-06,06:50:09,538006458,ODYSSEUS N,SanLorenzo
2026-09-06,06:50:09,477754600,MAERSK VENEZIA,SanLorenzo
2026-09-06,06:50:09,538010750,TOKYO SPIRIT,SanLorenzo
2026-09-06,06:50:09,311000195,CS SARAFINA,SanLorenzo
2026-09-06,06:50:09,352001142,,SanLorenzo
2026-09-06,06:50:09,636024043,TG CRAB,SanLorenzo
2026-09-06,06:50:09,636093258,EMMA JANNEKE,SanLorenzo
2026-09-06,06:50:09,636023897,ANNELIESE,SanLorenzo
2026-09-06,06:50:09,351011000,OCEAN CROWN,SanLorenzo
2026-09-06,06:50:09,257897000,BOW FIRDA,SanLorenzo
2026-09-06,06:50:09,538010532,DEANA,SanLorenzo
2026-09-06,06:50:09,538006504,DANK SILVER,SanLorenzo
2026-09-06,06:50:09,538090690,LEONARDO,SanLorenzo
2026-09-06,06:50:09,255916599,RANA,SanLorenzo
2026-09-06,06:50:09,241624000,LEGEND,SanLorenzo
2026-09-06,06:50:09,352004948,OBE UNITY,SanLorenzo
2026-09-06,06:50:09,352006388,NORSE BORNHOLM,SanLorenzo
2026-09-06,06:50:09,563319600,CUTLASS GALAXY,SanLorenzo
2026-09-06,06:50:09,720035000,CANTAGALLO,SanLorenzo
2026-09-06,06:50:09,256672000,ARIETTA,SanLorenzo
2026-09-06,06:50:09,538012594,KAPETANIOS,SanLorenzo
2026-09-06,06:50:09,563163900,ANNA SCHULTE,SanLorenzo
2026-09-06,06:50:09,355174000,APOGEE SPIRIT,SanLorenzo
2026-09-06,06:50:09,538009801,HELIOS,SanLorenzo
2026-09-06,06:50:09,341694002,H7 HSB5,SanLorenzo
2026-09-06,06:50:09,538008936,SOUND YOUNG,SanLorenzo
2026-09-06,06:50:09,352006380,CL KIBOU,SanLorenzo
2026-09-06,06:50:09,701006396,VB RECOLETA,SanLorenzo
2026-09-06,06:50:09,701006966,TIGRE,SanLorenzo
2026-09-06,06:50:09,538008779,LIVADI,SanLorenzo
2026-09-06,06:50:09,755000020,AGUARA,SanLorenzo
2026-09-06,06:50:09,636024698,MC CALYPSO,SanLorenzo
2026-09-06,06:50:09,256685000,RODINA,SanLorenzo
2026-09-06,06:50:09,755991013,PUMA,SanLorenzo
2026-09-06,06:50:09,636025133,YAMI BENEFIT,SanLorenzo
2026-09-06,06:50:09,755177000,CABALLERO BLANCO.,SanLorenzo
2026-09-06,06:50:09,701006245,SAN JOSE V,SanLorenzo
2026-09-06,06:50:09,710000019,HERACLITO FILHO,SanLorenzo
2026-09-06,06:50:09,701006926,FAVORITO SAN ANTONIO,SanLorenzo
2026-09-06,06:50:09,357458000,BULK ITALY,SanLorenzo
2026-09-06,06:50:09,352006096,PALEXPO,SanLorenzo
2026-09-06,06:50:09,701001114,IGUAZU,SanLorenzo
2026-09-06,06:50:09,701001404,GUAZU PUCU,SanLorenzo
2026-09-06,06:50:09,636024379,STAR WESTPORT,SanLorenzo
2026-09-06,06:50:09,357232000,YOZAN,SanLorenzo
2026-09-06,06:50:09,636015971,STOLT ZULU,SanLorenzo
2026-09-06,06:50:09,701001057,VALENTINA H,SanLorenzo
2026-09-06,06:50:09,538004481,AGIA PARASKEVI,SanLorenzo
2026-09-06,06:50:09,755703668,URUTAU,SanLorenzo
2026-09-06,06:50:09,636023256,INGENUITY,SanLorenzo
2026-09-06,06:50:09,701006443,MAYU,SanLorenzo
2026-09-06,06:50:09,755001797,PARAPITI.,SanLorenzo
2026-09-06,06:50:09,563169800,RUBY,SanLorenzo
2026-09-06,06:50:09,755134000,LADOCE H,SanLorenzo
2026-09-06,06:50:09,755004326,OLIMPO,SanLorenzo
2026-09-06,06:50:09,755703668,,Rosario
2026-09-06,06:50:09,636015971,STOLT ZULU,Rosario
2026-09-06,06:50:09,314952000,,Rosario
2026-09-06,06:50:09,538009801,HELIOS,Rosario
2026-09-06,06:50:09,477932500,ROSCO BANYAN,Rosario
2026-09-06,06:50:09,311001602,SAGA ANDORINHA,Rosario
2026-09-06,06:50:09,701503000,GC77 GFO SAN MATIAS,Rosario
2026-09-06,06:50:09,538004184,,Rosario
2026-09-06,06:50:09,563151400,FRANCESCO,Rosario
2026-09-06,06:50:09,538006458,ODYSSEUS N,Rosario
2026-09-06,06:50:09,477754600,MAERSK VENEZIA,Rosario
2026-09-06,06:50:09,538010750,TOKYO SPIRIT,Rosario
2026-09-06,06:50:09,352001142,GLORY FIRST,Rosario
2026-09-06,06:50:09,636024043,TG CRAB,Rosario
2026-09-06,06:50:09,636093258,EMMA JANNEKE,Rosario
2026-09-06,06:50:09,701006443,,Rosario
2026-09-06,06:50:09,636023897,ANNELIESE,Rosario
2026-09-06,06:50:09,563054100,MTM BIG APPLE,Rosario
2026-09-06,06:50:09,755000020,,Rosario
2026-09-06,06:50:09,538010532,DEANA,Rosario
2026-09-06,06:50:09,538090690,LEONARDO,Rosario
2026-09-06,06:50:09,255916599,RANA,Rosario
2026-09-06,06:50:09,241624000,LEGEND,Rosario
2026-09-06,06:50:09,352006388,NORSE BORNHOLM,Rosario
2026-09-06,06:50:09,563319600,CUTLASS GALAXY,Rosario
2026-09-06,06:50:09,256672000,ARIETTA,Rosario
2026-09-06,06:50:09,538012594,KAPETANIOS,Rosario
2026-09-06,06:50:09,563163900,ANNA SCHULTE,Rosario
2026-09-06,06:50:09,355174000,APOGEE SPIRIT,Rosario
2026-09-06,06:50:09,341694002,H7 HSB5,Rosario
2026-09-06,06:50:09,701001114,,Rosario
2026-09-06,06:50:09,538008936,SOUND YOUNG,Rosario
2026-09-06,06:50:09,701006396,VB RECOLETA,Rosario
2026-09-06,06:50:09,538008779,LIVADI,Rosario
2026-09-06,06:50:09,636024698,MC CALYPSO,Rosario
2026-09-06,06:50:09,755991013,PUMA,Rosario
2026-09-06,06:50:09,636025133,YAMI BENEFIT,Rosario
2026-09-06,06:50:09,701006245,SAN JOSE V,Rosario
2026-09-06,06:50:09,357232000,YOZAN,Rosario
2026-09-06,06:50:09,701006466,,Rosario
2026-09-06,06:50:09,710000019,HERACLITO FILHO,Rosario
2026-09-06,06:50:09,701006926,FAVORITO SAN ANTONIO,Rosario
2026-09-06,06:50:09,357458000,BULK ITALY,Rosario
2026-09-06,06:50:09,352006096,PALEXPO,Rosario
2026-09-06,06:50:09,701001404,GUAZU PUCU,Rosario
2026-09-06,06:50:09,636024379,STAR WESTPORT,Rosario
2026-09-06,06:50:09,352006380,CL KIBOU,Rosario
2026-09-06,06:50:09,538004481,AGIA PARASKEVI,Rosario
2026-09-06,06:50:09,636023256,INGENUITY,Rosario
2026-09-06,06:50:09,755001797,PARAPITI.,Rosario
2026-09-06,06:50:09,563169800,RUBY,Rosario
2026-09-06,06:50:09,720035000,CANTAGALLO,Rosario
2026-09-06,06:50:09,256685000,RODINA,Rosario
2026-09-06,06:50:09,755058000,CAP. JACKSON,DelGuazu
2026-09-06,06:50:09,636023728,TAI STEADINESS,DelGuazu
2026-09-06,06:50:09,636015600,,DelGuazu
2026-09-06,06:50:09,538009547,MEDITERRANEAN SPIRIT,DelGuazu
2026-09-06,06:50:09,636023728,,Braga
2026-09-06,06:50:09,538009547,,Braga
2026-09-06,06:50:09,636015600,,Braga
2026-09-06,06:50:09,701583000,GC70 RI0 DE LA PLATA,BellaVista
2026-09-06,06:50:09,755091000,,BellaVista
2026-09-06,06:50:09,755126000,LATERE,BellaVista
2026-09-06,06:50:09,755122000,INQUEBRANTABLE,BellaVista
2026-09-06,06:50:09,755022000,R/E CAVALIER XI,BellaVista
2026-09-06,06:50:09,755084000,RIO DE LA PLATA,BellaVista
2026-09-06,06:50:09,755164000,BELEN B,BellaVista
2026-09-06,06:50:09,755201114,AGUILUCHO,BellaVista
2026-09-06,06:50:09,720985000,HB HYDRA,BellaVista
2026-09-06,06:50:09,755045000,BRUTUS H,BellaVista
2026-09-06,06:50:09,755136000,IMPALA LADARIO,BellaVista
2026-09-06,06:50:09,720687000,JAN CONNOR,BellaVista
2026-09-06,06:50:09,755004318,NAUTIC TWIN,BellaVista
2026-09-06,06:50:09,755170000,DONA MARGIE,BellaVista
2026-09-06,06:50:09,755048000,ITAPUA I,BellaVista
2026-09-06,07:00:34,352001142,,SanLorenzo
2026-09-06,07:00:34,314952000,DSM HARBOUR,SanLorenzo
2026-09-06,07:00:34,701006466,,SanLorenzo
2026-09-06,07:00:34,255915742,BOCHEM CASABLANCA,SanLorenzo
2026-09-06,07:00:34,701006283,,SanLorenzo
2026-09-06,07:00:34,477932500,ROSCO BANYAN,SanLorenzo
2026-09-06,07:00:34,701503000,GC77 GFO SAN MATIAS,SanLorenzo
2026-09-06,07:00:34,477754600,MAERSK VENEZIA,SanLorenzo
2026-09-06,07:00:34,563151400,FRANCESCO,SanLorenzo
2026-09-06,07:00:34,538006458,ODYSSEUS N,SanLorenzo
2026-09-06,07:00:34,311000195,CS SARAFINA,SanLorenzo
2026-09-06,07:00:34,538010750,TOKYO SPIRIT,SanLorenzo
2026-09-06,07:00:34,636024043,TG CRAB,SanLorenzo
2026-09-06,07:00:34,636093258,EMMA JANNEKE,SanLorenzo
2026-09-06,07:00:34,563054100,MTM BIG APPLE,SanLorenzo
2026-09-06,07:00:34,636023897,ANNELIESE,SanLorenzo
2026-09-06,07:00:34,351011000,OCEAN CROWN,SanLorenzo
2026-09-06,07:00:34,257897000,BOW FIRDA,SanLorenzo
2026-09-06,07:00:34,538010532,DEANA,SanLorenzo
2026-09-06,07:00:34,538006504,DANK SILVER,SanLorenzo
2026-09-06,07:00:34,538090690,LEONARDO,SanLorenzo
2026-09-06,07:00:34,255916599,RANA,SanLorenzo
2026-09-06,07:00:34,352004948,OBE UNITY,SanLorenzo
2026-09-06,07:00:34,241624000,LEGEND,SanLorenzo
2026-09-06,07:00:34,352006388,NORSE BORNHOLM,SanLorenzo
2026-09-06,07:00:34,720035000,CANTAGALLO,SanLorenzo
2026-09-06,07:00:34,538012594,KAPETANIOS,SanLorenzo
2026-09-06,07:00:34,538009801,HELIOS,SanLorenzo
2026-09-06,07:00:34,563163900,ANNA SCHULTE,SanLorenzo
2026-09-06,07:00:34,355174000,APOGEE SPIRIT,SanLorenzo
2026-09-06,07:00:34,701001324,HALCON,SanLorenzo
2026-09-06,07:00:34,7010004,,SanLorenzo
2026-09-06,07:00:34,636025133,YAMI BENEFIT,SanLorenzo
2026-09-06,07:00:34,755991013,PUMA,SanLorenzo
2026-09-06,07:00:34,701001057,VALENTINA H,SanLorenzo
2026-09-06,07:00:34,341694002,H7 HSB5,SanLorenzo
2026-09-06,07:00:34,538008936,SOUND YOUNG,SanLorenzo
2026-09-06,07:00:34,755042000,RE ASUNCION,SanLorenzo
2026-09-06,07:00:34,538008779,LIVADI,SanLorenzo
2026-09-06,07:00:34,701006966,TIGRE,SanLorenzo
2026-09-06,07:00:34,256685000,RODINA,SanLorenzo
2026-09-06,07:00:34,701006245,SAN JOSE V,SanLorenzo
2026-09-06,07:00:34,636024698,MC CALYPSO,SanLorenzo
2026-09-06,07:00:34,755177000,CABALLERO BLANCO.,SanLorenzo
2026-09-06,07:00:34,357232000,YOZAN,SanLorenzo
2026-09-06,07:00:34,710000019,HERACLITO FILHO,SanLorenzo
2026-09-06,07:00:34,701006926,FAVORITO SAN ANTONIO,SanLorenzo
2026-09-06,07:00:34,701001114,IGUAZU,SanLorenzo
2026-09-06,07:00:34,563169800,RUBY,SanLorenzo
2026-09-06,07:00:34,701001404,GUAZU PUCU,SanLorenzo
2026-09-06,07:00:34,352006096,PALEXPO,SanLorenzo
2026-09-06,07:00:34,636024379,STAR WESTPORT,SanLorenzo
2026-09-06,07:00:34,636023256,INGENUITY,SanLorenzo
2026-09-06,07:00:34,636015971,STOLT ZULU,SanLorenzo
2026-09-06,07:00:34,701006396,VB RECOLETA,SanLorenzo
2026-09-06,07:00:34,538004481,AGIA PARASKEVI,SanLorenzo
2026-09-06,07:00:34,357458000,BULK ITALY,SanLorenzo
2026-09-06,07:00:34,256672000,ARIETTA,SanLorenzo
2026-09-06,07:00:34,352006380,CL KIBOU,SanLorenzo
2026-09-06,07:00:34,755001797,PARAPITI.,SanLorenzo
2026-09-06,07:00:34,755002470,DONA CARMEN,SanLorenzo
2026-09-06,07:00:34,755703668,URUTAU,SanLorenzo
2026-09-06,07:00:34,755000020,AGUARA,SanLorenzo
2026-09-06,07:00:34,755004326,OLIMPO,SanLorenzo
2026-09-06,07:00:34,701006443,MAYU,SanLorenzo
2026-09-06,07:00:34,755134000,LADOCE H,SanLorenzo
2026-09-06,07:00:34,311001602,SAGA ANDORINHA,Rosario
2026-09-06,07:00:34,314952000,,Rosario
2026-09-06,07:00:34,256685000,RODINA,Rosario
2026-09-06,07:00:34,636015971,STOLT ZULU,Rosario
2026-09-06,07:00:34,755703668,,Rosario
2026-09-06,07:00:34,477932500,ROSCO BANYAN,Rosario
2026-09-06,07:00:34,701503000,GC77 GFO SAN MATIAS,Rosario
2026-09-06,07:00:34,563151400,FRANCESCO,Rosario
2026-09-06,07:00:34,477754600,MAERSK VENEZIA,Rosario
2026-09-06,07:00:34,538006458,ODYSSEUS N,Rosario
2026-09-06,07:00:34,538010750,TOKYO SPIRIT,Rosario
2026-09-06,07:00:34,352001142,GLORY FIRST,Rosario
2026-09-06,07:00:34,636024043,TG CRAB,Rosario
2026-09-06,07:00:34,636093258,EMMA JANNEKE,Rosario
2026-09-06,07:00:34,563054100,MTM BIG APPLE,Rosario
2026-09-06,07:00:34,636023897,ANNELIESE,Rosario
2026-09-06,07:00:34,538010532,DEANA,Rosario
2026-09-06,07:00:34,701001114,IGUAZU,Rosario
2026-09-06,07:00:34,538090690,LEONARDO,Rosario
2026-09-06,07:00:34,255916599,RANA,Rosario
2026-09-06,07:00:34,241624000,LEGEND,Rosario
2026-09-06,07:00:34,720035000,CANTAGALLO,Rosario
2026-09-06,07:00:34,352006388,NORSE BORNHOLM,Rosario
2026-09-06,07:00:34,563319600,CUTLASS GALAXY,Rosario
2026-09-06,07:00:34,253662000,,Rosario
2026-09-06,07:00:34,538012594,KAPETANIOS,Rosario
2026-09-06,07:00:34,538009801,HELIOS,Rosario
2026-09-06,07:00:34,563163900,ANNA SCHULTE,Rosario
2026-09-06,07:00:34,355174000,APOGEE SPIRIT,Rosario
2026-09-06,07:00:34,701001324,,Rosario
2026-09-06,07:00:34,7010004,,Rosario
2026-09-06,07:00:34,341694002,H7 HSB5,Rosario
2026-09-06,07:00:34,538008936,SOUND YOUNG,Rosario
2026-09-06,07:00:34,755001797,PARAPITI.,Rosario
2026-09-06,07:00:34,538008779,LIVADI,Rosario
2026-09-06,07:00:34,755000020,AGUARA,Rosario
2026-09-06,07:00:34,701006245,SAN JOSE V,Rosario
2026-09-06,07:00:34,636025133,YAMI BENEFIT,Rosario
2026-09-06,07:00:34,755991013,PUMA,Rosario
2026-09-06,07:00:34,636024698,MC CALYPSO,Rosario
2026-09-06,07:00:34,357232000,YOZAN,Rosario
2026-09-06,07:00:34,701006466,,Rosario
2026-09-06,07:00:34,636023256,INGENUITY,Rosario
2026-09-06,07:00:34,710000019,HERACLITO FILHO,Rosario
2026-09-06,07:00:34,701006926,FAVORITO SAN ANTONIO,Rosario
2026-09-06,07:00:34,563169800,RUBY,Rosario
2026-09-06,07:00:34,256672000,ARIETTA,Rosario
2026-09-06,07:00:34,701001404,GUAZU PUCU,Rosario
2026-09-06,07:00:34,352006096,PALEXPO,Rosario
2026-09-06,07:00:34,636024379,STAR WESTPORT,Rosario
2026-09-06,07:00:34,755002470,DONA CARMEN,Rosario
2026-09-06,07:00:34,701006396,VB RECOLETA,Rosario
2026-09-06,07:00:34,538004481,AGIA PARASKEVI,Rosario
2026-09-06,07:00:34,357458000,BULK ITALY,Rosario
2026-09-06,07:00:34,352006380,CL KIBOU,Rosario
2026-09-06,07:00:34,563234800,IVS DUNES,Rosario
2026-09-06,07:00:34,755058000,CAP. JACKSON,DelGuazu
2026-09-06,07:00:34,701006685,,DelGuazu
2026-09-06,07:00:34,636015600,,DelGuazu
2026-09-06,07:00:34,636023728,TAI STEADINESS,DelGuazu
2026-09-06,07:00:34,538009547,MEDITERRANEAN SPIRIT,DelGuazu
2026-09-06,07:00:34,636023728,,Braga
2026-09-06,07:00:34,636015600,,Braga
2026-09-06,07:00:34,701583000,GC70 RI0 DE LA PLATA,BellaVista
2026-09-06,07:00:34,755091000,,BellaVista
2026-09-06,07:00:34,755122000,INQUEBRANTABLE,BellaVista
2026-09-06,07:00:34,755004318,NAUTIC TWIN,BellaVista
2026-09-06,07:00:34,720985000,HB HYDRA,BellaVista
2026-09-06,07:00:34,755045000,BRUTUS H,BellaVista
2026-09-06,07:00:34,755136000,IMPALA LADARIO,BellaVista
2026-09-06,07:00:34,755170000,DONA MARGIE,BellaVista
2026-09-06,07:00:34,755048000,ITAPUA I,BellaVista
2026-09-06,07:00:34,755022000,R/E CAVALIER XI,BellaVista
2026-09-06,07:00:34,755084000,RIO DE LA PLATA,BellaVista
2026-09-06,07:00:34,755201114,AGUILUCHO,BellaVista
2026-09-06,07:10:28,720035000,CANTAGALLO,SanLorenzo
2026-09-06,07:10:28,720946000,DON KASBERGEN,SanLorenzo
2026-09-06,07:10:28,255915742,BOCHEM CASABLANCA,SanLorenzo
2026-09-06,07:10:28,257897000,BOW FIRDA,SanLorenzo
2026-09-06,07:10:28,477932500,ROSCO BANYAN,SanLorenzo
2026-09-06,07:10:28,701503000,GC77 GFO SAN MATIAS,SanLorenzo
2026-09-06,07:10:28,563151400,FRANCESCO,SanLorenzo
2026-09-06,07:10:28,477754600,MAERSK VENEZIA,SanLorenzo
2026-09-06,07:10:28,538006458,ODYSSEUS N,SanLorenzo
2026-09-06,07:10:28,538010750,TOKYO SPIRIT,SanLorenzo
2026-09-06,07:10:28,311000195,CS SARAFINA,SanLorenzo
2026-09-06,07:10:28,7010004,,SanLorenzo
2026-09-06,07:10:28,636024043,TG CRAB,SanLorenzo
2026-09-06,07:10:28,636093258,EMMA JANNEKE,SanLorenzo
2026-09-06,07:10:28,563054100,MTM BIG APPLE,SanLorenzo
2026-09-06,07:10:28,636023897,ANNELIESE,SanLorenzo
2026-09-06,07:10:28,351011000,OCEAN CROWN,SanLorenzo
2026-09-06,07:10:28,538010532,DEANA,SanLorenzo
2026-09-06,07:10:28,538006504,DANK SILVER,SanLorenzo
2026-09-06,07:10:28,538090690,LEONARDO,SanLorenzo
2026-09-06,07:10:28,255916599,RANA,SanLorenzo
2026-09-06,07:10:28,241624000,LEGEND,SanLorenzo
2026-09-06,07:10:28,352004948,OBE UNITY,SanLorenzo
2026-09-06,07:10:28,352006388,NORSE BORNHOLM,SanLorenzo
2026-09-06,07:10:28,538012594,KAPETANIOS,SanLorenzo
2026-09-06,07:10:28,563163900,ANNA SCHULTE,SanLorenzo
2026-09-06,07:10:28,355174000,APOGEE SPIRIT,SanLorenzo
2026-09-06,07:10:28,701001324,HALCON,SanLorenzo
2026-09-06,07:10:28,538009801,HELIOS,SanLorenzo
2026-09-06,07:10:28,636025133,YAMI BENEFIT,SanLorenzo
2026-09-06,07:10:28,538008936,SOUND YOUNG,SanLorenzo
2026-09-06,07:10:28,341694002,H7 HSB5,SanLorenzo
2026-09-06,07:10:28,755042000,RE ASUNCION,SanLorenzo
2026-09-06,07:10:28,563234800,,SanLorenzo
2026-09-06,07:10:28,538008779,LIVADI,SanLorenzo
2026-09-06,07:10:28,701006966,TIGRE,SanLorenzo
2026-09-06,07:10:28,256685000,RODINA,SanLorenzo
2026-09-06,07:10:28,755991013,PUMA,SanLorenzo
2026-09-06,07:10:28,636024698,MC CALYPSO,SanLorenzo
2026-09-06,07:10:28,701006245,SAN JOSE V,SanLorenzo
2026-09-06,07:10:28,755177000,CABALLERO BLANCO.,SanLorenzo
2026-09-06,07:10:28,701006926,FAVORITO SAN ANTONIO,SanLorenzo
2026-09-06,07:10:28,710000019,HERACLITO FILHO,SanLorenzo
2026-09-06,07:10:28,636024379,STAR WESTPORT,SanLorenzo
2026-09-06,07:10:28,256672000,ARIETTA,SanLorenzo
2026-09-06,07:10:28,563169800,RUBY,SanLorenzo
2026-09-06,07:10:28,755002470,DONA CARMEN,SanLorenzo
2026-09-06,07:10:28,636023256,INGENUITY,SanLorenzo
2026-09-06,07:10:28,357232000,YOZAN,SanLorenzo
2026-09-06,07:10:28,352006096,PALEXPO,SanLorenzo
2026-09-06,07:10:28,636015971,STOLT ZULU,SanLorenzo
2026-09-06,07:10:28,701006396,VB RECOLETA,SanLorenzo
2026-09-06,07:10:28,538004481,AGIA PARASKEVI,SanLorenzo
2026-09-06,07:10:28,755703668,URUTAU,SanLorenzo
2026-09-06,07:10:28,538011430,SOFIA,SanLorenzo
2026-09-06,07:10:28,701006443,MAYU,SanLorenzo
2026-09-06,07:10:28,352006380,CL KIBOU,SanLorenzo
2026-09-06,07:10:28,755001797,PARAPITI.,SanLorenzo
2026-09-06,07:10:28,701001404,GUAZU PUCU,SanLorenzo
2026-09-06,07:10:28,755134000,LADOCE H,SanLorenzo
2026-09-06,07:10:28,755000020,AGUARA,SanLorenzo
2026-09-06,07:10:28,755004326,OLIMPO,SanLorenzo
2026-09-06,07:10:28,563054100,MTM BIG APPLE,Rosario
2026-09-06,07:10:28,701006354,,Rosario
2026-09-06,07:10:28,538009801,HELIOS,Rosario
2026-09-06,07:10:28,720035000,CANTAGALLO,Rosario
2026-09-06,07:10:28,314952000,,Rosario
2026-09-06,07:10:28,701001114,IGUAZU,Rosario
2026-09-06,07:10:28,538008779,LIVADI,Rosario
2026-09-06,07:10:28,477932500,ROSCO BANYAN,Rosario
2026-09-06,07:10:28,311001602,SAGA ANDORINHA,Rosario
2026-09-06,07:10:28,701503000,GC77 GFO SAN MATIAS,Rosario
2026-09-06,07:10:28,563151400,FRANCESCO,Rosario
2026-09-06,07:10:28,477754600,MAERSK VENEZIA,Rosario
2026-09-06,07:10:28,538006458,ODYSSEUS N,Rosario
2026-09-06,07:10:28,538010750,TOKYO SPIRIT,Rosario
2026-09-06,07:10:28,352001142,GLORY FIRST,Rosario
2026-09-06,07:10:28,7010004,,Rosario
2026-09-06,07:10:28,636024043,TG CRAB,Rosario
2026-09-06,07:10:28,636093258,EMMA JANNEKE,Rosario
2026-09-06,07:10:28,636023897,ANNELIESE,Rosario
2026-09-06,07:10:28,538010532,DEANA,Rosario
2026-09-06,07:10:28,255916599,RANA,Rosario
2026-09-06,07:10:28,538090690,LEONARDO,Rosario
2026-09-06,07:10:28,241624000,LEGEND,Rosario
2026-09-06,07:10:28,352006388,NORSE BORNHOLM,Rosario
2026-09-06,07:10:28,538012594,KAPETANIOS,Rosario
2026-09-06,07:10:28,563163900,ANNA SCHULTE,Rosario
2026-09-06,07:10:28,355174000,APOGEE SPIRIT,Rosario
2026-09-06,07:10:28,755000020,AGUARA,Rosario
2026-09-06,07:10:28,701006245,SAN JOSE V,Rosario
2026-09-06,07:10:28,538008936,SOUND YOUNG,Rosario
2026-09-06,07:10:28,256672000,ARIETTA,Rosario
2026-09-06,07:10:28,341694002,H7 HSB5,Rosario
2026-09-06,07:10:28,701006396,VB RECOLETA,Rosario
2026-09-06,07:10:28,755991013,PUMA,Rosario
2026-09-06,07:10:28,636024698,MC CALYPSO,Rosario
2026-09-06,07:10:28,636025133,YAMI BENEFIT,Rosario
2026-09-06,07:10:28,636023256,INGENUITY,Rosario
2026-09-06,07:10:28,701006466,,Rosario
2026-09-06,07:10:28,357232000,YOZAN,Rosario
2026-09-06,07:10:28,701006926,FAVORITO SAN ANTONIO,Rosario
2026-09-06,07:10:28,710000019,HERACLITO FILHO,Rosario
2026-09-06,07:10:28,352006096,PALEXPO,Rosario
2026-09-06,07:10:28,636024379,STAR WESTPORT,Rosario
2026-09-06,07:10:28,563169800,RUBY,Rosario
2026-09-06,07:10:28,636015971,STOLT ZULU,Rosario
2026-09-06,07:10:28,755002470,DONA CARMEN,Rosario
2026-09-06,07:10:28,563234800,IVS DUNES,Rosario
2026-09-06,07:10:28,538004481,AGIA PARASKEVI,Rosario
2026-09-06,07:10:28,755001797,PARAPITI.,Rosario
2026-09-06,07:10:28,538011430,SOFIA,Rosario
2026-09-06,07:10:28,352006380,CL KIBOU,Rosario
2026-09-06,07:10:28,701001404,GUAZU PUCU,Rosario
2026-09-06,07:10:28,563033900,,DelGuazu
2026-09-06,07:10:28,538009547,MEDITERRANEAN SPIRIT,DelGuazu
2026-09-06,07:10:28,636023728,TAI STEADINESS,DelGuazu
2026-09-06,07:10:28,636015600,F. F GLORY,DelGuazu
2026-09-06,07:10:28,701583000,GC70 RI0 DE LA PLATA,BellaVista
2026-09-06,07:10:28,755091000,,BellaVista
2026-09-06,07:10:28,755164000,BELEN B,BellaVista
2026-09-06,07:10:28,755201114,AGUILUCHO,BellaVista
2026-09-06,07:10:28,720985000,HB HYDRA,BellaVista
2026-09-06,07:10:28,755045000,BRUTUS H,BellaVista
2026-09-06,07:10:28,755048000,ITAPUA I,BellaVista
2026-09-06,07:10:28,755022000,R/E CAVALIER XI,BellaVista
2026-09-06,07:10:28,755170000,DONA MARGIE,BellaVista
2026-09-06,07:10:28,755004318,NAUTIC TWIN,BellaVista
2026-09-06,07:10:28,755122000,INQUEBRANTABLE,BellaVista
2026-09-06,07:10:28,755136000,IMPALA LADARIO,BellaVista
2026-09-06,07:20:10,311001602,,SanLorenzo
2026-09-06,07:20:10,538010532,DEANA,SanLorenzo
2026-09-06,07:20:10,701503000,GC77 GFO SAN MATIAS,SanLorenzo
2026-09-06,07:20:10,563234800,,SanLorenzo
2026-09-06,07:20:10,477932500,ROSCO BANYAN,SanLorenzo
2026-09-06,07:20:10,255915742,BOCHEM CASABLANCA,SanLorenzo
2026-09-06,07:20:10,563151400,FRANCESCO,SanLorenzo
2026-09-06,07:20:10,538006458,ODYSSEUS N,SanLorenzo
2026-09-06,07:20:10,477754600,MAERSK VENEZIA,SanLorenzo
2026-09-06,07:20:10,538010750,TOKYO SPIRIT,SanLorenzo
2026-09-06,07:20:10,311000195,CS SARAFINA,SanLorenzo
2026-09-06,07:20:10,7010004,,SanLorenzo
2026-09-06,07:20:10,636024043,TG CRAB,SanLorenzo
2026-09-06,07:20:10,636093258,EMMA JANNEKE,SanLorenzo
2026-09-06,07:20:10,636023897,ANNELIESE,SanLorenzo
2026-09-06,07:20:10,563054100,MTM BIG APPLE,SanLorenzo
2026-09-06,07:20:10,351011000,OCEAN CROWN,SanLorenzo
2026-09-06,07:20:10,257897000,BOW FIRDA,SanLorenzo
2026-09-06,07:20:10,538006504,DANK SILVER,SanLorenzo
2026-09-06,07:20:10,538090690,LEONARDO,SanLorenzo
2026-09-06,07:20:10,255916599,RANA,SanLorenzo
2026-09-06,07:20:10,241624000,LEGEND,SanLorenzo
2026-09-06,07:20:10,352004948,OBE UNITY,SanLorenzo
2026-09-06,07:20:10,352006388,NORSE BORNHOLM,SanLorenzo
2026-09-06,07:20:10,563319600,,SanLorenzo
2026-09-06,07:20:10,357458000,BULK ITALY,SanLorenzo
2026-09-06,07:20:10,755042000,RE ASUNCION,SanLorenzo
2026-09-06,07:20:10,538012594,KAPETANIOS,SanLorenzo
2026-09-06,07:20:10,563163900,ANNA SCHULTE,SanLorenzo
2026-09-06,07:20:10,538009801,HELIOS,SanLorenzo
2026-09-06,07:20:10,355174000,APOGEE SPIRIT,SanLorenzo
2026-09-06,07:20:10,701001324,HALCON,SanLorenzo
2026-09-06,07:20:10,341694002,H7 HSB5,SanLorenzo
2026-09-06,07:20:10,352006380,CL KIBOU,SanLorenzo
2026-09-06,07:20:10,538008936,SOUND YOUNG,SanLorenzo
2026-09-06,07:20:10,538008779,LIVADI,SanLorenzo
2026-09-06,07:20:10,256685000,RODINA,SanLorenzo
2026-09-06,07:20:10,755177000,CABALLERO BLANCO.,SanLorenzo
2026-09-06,07:20:10,701006245,SAN JOSE V,SanLorenzo
2026-09-06,07:20:10,636025133,YAMI BENEFIT,SanLorenzo
2026-09-06,07:20:10,636024698,MC CALYPSO,SanLorenzo
2026-09-06,07:20:10,755991013,PUMA,SanLorenzo
2026-09-06,07:20:10,256672000,ARIETTA,SanLorenzo
2026-09-06,07:20:10,710000019,HERACLITO FILHO,SanLorenzo
2026-09-06,07:20:10,701006926,FAVORITO SAN ANTONIO,SanLorenzo
2026-09-06,07:20:10,636024379,STAR WESTPORT,SanLorenzo
2026-09-06,07:20:10,357232000,YOZAN,SanLorenzo
2026-09-06,07:20:10,636015971,STOLT ZULU,SanLorenzo
2026-09-06,07:20:10,352006096,PALEXPO,SanLorenzo
2026-09-06,07:20:10,563169800,RUBY,SanLorenzo
2026-09-06,07:20:10,755002470,DONA CARMEN,SanLorenzo
2026-09-06,07:20:10,755001797,PARAPITI.,SanLorenzo
2026-09-06,07:20:10,538004481,AGIA PARASKEVI,SanLorenzo
2026-09-06,07:20:10,755703668,URUTAU,SanLorenzo
2026-09-06,07:20:10,755004326,OLIMPO,SanLorenzo
2026-09-06,07:20:10,701006396,VB RECOLETA,SanLorenzo
2026-09-06,07:20:10,701006966,TIGRE,SanLorenzo
2026-09-06,07:20:10,636023256,INGENUITY,SanLorenzo
2026-09-06,07:20:10,701006443,MAYU,SanLorenzo
2026-09-06,07:20:10,701001404,GUAZU PUCU,SanLorenzo
2026-09-06,07:20:10,755134000,LADOCE H,SanLorenzo
2026-09-06,07:20:10,755000020,AGUARA,SanLorenzo
2026-09-06,07:20:10,253662000,,Rosario
2026-09-06,07:20:10,755134000,,Rosario
2026-09-06,07:20:10,538008779,LIVADI,Rosario
2026-09-06,07:20:10,755703668,,Rosario
2026-09-06,07:20:10,755004326,,Rosario
2026-09-06,07:20:10,477932500,ROSCO BANYAN,Rosario
2026-09-06,07:20:10,311001602,SAGA ANDORINHA,Rosario
2026-09-06,07:20:10,256685000,,Rosario
2026-09-06,07:20:10,701503000,GC77 GFO SAN MATIAS,Rosario
2026-09-06,07:20:10,563151400,FRANCESCO,Rosario
2026-09-06,07:20:10,538006458,ODYSSEUS N,Rosario
2026-09-06,07:20:10,477754600,MAERSK VENEZIA,Rosario
2026-09-06,07:20:10,538010750,TOKYO SPIRIT,Rosario
2026-09-06,07:20:10,352001142,GLORY FIRST,Rosario
2026-09-06,07:20:10,720035000,,Rosario
2026-09-06,07:20:10,7010004,,Rosario
2026-09-06,07:20:10,636024043,TG CRAB,Rosario
2026-09-06,07:20:10,636093258,EMMA JANNEKE,Rosario
2026-09-06,07:20:10,314952000,,Rosario
2026-09-06,07:20:10,636023897,ANNELIESE,Rosario
2026-09-06,07:20:10,563054100,,Rosario
2026-09-06,07:20:10,538010532,DEANA,Rosario
2026-09-06,07:20:10,538090690,LEONARDO,Rosario
2026-09-06,07:20:10,255916599,RANA,Rosario
2026-09-06,07:20:10,352004948,,Rosario
2026-09-06,07:20:10,241624000,LEGEND,Rosario
2026-09-06,07:20:10,352006388,NORSE BORNHOLM,Rosario
2026-09-06,07:20:10,563319600,CUTLASS GALAXY,Rosario
2026-09-06,07:20:10,538012594,KAPETANIOS,Rosario
2026-09-06,07:20:10,563163900,ANNA SCHULTE,Rosario
2026-09-06,07:20:10,538009801,HELIOS,Rosario
2026-09-06,07:20:10,355174000,APOGEE SPIRIT,Rosario
2026-09-06,07:20:10,701001324,HALCON,Rosario
2026-09-06,07:20:10,701006466,,Rosario
2026-09-06,07:20:10,538008936,SOUND YOUNG,Rosario
2026-09-06,07:20:10,341694002,H7 HSB5,Rosario
2026-09-06,07:20:10,755000020,AGUARA,Rosario
2026-09-06,07:20:10,701006245,SAN JOSE V,Rosario
2026-09-06,07:20:10,636024698,MC CALYPSO,Rosario
2026-09-06,07:20:10,636025133,YAMI BENEFIT,Rosario
2026-09-06,07:20:10,755991013,PUMA,Rosario
2026-09-06,07:20:10,538004184,BLACK PEARL,Rosario
2026-09-06,07:20:10,357232000,YOZAN,Rosario
2026-09-06,07:20:10,256672000,ARIETTA,Rosario
2026-09-06,07:20:10,357458000,BULK ITALY,Rosario
2026-09-06,07:20:10,710000019,HERACLITO FILHO,Rosario
2026-09-06,07:20:10,636015971,STOLT ZULU,Rosario
2026-09-06,07:20:10,701006926,FAVORITO SAN ANTONIO,Rosario
2026-09-06,07:20:10,352006096,PALEXPO,Rosario
2026-09-06,07:20:10,636024379,STAR WESTPORT,Rosario
2026-09-06,07:20:10,563169800,RUBY,Rosario
2026-09-06,07:20:10,563234800,IVS DUNES,Rosario
2026-09-06,07:20:10,755002470,DONA CARMEN,Rosario
2026-09-06,07:20:10,755001797,PARAPITI.,Rosario
2026-09-06,07:20:10,352006380,CL KIBOU,Rosario
2026-09-06,07:20:10,538004481,AGIA PARASKEVI,Rosario
2026-09-06,07:20:10,636023256,INGENUITY,Rosario
2026-09-06,07:20:10,701006396,VB RECOLETA,Rosario
2026-09-06,07:20:10,701001404,GUAZU PUCU,Rosario
2026-09-06,07:20:10,636023728,TAI STEADINESS,DelGuazu
2026-09-06,07:20:10,755058000,,DelGuazu
2026-09-06,07:20:10,636015600,F. F GLORY,DelGuazu
2026-09-06,07:20:10,701006226,DONA NINA,DelGuazu
2026-09-06,07:20:10,538009547,MEDITERRANEAN SPIRIT,DelGuazu
2026-09-06,07:20:10,636015600,,Braga
2026-09-06,07:20:10,701006226,,Braga
2026-09-06,07:20:10,538009547,,Braga
2026-09-06,07:20:10,636023728,,Braga
2026-09-06,07:20:10,755091000,,BellaVista
2026-09-06,07:20:10,701583000,GC70 RI0 DE LA PLATA,BellaVista
2026-09-06,07:20:10,755045000,BRUTUS H,BellaVista
2026-09-06,07:20:10,755048000,ITAPUA I,BellaVista
2026-09-06,07:20:10,755170000,DONA MARGIE,BellaVista
2026-09-06,07:20:10,755004318,NAUTIC TWIN,BellaVista
2026-09-06,07:20:10,755122000,INQUEBRANTABLE,BellaVista
2026-09-06,07:20:10,755201114,AGUILUCHO,BellaVista
2026-09-06,07:20:10,755164000,BELEN B,BellaVista
2026-09-06,07:20:10,720985000,HB HYDRA,BellaVista
2026-09-06,07:20:10,755136000,IMPALA LADARIO,BellaVista
2026-09-06,07:30:12,255915742,BOCHEM CASABLANCA,SanLorenzo
2026-09-06,07:30:12,563054100,MTM BIG APPLE,SanLorenzo
2026-09-06,07:30:12,563319600,CUTLASS GALAXY,SanLorenzo
2026-09-06,07:30:12,701503000,GC77 GFO SAN MATIAS,SanLorenzo
2026-09-06,07:30:12,563151400,FRANCESCO,SanLorenzo
2026-09-06,07:30:12,477754600,MAERSK VENEZIA,SanLorenzo
2026-09-06,07:30:12,538006458,ODYSSEUS N,SanLorenzo
2026-09-06,07:30:12,538010750,TOKYO SPIRIT,SanLorenzo
2026-09-06,07:30:12,311000195,CS SARAFINA,SanLorenzo
2026-09-06,07:30:12,636024043,TG CRAB,SanLorenzo
2026-09-06,07:30:12,636093258,EMMA JANNEKE,SanLorenzo
2026-09-06,07:30:12,636023897,ANNELIESE,SanLorenzo
2026-09-06,07:30:12,351011000,OCEAN CROWN,SanLorenzo
2026-09-06,07:30:12,257897000,BOW FIRDA,SanLorenzo
2026-09-06,07:30:12,538010532,DEANA,SanLorenzo
2026-09-06,07:30:12,538006504,DANK SILVER,SanLorenzo
2026-09-06,07:30:12,538090690,LEONARDO,SanLorenzo
2026-09-06,07:30:12,255916599,RANA,SanLorenzo
2026-09-06,07:30:12,241624000,LEGEND,SanLorenzo
2026-09-06,07:30:12,352004948,OBE UNITY,SanLorenzo
2026-09-06,07:30:12,7010004,,SanLorenzo
2026-09-06,07:30:12,352006388,NORSE BORNHOLM,SanLorenzo
2026-09-06,07:30:12,357232000,YOZAN,SanLorenzo
2026-09-06,07:30:12,538012594,KAPETANIOS,SanLorenzo
2026-09-06,07:30:12,701001324,HALCON,SanLorenzo
2026-09-06,07:30:12,563163900,ANNA SCHULTE,SanLorenzo
2026-09-06,07:30:12,355174000,APOGEE SPIRIT,SanLorenzo
2026-09-06,07:30:12,538009801,HELIOS,SanLorenzo
2026-09-06,07:30:12,538008936,SOUND YOUNG,SanLorenzo
2026-09-06,07:30:12,357458000,BULK ITALY,SanLorenzo
2026-09-06,07:30:12,341694002,H7 HSB5,SanLorenzo
2026-09-06,07:30:12,563234800,,SanLorenzo
2026-09-06,07:30:12,701006966,TIGRE,SanLorenzo
2026-09-06,07:30:12,538008779,LIVADI,SanLorenzo
2026-09-06,07:30:12,636025133,YAMI BENEFIT,SanLorenzo
2026-09-06,07:30:12,755177000,CABALLERO BLANCO.,SanLorenzo
2026-09-06,07:30:12,701006245,SAN JOSE V,SanLorenzo
2026-09-06,07:30:12,636024698,MC CALYPSO,SanLorenzo
2026-09-06,07:30:12,755991013,PUMA,SanLorenzo
2026-09-06,07:30:12,636015971,STOLT ZULU,SanLorenzo
2026-09-06,07:30:12,256672000,ARIETTA,SanLorenzo
2026-09-06,07:30:12,701006926,FAVORITO SAN ANTONIO,SanLorenzo
2026-09-06,07:30:12,710000019,HERACLITO FILHO,SanLorenzo
2026-09-06,07:30:12,636024379,STAR WESTPORT,SanLorenzo
2026-09-06,07:30:12,701001404,GUAZU PUCU,SanLorenzo
2026-09-06,07:30:12,755002470,DONA CARMEN,SanLorenzo
2026-09-06,07:30:12,352006380,CL KIBOU,SanLorenzo
2026-09-06,07:30:12,352006096,PALEXPO,SanLorenzo
2026-09-06,07:30:12,636023256,INGENUITY,SanLorenzo
2026-09-06,07:30:12,563169800,RUBY,SanLorenzo
2026-09-06,07:30:12,256685000,RODINA,SanLorenzo
2026-09-06,07:30:12,755001797,PARAPITI.,SanLorenzo
2026-09-06,07:30:12,701006396,VB RECOLETA,SanLorenzo
2026-09-06,07:30:12,538004481,AGIA PARASKEVI,SanLorenzo
2026-09-06,07:30:12,755703668,URUTAU,SanLorenzo
2026-09-06,07:30:12,701006443,MAYU,SanLorenzo
2026-09-06,07:30:12,477932500,ROSCO BANYAN,SanLorenzo
2026-09-06,07:30:12,755134000,LADOCE H,SanLorenzo
2026-09-06,07:30:12,755000020,AGUARA,SanLorenzo
2026-09-06,07:30:12,563054100,MTM BIG APPLE,Rosario
2026-09-06,07:30:12,701006466,,Rosario
2026-09-06,07:30:12,311001602,SAGA ANDORINHA,Rosario
2026-09-06,07:30:12,701503000,GC77 GFO SAN MATIAS,Rosario
2026-09-06,07:30:12,563151400,FRANCESCO,Rosario
2026-09-06,07:30:12,477754600,MAERSK VENEZIA,Rosario
2026-09-06,07:30:12,538006458,ODYSSEUS N,Rosario
2026-09-06,07:30:12,538010750,TOKYO SPIRIT,Rosario
2026-09-06,07:30:12,352001142,GLORY FIRST,Rosario
2026-09-06,07:30:12,636024043,TG CRAB,Rosario
2026-09-06,07:30:12,636093258,EMMA JANNEKE,Rosario
2026-09-06,07:30:12,636023897,ANNELIESE,Rosario
2026-09-06,07:30:12,538010532,DEANA,Rosario
2026-09-06,07:30:12,538090690,LEONARDO,Rosario
2026-09-06,07:30:12,255916599,RANA,Rosario
2026-09-06,07:30:12,352004948,,Rosario
2026-09-06,07:30:12,241624000,LEGEND,Rosario
2026-09-06,07:30:12,352006388,NORSE BORNHOLM,Rosario
2026-09-06,07:30:12,7010004,,Rosario
2026-09-06,07:30:12,563319600,CUTLASS GALAXY,Rosario
2026-09-06,07:30:12,357232000,YOZAN,Rosario
2026-09-06,07:30:12,538012594,KAPETANIOS,Rosario
2026-09-06,07:30:12,701001324,HALCON,Rosario
2026-09-06,07:30:12,563163900,ANNA SCHULTE,Rosario
2026-09-06,07:30:12,355174000,APOGEE SPIRIT,Rosario
2026-09-06,07:30:12,538009801,HELIOS,Rosario
2026-09-06,07:30:12,538008936,SOUND YOUNG,Rosario
2026-09-06,07:30:12,341694002,H7 HSB5,Rosario
2026-09-06,07:30:12,538008779,LIVADI,Rosario
2026-09-06,07:30:12,636025133,YAMI BENEFIT,Rosario
2026-09-06,07:30:12,701006245,SAN JOSE V,Rosario
2026-09-06,07:30:12,636024698,MC CALYPSO,Rosario
2026-09-06,07:30:12,755991013,PUMA,Rosario
2026-09-06,07:30:12,636015971,STOLT ZULU,Rosario
2026-09-06,07:30:12,636023256,INGENUITY,Rosario
2026-09-06,07:30:12,256672000,ARIETTA,Rosario
2026-09-06,07:30:12,701006926,FAVORITO SAN ANTONIO,Rosario
2026-09-06,07:30:12,357458000,BULK ITALY,Rosario
2026-09-06,07:30:12,710000019,HERACLITO FILHO,Rosario
2026-09-06,07:30:12,563169800,RUBY,Rosario
2026-09-06,07:30:12,636024379,STAR WESTPORT,Rosario
2026-09-06,07:30:12,701001404,GUAZU PUCU,Rosario
2026-09-06,07:30:12,755002470,DONA CARMEN,Rosario
2026-09-06,07:30:12,256685000,,Rosario
2026-09-06,07:30:12,352006380,CL KIBOU,Rosario
2026-09-06,07:30:12,352006096,PALEXPO,Rosario
2026-09-06,07:30:12,755001797,PARAPITI.,Rosario
2026-09-06,07:30:12,701006396,VB RECOLETA,Rosario
2026-09-06,07:30:12,538004481,AGIA PARASKEVI,Rosario
2026-09-06,07:30:12,563234800,IVS DUNES,Rosario
2026-09-06,07:30:12,477932500,ROSCO BANYAN,Rosario
2026-09-06,07:30:12,755000020,AGUARA,Rosario
2026-09-06,07:30:12,720035000,CANTAGALLO,Rosario
2026-09-06,07:30:12,636023728,TAI STEADINESS,DelGuazu
2026-09-06,07:30:12,755058000,,DelGuazu
2026-09-06,07:30:12,701006226,DONA NINA,DelGuazu
2026-09-06,07:30:12,538009547,MEDITERRANEAN SPIRIT,DelGuazu
2026-09-06,07:30:12,636015600,F. F GLORY,DelGuazu
2026-09-06,07:30:12,538009547,,Braga
2026-09-06,07:30:12,755091000,MARIA AUXILIADORA,BellaVista
2026-09-06,07:30:12,720985000,HB HYDRA,BellaVista
2026-09-06,07:30:12,720687000,JAN CONNOR,BellaVista
2026-09-06,07:30:12,755136000,IMPALA LADARIO,BellaVista
2026-09-06,07:30:12,755045000,BRUTUS H,BellaVista
2026-09-06,07:30:12,755048000,ITAPUA I,BellaVista
2026-09-06,07:30:12,755170000,DONA MARGIE,BellaVista
2026-09-06,07:30:12,755004318,NAUTIC TWIN,BellaVista
2026-09-06,07:30:12,755022000,R/E CAVALIER XI,BellaVista
2026-09-06,07:30:12,755122000,INQUEBRANTABLE,BellaVista
2026-09-06,07:30:12,755164000,BELEN B,BellaVista
2026-09-06,07:30:12,755201114,AGUILUCHO,BellaVista
2026-09-06,07:40:09,255915742,BOCHEM CASABLANCA,SanLorenzo
2026-09-06,07:40:09,477754600,MAERSK VENEZIA,SanLorenzo
2026-09-06,07:40:09,477932500,ROSCO BANYAN,SanLorenzo
2026-09-06,07:40:09,701503000,GC77 GFO SAN MATIAS,SanLorenzo
2026-09-06,07:40:09,563151400,FRANCESCO,SanLorenzo
2026-09-06,07:40:09,253662000,,SanLorenzo
2026-09-06,07:40:09,538006458,ODYSSEUS N,SanLorenzo
2026-09-06,07:40:09,311000195,CS SARAFINA,SanLorenzo
2026-09-06,07:40:09,538010750,TOKYO SPIRIT,SanLorenzo
2026-09-06,07:40:09,720035000,,SanLorenzo
2026-09-06,07:40:09,636024043,TG CRAB,SanLorenzo
2026-09-06,07:40:09,636093258,EMMA JANNEKE,SanLorenzo
2026-09-06,07:40:09,563054100,MTM BIG APPLE,SanLorenzo
2026-09-06,07:40:09,636023897,ANNELIESE,SanLorenzo
2026-09-06,07:40:09,351011000,OCEAN CROWN,SanLorenzo
2026-09-06,07:40:09,720946000,,SanLorenzo
2026-09-06,07:40:09,257897000,BOW FIRDA,SanLorenzo
2026-09-06,07:40:09,538010532,DEANA,SanLorenzo
2026-09-06,07:40:09,538006504,DANK SILVER,SanLorenzo
2026-09-06,07:40:09,538090690,LEONARDO,SanLorenzo
2026-09-06,07:40:09,255916599,RANA,SanLorenzo
2026-09-06,07:40:09,352004948,OBE UNITY,SanLorenzo
2026-09-06,07:40:09,241624000,LEGEND,SanLorenzo
2026-09-06,07:40:09,352006388,NORSE BORNHOLM,SanLorenzo
2026-09-06,07:40:09,7010004,,SanLorenzo
2026-09-06,07:40:09,563319600,CUTLASS GALAXY,SanLorenzo
2026-09-06,07:40:09,538012594,KAPETANIOS,SanLorenzo
2026-09-06,07:40:09,357232000,YOZAN,SanLorenzo
2026-09-06,07:40:09,701001324,HALCON,SanLorenzo
2026-09-06,07:40:09,355174000,APOGEE SPIRIT,SanLorenzo
2026-09-06,07:40:09,538009801,HELIOS,SanLorenzo
2026-09-06,07:40:09,256685000,RODINA,SanLorenzo
2026-09-06,07:40:09,538008936,SOUND YOUNG,SanLorenzo
2026-09-06,07:40:09,341694002,H7 HSB5,SanLorenzo
2026-09-06,07:40:09,538008779,LIVADI,SanLorenzo
2026-09-06,07:40:09,701006966,TIGRE,SanLorenzo
2026-09-06,07:40:09,701006245,SAN JOSE V,SanLorenzo
2026-09-06,07:40:09,755177000,CABALLERO BLANCO.,SanLorenzo
2026-09-06,07:40:09,636024698,MC CALYPSO,SanLorenzo
2026-09-06,07:40:09,755991013,PUMA,SanLorenzo
2026-09-06,07:40:09,636025133,YAMI BENEFIT,SanLorenzo
2026-09-06,07:40:09,636015971,STOLT ZULU,SanLorenzo
2026-09-06,07:40:09,701001404,GUAZU PUCU,SanLorenzo
2026-09-06,07:40:09,710000019,HERACLITO FILHO,SanLorenzo
2026-09-06,07:40:09,256672000,ARIETTA,SanLorenzo
2026-09-06,07:40:09,701006926,FAVORITO SAN ANTONIO,SanLorenzo
2026-09-06,07:40:09,755002470,DONA CARMEN,SanLorenzo
2026-09-06,07:40:09,563169800,RUBY,SanLorenzo
2026-09-06,07:40:09,538004481,AGIA PARASKEVI,SanLorenzo
2026-09-06,07:40:09,636023256,INGENUITY,SanLorenzo
2026-09-06,07:40:09,636024379,STAR WESTPORT,SanLorenzo
2026-09-06,07:40:09,755703668,URUTAU,SanLorenzo
2026-09-06,07:40:09,701006396,VB RECOLETA,SanLorenzo
2026-09-06,07:40:09,357458000,BULK ITALY,SanLorenzo
2026-09-06,07:40:09,755001797,PARAPITI.,SanLorenzo
2026-09-06,07:40:09,352006380,CL KIBOU,SanLorenzo
2026-09-06,07:40:09,755134000,LADOCE H,SanLorenzo
2026-09-06,07:40:09,701006443,MAYU,SanLorenzo
2026-09-06,07:40:09,755000020,AGUARA,SanLorenzo
2026-09-06,07:40:09,755004326,OLIMPO,SanLorenzo
2026-09-06,07:40:09,701006466,,Rosario
2026-09-06,07:40:09,477932500,ROSCO BANYAN,Rosario
2026-09-06,07:40:09,311001602,SAGA ANDORINHA,Rosario
2026-09-06,07:40:09,701503000,GC77 GFO SAN MATIAS,Rosario
2026-09-06,07:40:09,563151400,FRANCESCO,Rosario
2026-09-06,07:40:09,538006458,ODYSSEUS N,Rosario
2026-09-06,07:40:09,477754600,MAERSK VENEZIA,Rosario
2026-09-06,07:40:09,538010750,TOKYO SPIRIT,Rosario
2026-09-06,07:40:09,352001142,GLORY FIRST,Rosario
2026-09-06,07:40:09,720946000,,Rosario
2026-09-06,07:40:09,636024043,TG CRAB,Rosario
2026-09-06,07:40:09,636093258,EMMA JANNEKE,Rosario
2026-09-06,07:40:09,563054100,MTM BIG APPLE,Rosario
2026-09-06,07:40:09,636023897,ANNELIESE,Rosario
2026-09-06,07:40:09,538010532,DEANA,Rosario
2026-09-06,07:40:09,538006504,,Rosario
2026-09-06,07:40:09,538090690,LEONARDO,Rosario
2026-09-06,07:40:09,255916599,RANA,Rosario
2026-09-06,07:40:09,701001324,HALCON,Rosario
2026-09-06,07:40:09,352004948,OBE UNITY,Rosario
2026-09-06,07:40:09,241624000,LEGEND,Rosario
2026-09-06,07:40:09,352006388,NORSE BORNHOLM,Rosario
2026-09-06,07:40:09,7010004,,Rosario
2026-09-06,07:40:09,563319600,CUTLASS GALAXY,Rosario
2026-09-06,07:40:09,538012594,KAPETANIOS,Rosario
2026-09-06,07:40:09,357232000,YOZAN,Rosario
2026-09-06,07:40:09,355174000,APOGEE SPIRIT,Rosario
2026-09-06,07:40:09,538009801,HELIOS,Rosario
2026-09-06,07:40:09,720035000,CANTAGALLO,Rosario
2026-09-06,07:40:09,755991013,PUMA,Rosario
2026-09-06,07:40:09,256685000,RODINA,Rosario
2026-09-06,07:40:09,538008936,SOUND YOUNG,Rosario
2026-09-06,07:40:09,341694002,H7 HSB5,Rosario
2026-09-06,07:40:09,352006380,CL KIBOU,Rosario
2026-09-06,07:40:09,538008779,LIVADI,Rosario
2026-09-06,07:40:09,701006443,,Rosario
2026-09-06,07:40:09,701006966,,Rosario
2026-09-06,07:40:09,701006245,SAN JOSE V,Rosario
2026-09-06,07:40:09,755177000,,Rosario
2026-09-06,07:40:09,636024698,MC CALYPSO,Rosario
2026-09-06,07:40:09,636025133,YAMI BENEFIT,Rosario
2026-09-06,07:40:09,636015971,STOLT ZULU,Rosario
2026-09-06,07:40:09,701006679,COOPOR ESTIBADOR I,Rosario
2026-09-06,07:40:09,701001404,GUAZU PUCU,Rosario
2026-09-06,07:40:09,710000019,HERACLITO FILHO,Rosario
2026-09-06,07:40:09,256672000,ARIETTA,Rosario
2026-09-06,07:40:09,701006926,FAVORITO SAN ANTONIO,Rosario
2026-09-06,07:40:09,755002470,DONA CARMEN,Rosario
2026-09-06,07:40:09,563169800,RUBY,Rosario
2026-09-06,07:40:09,755703668,,Rosario
2026-09-06,07:40:09,538004481,AGIA PARASKEVI,Rosario
2026-09-06,07:40:09,636023256,INGENUITY,Rosario
2026-09-06,07:40:09,636024379,STAR WESTPORT,Rosario
2026-09-06,07:40:09,701006396,VB RECOLETA,Rosario
2026-09-06,07:40:09,357458000,BULK ITALY,Rosario
2026-09-06,07:40:09,755001797,PARAPITI.,Rosario
2026-09-06,07:40:09,755134000,,Rosario
2026-09-06,07:40:09,755000020,AGUARA,Rosario
2026-09-06,07:40:09,755004326,,Rosario
2026-09-06,07:40:09,563033900,,DelGuazu
2026-09-06,07:40:09,636023728,TAI STEADINESS,DelGuazu
2026-09-06,07:40:09,755905000,DON JUAN,DelGuazu
2026-09-06,07:40:09,538009547,MEDITERRANEAN SPIRIT,DelGuazu
2026-09-06,07:40:09,755058000,,DelGuazu
2026-09-06,07:40:09,636015600,F. F GLORY,DelGuazu
2026-09-06,07:40:09,701006226,DONA NINA,DelGuazu
2026-09-06,07:40:09,755905000,,Braga
2026-09-06,07:40:09,636015600,,Braga
2026-09-06,07:40:09,701006226,,Braga
2026-09-06,07:40:09,701583000,GC70 RI0 DE LA PLATA,BellaVista
2026-09-06,07:40:09,720985000,HB HYDRA,BellaVista
2026-09-06,07:40:09,755045000,BRUTUS H,BellaVista
2026-09-06,07:40:09,720687000,JAN CONNOR,BellaVista
2026-09-06,07:40:09,755136000,IMPALA LADARIO,BellaVista
2026-09-06,07:40:09,755091000,MARIA AUXILIADORA,BellaVista
2026-09-06,07:40:09,755004318,NAUTIC TWIN,BellaVista
2026-09-06,07:40:09,755122000,INQUEBRANTABLE,BellaVista
2026-09-06,07:40:09,755164000,BELEN B,BellaVista
2026-09-06,07:40:09,755201114,AGUILUCHO,BellaVista
2026-09-06,07:50:10,538010532,DEANA,SanLorenzo
2026-09-06,07:50:10,563319600,CUTLASS GALAXY,SanLorenzo
2026-09-06,07:50:10,477754600,MAERSK VENEZIA,SanLorenzo
2026-09-06,07:50:10,701001057,,SanLorenzo
2026-09-06,07:50:10,563054100,MTM BIG APPLE,SanLorenzo
2026-09-06,07:50:10,720946000,,SanLorenzo
2026-09-06,07:50:10,477932500,ROSCO BANYAN,SanLorenzo
2026-09-06,07:50:10,701503000,GC77 GFO SAN MATIAS,SanLorenzo
2026-09-06,07:50:10,538006458,ODYSSEUS N,SanLorenzo
2026-09-06,07:50:10,563151400,FRANCESCO,SanLorenzo
2026-09-06,07:50:10,701006670,,SanLorenzo
2026-09-06,07:50:10,538010750,TOKYO SPIRIT,SanLorenzo
2026-09-06,07:50:10,311000195,CS SARAFINA,SanLorenzo
2026-09-06,07:50:10,636024043,TG CRAB,SanLorenzo
2026-09-06,07:50:10,701006354,,SanLorenzo
2026-09-06,07:50:10,636093258,EMMA JANNEKE,SanLorenzo
2026-09-06,07:50:10,314952000,,SanLorenzo
2026-09-06,07:50:10,636023897,ANNELIESE,SanLorenzo
2026-09-06,07:50:10,351011000,OCEAN CROWN,SanLorenzo
2026-09-06,07:50:10,257897000,BOW FIRDA,SanLorenzo
2026-09-06,07:50:10,538006504,DANK SILVER,SanLorenzo
2026-09-06,07:50:10,255916599,RANA,SanLorenzo
2026-09-06,07:50:10,538090690,LEONARDO,SanLorenzo
2026-09-06,07:50:10,352004948,OBE UNITY,SanLorenzo
2026-09-06,07:50:10,241624000,LEGEND,SanLorenzo
2026-09-06,07:50:10,352006388,NORSE BORNHOLM,SanLorenzo
2026-09-06,07:50:10,7010004,,SanLorenzo
2026-09-06,07:50:10,357232000,YOZAN,SanLorenzo
2026-09-06,07:50:10,538012594,KAPETANIOS,SanLorenzo
2026-09-06,07:50:10,701001324,HALCON,SanLorenzo
2026-09-06,07:50:10,563163900,ANNA SCHULTE,SanLorenzo
2026-09-06,07:50:10,355174000,APOGEE SPIRIT,SanLorenzo
2026-09-06,07:50:10,563234800,,SanLorenzo
2026-09-06,07:50:10,538009801,HELIOS,SanLorenzo
2026-09-06,07:50:10,341694002,H7 HSB5,SanLorenzo
2026-09-06,07:50:10,538008936,SOUND YOUNG,SanLorenzo
2026-09-06,07:50:10,755703668,URUTAU,SanLorenzo
2026-09-06,07:50:10,755001797,PARAPITI.,SanLorenzo
2026-09-06,07:50:10,701006966,TIGRE,SanLorenzo
2026-09-06,07:50:10,538008779,LIVADI,SanLorenzo
2026-09-06,07:50:10,701006443,MAYU,SanLorenzo
2026-09-06,07:50:10,256685000,RODINA,SanLorenzo
2026-09-06,07:50:10,755177000,CABALLERO BLANCO.,SanLorenzo
2026-09-06,07:50:10,755991013,PUMA,SanLorenzo
2026-09-06,07:50:10,636024698,MC CALYPSO,SanLorenzo
2026-09-06,07:50:10,701006245,SAN JOSE V,SanLorenzo
2026-09-06,07:50:10,636023256,INGENUITY,SanLorenzo
2026-09-06,07:50:10,636025133,YAMI BENEFIT,SanLorenzo
2026-09-06,07:50:10,701006926,FAVORITO SAN ANTONIO,SanLorenzo
2026-09-06,07:50:10,710000019,HERACLITO FILHO,SanLorenzo
2026-09-06,07:50:10,563169800,RUBY,SanLorenzo
2026-09-06,07:50:10,256672000,ARIETTA,SanLorenzo
2026-09-06,07:50:10,755002470,DONA CARMEN,SanLorenzo
2026-09-06,07:50:10,538004481,AGIA PARASKEVI,SanLorenzo
2026-09-06,07:50:10,636015971,STOLT ZULU,SanLorenzo
2026-09-06,07:50:10,636024379,STAR WESTPORT,SanLorenzo
2026-09-06,07:50:10,253662000,,SanLorenzo
2026-09-06,07:50:10,352006380,CL KIBOU,SanLorenzo
2026-09-06,07:50:10,357458000,BULK ITALY,SanLorenzo
2026-09-06,07:50:10,701006396,VB RECOLETA,SanLorenzo
2026-09-06,07:50:10,538011430,SOFIA,SanLorenzo
2026-09-06,07:50:10,755004326,OLIMPO,SanLorenzo
2026-09-06,07:50:10,755000020,AGUARA,SanLorenzo
2026-09-06,07:50:10,755134000,LADOCE H,SanLorenzo
2026-09-06,07:50:10,701001404,GUAZU PUCU,SanLorenzo
2026-09-06,07:50:10,701001324,HALCON,Rosario
2026-09-06,07:50:10,701001057,,Rosario
2026-09-06,07:50:10,563054100,MTM BIG APPLE,Rosario
2026-09-06,07:50:10,720946000,,Rosario
2026-09-06,07:50:10,351011000,,Rosario
2026-09-06,07:50:10,538010532,DEANA,Rosario
2026-09-06,07:50:10,538006504,,Rosario
2026-09-06,07:50:10,477932500,ROSCO BANYAN,Rosario
2026-09-06,07:50:10,311001602,SAGA ANDORINHA,Rosario
2026-09-06,07:50:10,701503000,GC77 GFO SAN MATIAS,Rosario
2026-09-06,07:50:10,538006458,ODYSSEUS N,Rosario
2026-09-06,07:50:10,563151400,FRANCESCO,Rosario
2026-09-06,07:50:10,477754600,MAERSK VENEZIA,Rosario
2026-09-06,07:50:10,538010750,TOKYO SPIRIT,Rosario
2026-09-06,07:50:10,701006466,,Rosario
2026-09-06,07:50:10,352001142,GLORY FIRST,Rosario
2026-09-06,07:50:10,357458000,BULK ITALY,Rosario
2026-09-06,07:50:10,636024043,TG CRAB,Rosario
2026-09-06,07:50:10,636093258,EMMA JANNEKE,Rosario
2026-09-06,07:50:10,636023897,ANNELIESE,Rosario
2026-09-06,07:50:10,538004481,AGIA PARASKEVI,Rosario
2026-09-06,07:50:10,257897000,,Rosario
2026-09-06,07:50:10,720035000,CANTAGALLO,Rosario
2026-09-06,07:50:10,255916599,RANA,Rosario
2026-09-06,07:50:10,538090690,LEONARDO,Rosario
2026-09-06,07:50:10,352004948,OBE UNITY,Rosario
2026-09-06,07:50:10,241624000,LEGEND,Rosario
2026-09-06,07:50:10,352006388,NORSE BORNHOLM,Rosario
2026-09-06,07:50:10,7010004,,Rosario
2026-09-06,07:50:10,755703668,URUTAU,Rosario
2026-09-06,07:50:10,563319600,CUTLASS GALAXY,Rosario
2026-09-06,07:50:10,357232000,YOZAN,Rosario
2026-09-06,07:50:10,538012594,KAPETANIOS,Rosario
2026-09-06,07:50:10,563163900,ANNA SCHULTE,Rosario
2026-09-06,07:50:10,355174000,APOGEE SPIRIT,Rosario
2026-09-06,07:50:10,538009801,HELIOS,Rosario
2026-09-06,07:50:10,538008936,SOUND YOUNG,Rosario
2026-09-06,07:50:10,341694002,H7 HSB5,Rosario
2026-09-06,07:50:10,755002470,DONA CARMEN,Rosario
2026-09-06,07:50:10,755001797,PARAPITI.,Rosario
2026-09-06,07:50:10,701006966,,Rosario
2026-09-06,07:50:10,538008779,LIVADI,Rosario
2026-09-06,07:50:10,755134000,,Rosario
2026-09-06,07:50:10,701006443,,Rosario
2026-09-06,07:50:10,755000020,AGUARA,Rosario
2026-09-06,07:50:10,755004326,OLIMPO,Rosario
2026-09-06,07:50:10,256685000,RODINA,Rosario
2026-09-06,07:50:10,755177000,CABALLERO BLANCO.,Rosario
2026-09-06,07:50:10,636024698,MC CALYPSO,Rosario
2026-09-06,07:50:10,755991013,PUMA,Rosario
2026-09-06,07:50:10,701006245,SAN JOSE V,Rosario
2026-09-06,07:50:10,636023256,INGENUITY,Rosario
2026-09-06,07:50:10,636025133,YAMI BENEFIT,Rosario
2026-09-06,07:50:10,701006926,FAVORITO SAN ANTONIO,Rosario
2026-09-06,07:50:10,710000019,HERACLITO FILHO,Rosario
2026-09-06,07:50:10,563169800,RUBY,Rosario
2026-09-06,07:50:10,256672000,ARIETTA,Rosario
2026-09-06,07:50:10,636015971,STOLT ZULU,Rosario
2026-09-06,07:50:10,636024379,STAR WESTPORT,Rosario
2026-09-06,07:50:10,352006380,CL KIBOU,Rosario
2026-09-06,07:50:10,701006396,VB RECOLETA,Rosario
2026-09-06,07:50:10,538011430,SOFIA,Rosario
2026-09-06,07:50:10,701001404,GUAZU PUCU,Rosario
2026-09-06,07:50:10,755058000,,DelGuazu
2026-09-06,07:50:10,538009547,MEDITERRANEAN SPIRIT,DelGuazu
2026-09-06,07:50:10,563033900,TORM SUPREME,DelGuazu
2026-09-06,07:50:10,636023728,TAI STEADINESS,DelGuazu
2026-09-06,07:50:10,701006226,DONA NINA,DelGuazu
2026-09-06,07:50:10,755905000,DON JUAN,DelGuazu
2026-09-06,07:50:10,755058000,,Braga
2026-09-06,07:50:10,538009547,,Braga
2026-09-06,07:50:10,636015600,,Braga
2026-09-06,07:50:10,563033900,,Braga
2026-09-06,07:50:10,755091000,MARIA AUXILIADORA,BellaVista
2026-09-06,07:50:10,701583000,GC70 RI0 DE LA PLATA,BellaVista
2026-09-06,07:50:10,755201114,AGUILUCHO,BellaVista
2026-09-06,07:50:10,755045000,BRUTUS H,BellaVista
2026-09-06,07:50:10,720687000,JAN CONNOR,BellaVista
2026-09-06,07:50:10,755126000,LATERE,BellaVista
2026-09-06,07:50:10,755004318,NAUTIC TWIN,BellaVista
2026-09-06,07:50:10,755048000,ITAPUA I,BellaVista
2026-09-06,07:50:10,755122000,INQUEBRANTABLE,BellaVista
2026-09-06,07:50:10,755164000,BELEN B,BellaVista
2026-09-06,07:50:10,755084000,RIO DE LA PLATA,BellaVista
2026-09-06,07:50:10,720985000,HB HYDRA,BellaVista
2026-09-06,08:00:15,311001602,,SanLorenzo
2026-09-06,08:00:15,701001057,,SanLorenzo
2026-09-06,08:00:15,255915742,BOCHEM CASABLANCA,SanLorenzo
2026-09-06,08:00:15,563054100,MTM BIG APPLE,SanLorenzo
2026-09-06,08:00:15,538008779,LIVADI,SanLorenzo
2026-09-06,08:00:15,636015971,STOLT ZULU,SanLorenzo
2026-09-06,08:00:15,477932500,ROSCO BANYAN,SanLorenzo
2026-09-06,08:00:15,701503000,GC77 GFO SAN MATIAS,SanLorenzo
2026-09-06,08:00:15,563151400,FRANCESCO,SanLorenzo
2026-09-06,08:00:15,538006458,ODYSSEUS N,SanLorenzo
2026-09-06,08:00:15,477754600,MAERSK VENEZIA,SanLorenzo
2026-09-06,08:00:15,538010750,TOKYO SPIRIT,SanLorenzo
2026-09-06,08:00:15,311000195,CS SARAFINA,SanLorenzo
2026-09-06,08:00:15,636024043,TG CRAB,SanLorenzo
2026-09-06,08:00:15,701006966,TIGRE,SanLorenzo
2026-09-06,08:00:15,352006380,CL KIBOU,SanLorenzo
2026-09-06,08:00:15,636093258,EMMA JANNEKE,SanLorenzo
2026-09-06,08:00:15,314952000,,SanLorenzo
2026-09-06,08:00:15,636023897,ANNELIESE,SanLorenzo
2026-09-06,08:00:15,351011000,OCEAN CROWN,SanLorenzo
2026-09-06,08:00:15,257897000,BOW FIRDA,SanLorenzo
2026-09-06,08:00:15,538010532,DEANA,SanLorenzo
2026-09-06,08:00:15,538006504,DANK SILVER,SanLorenzo
2026-09-06,08:00:15,538090690,LEONARDO,SanLorenzo
2026-09-06,08:00:15,255916599,RANA,SanLorenzo
2026-09-06,08:00:15,352004948,OBE UNITY,SanLorenzo
2026-09-06,08:00:15,241624000,LEGEND,SanLorenzo
2026-09-06,08:00:15,7010004,,SanLorenzo
2026-09-06,08:00:15,352006388,NORSE BORNHOLM,SanLorenzo
2026-09-06,08:00:15,755002470,DONA CARMEN,SanLorenzo
2026-09-06,08:00:15,720946000,,SanLorenzo
2026-09-06,08:00:15,701006354,,SanLorenzo
2026-09-06,08:00:15,357232000,YOZAN,SanLorenzo
2026-09-06,08:00:15,357458000,BULK ITALY,SanLorenzo
2026-09-06,08:00:15,311002230,,SanLorenzo
2026-09-06,08:00:15,538012594,KAPETANIOS,SanLorenzo
2026-09-06,08:00:15,253662000,,SanLorenzo
2026-09-06,08:00:15,355174000,APOGEE SPIRIT,SanLorenzo
2026-09-06,08:00:15,538009801,HELIOS,SanLorenzo
2026-09-06,08:00:15,563163900,ANNA SCHULTE,SanLorenzo
2026-09-06,08:00:15,636024698,MC CALYPSO,SanLorenzo
2026-09-06,08:00:15,755991013,PUMA,SanLorenzo
2026-09-06,08:00:15,755177000,CABALLERO BLANCO.,SanLorenzo
2026-09-06,08:00:15,538008936,SOUND YOUNG,SanLorenzo
2026-09-06,08:00:15,341694002,H7 HSB5,SanLorenzo
2026-09-06,08:00:15,256685000,RODINA,SanLorenzo
2026-09-06,08:00:15,701006245,SAN JOSE V,SanLorenzo
2026-09-06,08:00:15,636025133,YAMI BENEFIT,SanLorenzo
2026-09-06,08:00:15,701006926,FAVORITO SAN ANTONIO,SanLorenzo
2026-09-06,08:00:15,710000019,HERACLITO FILHO,SanLorenzo
2026-09-06,08:00:15,256672000,ARIETTA,SanLorenzo
2026-09-06,08:00:15,701001404,GUAZU PUCU,SanLorenzo
2026-09-06,08:00:15,563169800,RUBY,SanLorenzo
2026-09-06,08:00:15,538004481,AGIA PARASKEVI,SanLorenzo
2026-09-06,08:00:15,636023256,INGENUITY,SanLorenzo
2026-09-06,08:00:15,636024379,STAR WESTPORT,SanLorenzo
2026-09-06,08:00:15,755703668,URUTAU,SanLorenzo
2026-09-06,08:00:15,701006443,MAYU,SanLorenzo
2026-09-06,08:00:15,563234800,IVS DUNES,SanLorenzo
2026-09-06,08:00:15,755004326,OLIMPO,SanLorenzo
2026-09-06,08:00:15,755001797,PARAPITI.,SanLorenzo
2026-09-06,08:00:15,755000020,AGUARA,SanLorenzo
2026-09-06,08:00:15,701006396,VB RECOLETA,SanLorenzo
2026-09-06,08:00:15,755134000,LADOCE H,SanLorenzo
2026-09-06,08:00:15,701001324,HALCON,SanLorenzo
2026-09-06,08:00:15,352383000,,Rosario
2026-09-06,08:00:15,701001057,,Rosario
2026-09-06,08:00:15,351011000,,Rosario
2026-09-06,08:00:15,701006670,,Rosario
2026-09-06,08:00:15,563054100,MTM BIG APPLE,Rosario
2026-09-06,08:00:15,257897000,BOW FIRDA,Rosario
2026-09-06,08:00:15,538006504,,Rosario
2026-09-06,08:00:15,755177000,CABALLERO BLANCO.,Rosario
2026-09-06,08:00:15,636015971,STOLT ZULU,Rosario
2026-09-06,08:00:15,477932500,ROSCO BANYAN,Rosario
2026-09-06,08:00:15,311001602,SAGA ANDORINHA,Rosario
2026-09-06,08:00:15,701503000,GC77 GFO SAN MATIAS,Rosario
2026-09-06,08:00:15,563151400,FRANCESCO,Rosario
2026-09-06,08:00:15,538006458,ODYSSEUS N,Rosario
2026-09-06,08:00:15,477754600,MAERSK VENEZIA,Rosario
2026-09-06,08:00:15,538010750,TOKYO SPIRIT,Rosario
2026-09-06,08:00:15,755703668,URUTAU,Rosario
2026-09-06,08:00:15,311000195,,Rosario
2026-09-06,08:00:15,701006966,,Rosario
2026-09-06,08:00:15,755004326,OLIMPO,Rosario
2026-09-06,08:00:15,352001142,GLORY FIRST,Rosario
2026-09-06,08:00:15,755134000,,Rosario
2026-09-06,08:00:15,636024043,TG CRAB,Rosario
2026-09-06,08:00:15,352006380,CL KIBOU,Rosario
2026-09-06,08:00:15,720946000,,Rosario
2026-09-06,08:00:15,636093258,EMMA JANNEKE,Rosario
2026-09-06,08:00:15,636023897,ANNELIESE,Rosario
2026-09-06,08:00:15,538010532,DEANA,Rosario
2026-09-06,08:00:15,538090690,LEONARDO,Rosario
2026-09-06,08:00:15,255916599,RANA,Rosario
2026-09-06,08:00:15,352004948,OBE UNITY,Rosario
2026-09-06,08:00:15,241624000,LEGEND,Rosario
2026-09-06,08:00:15,7010004,,Rosario
2026-09-06,08:00:15,352006388,NORSE BORNHOLM,Rosario
2026-09-06,08:00:15,563319600,CUTLASS GALAXY,Rosario
2026-09-06,08:00:15,701006443,,Rosario
2026-09-06,08:00:15,357232000,YOZAN,Rosario
2026-09-06,08:00:15,538012594,KAPETANIOS,Rosario
2026-09-06,08:00:15,355174000,APOGEE SPIRIT,Rosario
2026-09-06,08:00:15,538009801,HELIOS,Rosario
2026-09-06,08:00:15,563163900,ANNA SCHULTE,Rosario
2026-09-06,08:00:15,538008936,SOUND YOUNG,Rosario
2026-09-06,08:00:15,755001797,PARAPITI.,Rosario
2026-09-06,08:00:15,341694002,H7 HSB5,Rosario
2026-09-06,08:00:15,538008779,LIVADI,Rosario
2026-09-06,08:00:15,636024698,MC CALYPSO,Rosario
2026-09-06,08:00:15,755991013,PUMA,Rosario
2026-09-06,08:00:15,701006245,SAN JOSE V,Rosario
2026-09-06,08:00:15,636025133,YAMI BENEFIT,Rosario
2026-09-06,08:00:15,701006466,,Rosario
2026-09-06,08:00:15,701006926,FAVORITO SAN ANTONIO,Rosario
2026-09-06,08:00:15,710000019,HERACLITO FILHO,Rosario
2026-09-06,08:00:15,256672000,ARIETTA,Rosario
2026-09-06,08:00:15,701001404,GUAZU PUCU,Rosario
2026-09-06,08:00:15,636023256,INGENUITY,Rosario
2026-09-06,08:00:15,755002470,DONA CARMEN,Rosario
2026-09-06,08:00:15,636024379,STAR WESTPORT,Rosario
2026-09-06,08:00:15,563169800,RUBY,Rosario
2026-09-06,08:00:15,538004481,AGIA PARASKEVI,Rosario
2026-09-06,08:00:15,755000020,AGUARA,Rosario
2026-09-06,08:00:15,701006396,VB RECOLETA,Rosario
2026-09-06,08:00:15,256685000,RODINA,Rosario
2026-09-06,08:00:15,563033900,TORM SUPREME,DelGuazu
2026-09-06,08:00:15,701006226,DONA NINA,DelGuazu
2026-09-06,08:00:15,538009547,MEDITERRANEAN SPIRIT,DelGuazu
2026-09-06,08:00:15,636023728,TAI STEADINESS,DelGuazu
2026-09-06,08:00:15,636023728,,Braga
2026-09-06,08:00:15,701583000,GC70 RI0 DE LA PLATA,BellaVista
2026-09-06,08:00:15,720687000,JAN CONNOR,BellaVista
2026-09-06,08:00:15,755091000,MARIA AUXILIADORA,BellaVista
2026-09-06,08:00:15,755045000,BRUTUS H,BellaVista
2026-09-06,08:00:15,755126000,LATERE,BellaVista
2026-09-06,08:00:15,755170000,DONA MARGIE,BellaVista
2026-09-06,08:00:15,755048000,ITAPUA I,BellaVista
2026-09-06,08:00:15,755004318,NAUTIC TWIN,BellaVista
2026-09-06,08:00:15,755122000,INQUEBRANTABLE,BellaVista
2026-09-06,08:00:15,755164000,BELEN B,BellaVista
2026-09-06,08:00:15,755201114,AGUILUCHO,BellaVista
2026-09-06,08:00:15,720985000,HB HYDRA,BellaVista
2026-09-06,08:00:15,755136000,IMPALA LADARIO,BellaVista
2026-09-06,08:10:10,311000195,CS SARAFINA,SanLorenzo
2026-09-06,08:10:10,352001142,,SanLorenzo
2026-09-06,08:10:10,538004184,,SanLorenzo
2026-09-06,08:10:10,563319600,,SanLorenzo
2026-09-06,08:10:10,311002230,PVT PERIDOT,SanLorenzo
2026-09-06,08:10:10,701006670,,SanLorenzo
2026-09-06,08:10:10,538011430,SOFIA,SanLorenzo
2026-09-06,08:10:10,477932500,ROSCO BANYAN,SanLorenzo
2026-09-06,08:10:10,701006283,,SanLorenzo
2026-09-06,08:10:10,311001602,SAGA ANDORINHA,SanLorenzo
2026-09-06,08:10:10,701503000,GC77 GFO SAN MATIAS,SanLorenzo
2026-09-06,08:10:10,352383000,ANHUI,SanLorenzo
2026-09-06,08:10:10,538006458,ODYSSEUS N,SanLorenzo
2026-09-06,08:10:10,563151400,FRANCESCO,SanLorenzo
2026-09-06,08:10:10,477754600,,SanLorenzo
2026-09-06,08:10:10,701006466,,SanLorenzo
2026-09-06,08:10:10,701006354,,SanLorenzo
2026-09-06,08:10:10,538010750,TOKYO SPIRIT,SanLorenzo
2026-09-06,08:10:10,352006380,CL KIBOU,SanLorenzo
2026-09-06,08:10:10,636024043,TG CRAB,SanLorenzo
2026-09-06,08:10:10,636093258,EMMA JANNEKE,SanLorenzo
2026-09-06,08:10:10,563054100,MTM BIG APPLE,SanLorenzo
2026-09-06,08:10:10,636023897,ANNELIESE,SanLorenzo
2026-09-06,08:10:10,351011000,OCEAN CROWN,SanLorenzo
2026-09-06,08:10:10,257897000,BOW FIRDA,SanLorenzo
2026-09-06,08:10:10,538010532,DEANA,SanLorenzo
2026-09-06,08:10:10,755029000,,SanLorenzo
2026-09-06,08:10:10,538006504,DANK SILVER,SanLorenzo
2026-09-06,08:10:10,538090690,LEONARDO,SanLorenzo
2026-09-06,08:10:10,701006966,TIGRE,SanLorenzo
2026-09-06,08:10:10,255916599,RANA,SanLorenzo
2026-09-06,08:10:10,352004948,OBE UNITY,SanLorenzo
2026-09-06,08:10:10,241624000,LEGEND,SanLorenzo
2026-09-06,08:10:10,7010004,,SanLorenzo
2026-09-06,08:10:10,256672000,ARIETTA,SanLorenzo
2026-09-06,08:10:10,755002470,DONA CARMEN,SanLorenzo
2026-09-06,08:10:10,352006388,NORSE BORNHOLM,SanLorenzo
2026-09-06,08:10:10,701006926,FAVORITO SAN ANTONIO,SanLorenzo
2026-09-06,08:10:10,710000019,HERACLITO FILHO,SanLorenzo
2026-09-06,08:10:10,563169800,RUBY,SanLorenzo
2026-09-06,08:10:10,538012594,KAPETANIOS,SanLorenzo
2026-09-06,08:10:10,357458000,BULK ITALY,SanLorenzo
2026-09-06,08:10:10,755042000,,SanLorenzo
2026-09-06,08:10:10,538004481,AGIA PARASKEVI,SanLorenzo
2026-09-06,08:10:10,357232000,YOZAN,SanLorenzo
2026-09-06,08:10:10,538009801,HELIOS,SanLorenzo
2026-09-06,08:10:10,563163900,ANNA SCHULTE,SanLorenzo
2026-09-06,08:10:10,355174000,APOGEE SPIRIT,SanLorenzo
2026-09-06,08:10:10,538008936,SOUND YOUNG,SanLorenzo
2026-09-06,08:10:10,341694002,H7 HSB5,SanLorenzo
2026-09-06,08:10:10,755703668,URUTAU,SanLorenzo
2026-09-06,08:10:10,755001797,PARAPITI.,SanLorenzo
2026-09-06,08:10:10,538008779,LIVADI,SanLorenzo
2026-09-06,08:10:10,755134000,LADOCE H,SanLorenzo
2026-09-06,08:10:10,755000020,AGUARA,SanLorenzo
2026-09-06,08:10:10,701006443,MAYU,SanLorenzo
2026-09-06,08:10:10,755004326,OLIMPO,SanLorenzo
2026-09-06,08:10:10,256685000,RODINA,SanLorenzo
2026-09-06,08:10:10,701006245,SAN JOSE V,SanLorenzo
2026-09-06,08:10:10,755177000,CABALLERO BLANCO.,SanLorenzo
2026-09-06,08:10:10,636025133,YAMI BENEFIT,SanLorenzo
2026-09-06,08:10:10,636024698,MC CALYPSO,SanLorenzo
2026-09-06,08:10:10,755991013,PUMA,SanLorenzo
2026-09-06,08:10:10,701001404,GUAZU PUCU,SanLorenzo
2026-09-06,08:10:10,253662000,ORTELIUS,SanLorenzo
2026-09-06,08:10:10,636024379,STAR WESTPORT,SanLorenzo
2026-09-06,08:10:10,636023256,INGENUITY,SanLorenzo
2026-09-06,08:10:10,701006396,VB RECOLETA,SanLorenzo
2026-09-06,08:10:10,636015971,STOLT ZULU,SanLorenzo
2026-09-06,08:10:10,701001324,HALCON,SanLorenzo
2026-09-06,08:10:10,357458000,BULK ITALY,Rosario
2026-09-06,08:10:10,257897000,BOW FIRDA,Rosario
2026-09-06,08:10:10,255915742,,Rosario
2026-09-06,08:10:10,311000195,,Rosario
2026-09-06,08:10:10,701006354,,Rosario
2026-09-06,08:10:10,351011000,,Rosario
2026-09-06,08:10:10,477932500,ROSCO BANYAN,Rosario
2026-09-06,08:10:10,311001602,SAGA ANDORINHA,Rosario
2026-09-06,08:10:10,701503000,GC77 GFO SAN MATIAS,Rosario
2026-09-06,08:10:10,538006458,ODYSSEUS N,Rosario
2026-09-06,08:10:10,563151400,FRANCESCO,Rosario
2026-09-06,08:10:10,477754600,MAERSK VENEZIA,Rosario
2026-09-06,08:10:10,538010750,TOKYO SPIRIT,Rosario
2026-09-06,08:10:10,352001142,GLORY FIRST,Rosario
2026-09-06,08:10:10,352006380,CL KIBOU,Rosario
2026-09-06,08:10:10,636024043,TG CRAB,Rosario
2026-09-06,08:10:10,636093258,EMMA JANNEKE,Rosario
2026-09-06,08:10:10,563054100,MTM BIG APPLE,Rosario
2026-09-06,08:10:10,636023897,ANNELIESE,Rosario
2026-09-06,08:10:10,701006966,,Rosario
2026-09-06,08:10:10,755042000,,Rosario
2026-09-06,08:10:10,701006443,,Rosario
2026-09-06,08:10:10,538010532,DEANA,Rosario
2026-09-06,08:10:10,538090690,LEONARDO,Rosario
2026-09-06,08:10:10,255916599,RANA,Rosario
2026-09-06,08:10:10,352004948,OBE UNITY,Rosario
2026-09-06,08:10:10,241624000,LEGEND,Rosario
2026-09-06,08:10:10,352006388,NORSE BORNHOLM,Rosario
2026-09-06,08:10:10,7010004,,Rosario
2026-09-06,08:10:10,755134000,,Rosario
2026-09-06,08:10:10,563319600,CUTLASS GALAXY,Rosario
2026-09-06,08:10:10,538012594,KAPETANIOS,Rosario
2026-09-06,08:10:10,755703668,URUTAU,Rosario
2026-09-06,08:10:10,357232000,YOZAN,Rosario
2026-09-06,08:10:10,538009801,HELIOS,Rosario
2026-09-06,08:10:10,563163900,ANNA SCHULTE,Rosario
2026-09-06,08:10:10,355174000,APOGEE SPIRIT,Rosario
2026-09-06,08:10:10,720035000,CANTAGALLO,Rosario
2026-09-06,08:10:10,538008936,SOUND YOUNG,Rosario
2026-09-06,08:10:10,755002470,DONA CARMEN,Rosario
2026-09-06,08:10:10,341694002,H7 HSB5,Rosario
2026-09-06,08:10:10,701006396,VB RECOLETA,Rosario
2026-09-06,08:10:10,538008779,LIVADI,Rosario
2026-09-06,08:10:10,256685000,RODINA,Rosario
2026-09-06,08:10:10,701006245,SAN JOSE V,Rosario
2026-09-06,08:10:10,755177000,CABALLERO BLANCO.,Rosario
2026-09-06,08:10:10,636025133,YAMI BENEFIT,Rosario
2026-09-06,08:10:10,636024698,MC CALYPSO,Rosario
2026-09-06,08:10:10,755991013,PUMA,Rosario
2026-09-06,08:10:10,701006926,FAVORITO SAN ANTONIO,Rosario
2026-09-06,08:10:10,710000019,HERACLITO FILHO,Rosario
2026-09-06,08:10:10,701006466,,Rosario
2026-09-06,08:10:10,256672000,ARIETTA,Rosario
2026-09-06,08:10:10,636024379,STAR WESTPORT,Rosario
2026-09-06,08:10:10,563169800,RUBY,Rosario
2026-09-06,08:10:10,636023256,INGENUITY,Rosario
2026-09-06,08:10:10,538004481,AGIA PARASKEVI,Rosario
2026-09-06,08:10:10,538011430,SOFIA,Rosario
2026-09-06,08:10:10,636015971,STOLT ZULU,Rosario
2026-09-06,08:10:10,755001797,PARAPITI.,Rosario
2026-09-06,08:10:10,755000020,AGUARA,Rosario
2026-09-06,08:10:10,755004326,OLIMPO,Rosario
2026-09-06,08:10:10,701001404,GUAZU PUCU,Rosario
2026-09-06,08:10:10,755905000,,DelGuazu
2026-09-06,08:10:10,701006226,DONA NINA,DelGuazu
2026-09-06,08:10:10,538009547,MEDITERRANEAN SPIRIT,DelGuazu
2026-09-06,08:10:10,563033900,,DelGuazu
2026-09-06,08:10:10,538009547,,Braga
2026-09-06,08:10:10,563033900,,Braga
2026-09-06,08:10:10,701583000,,BellaVista
2026-09-06,08:10:10,755004318,NAUTIC TWIN,BellaVista
2026-09-06,08:10:10,755122000,INQUEBRANTABLE,BellaVista
2026-09-06,08:10:10,755201114,AGUILUCHO,BellaVista
2026-09-06,08:10:10,720985000,HB HYDRA,BellaVista
2026-09-06,08:10:10,720687000,JAN CONNOR,BellaVista
2026-09-06,08:10:10,755045000,BRUTUS H,BellaVista
2026-09-06,08:10:10,755126000,LATERE,BellaVista
2026-09-06,08:10:10,755170000,DONA MARGIE,BellaVista
2026-09-06,08:10:10,755048000,ITAPUA I,BellaVista
2026-09-06,08:10:10,755164000,BELEN B,BellaVista
2026-09-06,08:10:10,755084000,RIO DE LA PLATA,BellaVista
2026-09-06,08:10:10,755091000,MARIA AUXILIADORA,BellaVista
2026-09-06,08:20:10,755042000,,SanLorenzo
2026-09-06,08:20:10,253662000,ORTELIUS,SanLorenzo
2026-09-06,08:20:10,701006283,,SanLorenzo
2026-09-06,08:20:10,311001602,SAGA ANDORINHA,SanLorenzo
2026-09-06,08:20:10,311000195,,SanLorenzo
2026-09-06,08:20:10,477932500,ROSCO BANYAN,SanLorenzo
2026-09-06,08:20:10,701503000,GC77 GFO SAN MATIAS,SanLorenzo
2026-09-06,08:20:10,352383000,ANHUI,SanLorenzo
2026-09-06,08:20:10,563151400,FRANCESCO,SanLorenzo
2026-09-06,08:20:10,538006458,ODYSSEUS N,SanLorenzo
2026-09-06,08:20:10,477754600,MAERSK VENEZIA,SanLorenzo
2026-09-06,08:20:10,538004184,,SanLorenzo
2026-09-06,08:20:10,538010750,TOKYO SPIRIT,SanLorenzo
2026-09-06,08:20:10,352001142,GLORY FIRST,SanLorenzo
2026-09-06,08:20:10,701006966,TIGRE,SanLorenzo
2026-09-06,08:20:10,352006380,CL KIBOU,SanLorenzo
2026-09-06,08:20:10,636024043,TG CRAB,SanLorenzo
2026-09-06,08:20:10,636093258,EMMA JANNEKE,SanLorenzo
2026-09-06,08:20:10,636023897,ANNELIESE,SanLorenzo
2026-09-06,08:20:10,563054100,MTM BIG APPLE,SanLorenzo
2026-09-06,08:20:10,351011000,OCEAN CROWN,SanLorenzo
2026-09-06,08:20:10,257897000,BOW FIRDA,SanLorenzo
2026-09-06,08:20:10,538010532,DEANA,SanLorenzo
2026-09-06,08:20:10,538006504,DANK SILVER,SanLorenzo
2026-09-06,08:20:10,538090690,LEONARDO,SanLorenzo
2026-09-06,08:20:10,255916599,RANA,SanLorenzo
2026-09-06,08:20:10,241624000,LEGEND,SanLorenzo
2026-09-06,08:20:10,352004948,OBE UNITY,SanLorenzo
2026-09-06,08:20:10,352006388,NORSE BORNHOLM,SanLorenzo
2026-09-06,08:20:10,7010004,,SanLorenzo
2026-09-06,08:20:10,563319600,,SanLorenzo
2026-09-06,08:20:10,701006466,,SanLorenzo
2026-09-06,08:20:10,357232000,YOZAN,SanLorenzo
2026-09-06,08:20:10,538012594,KAPETANIOS,SanLorenzo
2026-09-06,08:20:10,311002230,,SanLorenzo
2026-09-06,08:20:10,355174000,APOGEE SPIRIT,SanLorenzo
2026-09-06,08:20:10,563163900,ANNA SCHULTE,SanLorenzo
2026-09-06,08:20:10,538009801,HELIOS,SanLorenzo
2026-09-06,08:20:10,341694002,H7 HSB5,SanLorenzo
2026-09-06,08:20:10,538008936,SOUND YOUNG,SanLorenzo
2026-09-06,08:20:10,538008779,LIVADI,SanLorenzo
2026-09-06,08:20:10,256685000,RODINA,SanLorenzo
2026-09-06,08:20:10,701006245,SAN JOSE V,SanLorenzo
2026-09-06,08:20:10,720946000,,SanLorenzo
2026-09-06,08:20:10,636025133,YAMI BENEFIT,SanLorenzo
2026-09-06,08:20:10,755177000,CABALLERO BLANCO.,SanLorenzo
2026-09-06,08:20:10,755991013,PUMA,SanLorenzo
2026-09-06,08:20:10,636023256,INGENUITY,SanLorenzo
2026-09-06,08:20:10,710000019,HERACLITO FILHO,SanLorenzo
2026-09-06,08:20:10,256672000,ARIETTA,SanLorenzo
2026-09-06,08:20:10,701006926,FAVORITO SAN ANTONIO,SanLorenzo
2026-09-06,08:20:10,701001404,GUAZU PUCU,SanLorenzo
2026-09-06,08:20:10,755002470,DONA CARMEN,SanLorenzo
2026-09-06,08:20:10,636024379,STAR WESTPORT,SanLorenzo
2026-09-06,08:20:10,563169800,RUBY,SanLorenzo
2026-09-06,08:20:10,538004481,AGIA PARASKEVI,SanLorenzo
2026-09-06,08:20:10,701006396,VB RECOLETA,SanLorenzo
2026-09-06,08:20:10,755703668,URUTAU,SanLorenzo
2026-09-06,08:20:10,636024698,MC CALYPSO,SanLorenzo
2026-09-06,08:20:10,755001797,PARAPITI.,SanLorenzo
2026-09-06,08:20:10,755134000,LADOCE H,SanLorenzo
2026-09-06,08:20:10,636015971,STOLT ZULU,SanLorenzo
2026-09-06,08:20:10,701006443,MAYU,SanLorenzo
2026-09-06,08:20:10,755000020,AGUARA,SanLorenzo
2026-09-06,08:20:10,755004326,OLIMPO,SanLorenzo
2026-09-06,08:20:10,357458000,BULK ITALY,Rosario
2026-09-06,08:20:10,755042000,,Rosario
2026-09-06,08:20:10,253662000,,Rosario
2026-09-06,08:20:10,314952000,,Rosario
2026-09-06,08:20:10,563054100,MTM BIG APPLE,Rosario
2026-09-06,08:20:10,720035000,CANTAGALLO,Rosario
2026-09-06,08:20:10,538006504,,Rosario
2026-09-06,08:20:10,351011000,OCEAN CROWN,Rosario
2026-09-06,08:20:10,257897000,,Rosario
2026-09-06,08:20:10,477932500,ROSCO BANYAN,Rosario
2026-09-06,08:20:10,311001602,SAGA ANDORINHA,Rosario
2026-09-06,08:20:10,701503000,GC77 GFO SAN MATIAS,Rosario
2026-09-06,08:20:10,563151400,FRANCESCO,Rosario
2026-09-06,08:20:10,538006458,ODYSSEUS N,Rosario
2026-09-06,08:20:10,477754600,MAERSK VENEZIA,Rosario
2026-09-06,08:20:10,701006466,,Rosario
2026-09-06,08:20:10,538010750,TOKYO SPIRIT,Rosario
2026-09-06,08:20:10,755134000,LADOCE H,Rosario
2026-09-06,08:20:10,720946000,,Rosario
2026-09-06,08:20:10,701006966,,Rosario
2026-09-06,08:20:10,352001142,GLORY FIRST,Rosario
2026-09-06,08:20:10,352006380,CL KIBOU,Rosario
2026-09-06,08:20:10,636024043,TG CRAB,Rosario
2026-09-06,08:20:10,636093258,EMMA JANNEKE,Rosario
2026-09-06,08:20:10,636023897,ANNELIESE,Rosario
2026-09-06,08:20:10,755004326,OLIMPO,Rosario
2026-09-06,08:20:10,755177000,CABALLERO BLANCO.,Rosario
2026-09-06,08:20:10,538010532,DEANA,Rosario
2026-09-06,08:20:10,538090690,LEONARDO,Rosario
2026-09-06,08:20:10,255916599,RANA,Rosario
2026-09-06,08:20:10,352004948,OBE UNITY,Rosario
2026-09-06,08:20:10,241624000,LEGEND,Rosario
2026-09-06,08:20:10,755991013,PUMA,Rosario
2026-09-06,08:20:10,352006388,NORSE BORNHOLM,Rosario
2026-09-06,08:20:10,7010004,,Rosario
2026-09-06,08:20:10,636024698,MC CALYPSO,Rosario
2026-09-06,08:20:10,755703668,URUTAU,Rosario
2026-09-06,08:20:10,563319600,CUTLASS GALAXY,Rosario
2026-09-06,08:20:10,755002470,DONA CARMEN,Rosario
2026-09-06,08:20:10,357232000,YOZAN,Rosario
2026-09-06,08:20:10,538012594,KAPETANIOS,Rosario
2026-09-06,08:20:10,563163900,ANNA SCHULTE,Rosario
2026-09-06,08:20:10,355174000,APOGEE SPIRIT,Rosario
2026-09-06,08:20:10,538009801,HELIOS,Rosario
2026-09-06,08:20:10,341694002,H7 HSB5,Rosario
2026-09-06,08:20:10,538008936,SOUND YOUNG,Rosario
2026-09-06,08:20:10,538008779,LIVADI,Rosario
2026-09-06,08:20:10,701006245,SAN JOSE V,Rosario
2026-09-06,08:20:10,256685000,RODINA,Rosario
2026-09-06,08:20:10,636025133,YAMI BENEFIT,Rosario
2026-09-06,08:20:10,636023256,INGENUITY,Rosario
2026-09-06,08:20:10,710000019,HERACLITO FILHO,Rosario
2026-09-06,08:20:10,256672000,ARIETTA,Rosario
2026-09-06,08:20:10,701006926,FAVORITO SAN ANTONIO,Rosario
2026-09-06,08:20:10,701001404,GUAZU PUCU,Rosario
2026-09-06,08:20:10,563169800,RUBY,Rosario
2026-09-06,08:20:10,636024379,STAR WESTPORT,Rosario
2026-09-06,08:20:10,538004481,AGIA PARASKEVI,Rosario
2026-09-06,08:20:10,701006396,VB RECOLETA,Rosario
2026-09-06,08:20:10,755001797,PARAPITI.,Rosario
2026-09-06,08:20:10,636015971,STOLT ZULU,Rosario
2026-09-06,08:20:10,701006443,,Rosario
2026-09-06,08:20:10,755000020,AGUARA,Rosario
2026-09-06,08:20:10,636023728,,DelGuazu
2026-09-06,08:20:10,755058000,,DelGuazu
2026-09-06,08:20:10,701006226,DONA NINA,DelGuazu
2026-09-06,08:20:10,538009547,MEDITERRANEAN SPIRIT,DelGuazu
2026-09-06,08:20:10,563033900,TORM SUPREME,DelGuazu
2026-09-06,08:20:10,538009547,,Braga
2026-09-06,08:20:10,701006226,,Braga
2026-09-06,08:20:10,563033900,,Braga
2026-09-06,08:20:10,701583000,GC70 RI0 DE LA PLATA,BellaVista
2026-09-06,08:20:10,720687000,JAN CONNOR,BellaVista
2026-09-06,08:20:10,755045000,BRUTUS H,BellaVista
2026-09-06,08:20:10,755091000,MARIA AUXILIADORA,BellaVista
2026-09-06,08:20:10,755170000,DONA MARGIE,BellaVista
2026-09-06,08:20:10,755004318,NAUTIC TWIN,BellaVista
2026-09-06,08:20:10,755122000,INQUEBRANTABLE,BellaVista
2026-09-06,08:20:10,755126000,LATERE,BellaVista
2026-09-06,08:20:10,755164000,BELEN B,BellaVista
2026-09-06,08:20:10,755084000,RIO DE LA PLATA,BellaVista
2026-09-06,08:20:10,755201114,AGUILUCHO,BellaVista
2026-09-06,08:20:10,720985000,HB HYDRA,BellaVista
2026-09-06,08:20:10,755136000,IMPALA LADARIO,BellaVista
2026-09-06,08:30:11,311000195,CS SARAFINA,SanLorenzo
2026-09-06,08:30:11,352001142,GLORY FIRST,SanLorenzo
2026-09-06,08:30:11,563054100,MTM BIG APPLE,SanLorenzo
2026-09-06,08:30:11,538009547,,SanLorenzo
2026-09-06,08:30:11,477932500,ROSCO BANYAN,SanLorenzo
2026-09-06,08:30:11,352383000,ANHUI,SanLorenzo
2026-09-06,08:30:11,701006466,,SanLorenzo
2026-09-06,08:30:11,720035000,,SanLorenzo
2026-09-06,08:30:11,314952000,,SanLorenzo
2026-09-06,08:30:11,311002230,PVT PERIDOT,SanLorenzo
2026-09-06,08:30:11,311001602,SAGA ANDORINHA,SanLorenzo
2026-09-06,08:30:11,701503000,GC77 GFO SAN MATIAS,SanLorenzo
2026-09-06,08:30:11,477754600,MAERSK VENEZIA,SanLorenzo
2026-09-06,08:30:11,563151400,FRANCESCO,SanLorenzo
2026-09-06,08:30:11,538006458,ODYSSEUS N,SanLorenzo
2026-09-06,08:30:11,538010750,TOKYO SPIRIT,SanLorenzo
2026-09-06,08:30:11,352006380,CL KIBOU,SanLorenzo
2026-09-06,08:30:11,636024043,TG CRAB,SanLorenzo
2026-09-06,08:30:11,357458000,BULK ITALY,SanLorenzo
2026-09-06,08:30:11,701006226,,SanLorenzo
2026-09-06,08:30:11,636093258,EMMA JANNEKE,SanLorenzo
2026-09-06,08:30:11,636023897,ANNELIESE,SanLorenzo
2026-09-06,08:30:11,253662000,ORTELIUS,SanLorenzo
2026-09-06,08:30:11,351011000,OCEAN CROWN,SanLorenzo
2026-09-06,08:30:11,257897000,BOW FIRDA,SanLorenzo
2026-09-06,08:30:11,538010532,DEANA,SanLorenzo
2026-09-06,08:30:11,563234800,,SanLorenzo
2026-09-06,08:30:11,538006504,DANK SILVER,SanLorenzo
2026-09-06,08:30:11,538090690,LEONARDO,SanLorenzo
2026-09-06,08:30:11,255916599,RANA,SanLorenzo
2026-09-06,08:30:11,352004948,OBE UNITY,SanLorenzo
2026-09-06,08:30:11,755042000,,SanLorenzo
2026-09-06,08:30:11,241624000,LEGEND,SanLorenzo
2026-09-06,08:30:11,7010004,,SanLorenzo
2026-09-06,08:30:11,352006388,NORSE BORNHOLM,SanLorenzo
2026-09-06,08:30:11,563319600,CUTLASS GALAXY,SanLorenzo
2026-09-06,08:30:11,538012594,KAPETANIOS,SanLorenzo
2026-09-06,08:30:11,701006966,TIGRE,SanLorenzo
2026-09-06,08:30:11,357232000,YOZAN,SanLorenzo
2026-09-06,08:30:11,755177000,CABALLERO BLANCO.,SanLorenzo
2026-09-06,08:30:11,563163900,ANNA SCHULTE,SanLorenzo
2026-09-06,08:30:11,355174000,APOGEE SPIRIT,SanLorenzo
2026-09-06,08:30:11,538009801,HELIOS,SanLorenzo
2026-09-06,08:30:11,710000019,HERACLITO FILHO,SanLorenzo
2026-09-06,08:30:11,341694002,H7 HSB5,SanLorenzo
2026-09-06,08:30:11,538008936,SOUND YOUNG,SanLorenzo
2026-09-06,08:30:11,538008779,LIVADI,SanLorenzo
2026-09-06,08:30:11,755991013,PUMA,SanLorenzo
2026-09-06,08:30:11,636024698,MC CALYPSO,SanLorenzo
2026-09-06,08:30:11,720946000,DON KASBERGEN,SanLorenzo
2026-09-06,08:30:11,701006245,SAN JOSE V,SanLorenzo
2026-09-06,08:30:11,636025133,YAMI BENEFIT,SanLorenzo
2026-09-06,08:30:11,636015971,STOLT ZULU,SanLorenzo
2026-09-06,08:30:11,701006926,FAVORITO SAN ANTONIO,SanLorenzo
2026-09-06,08:30:11,701001404,GUAZU PUCU,SanLorenzo
2026-09-06,08:30:11,256672000,ARIETTA,SanLorenzo
2026-09-06,08:30:11,636023256,INGENUITY,SanLorenzo
2026-09-06,08:30:11,636024379,STAR WESTPORT,SanLorenzo
2026-09-06,08:30:11,563169800,RUBY,SanLorenzo
2026-09-06,08:30:11,755001797,PARAPITI.,SanLorenzo
2026-09-06,08:30:11,755002470,DONA CARMEN,SanLorenzo
2026-09-06,08:30:11,538004481,AGIA PARASKEVI,SanLorenzo
2026-09-06,08:30:11,755703668,URUTAU,SanLorenzo
2026-09-06,08:30:11,701006396,VB RECOLETA,SanLorenzo
2026-09-06,08:30:11,701006443,MAYU,SanLorenzo
2026-09-06,08:30:11,755000020,AGUARA,SanLorenzo
2026-09-06,08:30:11,755134000,LADOCE H,SanLorenzo
2026-09-06,08:30:11,256685000,RODINA,SanLorenzo
2026-09-06,08:30:11,755004326,OLIMPO,Rosario
2026-09-06,08:30:11,701006966,,Rosario
2026-09-06,08:30:11,755002470,DONA CARMEN,Rosario
2026-09-06,08:30:11,720946000,,Rosario
2026-09-06,08:30:11,755703668,URUTAU,Rosario
2026-09-06,08:30:11,701006443,,Rosario
2026-09-06,08:30:11,563054100,MTM BIG APPLE,Rosario
2026-09-06,08:30:11,538008779,LIVADI,Rosario
2026-09-06,08:30:11,477932500,ROSCO BANYAN,Rosario
2026-09-06,08:30:11,311001602,SAGA ANDORINHA,Rosario
2026-09-06,08:30:11,701503000,GC77 GFO SAN MATIAS,Rosario
2026-09-06,08:30:11,477754600,MAERSK VENEZIA,Rosario
2026-09-06,08:30:11,563151400,FRANCESCO,Rosario
2026-09-06,08:30:11,538006458,ODYSSEUS N,Rosario
2026-09-06,08:30:11,538010750,TOKYO SPIRIT,Rosario
2026-09-06,08:30:11,720035000,,Rosario
2026-09-06,08:30:11,352001142,GLORY FIRST,Rosario
2026-09-06,08:30:11,352006380,CL KIBOU,Rosario
2026-09-06,08:30:11,636024043,TG CRAB,Rosario
2026-09-06,08:30:11,314952000,,Rosario
2026-09-06,08:30:11,636093258,EMMA JANNEKE,Rosario
2026-09-06,08:30:11,636023897,ANNELIESE,Rosario
2026-09-06,08:30:11,538010532,DEANA,Rosario
2026-09-06,08:30:11,701006466,,Rosario
2026-09-06,08:30:11,538090690,LEONARDO,Rosario
2026-09-06,08:30:11,255916599,RANA,Rosario
2026-09-06,08:30:11,352004948,OBE UNITY,Rosario
2026-09-06,08:30:11,241624000,LEGEND,Rosario
2026-09-06,08:30:11,755991013,PUMA,Rosario
2026-09-06,08:30:11,352006388,NORSE BORNHOLM,Rosario
2026-09-06,08:30:11,7010004,,Rosario
2026-09-06,08:30:11,563319600,CUTLASS GALAXY,Rosario
2026-09-06,08:30:11,538012594,KAPETANIOS,Rosario
2026-09-06,08:30:11,357232000,YOZAN,Rosario
2026-09-06,08:30:11,563163900,ANNA SCHULTE,Rosario
2026-09-06,08:30:11,355174000,APOGEE SPIRIT,Rosario
2026-09-06,08:30:11,538009801,HELIOS,Rosario
2026-09-06,08:30:11,538008936,SOUND YOUNG,Rosario
2026-09-06,08:30:11,341694002,H7 HSB5,Rosario
2026-09-06,08:30:11,636024698,MC CALYPSO,Rosario
2026-09-06,08:30:11,701006245,SAN JOSE V,Rosario
2026-09-06,08:30:11,636025133,YAMI BENEFIT,Rosario
2026-09-06,08:30:11,636023256,INGENUITY,Rosario
2026-09-06,08:30:11,710000019,HERACLITO FILHO,Rosario
2026-09-06,08:30:11,636024379,STAR WESTPORT,Rosario
2026-09-06,08:30:11,636015971,STOLT ZULU,Rosario
2026-09-06,08:30:11,701006926,FAVORITO SAN ANTONIO,Rosario
2026-09-06,08:30:11,701001404,GUAZU PUCU,Rosario
2026-09-06,08:30:11,256672000,ARIETTA,Rosario
2026-09-06,08:30:11,563169800,RUBY,Rosario
2026-09-06,08:30:11,755001797,PARAPITI.,Rosario
2026-09-06,08:30:11,538004481,AGIA PARASKEVI,Rosario
2026-09-06,08:30:11,701006396,VB RECOLETA,Rosario
2026-09-06,08:30:11,755000020,AGUARA,Rosario
2026-09-06,08:30:11,256685000,RODINA,Rosario
2026-09-06,08:30:11,636023728,,DelGuazu
2026-09-06,08:30:11,701006226,DONA NINA,DelGuazu
2026-09-06,08:30:11,538009547,MEDITERRANEAN SPIRIT,DelGuazu
2026-09-06,08:30:11,755905000,,DelGuazu
2026-09-06,08:30:11,563033900,TORM SUPREME,DelGuazu
2026-09-06,08:30:11,538009547,,Braga
2026-09-06,08:30:11,563033900,,Braga
2026-09-06,08:30:11,701583000,GC70 RI0 DE LA PLATA,BellaVista
2026-09-06,08:30:11,755004318,NAUTIC TWIN,BellaVista
2026-09-06,08:30:11,720985000,HB HYDRA,BellaVista
2026-09-06,08:30:11,755201114,AGUILUCHO,BellaVista
2026-09-06,08:30:11,755122000,INQUEBRANTABLE,BellaVista
2026-09-06,08:30:11,755091000,MARIA AUXILIADORA,BellaVista
2026-09-06,08:30:11,755170000,DONA MARGIE,BellaVista
2026-09-06,08:30:11,755126000,LATERE,BellaVista
2026-09-06,08:30:11,755084000,RIO DE LA PLATA,BellaVista
2026-09-06,08:30:11,755164000,BELEN B,BellaVista
2026-09-06,08:30:11,720687000,JAN CONNOR,BellaVista
2026-09-06,08:40:10,755032000,,SanLorenzo
2026-09-06,08:40:10,255915742,,SanLorenzo
2026-09-06,08:40:10,538010532,DEANA,SanLorenzo
2026-09-06,08:40:10,701006283,,SanLorenzo
2026-09-06,08:40:10,538012594,KAPETANIOS,SanLorenzo
2026-09-06,08:40:10,477932500,ROSCO BANYAN,SanLorenzo
2026-09-06,08:40:10,701503000,GC77 GFO SAN MATIAS,SanLorenzo
2026-09-06,08:40:10,563151400,FRANCESCO,SanLorenzo
2026-09-06,08:40:10,477754600,MAERSK VENEZIA,SanLorenzo
2026-09-06,08:40:10,538006458,ODYSSEUS N,SanLorenzo
2026-09-06,08:40:10,538010750,TOKYO SPIRIT,SanLorenzo
2026-09-06,08:40:10,311000195,,SanLorenzo
2026-09-06,08:40:10,352001142,,SanLorenzo
2026-09-06,08:40:10,636024043,TG CRAB,SanLorenzo
2026-09-06,08:40:10,352006380,CL KIBOU,SanLorenzo
2026-09-06,08:40:10,636093258,EMMA JANNEKE,SanLorenzo
2026-09-06,08:40:10,563054100,MTM BIG APPLE,SanLorenzo
2026-09-06,08:40:10,636023897,ANNELIESE,SanLorenzo
2026-09-06,08:40:10,257897000,BOW FIRDA,SanLorenzo
2026-09-06,08:40:10,351011000,OCEAN CROWN,SanLorenzo
2026-09-06,08:40:10,357458000,BULK ITALY,SanLorenzo
2026-09-06,08:40:10,538006504,DANK SILVER,SanLorenzo
2026-09-06,08:40:10,538090690,LEONARDO,SanLorenzo
2026-09-06,08:40:10,255916599,RANA,SanLorenzo
2026-09-06,08:40:10,352004948,OBE UNITY,SanLorenzo
2026-09-06,08:40:10,241624000,LEGEND,SanLorenzo
2026-09-06,08:40:10,352006388,NORSE BORNHOLM,SanLorenzo
2026-09-06,08:40:10,7010004,,SanLorenzo
2026-09-06,08:40:10,563319600,CUTLASS GALAXY,SanLorenzo
2026-09-06,08:40:10,701006966,TIGRE,SanLorenzo
2026-09-06,08:40:10,357232000,YOZAN,SanLorenzo
2026-09-06,08:40:10,755002470,DONA CARMEN,SanLorenzo
2026-09-06,08:40:10,563163900,ANNA SCHULTE,SanLorenzo
2026-09-06,08:40:10,355174000,APOGEE SPIRIT,SanLorenzo
2026-09-06,08:40:10,538009801,HELIOS,SanLorenzo
2026-09-06,08:40:10,341694002,H7 HSB5,SanLorenzo
2026-09-06,08:40:10,538008936,SOUND YOUNG,SanLorenzo
2026-09-06,08:40:10,755042000,,SanLorenzo
2026-09-06,08:40:10,563234800,,SanLorenzo
2026-09-06,08:40:10,538008779,LIVADI,SanLorenzo
2026-09-06,08:40:10,256685000,RODINA,SanLorenzo
2026-09-06,08:40:10,755177000,CABALLERO BLANCO.,SanLorenzo
2026-09-06,08:40:10,636025133,YAMI BENEFIT,SanLorenzo
2026-09-06,08:40:10,701006245,SAN JOSE V,SanLorenzo
2026-09-06,08:40:10,636024698,MC CALYPSO,SanLorenzo
2026-09-06,08:40:10,755991013,PUMA,SanLorenzo
2026-09-06,08:40:10,701006926,FAVORITO SAN ANTONIO,SanLorenzo
2026-09-06,08:40:10,710000019,HERACLITO FILHO,SanLorenzo
2026-09-06,08:40:10,701001114,IGUAZU,SanLorenzo
2026-09-06,08:40:10,256672000,ARIETTA,SanLorenzo
2026-09-06,08:40:10,701001404,GUAZU PUCU,SanLorenzo
2026-09-06,08:40:10,563169800,RUBY,SanLorenzo
2026-09-06,08:40:10,636023256,INGENUITY,SanLorenzo
2026-09-06,08:40:10,636024379,STAR WESTPORT,SanLorenzo
2026-09-06,08:40:10,755703668,URUTAU,SanLorenzo
2026-09-06,08:40:10,538004481,AGIA PARASKEVI,SanLorenzo
2026-09-06,08:40:10,636015971,STOLT ZULU,SanLorenzo
2026-09-06,08:40:10,755001797,PARAPITI.,SanLorenzo
2026-09-06,08:40:10,701006443,MAYU,SanLorenzo
2026-09-06,08:40:10,701006396,VB RECOLETA,SanLorenzo
2026-09-06,08:40:10,755134000,LADOCE H,SanLorenzo
2026-09-06,08:40:10,755004326,OLIMPO,SanLorenzo
2026-09-06,08:40:10,755000020,AGUARA,SanLorenzo
2026-09-06,08:40:10,563054100,MTM BIG APPLE,Rosario
2026-09-06,08:40:10,357458000,,Rosario
2026-09-06,08:40:10,314952000,DSM HARBOUR,Rosario
2026-09-06,08:40:10,538010532,DEANA,Rosario
2026-09-06,08:40:10,477932500,ROSCO BANYAN,Rosario
2026-09-06,08:40:10,311001602,SAGA ANDORINHA,Rosario
2026-09-06,08:40:10,701503000,GC77 GFO SAN MATIAS,Rosario
2026-09-06,08:40:10,563151400,FRANCESCO,Rosario
2026-09-06,08:40:10,477754600,MAERSK VENEZIA,Rosario
2026-09-06,08:40:10,538006458,ODYSSEUS N,Rosario
2026-09-06,08:40:10,538010750,TOKYO SPIRIT,Rosario
2026-09-06,08:40:10,352001142,GLORY FIRST,Rosario
2026-09-06,08:40:10,636024043,TG CRAB,Rosario
2026-09-06,08:40:10,352006380,CL KIBOU,Rosario
2026-09-06,08:40:10,636093258,EMMA JANNEKE,Rosario
2026-09-06,08:40:10,636023897,ANNELIESE,Rosario
2026-09-06,08:40:10,538090690,LEONARDO,Rosario
2026-09-06,08:40:10,255916599,RANA,Rosario
2026-09-06,08:40:10,352004948,OBE UNITY,Rosario
2026-09-06,08:40:10,241624000,LEGEND,Rosario
2026-09-06,08:40:10,352006388,NORSE BORNHOLM,Rosario
2026-09-06,08:40:10,7010004,,Rosario
2026-09-06,08:40:10,563319600,CUTLASS GALAXY,Rosario
2026-09-06,08:40:10,357232000,YOZAN,Rosario
2026-09-06,08:40:10,538012594,KAPETANIOS,Rosario
2026-09-06,08:40:10,701001114,,Rosario
2026-09-06,08:40:10,563163900,ANNA SCHULTE,Rosario
2026-09-06,08:40:10,355174000,APOGEE SPIRIT,Rosario
2026-09-06,08:40:10,538009801,HELIOS,Rosario
2026-09-06,08:40:10,701006245,SAN JOSE V,Rosario
2026-09-06,08:40:10,538008936,SOUND YOUNG,Rosario
2026-09-06,08:40:10,341694002,H7 HSB5,Rosario
2026-09-06,08:40:10,755001797,PARAPITI.,Rosario
2026-09-06,08:40:10,538008779,LIVADI,Rosario
2026-09-06,08:40:10,701006396,VB RECOLETA,Rosario
2026-09-06,08:40:10,256685000,RODINA,Rosario
2026-09-06,08:40:10,636025133,YAMI BENEFIT,Rosario
2026-09-06,08:40:10,636024698,MC CALYPSO,Rosario
2026-09-06,08:40:10,755991013,PUMA,Rosario
2026-09-06,08:40:10,701006926,FAVORITO SAN ANTONIO,Rosario
2026-09-06,08:40:10,701006466,NEPTUNO,Rosario
2026-09-06,08:40:10,710000019,HERACLITO FILHO,Rosario
2026-09-06,08:40:10,256672000,ARIETTA,Rosario
2026-09-06,08:40:10,636023256,INGENUITY,Rosario
2026-09-06,08:40:10,701001404,GUAZU PUCU,Rosario
2026-09-06,08:40:10,636024379,STAR WESTPORT,Rosario
2026-09-06,08:40:10,563169800,RUBY,Rosario
2026-09-06,08:40:10,538004481,AGIA PARASKEVI,Rosario
2026-09-06,08:40:10,636015971,STOLT ZULU,Rosario
2026-09-06,08:40:10,755000020,AGUARA,Rosario
2026-09-06,08:40:10,701006226,,DelGuazu
2026-09-06,08:40:10,701006685,,DelGuazu
2026-09-06,08:40:10,538009547,,DelGuazu
2026-09-06,08:40:10,563033900,TORM SUPREME,DelGuazu
2026-09-06,08:40:10,701153000,PAULINO C,DelGuazu
2026-09-06,08:40:10,563033900,,Braga
2026-09-06,08:40:10,701153000,PAULINO C,Braga
2026-09-06,08:40:10,701583000,GC70 RI0 DE LA PLATA,BellaVista
2026-09-06,08:40:10,755003671,,BellaVista
2026-09-06,08:40:10,720985000,HB HYDRA,BellaVista
2026-09-06,08:40:10,755004318,NAUTIC TWIN,BellaVista
2026-09-06,08:40:10,755122000,INQUEBRANTABLE,BellaVista
2026-09-06,08:40:10,755201114,AGUILUCHO,BellaVista
2026-09-06,08:40:10,755126000,LATERE,BellaVista
2026-09-06,08:40:10,755136000,IMPALA LADARIO,BellaVista
2026-09-06,08:40:10,755091000,MARIA AUXILIADORA,BellaVista
2026-09-06,08:40:10,755048000,ITAPUA I,BellaVista
2026-09-06,08:40:10,755170000,DONA MARGIE,BellaVista
2026-09-06,08:40:10,755164000,BELEN B,BellaVista
2026-09-06,08:40:10,755045000,BRUTUS H,BellaVista
2026-09-06,08:50:10,563234800,,SanLorenzo
2026-09-06,08:50:10,755032000,,SanLorenzo
2026-09-06,08:50:10,538012594,KAPETANIOS,SanLorenzo
2026-09-06,08:50:10,701503000,GC77 GFO SAN MATIAS,SanLorenzo
2026-09-06,08:50:10,357458000,BULK ITALY,SanLorenzo
2026-09-06,08:50:10,477932500,ROSCO BANYAN,SanLorenzo
2026-09-06,08:50:10,255915742,BOCHEM CASABLANCA,SanLorenzo
2026-09-06,08:50:10,563151400,FRANCESCO,SanLorenzo
2026-09-06,08:50:10,477754600,MAERSK VENEZIA,SanLorenzo
2026-09-06,08:50:10,538006458,ODYSSEUS N,SanLorenzo
2026-09-06,08:50:10,538010750,TOKYO SPIRIT,SanLorenzo
2026-09-06,08:50:10,311000195,CS SARAFINA,SanLorenzo
2026-09-06,08:50:10,636024043,TG CRAB,SanLorenzo
2026-09-06,08:50:10,352006380,CL KIBOU,SanLorenzo
2026-09-06,08:50:10,636093258,EMMA JANNEKE,SanLorenzo
2026-09-06,08:50:10,636023728,TAI STEADINESS,SanLorenzo
2026-09-06,08:50:10,636023897,ANNELIESE,SanLorenzo
2026-09-06,08:50:10,538004481,AGIA PARASKEVI,SanLorenzo
2026-09-06,08:50:10,563054100,MTM BIG APPLE,SanLorenzo
2026-09-06,08:50:10,351011000,OCEAN CROWN,SanLorenzo
2026-09-06,08:50:10,257897000,BOW FIRDA,SanLorenzo
2026-09-06,08:50:10,538010532,DEANA,SanLorenzo
2026-09-06,08:50:10,538006504,DANK SILVER,SanLorenzo
2026-09-06,08:50:10,538090690,LEONARDO,SanLorenzo
2026-09-06,08:50:10,255916599,RANA,SanLorenzo
2026-09-06,08:50:10,241624000,LEGEND,SanLorenzo
2026-09-06,08:50:10,352004948,OBE UNITY,SanLorenzo
2026-09-06,08:50:10,7010004,,SanLorenzo
2026-09-06,08:50:10,352006388,NORSE BORNHOLM,SanLorenzo
2026-09-06,08:50:10,563319600,CUTLASS GALAXY,SanLorenzo
2026-09-06,08:50:10,701006966,TIGRE,SanLorenzo
2026-09-06,08:50:10,357232000,YOZAN,SanLorenzo
2026-09-06,08:50:10,355174000,APOGEE SPIRIT,SanLorenzo
2026-09-06,08:50:10,563163900,ANNA SCHULTE,SanLorenzo
2026-09-06,08:50:10,538009801,HELIOS,SanLorenzo
2026-09-06,08:50:10,538008936,SOUND YOUNG,SanLorenzo
2026-09-06,08:50:10,341694002,H7 HSB5,SanLorenzo
2026-09-06,08:50:10,538008779,LIVADI,SanLorenzo
2026-09-06,08:50:10,256685000,RODINA,SanLorenzo
2026-09-06,08:50:10,720946000,DON KASBERGEN,SanLorenzo
2026-09-06,08:50:10,755177000,CABALLERO BLANCO.,SanLorenzo
2026-09-06,08:50:10,701006245,SAN JOSE V,SanLorenzo
2026-09-06,08:50:10,636024698,MC CALYPSO,SanLorenzo
2026-09-06,08:50:10,636025133,YAMI BENEFIT,SanLorenzo
2026-09-06,08:50:10,755991013,PUMA,SanLorenzo
2026-09-06,08:50:10,256672000,ARIETTA,SanLorenzo
2026-09-06,08:50:10,701006926,FAVORITO SAN ANTONIO,SanLorenzo
2026-09-06,08:50:10,701001114,IGUAZU,SanLorenzo
2026-09-06,08:50:10,710000019,HERACLITO FILHO,SanLorenzo
2026-09-06,08:50:10,701001404,GUAZU PUCU,SanLorenzo
2026-09-06,08:50:10,563169800,RUBY,SanLorenzo
2026-09-06,08:50:10,636023256,INGENUITY,SanLorenzo
2026-09-06,08:50:10,877228824,LANCHA DK 1,SanLorenzo
2026-09-06,08:50:10,212977000,,SanLorenzo
2026-09-06,08:50:10,636024379,STAR WESTPORT,SanLorenzo
2026-09-06,08:50:10,755042000,,SanLorenzo
2026-09-06,08:50:10,636015971,STOLT ZULU,SanLorenzo
2026-09-06,08:50:10,755001797,PARAPITI.,SanLorenzo
2026-09-06,08:50:10,755703668,URUTAU,SanLorenzo
2026-09-06,08:50:10,755002470,DONA CARMEN,SanLorenzo
2026-09-06,08:50:10,701006443,MAYU,SanLorenzo
2026-09-06,08:50:10,755000020,AGUARA,SanLorenzo
2026-09-06,08:50:10,701006396,VB RECOLETA,SanLorenzo
2026-09-06,08:50:10,755134000,LADOCE H,SanLorenzo
2026-09-06,08:50:10,720035000,,Rosario
2026-09-06,08:50:10,352006388,NORSE BORNHOLM,Rosario
2026-09-06,08:50:10,477932500,ROSCO BANYAN,Rosario
2026-09-06,08:50:10,311001602,SAGA ANDORINHA,Rosario
2026-09-06,08:50:10,701503000,GC77 GFO SAN MATIAS,Rosario
2026-09-06,08:50:10,563151400,FRANCESCO,Rosario
2026-09-06,08:50:10,477754600,MAERSK VENEZIA,Rosario
2026-09-06,08:50:10,538006458,ODYSSEUS N,Rosario
2026-09-06,08:50:10,538010750,TOKYO SPIRIT,Rosario
2026-09-06,08:50:10,352001142,GLORY FIRST,Rosario
2026-09-06,08:50:10,636024043,TG CRAB,Rosario
2026-09-06,08:50:10,352006380,CL KIBOU,Rosario
2026-09-06,08:50:10,636093258,EMMA JANNEKE,Rosario
2026-09-06,08:50:10,636023897,ANNELIESE,Rosario
2026-09-06,08:50:10,563054100,MTM BIG APPLE,Rosario
2026-09-06,08:50:10,538010532,DEANA,Rosario
2026-09-06,08:50:10,538090690,LEONARDO,Rosario
2026-09-06,08:50:10,255916599,RANA,Rosario
2026-09-06,08:50:10,352004948,OBE UNITY,Rosario
2026-09-06,08:50:10,241624000,LEGEND,Rosario
2026-09-06,08:50:10,7010004,,Rosario
2026-09-06,08:50:10,563319600,CUTLASS GALAXY,Rosario
2026-09-06,08:50:10,357232000,YOZAN,Rosario
2026-09-06,08:50:10,538012594,KAPETANIOS,Rosario
2026-09-06,08:50:10,355174000,APOGEE SPIRIT,Rosario
2026-09-06,08:50:10,563163900,ANNA SCHULTE,Rosario
2026-09-06,08:50:10,538009801,HELIOS,Rosario
2026-09-06,08:50:10,701006466,NEPTUNO,Rosario
2026-09-06,08:50:10,538008936,SOUND YOUNG,Rosario
2026-09-06,08:50:10,341694002,H7 HSB5,Rosario
2026-09-06,08:50:10,538008779,LIVADI,Rosario
2026-09-06,08:50:10,256685000,RODINA,Rosario
2026-09-06,08:50:10,755177000,,Rosario
2026-09-06,08:50:10,701006245,SAN JOSE V,Rosario
2026-09-06,08:50:10,636024698,MC CALYPSO,Rosario
2026-09-06,08:50:10,636025133,YAMI BENEFIT,Rosario
2026-09-06,08:50:10,636023256,INGENUITY,Rosario
2026-09-06,08:50:10,755991013,PUMA,Rosario
2026-09-06,08:50:10,256672000,ARIETTA,Rosario
2026-09-06,08:50:10,701006926,FAVORITO SAN ANTONIO,Rosario
2026-09-06,08:50:10,701001114,IGUAZU,Rosario
2026-09-06,08:50:10,710000019,HERACLITO FILHO,Rosario
2026-09-06,08:50:10,636024379,STAR WESTPORT,Rosario
2026-09-06,08:50:10,701001404,GUAZU PUCU,Rosario
2026-09-06,08:50:10,636015971,STOLT ZULU,Rosario
2026-09-06,08:50:10,755001797,PARAPITI.,Rosario
2026-09-06,08:50:10,563169800,RUBY,Rosario
2026-09-06,08:50:10,538004481,AGIA PARASKEVI,Rosario
2026-09-06,08:50:10,755000020,AGUARA,Rosario
2026-09-06,08:50:10,701006396,VB RECOLETA,Rosario
2026-09-06,08:50:10,701153000,PAULINO C,DelGuazu
2026-09-06,08:50:10,563033900,TORM SUPREME,DelGuazu
2026-09-06,08:50:10,563033900,,Braga
2026-09-06,08:50:10,701153000,PAULINO C,Braga
2026-09-06,08:50:10,755170000,DONA MARGIE,BellaVista
2026-09-06,08:50:10,755004318,NAUTIC TWIN,BellaVista
2026-09-06,08:50:10,720985000,HB HYDRA,BellaVista
2026-09-06,08:50:10,755003671,,BellaVista
2026-09-06,08:50:10,755122000,INQUEBRANTABLE,BellaVista
2026-09-06,08:50:10,755201114,AGUILUCHO,BellaVista
2026-09-06,08:50:10,755091000,MARIA AUXILIADORA,BellaVista
2026-09-06,08:50:10,755048000,ITAPUA I,BellaVista
2026-09-06,08:50:10,755126000,LATERE,BellaVista
2026-09-06,08:50:10,755084000,RIO DE LA PLATA,BellaVista
2026-09-06,08:50:10,755164000,BELEN B,BellaVista
2026-09-06,08:50:10,755136000,IMPALA LADARIO,BellaVista
2026-09-06,09:00:16,755042000,,SanLorenzo
2026-09-06,09:00:16,877228824,LANCHA DK 1,SanLorenzo
2026-09-06,09:00:16,255915742,BOCHEM CASABLANCA,SanLorenzo
2026-09-06,09:00:16,563054100,MTM BIG APPLE,SanLorenzo
2026-09-06,09:00:16,701006466,,SanLorenzo
2026-09-06,09:00:16,311001602,SAGA ANDORINHA,SanLorenzo
2026-09-06,09:00:16,701503000,GC77 GFO SAN MATIAS,SanLorenzo
2026-09-06,09:00:16,563151400,FRANCESCO,SanLorenzo
2026-09-06,09:00:16,538006458,ODYSSEUS N,SanLorenzo
2026-09-06,09:00:16,477754600,MAERSK VENEZIA,SanLorenzo
2026-09-06,09:00:16,538010750,TOKYO SPIRIT,SanLorenzo
2026-09-06,09:00:16,311000195,CS SARAFINA,SanLorenzo
2026-09-06,09:00:16,352001142,GLORY FIRST,SanLorenzo
2026-09-06,09:00:16,636024043,TG CRAB,SanLorenzo
2026-09-06,09:00:16,352006380,CL KIBOU,SanLorenzo
2026-09-06,09:00:16,538004481,AGIA PARASKEVI,SanLorenzo
2026-09-06,09:00:16,636093258,EMMA JANNEKE,SanLorenzo
2026-09-06,09:00:16,636023897,ANNELIESE,SanLorenzo
2026-09-06,09:00:16,351011000,OCEAN CROWN,SanLorenzo
2026-09-06,09:00:16,257897000,BOW FIRDA,SanLorenzo
2026-09-06,09:00:16,538010532,DEANA,SanLorenzo
2026-09-06,09:00:16,7010004,,SanLorenzo
2026-09-06,09:00:16,538006504,DANK SILVER,SanLorenzo
2026-09-06,09:00:16,538090690,LEONARDO,SanLorenzo
2026-09-06,09:00:16,255916599,RANA,SanLorenzo
2026-09-06,09:00:16,352004948,OBE UNITY,SanLorenzo
2026-09-06,09:00:16,241624000,LEGEND,SanLorenzo
2026-09-06,09:00:16,352006388,NORSE BORNHOLM,SanLorenzo
2026-09-06,09:00:16,563319600,CUTLASS GALAXY,SanLorenzo
2026-09-06,09:00:16,357232000,YOZAN,SanLorenzo
2026-09-06,09:00:16,701001324,HALCON,SanLorenzo
2026-09-06,09:00:16,538012594,KAPETANIOS,SanLorenzo
2026-09-06,09:00:16,563163900,ANNA SCHULTE,SanLorenzo
2026-09-06,09:00:16,538009801,HELIOS,SanLorenzo
2026-09-06,09:00:16,355174000,APOGEE SPIRIT,SanLorenzo
2026-09-06,09:00:16,701006966,TIGRE,SanLorenzo
2026-09-06,09:00:16,538008936,SOUND YOUNG,SanLorenzo
2026-09-06,09:00:16,341694002,H7 HSB5,SanLorenzo
2026-09-06,09:00:16,357458000,,SanLorenzo
2026-09-06,09:00:16,538008779,LIVADI,SanLorenzo
2026-09-06,09:00:16,755177000,CABALLERO BLANCO.,SanLorenzo
2026-09-06,09:00:16,755088000,DECATUR LADY,SanLorenzo
2026-09-06,09:00:16,256685000,RODINA,SanLorenzo
2026-09-06,09:00:16,636024698,MC CALYPSO,SanLorenzo
2026-09-06,09:00:16,636025133,YAMI BENEFIT,SanLorenzo
2026-09-06,09:00:16,701006245,SAN JOSE V,SanLorenzo
2026-09-06,09:00:16,755991013,PUMA,SanLorenzo
2026-09-06,09:00:16,636023256,INGENUITY,SanLorenzo
2026-09-06,09:00:16,256672000,ARIETTA,SanLorenzo
2026-09-06,09:00:16,701001114,IGUAZU,SanLorenzo
2026-09-06,09:00:16,710000019,HERACLITO FILHO,SanLorenzo
2026-09-06,09:00:16,701006926,FAVORITO SAN ANTONIO,SanLorenzo
2026-09-06,09:00:16,563169800,RUBY,SanLorenzo
2026-09-06,09:00:16,701001404,GUAZU PUCU,SanLorenzo
2026-09-06,09:00:16,538009547,,SanLorenzo
2026-09-06,09:00:16,636024379,STAR WESTPORT,SanLorenzo
2026-09-06,09:00:16,755703668,URUTAU,SanLorenzo
2026-09-06,09:00:16,755002470,DONA CARMEN,SanLorenzo
2026-09-06,09:00:16,755001797,PARAPITI.,SanLorenzo
2026-09-06,09:00:16,701006443,MAYU,SanLorenzo
2026-09-06,09:00:16,701006396,VB RECOLETA,SanLorenzo
2026-09-06,09:00:16,755134000,LADOCE H,SanLorenzo
2026-09-06,09:00:16,755004326,OLIMPO,SanLorenzo
2026-09-06,09:00:16,755000020,AGUARA,SanLorenzo
2026-09-06,09:00:16,477932500,ROSCO BANYAN,SanLorenzo
2026-09-06,09:00:16,636015971,STOLT ZULU,SanLorenzo
2026-09-06,09:00:16,538009801,HELIOS,Rosario
2026-09-06,09:00:16,538008779,LIVADI,Rosario
2026-09-06,09:00:16,311001602,SAGA ANDORINHA,Rosario
2026-09-06,09:00:16,701503000,GC77 GFO SAN MATIAS,Rosario
2026-09-06,09:00:16,563151400,FRANCESCO,Rosario
2026-09-06,09:00:16,538006458,ODYSSEUS N,Rosario
2026-09-06,09:00:16,477754600,MAERSK VENEZIA,Rosario
2026-09-06,09:00:16,538010750,TOKYO SPIRIT,Rosario
2026-09-06,09:00:16,538004481,AGIA PARASKEVI,Rosario
2026-09-06,09:00:16,352001142,GLORY FIRST,Rosario
2026-09-06,09:00:16,636024043,TG CRAB,Rosario
2026-09-06,09:00:16,352006380,CL KIBOU,Rosario
2026-09-06,09:00:16,314952000,DSM HARBOUR,Rosario
2026-09-06,09:00:16,636093258,EMMA JANNEKE,Rosario
2026-09-06,09:00:16,563054100,MTM BIG APPLE,Rosario
2026-09-06,09:00:16,636023897,ANNELIESE,Rosario
2026-09-06,09:00:16,755991013,PUMA,Rosario
2026-09-06,09:00:16,701006679,COOPOR ESTIBADOR I,Rosario
2026-09-06,09:00:16,755000020,AGUARA,Rosario
2026-09-06,09:00:16,538010532,DEANA,Rosario
2026-09-06,09:00:16,701006466,NEPTUNO,Rosario
2026-09-06,09:00:16,7010004,,Rosario
2026-09-06,09:00:16,538090690,LEONARDO,Rosario
2026-09-06,09:00:16,255916599,RANA,Rosario
2026-09-06,09:00:16,352004948,OBE UNITY,Rosario
2026-09-06,09:00:16,241624000,LEGEND,Rosario
2026-09-06,09:00:16,701001114,IGUAZU,Rosario
2026-09-06,09:00:16,352006388,NORSE BORNHOLM,Rosario
2026-09-06,09:00:16,755001797,PARAPITI.,Rosario
2026-09-06,09:00:16,563319600,CUTLASS GALAXY,Rosario
2026-09-06,09:00:16,357232000,YOZAN,Rosario
2026-09-06,09:00:16,538012594,KAPETANIOS,Rosario
2026-09-06,09:00:16,355174000,APOGEE SPIRIT,Rosario
2026-09-06,09:00:16,538008936,SOUND YOUNG,Rosario
2026-09-06,09:00:16,341694002,H7 HSB5,Rosario
2026-09-06,09:00:16,755177000,,Rosario
2026-09-06,09:00:16,755088000,DECATUR LADY,Rosario
2026-09-06,09:00:16,636025133,YAMI BENEFIT,Rosario
2026-09-06,09:00:16,256685000,RODINA,Rosario
2026-09-06,09:00:16,636024698,MC CALYPSO,Rosario
2026-09-06,09:00:16,701006245,SAN JOSE V,Rosario
2026-09-06,09:00:16,636023256,INGENUITY,Rosario
2026-09-06,09:00:16,256672000,ARIETTA,Rosario
2026-09-06,09:00:16,710000019,HERACLITO FILHO,Rosario
2026-09-06,09:00:16,701006926,FAVORITO SAN ANTONIO,Rosario
2026-09-06,09:00:16,563169800,RUBY,Rosario
2026-09-06,09:00:16,636024379,STAR WESTPORT,Rosario
2026-09-06,09:00:16,701001404,GUAZU PUCU,Rosario
2026-09-06,09:00:16,701006396,VB RECOLETA,Rosario
2026-09-06,09:00:16,477932500,ROSCO BANYAN,Rosario
2026-09-06,09:00:16,636015971,STOLT ZULU,Rosario
2026-09-06,09:00:16,538004184,,DelGuazu
2026-09-06,09:00:16,701153000,PAULINO C,DelGuazu
2026-09-06,09:00:16,563033900,TORM SUPREME,DelGuazu
2026-09-06,09:00:16,538004184,,Braga
2026-09-06,09:00:16,701153000,PAULINO C,Braga
2026-09-06,09:00:16,563033900,,Braga
2026-09-06,09:00:16,755126000,LATERE,BellaVista
2026-09-06,09:00:16,755002841,,BellaVista
2026-09-06,09:00:16,755003671,,BellaVista
2026-09-06,09:00:16,755122000,INQUEBRANTABLE,BellaVista
2026-09-06,09:00:16,720687000,JAN CONNOR,BellaVista
2026-09-06,09:00:16,755136000,IMPALA LADARIO,BellaVista
2026-09-06,09:00:16,755045000,BRUTUS H,BellaVista
2026-09-06,09:00:16,755004318,NAUTIC TWIN,BellaVista
2026-09-06,09:00:16,755048000,ITAPUA I,BellaVista
2026-09-06,09:00:16,755201114,AGUILUCHO,BellaVista
2026-09-06,09:00:16,755084000,RIO DE LA PLATA,BellaVista
2026-09-06,09:00:16,755164000,BELEN B,BellaVista
2026-09-06,09:00:16,720985000,HB HYDRA,BellaVista
2026-09-06,09:10:09,352001142,GLORY FIRST,SanLorenzo
2026-09-06,09:10:09,314952000,,SanLorenzo
2026-09-06,09:10:09,311002230,,SanLorenzo
2026-09-06,09:10:09,477932500,ROSCO BANYAN,SanLorenzo
2026-09-06,09:10:09,311001602,SAGA ANDORINHA,SanLorenzo
2026-09-06,09:10:09,701503000,GC77 GFO SAN MATIAS,SanLorenzo
2026-09-06,09:10:09,538006458,ODYSSEUS N,SanLorenzo
2026-09-06,09:10:09,352383000,,SanLorenzo
2026-09-06,09:10:09,563151400,FRANCESCO,SanLorenzo
2026-09-06,09:10:09,477754600,MAERSK VENEZIA,SanLorenzo
2026-09-06,09:10:09,538010750,TOKYO SPIRIT,SanLorenzo
2026-09-06,09:10:09,311000195,CS SARAFINA,SanLorenzo
2026-09-06,09:10:09,636024043,TG CRAB,SanLorenzo
2026-09-06,09:10:09,352006380,CL KIBOU,SanLorenzo
2026-09-06,09:10:09,636093258,EMMA JANNEKE,SanLorenzo
2026-09-06,09:10:09,563054100,MTM BIG APPLE,SanLorenzo
2026-09-06,09:10:09,636023897,ANNELIESE,SanLorenzo
2026-09-06,09:10:09,351011000,OCEAN CROWN,SanLorenzo
2026-09-06,09:10:09,257897000,BOW FIRDA,SanLorenzo
2026-09-06,09:10:09,538010532,DEANA,SanLorenzo
2026-09-06,09:10:09,538006504,DANK SILVER,SanLorenzo
2026-09-06,09:10:09,538090690,LEONARDO,SanLorenzo
2026-09-06,09:10:09,720035000,,SanLorenzo
2026-09-06,09:10:09,255916599,RANA,SanLorenzo
2026-09-06,09:10:09,352004948,OBE UNITY,SanLorenzo
2026-09-06,09:10:09,241624000,LEGEND,SanLorenzo
2026-09-06,09:10:09,352006388,NORSE BORNHOLM,SanLorenzo
2026-09-06,09:10:09,563319600,CUTLASS GALAXY,SanLorenzo
2026-09-06,09:10:09,701006966,TIGRE,SanLorenzo
2026-09-06,09:10:09,538009547,,SanLorenzo
2026-09-06,09:10:09,357232000,YOZAN,SanLorenzo
2026-09-06,09:10:09,538012594,KAPETANIOS,SanLorenzo
2026-09-06,09:10:09,538009801,HELIOS,SanLorenzo
2026-09-06,09:10:09,355174000,APOGEE SPIRIT,SanLorenzo
2026-09-06,09:10:09,7010004,,SanLorenzo
2026-09-06,09:10:09,563163900,ANNA SCHULTE,SanLorenzo
2026-09-06,09:10:09,538008936,SOUND YOUNG,SanLorenzo
2026-09-06,09:10:09,701006466,,SanLorenzo
2026-09-06,09:10:09,341694002,H7 HSB5,SanLorenzo
2026-09-06,09:10:09,755703668,URUTAU,SanLorenzo
2026-09-06,09:10:09,538008779,LIVADI,SanLorenzo
2026-09-06,09:10:09,755088000,DECATUR LADY,SanLorenzo
2026-09-06,09:10:09,636024698,MC CALYPSO,SanLorenzo
2026-09-06,09:10:09,720946000,DON KASBERGEN,SanLorenzo
2026-09-06,09:10:09,755991013,PUMA,SanLorenzo
2026-09-06,09:10:09,755177000,CABALLERO BLANCO.,SanLorenzo
2026-09-06,09:10:09,701006245,SAN JOSE V,SanLorenzo
2026-09-06,09:10:09,636025133,YAMI BENEFIT,SanLorenzo
2026-09-06,09:10:09,701001404,GUAZU PUCU,SanLorenzo
2026-09-06,09:10:09,701006926,FAVORITO SAN ANTONIO,SanLorenzo
2026-09-06,09:10:09,563169800,RUBY,SanLorenzo
2026-09-06,09:10:09,256672000,ARIETTA,SanLorenzo
2026-09-06,09:10:09,710000019,HERACLITO FILHO,SanLorenzo
2026-09-06,09:10:09,636015971,STOLT ZULU,SanLorenzo
2026-09-06,09:10:09,256685000,RODINA,SanLorenzo
2026-09-06,09:10:09,636023256,INGENUITY,SanLorenzo
2026-09-06,09:10:09,877228824,LANCHA DK 1,SanLorenzo
2026-09-06,09:10:09,755042000,RE ASUNCION,SanLorenzo
2026-09-06,09:10:09,636024379,STAR WESTPORT,SanLorenzo
2026-09-06,09:10:09,701006396,VB RECOLETA,SanLorenzo
2026-09-06,09:10:09,755002470,DONA CARMEN,SanLorenzo
2026-09-06,09:10:09,755134000,LADOCE H,SanLorenzo
2026-09-06,09:10:09,755001797,PARAPITI.,SanLorenzo
2026-09-06,09:10:09,755000020,AGUARA,SanLorenzo
2026-09-06,09:10:09,701006443,MAYU,SanLorenzo
2026-09-06,09:10:09,701006466,NEPTUNO,Rosario
2026-09-06,09:10:09,341694002,H7 HSB5,Rosario
2026-09-06,09:10:09,477932500,ROSCO BANYAN,Rosario
2026-09-06,09:10:09,311001602,SAGA ANDORINHA,Rosario
2026-09-06,09:10:09,701503000,GC77 GFO SAN MATIAS,Rosario
2026-09-06,09:10:09,538006458,ODYSSEUS N,Rosario
2026-09-06,09:10:09,563151400,FRANCESCO,Rosario
2026-09-06,09:10:09,477754600,MAERSK VENEZIA,Rosario
2026-09-06,09:10:09,538010750,TOKYO SPIRIT,Rosario
2026-09-06,09:10:09,352001142,GLORY FIRST,Rosario
2026-09-06,09:10:09,636024043,TG CRAB,Rosario
2026-09-06,09:10:09,352006380,CL KIBOU,Rosario
2026-09-06,09:10:09,314952000,DSM HARBOUR,Rosario
2026-09-06,09:10:09,636093258,EMMA JANNEKE,Rosario
2026-09-06,09:10:09,563054100,MTM BIG APPLE,Rosario
2026-09-06,09:10:09,636023897,ANNELIESE,Rosario
2026-09-06,09:10:09,538010532,DEANA,Rosario
2026-09-06,09:10:09,755177000,CABALLERO BLANCO.,Rosario
2026-09-06,09:10:09,538090690,LEONARDO,Rosario
2026-09-06,09:10:09,255916599,RANA,Rosario
2026-09-06,09:10:09,352004948,OBE UNITY,Rosario
2026-09-06,09:10:09,241624000,LEGEND,Rosario
2026-09-06,09:10:09,352006388,NORSE BORNHOLM,Rosario
2026-09-06,09:10:09,563319600,CUTLASS GALAXY,Rosario
2026-09-06,09:10:09,357232000,YOZAN,Rosario
2026-09-06,09:10:09,538012594,KAPETANIOS,Rosario
2026-09-06,09:10:09,7010004,,Rosario
2026-09-06,09:10:09,563163900,ANNA SCHULTE,Rosario
2026-09-06,09:10:09,538009801,HELIOS,Rosario
2026-09-06,09:10:09,355174000,APOGEE SPIRIT,Rosario
2026-09-06,09:10:09,538008936,SOUND YOUNG,Rosario
2026-09-06,09:10:09,710000019,HERACLITO FILHO,Rosario
2026-09-06,09:10:09,755001797,PARAPITI.,Rosario
2026-09-06,09:10:09,538008779,LIVADI,Rosario
2026-09-06,09:10:09,755088000,DECATUR LADY,Rosario
2026-09-06,09:10:09,636024698,MC CALYPSO,Rosario
2026-09-06,09:10:09,755991013,PUMA,Rosario
2026-09-06,09:10:09,701006245,SAN JOSE V,Rosario
2026-09-06,09:10:09,636025133,YAMI BENEFIT,Rosario
2026-09-06,09:10:09,538004481,AGIA PARASKEVI,Rosario
2026-09-06,09:10:09,636015971,STOLT ZULU,Rosario
2026-09-06,09:10:09,636023256,INGENUITY,Rosario
2026-09-06,09:10:09,701001404,GUAZU PUCU,Rosario
2026-09-06,09:10:09,701006926,FAVORITO SAN ANTONIO,Rosario
2026-09-06,09:10:09,563169800,RUBY,Rosario
2026-09-06,09:10:09,256672000,ARIETTA,Rosario
2026-09-06,09:10:09,636024379,STAR WESTPORT,Rosario
2026-09-06,09:10:09,256685000,RODINA,Rosario
2026-09-06,09:10:09,701006396,VB RECOLETA,Rosario
2026-09-06,09:10:09,755000020,AGUARA,Rosario
2026-09-06,09:10:09,538009547,,DelGuazu
2026-09-06,09:10:09,538004184,,DelGuazu
2026-09-06,09:10:09,563033900,TORM SUPREME,DelGuazu
2026-09-06,09:10:09,701153000,PAULINO C,DelGuazu
2026-09-06,09:10:09,636023728,,Braga
2026-09-06,09:10:09,701153000,PAULINO C,Braga
2026-09-06,09:10:09,538009547,,Braga
2026-09-06,09:10:09,563033900,,Braga
2026-09-06,09:10:09,701583000,,BellaVista
2026-09-06,09:10:09,755091000,MARIA AUXILIADORA,BellaVista
2026-09-06,09:10:09,701006961,,BellaVista
2026-09-06,09:10:09,755003671,,BellaVista
2026-09-06,09:10:09,755002841,ORGULLO,BellaVista
2026-09-06,09:10:09,755170000,DONA MARGIE,BellaVista
2026-09-06,09:10:09,755004318,NAUTIC TWIN,BellaVista
2026-09-06,09:10:09,755201114,AGUILUCHO,BellaVista
2026-09-06,09:10:09,755045000,BRUTUS H,BellaVista
2026-09-06,09:10:09,720687000,JAN CONNOR,BellaVista
2026-09-06,09:10:09,755126000,LATERE,BellaVista
2026-09-06,09:10:09,755048000,ITAPUA I,BellaVista
2026-09-06,09:10:09,755122000,INQUEBRANTABLE,BellaVista
2026-09-06,09:10:09,755084000,RIO DE LA PLATA,BellaVista
2026-09-06,09:10:09,755164000,BELEN B,BellaVista
2026-09-06,09:10:09,720985000,HB HYDRA,BellaVista
2026-09-06,09:10:09,755136000,IMPALA LADARIO,BellaVista
2026-09-06,09:20:09,477754600,MAERSK VENEZIA,SanLorenzo
2026-09-06,09:20:09,314952000,DSM HARBOUR,SanLorenzo
2026-09-06,09:20:09,720035000,,SanLorenzo
2026-09-06,09:20:09,563319600,CUTLASS GALAXY,SanLorenzo
2026-09-06,09:20:09,538009547,,SanLorenzo
2026-09-06,09:20:09,538010750,TOKYO SPIRIT,SanLorenzo
2026-09-06,09:20:09,352001142,GLORY FIRST,SanLorenzo
2026-09-06,09:20:09,538004481,AGIA PARASKEVI,SanLorenzo
2026-09-06,09:20:09,538008276,,SanLorenzo
2026-09-06,09:20:09,538011031,,SanLorenzo
2026-09-06,09:20:09,477932500,ROSCO BANYAN,SanLorenzo
2026-09-06,09:20:09,255915742,BOCHEM CASABLANCA,SanLorenzo
2026-09-06,09:20:09,311001602,SAGA ANDORINHA,SanLorenzo
2026-09-06,09:20:09,701503000,GC77 GFO SAN MATIAS,SanLorenzo
2026-09-06,09:20:09,352383000,,SanLorenzo
2026-09-06,09:20:09,563151400,FRANCESCO,SanLorenzo
2026-09-06,09:20:09,538006458,ODYSSEUS N,SanLorenzo
2026-09-06,09:20:09,311000195,CS SARAFINA,SanLorenzo
2026-09-06,09:20:09,636024043,TG CRAB,SanLorenzo
2026-09-06,09:20:09,636024379,STAR WESTPORT,SanLorenzo
2026-09-06,09:20:09,352006380,CL KIBOU,SanLorenzo
2026-09-06,09:20:09,636093258,EMMA JANNEKE,SanLorenzo
2026-09-06,09:20:09,563054100,MTM BIG APPLE,SanLorenzo
2026-09-06,09:20:09,636023897,ANNELIESE,SanLorenzo
2026-09-06,09:20:09,351011000,OCEAN CROWN,SanLorenzo
2026-09-06,09:20:09,257897000,BOW FIRDA,SanLorenzo
2026-09-06,09:20:09,538010532,DEANA,SanLorenzo
2026-09-06,09:20:09,538006504,DANK SILVER,SanLorenzo
2026-09-06,09:20:09,538090690,LEONARDO,SanLorenzo
2026-09-06,09:20:09,701006966,TIGRE,SanLorenzo
2026-09-06,09:20:09,255916599,RANA,SanLorenzo
2026-09-06,09:20:09,352004948,OBE UNITY,SanLorenzo
2026-09-06,09:20:09,241624000,LEGEND,SanLorenzo
2026-09-06,09:20:09,352006388,NORSE BORNHOLM,SanLorenzo
2026-09-06,09:20:09,538012594,KAPETANIOS,SanLorenzo
2026-09-06,09:20:09,701001057,,SanLorenzo
2026-09-06,09:20:09,357232000,YOZAN,SanLorenzo
2026-09-06,09:20:09,311002230,PVT PERIDOT,SanLorenzo
2026-09-06,09:20:09,877228824,LANCHA DK 1,SanLorenzo
2026-09-06,09:20:09,7010004,,SanLorenzo
2026-09-06,09:20:09,355174000,APOGEE SPIRIT,SanLorenzo
2026-09-06,09:20:09,563163900,ANNA SCHULTE,SanLorenzo
2026-09-06,09:20:09,538009801,HELIOS,SanLorenzo
2026-09-06,09:20:09,256672000,ARIETTA,SanLorenzo
2026-09-06,09:20:09,563234800,,SanLorenzo
2026-09-06,09:20:09,538008936,SOUND YOUNG,SanLorenzo
2026-09-06,09:20:09,341694002,H7 HSB5,SanLorenzo
2026-09-06,09:20:09,755703668,URUTAU,SanLorenzo
2026-09-06,09:20:09,538008779,LIVADI,SanLorenzo
2026-09-06,09:20:09,256685000,RODINA,SanLorenzo
2026-09-06,09:20:09,755088000,DECATUR LADY,SanLorenzo
2026-09-06,09:20:09,720946000,DON KASBERGEN,SanLorenzo
2026-09-06,09:20:09,755177000,CABALLERO BLANCO.,SanLorenzo
2026-09-06,09:20:09,636024698,MC CALYPSO,SanLorenzo
2026-09-06,09:20:09,755991013,PUMA,SanLorenzo
2026-09-06,09:20:09,701006245,SAN JOSE V,SanLorenzo
2026-09-06,09:20:09,636025133,YAMI BENEFIT,SanLorenzo
2026-09-06,09:20:09,710000019,HERACLITO FILHO,SanLorenzo
2026-09-06,09:20:09,701006466,NEPTUNO,SanLorenzo
2026-09-06,09:20:09,701006926,FAVORITO SAN ANTONIO,SanLorenzo
2026-09-06,09:20:09,636023256,INGENUITY,SanLorenzo
2026-09-06,09:20:09,636015971,STOLT ZULU,SanLorenzo
2026-09-06,09:20:09,563169800,RUBY,SanLorenzo
2026-09-06,09:20:09,701001114,IGUAZU,SanLorenzo
2026-09-06,09:20:09,755001797,PARAPITI.,SanLorenzo
2026-09-06,09:20:09,701006396,VB RECOLETA,SanLorenzo
2026-09-06,09:20:09,755000020,AGUARA,SanLorenzo
2026-09-06,09:20:09,755002470,DONA CARMEN,SanLorenzo
2026-09-06,09:20:09,701006443,MAYU,SanLorenzo
2026-09-06,09:20:09,755134000,LADOCE H,SanLorenzo
2026-09-06,09:20:09,701001404,GUAZU PUCU,SanLorenzo
2026-09-06,09:20:09,701006466,NEPTUNO,Rosario
2026-09-06,09:20:09,538008779,LIVADI,Rosario
2026-09-06,09:20:09,477932500,ROSCO BANYAN,Rosario
2026-09-06,09:20:09,311001602,SAGA ANDORINHA,Rosario
2026-09-06,09:20:09,701503000,GC77 GFO SAN MATIAS,Rosario
2026-09-06,09:20:09,563151400,FRANCESCO,Rosario
2026-09-06,09:20:09,477754600,MAERSK VENEZIA,Rosario
2026-09-06,09:20:09,538006458,ODYSSEUS N,Rosario
2026-09-06,09:20:09,538010750,TOKYO SPIRIT,Rosario
2026-09-06,09:20:09,352001142,GLORY FIRST,Rosario
2026-09-06,09:20:09,636024379,STAR WESTPORT,Rosario
2026-09-06,09:20:09,636024043,TG CRAB,Rosario
2026-09-06,09:20:09,352006380,CL KIBOU,Rosario
2026-09-06,09:20:09,636093258,EMMA JANNEKE,Rosario
2026-09-06,09:20:09,314952000,DSM HARBOUR,Rosario
2026-09-06,09:20:09,563054100,MTM BIG APPLE,Rosario
2026-09-06,09:20:09,636023897,ANNELIESE,Rosario
2026-09-06,09:20:09,755991013,PUMA,Rosario
2026-09-06,09:20:09,538010532,DEANA,Rosario
2026-09-06,09:20:09,538090690,LEONARDO,Rosario
2026-09-06,09:20:09,255916599,RANA,Rosario
2026-09-06,09:20:09,352004948,OBE UNITY,Rosario
2026-09-06,09:20:09,241624000,LEGEND,Rosario
2026-09-06,09:20:09,352006388,NORSE BORNHOLM,Rosario
2026-09-06,09:20:09,563319600,CUTLASS GALAXY,Rosario
2026-09-06,09:20:09,538012594,KAPETANIOS,Rosario
2026-09-06,09:20:09,357232000,YOZAN,Rosario
2026-09-06,09:20:09,720946000,,Rosario
2026-09-06,09:20:09,7010004,,Rosario
2026-09-06,09:20:09,563163900,ANNA SCHULTE,Rosario
2026-09-06,09:20:09,355174000,APOGEE SPIRIT,Rosario
2026-09-06,09:20:09,755177000,CABALLERO BLANCO.,Rosario
2026-09-06,09:20:09,538009801,HELIOS,Rosario
2026-09-06,09:20:09,538008936,SOUND YOUNG,Rosario
2026-09-06,09:20:09,341694002,H7 HSB5,Rosario
2026-09-06,09:20:09,710000019,HERACLITO FILHO,Rosario
2026-09-06,09:20:09,755703668,,Rosario
2026-09-06,09:20:09,538004481,AGIA PARASKEVI,Rosario
2026-09-06,09:20:09,755000020,AGUARA,Rosario
2026-09-06,09:20:09,256685000,RODINA,Rosario
2026-09-06,09:20:09,755088000,DECATUR LADY,Rosario
2026-09-06,09:20:09,636024698,MC CALYPSO,Rosario
2026-09-06,09:20:09,701006245,SAN JOSE V,Rosario
2026-09-06,09:20:09,636025133,YAMI BENEFIT,Rosario
2026-09-06,09:20:09,636023256,INGENUITY,Rosario
2026-09-06,09:20:09,256672000,ARIETTA,Rosario
2026-09-06,09:20:09,701006926,FAVORITO SAN ANTONIO,Rosario
2026-09-06,09:20:09,563169800,RUBY,Rosario
2026-09-06,09:20:09,636015971,STOLT ZULU,Rosario
2026-09-06,09:20:09,755001797,PARAPITI.,Rosario
2026-09-06,09:20:09,701001114,IGUAZU,Rosario
2026-09-06,09:20:09,701006396,VB RECOLETA,Rosario
2026-09-06,09:20:09,701001404,GUAZU PUCU,Rosario
2026-09-06,09:20:09,538009547,,DelGuazu
2026-09-06,09:20:09,538008276,,DelGuazu
2026-09-06,09:20:09,538004184,,DelGuazu
2026-09-06,09:20:09,701006545,,DelGuazu
2026-09-06,09:20:09,701153000,PAULINO C,DelGuazu
2026-09-06,09:20:09,701153000,PAULINO C,Braga
2026-09-06,09:20:09,538004184,,Braga
2026-09-06,09:20:09,701583000,,BellaVista
2026-09-06,09:20:09,755170000,DONA MARGIE,BellaVista
2026-09-06,09:20:09,701006961,,BellaVista
2026-09-06,09:20:09,755002841,ORGULLO,BellaVista
2026-09-06,09:20:09,755201114,AGUILUCHO,BellaVista
2026-09-06,09:20:09,720985000,HB HYDRA,BellaVista
2026-09-06,09:20:09,755091000,MARIA AUXILIADORA,BellaVista
2026-09-06,09:20:09,755003671,,BellaVista
2026-09-06,09:20:09,755048000,ITAPUA I,BellaVista
2026-09-06,09:20:09,755126000,LATERE,BellaVista
2026-09-06,09:20:09,755004318,NAUTIC TWIN,BellaVista
2026-09-06,09:20:09,755084000,RIO DE LA PLATA,BellaVista
2026-09-06,09:20:09,755122000,INQUEBRANTABLE,BellaVista
2026-09-06,09:20:09,755164000,BELEN B,BellaVista
2026-09-06,09:20:09,755136000,IMPALA LADARIO,BellaVista
2026-09-06,09:20:09,755045000,BRUTUS H,BellaVista
2026-09-06,09:20:09,720687000,JAN CONNOR,BellaVista
2026-09-06,09:30:10,563234800,,SanLorenzo
2026-09-06,09:30:10,255915742,BOCHEM CASABLANCA,SanLorenzo
2026-09-06,09:30:10,357458000,,SanLorenzo
2026-09-06,09:30:10,563054100,MTM BIG APPLE,SanLorenzo
2026-09-06,09:30:10,477932500,ROSCO BANYAN,SanLorenzo
2026-09-06,09:30:10,701503000,GC77 GFO SAN MATIAS,SanLorenzo
2026-09-06,09:30:10,563151400,FRANCESCO,SanLorenzo
2026-09-06,09:30:10,701001114,IGUAZU,SanLorenzo
2026-09-06,09:30:10,477754600,MAERSK VENEZIA,SanLorenzo
2026-09-06,09:30:10,538006458,ODYSSEUS N,SanLorenzo
2026-09-06,09:30:10,256672000,ARIETTA,SanLorenzo
2026-09-06,09:30:10,538010750,TOKYO SPIRIT,SanLorenzo
2026-09-06,09:30:10,311000195,CS SARAFINA,SanLorenzo
2026-09-06,09:30:10,636024043,TG CRAB,SanLorenzo
2026-09-06,09:30:10,636024379,STAR WESTPORT,SanLorenzo
2026-09-06,09:30:10,352006380,CL KIBOU,SanLorenzo
2026-09-06,09:30:10,538004481,,SanLorenzo
2026-09-06,09:30:10,636093258,EMMA JANNEKE,SanLorenzo
2026-09-06,09:30:10,636023897,ANNELIESE,SanLorenzo
2026-09-06,09:30:10,351011000,OCEAN CROWN,SanLorenzo
2026-09-06,09:30:10,7010004,,SanLorenzo
2026-09-06,09:30:10,257897000,BOW FIRDA,SanLorenzo
2026-09-06,09:30:10,538010532,DEANA,SanLorenzo
2026-09-06,09:30:10,538006504,DANK SILVER,SanLorenzo
2026-09-06,09:30:10,255916599,RANA,SanLorenzo
2026-09-06,09:30:10,538090690,LEONARDO,SanLorenzo
2026-09-06,09:30:10,352004948,OBE UNITY,SanLorenzo
2026-09-06,09:30:10,241624000,LEGEND,SanLorenzo
2026-09-06,09:30:10,352006388,NORSE BORNHOLM,SanLorenzo
2026-09-06,09:30:10,357232000,YOZAN,SanLorenzo
2026-09-06,09:30:10,538012594,KAPETANIOS,SanLorenzo
2026-09-06,09:30:10,538009801,HELIOS,SanLorenzo
2026-09-06,09:30:10,355174000,APOGEE SPIRIT,SanLorenzo
2026-09-06,09:30:10,563163900,ANNA SCHULTE,SanLorenzo
2026-09-06,09:30:10,755002470,DONA CARMEN,SanLorenzo
2026-09-06,09:30:10,710000019,HERACLITO FILHO,SanLorenzo
2026-09-06,09:30:10,701006966,TIGRE,SanLorenzo
2026-09-06,09:30:10,341694002,H7 HSB5,SanLorenzo
2026-09-06,09:30:10,538008936,SOUND YOUNG,SanLorenzo
2026-09-06,09:30:10,538008779,LIVADI,SanLorenzo
2026-09-06,09:30:10,720946000,DON KASBERGEN,SanLorenzo
2026-09-06,09:30:10,636025133,YAMI BENEFIT,SanLorenzo
2026-09-06,09:30:10,755088000,DECATUR LADY,SanLorenzo
2026-09-06,09:30:10,755991013,PUMA,SanLorenzo
2026-09-06,09:30:10,701006245,SAN JOSE V,SanLorenzo
2026-09-06,09:30:10,701006466,NEPTUNO,SanLorenzo
2026-09-06,09:30:10,563169800,RUBY,SanLorenzo
2026-09-06,09:30:10,701006926,FAVORITO SAN ANTONIO,SanLorenzo
2026-09-06,09:30:10,636023256,INGENUITY,SanLorenzo
2026-09-06,09:30:10,701001404,GUAZU PUCU,SanLorenzo
2026-09-06,09:30:10,636024698,MC CALYPSO,SanLorenzo
2026-09-06,09:30:10,636015971,STOLT ZULU,SanLorenzo
2026-09-06,09:30:10,755042000,RE ASUNCION,SanLorenzo
2026-09-06,09:30:10,877228824,LANCHA DK 1,SanLorenzo
2026-09-06,09:30:10,755703668,URUTAU,SanLorenzo
2026-09-06,09:30:10,755004326,OLIMPO,SanLorenzo
2026-09-06,09:30:10,755000020,AGUARA,SanLorenzo
2026-09-06,09:30:10,755001797,PARAPITI.,SanLorenzo
2026-09-06,09:30:10,701006396,VB RECOLETA,SanLorenzo
2026-09-06,09:30:10,755134000,LADOCE H,SanLorenzo
2026-09-06,09:30:10,256685000,RODINA,SanLorenzo
2026-09-06,09:30:10,701006443,MAYU,SanLorenzo
2026-09-06,09:30:10,314952000,DSM HARBOUR,Rosario
2026-09-06,09:30:10,563054100,MTM BIG APPLE,Rosario
2026-09-06,09:30:10,255915742,,Rosario
2026-09-06,09:30:10,701503000,GC77 GFO SAN MATIAS,Rosario
2026-09-06,09:30:10,563151400,FRANCESCO,Rosario
2026-09-06,09:30:10,311001602,SAGA ANDORINHA,Rosario
2026-09-06,09:30:10,477932500,ROSCO BANYAN,Rosario
2026-09-06,09:30:10,701001114,IGUAZU,Rosario
2026-09-06,09:30:10,477754600,MAERSK VENEZIA,Rosario
2026-09-06,09:30:10,538006458,ODYSSEUS N,Rosario
2026-09-06,09:30:10,538010750,TOKYO SPIRIT,Rosario
2026-09-06,09:30:10,311000195,CS SARAFINA,Rosario
2026-09-06,09:30:10,352001142,GLORY FIRST,Rosario
2026-09-06,09:30:10,538004481,AGIA PARASKEVI,Rosario
2026-09-06,09:30:10,636024043,TG CRAB,Rosario
2026-09-06,09:30:10,636024379,STAR WESTPORT,Rosario
2026-09-06,09:30:10,352006380,CL KIBOU,Rosario
2026-09-06,09:30:10,636093258,EMMA JANNEKE,Rosario
2026-09-06,09:30:10,636023897,ANNELIESE,Rosario
2026-09-06,09:30:10,877228824,LANCHA DK 1,Rosario
2026-09-06,09:30:10,701006443,,Rosario
2026-09-06,09:30:10,351011000,,Rosario
2026-09-06,09:30:10,7010004,,Rosario
2026-09-06,09:30:10,257897000,,Rosario
2026-09-06,09:30:10,538010532,DEANA,Rosario
2026-09-06,09:30:10,755134000,LADOCE H,Rosario
2026-09-06,09:30:10,538006504,,Rosario
2026-09-06,09:30:10,255916599,RANA,Rosario
2026-09-06,09:30:10,701006966,,Rosario
2026-09-06,09:30:10,538090690,LEONARDO,Rosario
2026-09-06,09:30:10,352004948,OBE UNITY,Rosario
2026-09-06,09:30:10,241624000,LEGEND,Rosario
2026-09-06,09:30:10,256672000,ARIETTA,Rosario
2026-09-06,09:30:10,755703668,,Rosario
2026-09-06,09:30:10,563319600,CUTLASS GALAXY,Rosario
2026-09-06,09:30:10,352006388,NORSE BORNHOLM,Rosario
2026-09-06,09:30:10,720946000,,Rosario
2026-09-06,09:30:10,357232000,YOZAN,Rosario
2026-09-06,09:30:10,538012594,KAPETANIOS,Rosario
2026-09-06,09:30:10,755088000,DECATUR LADY,Rosario
2026-09-06,09:30:10,538009801,HELIOS,Rosario
2026-09-06,09:30:10,355174000,APOGEE SPIRIT,Rosario
2026-09-06,09:30:10,563163900,ANNA SCHULTE,Rosario
2026-09-06,09:30:10,755004326,OLIMPO,Rosario
2026-09-06,09:30:10,701006466,NEPTUNO,Rosario
2026-09-06,09:30:10,341694002,H7 HSB5,Rosario
2026-09-06,09:30:10,538008936,SOUND YOUNG,Rosario
2026-09-06,09:30:10,755042000,RE ASUNCION,Rosario
2026-09-06,09:30:10,538008779,LIVADI,Rosario
2026-09-06,09:30:10,636025133,YAMI BENEFIT,Rosario
2026-09-06,09:30:10,755991013,PUMA,Rosario
2026-09-06,09:30:10,701006245,SAN JOSE V,Rosario
2026-09-06,09:30:10,563169800,RUBY,Rosario
2026-09-06,09:30:10,710000019,HERACLITO FILHO,Rosario
2026-09-06,09:30:10,701006926,FAVORITO SAN ANTONIO,Rosario
2026-09-06,09:30:10,636023256,INGENUITY,Rosario
2026-09-06,09:30:10,701001404,GUAZU PUCU,Rosario
2026-09-06,09:30:10,636024698,MC CALYPSO,Rosario
2026-09-06,09:30:10,636015971,STOLT ZULU,Rosario
2026-09-06,09:30:10,755001797,PARAPITI.,Rosario
2026-09-06,09:30:10,755000020,AGUARA,Rosario
2026-09-06,09:30:10,701006396,VB RECOLETA,Rosario
2026-09-06,09:30:10,256685000,RODINA,Rosario
2026-09-06,09:30:10,538009547,,DelGuazu
2026-09-06,09:30:10,538004184,,DelGuazu
2026-09-06,09:30:10,538008276,,DelGuazu
2026-09-06,09:30:10,701153000,PAULINO C,DelGuazu
2026-09-06,09:30:10,538009547,,Braga
2026-09-06,09:30:10,538004184,,Braga
2026-09-06,09:30:10,701583000,,BellaVista
2026-09-06,09:30:10,755003671,,BellaVista
2026-09-06,09:30:10,701006961,,BellaVista
2026-09-06,09:30:10,755126000,LATERE,BellaVista
2026-09-06,09:30:10,755045000,BRUTUS H,BellaVista
2026-09-06,09:30:10,755091000,MARIA AUXILIADORA,BellaVista
2026-09-06,09:30:10,720687000,JAN CONNOR,BellaVista
2026-09-06,09:30:10,755048000,ITAPUA I,BellaVista
2026-09-06,09:30:10,755002841,ORGULLO,BellaVista
2026-09-06,09:30:10,755170000,DONA MARGIE,BellaVista
2026-09-06,09:30:10,755004318,NAUTIC TWIN,BellaVista
2026-09-06,09:30:10,755122000,INQUEBRANTABLE,BellaVista
2026-09-06,09:30:10,755084000,RIO DE LA PLATA,BellaVista
2026-09-06,09:30:10,755164000,BELEN B,BellaVista
2026-09-06,09:30:10,755201114,AGUILUCHO,BellaVista
2026-09-06,09:30:10,755136000,IMPALA LADARIO,BellaVista
2026-09-06,09:30:10,720985000,HB HYDRA,BellaVista
2026-09-06,09:40:10,538009547,,SanLorenzo
2026-09-06,09:40:10,538004481,,SanLorenzo
2026-09-06,09:40:10,563319600,,SanLorenzo
2026-09-06,09:40:10,538012594,KAPETANIOS,SanLorenzo
2026-09-06,09:40:10,255915742,BOCHEM CASABLANCA,SanLorenzo
2026-09-06,09:40:10,311001602,,SanLorenzo
2026-09-06,09:40:10,563054100,MTM BIG APPLE,SanLorenzo
2026-09-06,09:40:10,357458000,,SanLorenzo
2026-09-06,09:40:10,477932500,ROSCO BANYAN,SanLorenzo
2026-09-06,09:40:10,701503000,GC77 GFO SAN MATIAS,SanLorenzo
2026-09-06,09:40:10,701006466,NEPTUNO,SanLorenzo
2026-09-06,09:40:10,563151400,FRANCESCO,SanLorenzo
2026-09-06,09:40:10,538006458,ODYSSEUS N,SanLorenzo
2026-09-06,09:40:10,477754600,MAERSK VENEZIA,SanLorenzo
2026-09-06,09:40:10,538010750,TOKYO SPIRIT,SanLorenzo
2026-09-06,09:40:10,311000195,CS SARAFINA,SanLorenzo
2026-09-06,09:40:10,636024379,STAR WESTPORT,SanLorenzo
2026-09-06,09:40:10,636024043,TG CRAB,SanLorenzo
2026-09-06,09:40:10,352006380,CL KIBOU,SanLorenzo
2026-09-06,09:40:10,636093258,EMMA JANNEKE,SanLorenzo
2026-09-06,09:40:10,636023897,ANNELIESE,SanLorenzo
2026-09-06,09:40:10,7010004,,SanLorenzo
2026-09-06,09:40:10,351011000,OCEAN CROWN,SanLorenzo
2026-09-06,09:40:10,257897000,BOW FIRDA,SanLorenzo
2026-09-06,09:40:10,538010532,DEANA,SanLorenzo
2026-09-06,09:40:10,538006504,DANK SILVER,SanLorenzo
2026-09-06,09:40:10,538090690,LEONARDO,SanLorenzo
2026-09-06,09:40:10,256672000,ARIETTA,SanLorenzo
2026-09-06,09:40:10,255916599,RANA,SanLorenzo
2026-09-06,09:40:10,352004948,OBE UNITY,SanLorenzo
2026-09-06,09:40:10,241624000,LEGEND,SanLorenzo
2026-09-06,09:40:10,352006388,NORSE BORNHOLM,SanLorenzo
2026-09-06,09:40:10,710000019,HERACLITO FILHO,SanLorenzo
2026-09-06,09:40:10,357232000,YOZAN,SanLorenzo
2026-09-06,09:40:10,563163900,ANNA SCHULTE,SanLorenzo
2026-09-06,09:40:10,538009801,HELIOS,SanLorenzo
2026-09-06,09:40:10,355174000,APOGEE SPIRIT,SanLorenzo
2026-09-06,09:40:10,720946000,DON KASBERGEN,SanLorenzo
2026-09-06,09:40:10,755991013,PUMA,SanLorenzo
2026-09-06,09:40:10,701006966,TIGRE,SanLorenzo
2026-09-06,09:40:10,341694002,H7 HSB5,SanLorenzo
2026-09-06,09:40:10,538008936,SOUND YOUNG,SanLorenzo
2026-09-06,09:40:10,538008779,LIVADI,SanLorenzo
2026-09-06,09:40:10,755177000,CABALLERO BLANCO.,SanLorenzo
2026-09-06,09:40:10,636025133,YAMI BENEFIT,SanLorenzo
2026-09-06,09:40:10,701006245,SAN JOSE V,SanLorenzo
2026-09-06,09:40:10,755088000,DECATUR LADY,SanLorenzo
2026-09-06,09:40:10,563169800,RUBY,SanLorenzo
2026-09-06,09:40:10,701006926,FAVORITO SAN ANTONIO,SanLorenzo
2026-09-06,09:40:10,755042000,RE ASUNCION,SanLorenzo
2026-09-06,09:40:10,877228824,LANCHA DK 1,SanLorenzo
2026-09-06,09:40:10,636023256,INGENUITY,SanLorenzo
2026-09-06,09:40:10,636015971,STOLT ZULU,SanLorenzo
2026-09-06,09:40:10,755703668,URUTAU,SanLorenzo
2026-09-06,09:40:10,755002470,DONA CARMEN,SanLorenzo
2026-09-06,09:40:10,755001797,PARAPITI.,SanLorenzo
2026-09-06,09:40:10,636024698,MC CALYPSO,SanLorenzo
2026-09-06,09:40:10,701001114,IGUAZU,SanLorenzo
2026-09-06,09:40:10,755134000,LADOCE H,SanLorenzo
2026-09-06,09:40:10,755000020,AGUARA,SanLorenzo
2026-09-06,09:40:10,755004326,OLIMPO,SanLorenzo
2026-09-06,09:40:10,701006396,VB RECOLETA,SanLorenzo
2026-09-06,09:40:10,701001404,GUAZU PUCU,SanLorenzo
2026-09-06,09:40:10,256685000,RODINA,SanLorenzo
2026-09-06,09:40:10,563319600,CUTLASS GALAXY,Rosario
2026-09-06,09:40:10,538004481,AGIA PARASKEVI,Rosario
2026-09-06,09:40:10,314952000,,Rosario
2026-09-06,09:40:10,563054100,MTM BIG APPLE,Rosario
2026-09-06,09:40:10,311001602,SAGA ANDORINHA,Rosario
2026-09-06,09:40:10,477932500,ROSCO BANYAN,Rosario
2026-09-06,09:40:10,701503000,GC77 GFO SAN MATIAS,Rosario
2026-09-06,09:40:10,563151400,FRANCESCO,Rosario
2026-09-06,09:40:10,538006458,ODYSSEUS N,Rosario
2026-09-06,09:40:10,477754600,MAERSK VENEZIA,Rosario
2026-09-06,09:40:10,538010750,TOKYO SPIRIT,Rosario
2026-09-06,09:40:10,311000195,,Rosario
2026-09-06,09:40:10,352001142,GLORY FIRST,Rosario
2026-09-06,09:40:10,636024379,STAR WESTPORT,Rosario
2026-09-06,09:40:10,636024043,TG CRAB,Rosario
2026-09-06,09:40:10,352006380,CL KIBOU,Rosario
2026-09-06,09:40:10,636093258,EMMA JANNEKE,Rosario
2026-09-06,09:40:10,636023897,ANNELIESE,Rosario
2026-09-06,09:40:10,710000019,HERACLITO FILHO,Rosario
2026-09-06,09:40:10,7010004,,Rosario
2026-09-06,09:40:10,351011000,,Rosario
2026-09-06,09:40:10,538010532,DEANA,Rosario
2026-09-06,09:40:10,538006504,,Rosario
2026-09-06,09:40:10,538090690,LEONARDO,Rosario
2026-09-06,09:40:10,255916599,RANA,Rosario
2026-09-06,09:40:10,352004948,OBE UNITY,Rosario
2026-09-06,09:40:10,241624000,LEGEND,Rosario
2026-09-06,09:40:10,352006388,NORSE BORNHOLM,Rosario
2026-09-06,09:40:10,357232000,YOZAN,Rosario
2026-09-06,09:40:10,538012594,KAPETANIOS,Rosario
2026-09-06,09:40:10,563163900,ANNA SCHULTE,Rosario
2026-09-06,09:40:10,538009801,HELIOS,Rosario
2026-09-06,09:40:10,355174000,APOGEE SPIRIT,Rosario
2026-09-06,09:40:10,701006966,,Rosario
2026-09-06,09:40:10,256672000,ARIETTA,Rosario
2026-09-06,09:40:10,341694002,H7 HSB5,Rosario
2026-09-06,09:40:10,538008936,SOUND YOUNG,Rosario
2026-09-06,09:40:10,701001114,IGUAZU,Rosario
2026-09-06,09:40:10,538008779,LIVADI,Rosario
2026-09-06,09:40:10,755177000,CABALLERO BLANCO.,Rosario
2026-09-06,09:40:10,701006245,SAN JOSE V,Rosario
2026-09-06,09:40:10,636025133,YAMI BENEFIT,Rosario
2026-09-06,09:40:10,720946000,,Rosario
2026-09-06,09:40:10,755088000,DECATUR LADY,Rosario
2026-09-06,09:40:10,755991013,PUMA,Rosario
2026-09-06,09:40:10,701006466,NEPTUNO,Rosario
2026-09-06,09:40:10,563169800,RUBY,Rosario
2026-09-06,09:40:10,701006926,FAVORITO SAN ANTONIO,Rosario
2026-09-06,09:40:10,755042000,RE ASUNCION,Rosario
2026-09-06,09:40:10,877228824,LANCHA DK 1,Rosario
2026-09-06,09:40:10,636023256,INGENUITY,Rosario
2026-09-06,09:40:10,636015971,STOLT ZULU,Rosario
2026-09-06,09:40:10,755703668,,Rosario
2026-09-06,09:40:10,755001797,PARAPITI.,Rosario
2026-09-06,09:40:10,636024698,MC CALYPSO,Rosario
2026-09-06,09:40:10,755134000,LADOCE H,Rosario
2026-09-06,09:40:10,755000020,AGUARA,Rosario
2026-09-06,09:40:10,755004326,OLIMPO,Rosario
2026-09-06,09:40:10,701006396,VB RECOLETA,Rosario
2026-09-06,09:40:10,701001404,GUAZU PUCU,Rosario
2026-09-06,09:40:10,256685000,RODINA,Rosario
2026-09-06,09:40:10,538009547,,DelGuazu
2026-09-06,09:40:10,701153000,PAULINO C,DelGuazu
2026-09-06,09:40:10,538004184,BLACK PEARL,DelGuazu
2026-09-06,09:40:10,701006401,MEDITERRANEO,DelGuazu
2026-09-06,09:40:10,538009547,,Braga
2026-09-06,09:40:10,701006401,MEDITERRANEO,Braga
2026-09-06,09:40:10,701153000,,Braga
2026-09-06,09:40:10,701583000,,BellaVista
2026-09-06,09:40:10,755002841,ORGULLO,BellaVista
2026-09-06,09:40:10,755126000,LATERE,BellaVista
2026-09-06,09:40:10,701006961,,BellaVista
2026-09-06,09:40:10,755003671,,BellaVista
2026-09-06,09:40:10,755015497,LANCHA LATERE,BellaVista
2026-09-06,09:40:10,720687000,JAN CONNOR,BellaVista
2026-09-06,09:40:10,755045000,BRUTUS H,BellaVista
2026-09-06,09:40:10,755048000,ITAPUA I,BellaVista
2026-09-06,09:40:10,755170000,DONA MARGIE,BellaVista
2026-09-06,09:40:10,755004318,NAUTIC TWIN,BellaVista
2026-09-06,09:40:10,755122000,INQUEBRANTABLE,BellaVista
2026-09-06,09:40:10,755084000,RIO DE LA PLATA,BellaVista
2026-09-06,09:40:10,755201114,AGUILUCHO,BellaVista
2026-09-06,09:40:10,720985000,HB HYDRA,BellaVista
2026-09-06,09:40:10,755164000,BELEN B,BellaVista
2026-09-06,09:40:10,755091000,MARIA AUXILIADORA,BellaVista
