fecha,hora,mmsi,nombre,zona
2026-10-01,00:00:15,355174000,APOGEE SPIRIT,SanLorenzo
2026-10-01,00:00:15,701124000,JULIO A,SanLorenzo
2026-10-01,00:00:15,755088000,,SanLorenzo
2026-10-01,00:00:15,563305300,IWAGI ISLAND,SanLorenzo
2026-10-01,00:00:15,636023390,TROUVAILLE,SanLorenzo
2026-10-01,00:00:15,755079000,DR.SALGADO H,SanLorenzo
2026-10-01,00:00:15,636024124,CL ZHANJIANG,SanLorenzo
2026-10-01,00:00:15,636022816,SDM DONGGUAN,SanLorenzo
2026-10-01,00:00:15,311001845,DOLPHIN 21,SanLorenzo
2026-10-01,00:00:15,636023707,FIESTA,SanLorenzo
2026-10-01,00:00:15,701170000,MAKENITA H,SanLorenzo
2026-10-01,00:00:15,538008439,UNION MARK,SanLorenzo
2026-10-01,00:00:15,7010004,,SanLorenzo
2026-10-01,00:00:15,538012438,WELLNESS DIVA,SanLorenzo
2026-10-01,00:00:15,257087000,DAMSGAARD,SanLorenzo
2026-10-01,00:00:15,636026236,AURIGA STAR,SanLorenzo
2026-10-01,00:00:15,636022194,PORT KYOTO,SanLorenzo
2026-10-01,00:00:15,636017076,KARLINO,SanLorenzo
2026-10-01,00:00:15,376961000,,SanLorenzo
2026-10-01,00:00:15,355702000,SOUTHERN STAR,SanLorenzo
2026-10-01,00:00:15,538009309,OCEAN VENUS,SanLorenzo
2026-10-01,00:00:15,352004869,ROYAL GALAXY,SanLorenzo
2026-10-01,00:00:15,538009155,NAMA,SanLorenzo
2026-10-01,00:00:15,215143000,KEREM,SanLorenzo
2026-10-01,00:00:15,636022773,BBG LIJIANG,SanLorenzo
2026-10-01,00:00:15,720951000,,SanLorenzo
2026-10-01,00:00:15,563302200,IONA ISLAND,SanLorenzo
2026-10-01,00:00:15,565607000,STRATEGIC EXPLORER,SanLorenzo
2026-10-01,00:00:15,374369000,SILVER DUBAI,SanLorenzo
2026-10-01,00:00:15,720915000,IB PARAGUAY,SanLorenzo
2026-10-01,00:00:15,352006354,BRAVE QUEST,SanLorenzo
2026-10-01,00:00:15,210025000,ELONA,SanLorenzo
2026-10-01,00:00:15,701006283,,SanLorenzo
2026-10-01,00:00:15,354706000,CORESHIP OL,SanLorenzo
2026-10-01,00:00:15,701006586,QUIMEY,SanLorenzo
2026-10-01,00:00:15,248056000,,SanLorenzo
2026-10-01,00:00:15,636017923,PIRRIHIOS,SanLorenzo
2026-10-01,00:00:15,238067000,AP IMPERIAL,SanLorenzo
2026-10-01,00:00:15,215622000,TAXIDIARA,SanLorenzo
2026-10-01,00:00:15,701503000,GC77 GFO SAN MATIAS,SanLorenzo
2026-10-01,00:00:15,755002941,HERKULES IV,SanLorenzo
2026-10-01,00:00:15,311001553,AFRICAN MARGAUX,SanLorenzo
2026-10-01,00:00:15,414009000,SHENG MAO HAI,SanLorenzo
2026-10-01,00:00:15,701153000,PAULINO C,SanLorenzo
2026-10-01,00:00:15,755000020,AGUARA,SanLorenzo
2026-10-01,00:00:15,755122000,INQUEBRANTABLE,SanLorenzo
2026-10-01,00:00:15,701006443,MAYU,SanLorenzo
2026-10-01,00:00:15,701006245,SAN JOSE V,SanLorenzo
2026-10-01,00:00:15,538012142,OCEAN WEST,SanLorenzo
2026-10-01,00:00:15,701006926,FAVORITO SAN ANTONIO,SanLorenzo
2026-10-01,00:00:15,538002179,BINNUR C,SanLorenzo
2026-10-01,00:00:15,253454000,TACCOLA,SanLorenzo
2026-10-01,00:00:15,701006740,GUILLERMO C,SanLorenzo
2026-10-01,00:00:15,755201178,NUAR B.,SanLorenzo
2026-10-01,00:00:15,755991013,PUMA,SanLorenzo
2026-10-01,00:00:15,645181000,DN67,SanLorenzo
2026-10-01,00:00:15,477142400,BOCHEM BUCEPHALAS,SanLorenzo
2026-10-01,00:00:15,538006432,FEDERAL BERING,SanLorenzo
2026-10-01,00:00:15,755044000,R/E CHACO X,SanLorenzo
2026-10-01,00:00:15,755039000,RE CAVALIER I,SanLorenzo
2026-10-01,00:00:15,755018000,CAPTAIN BILBO,SanLorenzo
2026-10-01,00:00:15,701006268,LAZARO,SanLorenzo
2026-10-01,00:00:15,755171000,IB CONCEPCION,SanLorenzo
2026-10-01,00:00:15,538006220,C FORCE,SanLorenzo
2026-10-01,00:00:15,701006396,VB RECOLETA,SanLorenzo
2026-10-01,00:00:15,205175000,PINTA,SanLorenzo
2026-10-01,00:00:15,701138000,POLARIS,SanLorenzo
2026-10-01,00:00:15,701001404,GUAZU PUCU,SanLorenzo
2026-10-01,00:00:15,755079000,DR.SALGADO H,Rosario
2026-10-01,00:00:15,636022816,SDM DONGGUAN,Rosario
2026-10-01,00:00:15,563305300,IWAGI ISLAND,Rosario
2026-10-01,00:00:15,636023390,TROUVAILLE,Rosario
2026-10-01,00:00:15,636024124,CL ZHANJIANG,Rosario
2026-10-01,00:00:15,311001845,DOLPHIN 21,Rosario
2026-10-01,00:00:15,636023707,FIESTA,Rosario
2026-10-01,00:00:15,701170000,MAKENITA H,Rosario
2026-10-01,00:00:15,538008439,UNION MARK,Rosario
2026-10-01,00:00:15,7010004,,Rosario
2026-10-01,00:00:15,355174000,APOGEE SPIRIT,Rosario
2026-10-01,00:00:15,538012438,WELLNESS DIVA,Rosario
2026-10-01,00:00:15,636026236,AURIGA STAR,Rosario
2026-10-01,00:00:15,636022194,PORT KYOTO,Rosario
2026-10-01,00:00:15,701006466,NEPTUNO,Rosario
2026-10-01,00:00:15,636017076,KARLINO,Rosario
2026-10-01,00:00:15,355702000,SOUTHERN STAR,Rosario
2026-10-01,00:00:15,538009309,OCEAN VENUS,Rosario
2026-10-01,00:00:15,636019448,STAR WAVE,Rosario
2026-10-01,00:00:15,352004869,ROYAL GALAXY,Rosario
2026-10-01,00:00:15,538009155,,Rosario
2026-10-01,00:00:15,215143000,KEREM,Rosario
2026-10-01,00:00:15,636022773,BBG LIJIANG,Rosario
2026-10-01,00:00:15,563302200,IONA ISLAND,Rosario
2026-10-01,00:00:15,565607000,STRATEGIC EXPLORER,Rosario
2026-10-01,00:00:15,374369000,SILVER DUBAI,Rosario
2026-10-01,00:00:15,720915000,IB PARAGUAY,Rosario
2026-10-01,00:00:15,352006354,BRAVE QUEST,Rosario
2026-10-01,00:00:15,210025000,ELONA,Rosario
2026-10-01,00:00:15,354706000,CORESHIP OL,Rosario
2026-10-01,00:00:15,701006586,QUIMEY,Rosario
2026-10-01,00:00:15,636017923,PIRRIHIOS,Rosario
2026-10-01,00:00:15,720951000,,Rosario
2026-10-01,00:00:15,238067000,AP IMPERIAL,Rosario
2026-10-01,00:00:15,755039000,RE CAVALIER I,Rosario
2026-10-01,00:00:15,701503000,GC77 GFO SAN MATIAS,Rosario
2026-10-01,00:00:15,755002941,HERKULES IV,Rosario
2026-10-01,00:00:15,311001553,AFRICAN MARGAUX,Rosario
2026-10-01,00:00:15,701153000,PAULINO C,Rosario
2026-10-01,00:00:15,755000020,AGUARA,Rosario
2026-10-01,00:00:15,755122000,INQUEBRANTABLE,Rosario
2026-10-01,00:00:15,701006443,MAYU,Rosario
2026-10-01,00:00:15,701006245,SAN JOSE V,Rosario
2026-10-01,00:00:15,538012142,OCEAN WEST,Rosario
2026-10-01,00:00:15,701006926,FAVORITO SAN ANTONIO,Rosario
2026-10-01,00:00:15,538002179,BINNUR C,Rosario
2026-10-01,00:00:15,253454000,TACCOLA,Rosario
2026-10-01,00:00:15,701006740,GUILLERMO C,Rosario
2026-10-01,00:00:15,755088000,,Rosario
2026-10-01,00:00:15,755201178,NUAR B.,Rosario
2026-10-01,00:00:15,755991013,PUMA,Rosario
2026-10-01,00:00:15,645181000,DN67,Rosario
2026-10-01,00:00:15,477142400,BOCHEM BUCEPHALAS,Rosario
2026-10-01,00:00:15,538006432,FEDERAL BERING,Rosario
2026-10-01,00:00:15,215622000,TAXIDIARA,Rosario
2026-10-01,00:00:15,755044000,R/E CHACO X,Rosario
2026-10-01,00:00:15,701006268,LAZARO,Rosario
2026-10-01,00:00:15,755018000,CAPTAIN BILBO,Rosario
2026-10-01,00:00:15,755171000,IB CONCEPCION,Rosario
2026-10-01,00:00:15,414009000,SHENG MAO HAI,Rosario
2026-10-01,00:00:15,538006220,C FORCE,Rosario
2026-10-01,00:00:15,701006396,,Rosario
2026-10-01,00:00:15,205175000,PINTA,Rosario
2026-10-01,00:00:15,701138000,POLARIS,Rosario
2026-10-01,00:00:15,701001404,GUAZU PUCU,Rosario
2026-10-01,00:00:15,355357000,,DelGuazu
2026-10-01,00:00:15,248056000,,DelGuazu
2026-10-01,00:00:15,755061000,TIO KIKE,BellaVista
2026-10-01,00:00:15,755005068,GF GUARANI,BellaVista
2026-10-01,00:00:15,755003963,DONA MAGDA,BellaVista
2026-10-01,00:00:15,755134000,LADOCE H,BellaVista
2026-10-01,00:00:15,755003887,MARIA A,BellaVista
2026-10-01,00:00:15,755194200,DON EDUARDO,BellaVista
2026-10-01,00:00:15,720949000,HB LYNX,BellaVista
2026-10-01,00:00:15,755154000,TEHIA,BellaVista
2026-10-01,00:00:15,755096000,HUMAITA,BellaVista
2026-10-01,00:00:15,755027000,CAVALIER XV,BellaVista
2026-10-01,00:10:10,720951000,,SanLorenzo
2026-10-01,00:10:10,563305300,IWAGI ISLAND,SanLorenzo
2026-10-01,00:10:10,636023390,TROUVAILLE,SanLorenzo
2026-10-01,00:10:10,636024124,CL ZHANJIANG,SanLorenzo
2026-10-01,00:10:10,755079000,DR.SALGADO H,SanLorenzo
2026-10-01,00:10:10,636022816,SDM DONGGUAN,SanLorenzo
2026-10-01,00:10:10,311001845,DOLPHIN 21,SanLorenzo
2026-10-01,00:10:10,701170000,MAKENITA H,SanLorenzo
2026-10-01,00:10:10,636023707,FIESTA,SanLorenzo
2026-10-01,00:10:10,538008439,UNION MARK,SanLorenzo
2026-10-01,00:10:10,355174000,APOGEE SPIRIT,SanLorenzo
2026-10-01,00:10:10,538012438,WELLNESS DIVA,SanLorenzo
2026-10-01,00:10:10,636026236,AURIGA STAR,SanLorenzo
2026-10-01,00:10:10,636022194,PORT KYOTO,SanLorenzo
2026-10-01,00:10:10,636017076,KARLINO,SanLorenzo
2026-10-01,00:10:10,701124000,JULIO A,SanLorenzo
2026-10-01,00:10:10,355702000,SOUTHERN STAR,SanLorenzo
2026-10-01,00:10:10,538009309,OCEAN VENUS,SanLorenzo
2026-10-01,00:10:10,210025000,ELONA,SanLorenzo
2026-10-01,00:10:10,352004869,ROYAL GALAXY,SanLorenzo
2026-10-01,00:10:10,710001270,,SanLorenzo
2026-10-01,00:10:10,538009155,,SanLorenzo
2026-10-01,00:10:10,701006283,,SanLorenzo
2026-10-01,00:10:10,215143000,KEREM,SanLorenzo
2026-10-01,00:10:10,636022773,BBG LIJIANG,SanLorenzo
2026-10-01,00:10:10,565607000,STRATEGIC EXPLORER,SanLorenzo
2026-10-01,00:10:10,563302200,IONA ISLAND,SanLorenzo
2026-10-01,00:10:10,374369000,SILVER DUBAI,SanLorenzo
2026-10-01,00:10:10,720915000,IB PARAGUAY,SanLorenzo
2026-10-01,00:10:10,352006354,BRAVE QUEST,SanLorenzo
2026-10-01,00:10:10,354706000,CORESHIP OL,SanLorenzo
2026-10-01,00:10:10,755088000,,SanLorenzo
2026-10-01,00:10:10,701006586,QUIMEY,SanLorenzo
2026-10-01,00:10:10,636017923,PIRRIHIOS,SanLorenzo
2026-10-01,00:10:10,238067000,AP IMPERIAL,SanLorenzo
2026-10-01,00:10:10,701503000,GC77 GFO SAN MATIAS,SanLorenzo
2026-10-01,00:10:10,701006245,SAN JOSE V,SanLorenzo
2026-10-01,00:10:10,755002941,HERKULES IV,SanLorenzo
2026-10-01,00:10:10,701153000,PAULINO C,SanLorenzo
2026-10-01,00:10:10,755122000,INQUEBRANTABLE,SanLorenzo
2026-10-01,00:10:10,538012142,OCEAN WEST,SanLorenzo
2026-10-01,00:10:10,701006926,FAVORITO SAN ANTONIO,SanLorenzo
2026-10-01,00:10:10,538002179,BINNUR C,SanLorenzo
2026-10-01,00:10:10,645181000,DN67,SanLorenzo
2026-10-01,00:10:10,701001404,GUAZU PUCU,SanLorenzo
2026-10-01,00:10:10,701006740,GUILLERMO C,SanLorenzo
2026-10-01,00:10:10,720032000,BARRANCA BERMEJA,SanLorenzo
2026-10-01,00:10:10,701006396,VB RECOLETA,SanLorenzo
2026-10-01,00:10:10,755201178,NUAR B.,SanLorenzo
2026-10-01,00:10:10,253454000,TACCOLA,SanLorenzo
2026-10-01,00:10:10,720929000,IB NUEVA PALMIRA,SanLorenzo
2026-10-01,00:10:10,755991013,PUMA,SanLorenzo
2026-10-01,00:10:10,755044000,R/E CHACO X,SanLorenzo
2026-10-01,00:10:10,755039000,RE CAVALIER I,SanLorenzo
2026-10-01,00:10:10,755018000,CAPTAIN BILBO,SanLorenzo
2026-10-01,00:10:10,755058000,CAP. JACKSON,SanLorenzo
2026-10-01,00:10:10,701006268,LAZARO,SanLorenzo
2026-10-01,00:10:10,477142400,BOCHEM BUCEPHALAS,SanLorenzo
2026-10-01,00:10:10,414009000,SHENG MAO HAI,SanLorenzo
2026-10-01,00:10:10,215622000,TAXIDIARA,SanLorenzo
2026-10-01,00:10:10,701138000,POLARIS,SanLorenzo
2026-10-01,00:10:10,538006432,FEDERAL BERING,SanLorenzo
2026-10-01,00:10:10,538006220,C FORCE,SanLorenzo
2026-10-01,00:10:10,205175000,PINTA,SanLorenzo
2026-10-01,00:10:10,311001553,AFRICAN MARGAUX,SanLorenzo
2026-10-01,00:10:10,755171000,IB CONCEPCION,SanLorenzo
2026-10-01,00:10:10,755000020,AGUARA,SanLorenzo
2026-10-01,00:10:10,701006586,QUIMEY,Rosario
2026-10-01,00:10:10,355174000,APOGEE SPIRIT,Rosario
2026-10-01,00:10:10,563305300,IWAGI ISLAND,Rosario
2026-10-01,00:10:10,636023390,TROUVAILLE,Rosario
2026-10-01,00:10:10,636024124,CL ZHANJIANG,Rosario
2026-10-01,00:10:10,755079000,DR.SALGADO H,Rosario
2026-10-01,00:10:10,636022816,SDM DONGGUAN,Rosario
2026-10-01,00:10:10,311001845,DOLPHIN 21,Rosario
2026-10-01,00:10:10,701170000,MAKENITA H,Rosario
2026-10-01,00:10:10,636023707,FIESTA,Rosario
2026-10-01,00:10:10,538008439,UNION MARK,Rosario
2026-10-01,00:10:10,538012438,WELLNESS DIVA,Rosario
2026-10-01,00:10:10,636026236,AURIGA STAR,Rosario
2026-10-01,00:10:10,636022194,PORT KYOTO,Rosario
2026-10-01,00:10:10,636017076,KARLINO,Rosario
2026-10-01,00:10:10,355702000,SOUTHERN STAR,Rosario
2026-10-01,00:10:10,636019448,STAR WAVE,Rosario
2026-10-01,00:10:10,538009309,OCEAN VENUS,Rosario
2026-10-01,00:10:10,210025000,ELONA,Rosario
2026-10-01,00:10:10,352004869,ROYAL GALAXY,Rosario
2026-10-01,00:10:10,538009155,NAMA,Rosario
2026-10-01,00:10:10,215143000,KEREM,Rosario
2026-10-01,00:10:10,636022773,BBG LIJIANG,Rosario
2026-10-01,00:10:10,565607000,STRATEGIC EXPLORER,Rosario
2026-10-01,00:10:10,563302200,IONA ISLAND,Rosario
2026-10-01,00:10:10,374369000,SILVER DUBAI,Rosario
2026-10-01,00:10:10,720915000,IB PARAGUAY,Rosario
2026-10-01,00:10:10,352006354,BRAVE QUEST,Rosario
2026-10-01,00:10:10,354706000,CORESHIP OL,Rosario
2026-10-01,00:10:10,636017923,PIRRIHIOS,Rosario
2026-10-01,00:10:10,720951000,,Rosario
2026-10-01,00:10:10,710001270,,Rosario
2026-10-01,00:10:10,238067000,AP IMPERIAL,Rosario
2026-10-01,00:10:10,701503000,GC77 GFO SAN MATIAS,Rosario
2026-10-01,00:10:10,701006245,SAN JOSE V,Rosario
2026-10-01,00:10:10,755002941,HERKULES IV,Rosario
2026-10-01,00:10:10,701153000,PAULINO C,Rosario
2026-10-01,00:10:10,755122000,INQUEBRANTABLE,Rosario
2026-10-01,00:10:10,538012142,OCEAN WEST,Rosario
2026-10-01,00:10:10,701006926,FAVORITO SAN ANTONIO,Rosario
2026-10-01,00:10:10,538002179,BINNUR C,Rosario
2026-10-01,00:10:10,645181000,DN67,Rosario
2026-10-01,00:10:10,701001404,GUAZU PUCU,Rosario
2026-10-01,00:10:10,701006740,GUILLERMO C,Rosario
2026-10-01,00:10:10,720032000,BARRANCA BERMEJA,Rosario
2026-10-01,00:10:10,701006396,VB RECOLETA,Rosario
2026-10-01,00:10:10,755088000,DECATUR LADY,Rosario
2026-10-01,00:10:10,755201178,NUAR B.,Rosario
2026-10-01,00:10:10,253454000,TACCOLA,Rosario
2026-10-01,00:10:10,720929000,,Rosario
2026-10-01,00:10:10,755991013,PUMA,Rosario
2026-10-01,00:10:10,755044000,R/E CHACO X,Rosario
2026-10-01,00:10:10,755039000,RE CAVALIER I,Rosario
2026-10-01,00:10:10,755018000,CAPTAIN BILBO,Rosario
2026-10-01,00:10:10,755058000,CAP. JACKSON,Rosario
2026-10-01,00:10:10,701006268,LAZARO,Rosario
2026-10-01,00:10:10,477142400,BOCHEM BUCEPHALAS,Rosario
2026-10-01,00:10:10,414009000,SHENG MAO HAI,Rosario
2026-10-01,00:10:10,215622000,TAXIDIARA,Rosario
2026-10-01,00:10:10,701138000,POLARIS,Rosario
2026-10-01,00:10:10,538006432,FEDERAL BERING,Rosario
2026-10-01,00:10:10,538006220,C FORCE,Rosario
2026-10-01,00:10:10,205175000,PINTA,Rosario
2026-10-01,00:10:10,311001553,AFRICAN MARGAUX,Rosario
2026-10-01,00:10:10,755171000,IB CONCEPCION,Rosario
2026-10-01,00:10:10,755000020,AGUARA,Rosario
2026-10-01,00:10:10,355357000,DRAKE WELL,DelGuazu
2026-10-01,00:10:10,352006572,,DelGuazu
2026-10-01,00:10:10,248056000,RILA,DelGuazu
2026-10-01,00:10:10,755091000,,BellaVista
2026-10-01,00:10:10,755061000,TIO KIKE,BellaVista
2026-10-01,00:10:10,755142000,ARATIRI.,BellaVista
2026-10-01,00:10:10,755005068,GF GUARANI,BellaVista
2026-10-01,00:10:10,720949000,HB LYNX,BellaVista
2026-10-01,00:10:10,755194200,DON EDUARDO,BellaVista
2026-10-01,00:10:10,755134000,LADOCE H,BellaVista
2026-10-01,00:10:10,755003887,MARIA A,BellaVista
2026-10-01,00:10:10,755154000,TEHIA,BellaVista
2026-10-01,00:10:10,755027000,CAVALIER XV,BellaVista
2026-10-01,00:20:10,563302200,IONA ISLAND,SanLorenzo
2026-10-01,00:20:10,710001270,,SanLorenzo
2026-10-01,00:20:10,257087000,,SanLorenzo
2026-10-01,00:20:10,538009155,NAMA,SanLorenzo
2026-10-01,00:20:10,563305300,IWAGI ISLAND,SanLorenzo
2026-10-01,00:20:10,636023390,TROUVAILLE,SanLorenzo
2026-10-01,00:20:10,755079000,DR.SALGADO H,SanLorenzo
2026-10-01,00:20:10,636024124,CL ZHANJIANG,SanLorenzo
2026-10-01,00:20:10,7010004,,SanLorenzo
2026-10-01,00:20:10,636022816,SDM DONGGUAN,SanLorenzo
2026-10-01,00:20:10,311001845,DOLPHIN 21,SanLorenzo
2026-10-01,00:20:10,701170000,MAKENITA H,SanLorenzo
2026-10-01,00:20:10,636023707,FIESTA,SanLorenzo
2026-10-01,00:20:10,538008439,UNION MARK,SanLorenzo
2026-10-01,00:20:10,355174000,APOGEE SPIRIT,SanLorenzo
2026-10-01,00:20:10,538012438,WELLNESS DIVA,SanLorenzo
2026-10-01,00:20:10,636026236,AURIGA STAR,SanLorenzo
2026-10-01,00:20:10,636022194,PORT KYOTO,SanLorenzo
2026-10-01,00:20:10,636017076,KARLINO,SanLorenzo
2026-10-01,00:20:10,701124000,JULIO A,SanLorenzo
2026-10-01,00:20:10,538009309,OCEAN VENUS,SanLorenzo
2026-10-01,00:20:10,352004869,ROYAL GALAXY,SanLorenzo
2026-10-01,00:20:10,720032000,BARRANCA BERMEJA,SanLorenzo
2026-10-01,00:20:10,210025000,ELONA,SanLorenzo
2026-10-01,00:20:10,355702000,SOUTHERN STAR,SanLorenzo
2026-10-01,00:20:10,701006586,QUIMEY,SanLorenzo
2026-10-01,00:20:10,701006283,ALP CATAMARCA,SanLorenzo
2026-10-01,00:20:10,215143000,KEREM,SanLorenzo
2026-10-01,00:20:10,636022773,BBG LIJIANG,SanLorenzo
2026-10-01,00:20:10,565607000,STRATEGIC EXPLORER,SanLorenzo
2026-10-01,00:20:10,374369000,SILVER DUBAI,SanLorenzo
2026-10-01,00:20:10,720915000,IB PARAGUAY,SanLorenzo
2026-10-01,00:20:10,352006354,BRAVE QUEST,SanLorenzo
2026-10-01,00:20:10,354706000,CORESHIP OL,SanLorenzo
2026-10-01,00:20:10,636017923,PIRRIHIOS,SanLorenzo
2026-10-01,00:20:10,238067000,AP IMPERIAL,SanLorenzo
2026-10-01,00:20:10,701006396,VB RECOLETA,SanLorenzo
2026-10-01,00:20:10,755039000,RE CAVALIER I,SanLorenzo
2026-10-01,00:20:10,701006268,LAZARO,SanLorenzo
2026-10-01,00:20:10,701503000,GC77 GFO SAN MATIAS,SanLorenzo
2026-10-01,00:20:10,701001404,GUAZU PUCU,SanLorenzo
2026-10-01,00:20:10,538012142,OCEAN WEST,SanLorenzo
2026-10-01,00:20:10,538006220,C FORCE,SanLorenzo
2026-10-01,00:20:10,755000020,AGUARA,SanLorenzo
2026-10-01,00:20:10,701153000,PAULINO C,SanLorenzo
2026-10-01,00:20:10,755122000,INQUEBRANTABLE,SanLorenzo
2026-10-01,00:20:10,701006245,SAN JOSE V,SanLorenzo
2026-10-01,00:20:10,205175000,PINTA,SanLorenzo
2026-10-01,00:20:10,701006926,FAVORITO SAN ANTONIO,SanLorenzo
2026-10-01,00:20:10,720929000,IB NUEVA PALMIRA,SanLorenzo
2026-10-01,00:20:10,701006490,SERVIPRAC I,SanLorenzo
2026-10-01,00:20:10,701006740,GUILLERMO C,SanLorenzo
2026-10-01,00:20:10,253454000,TACCOLA,SanLorenzo
2026-10-01,00:20:10,538002179,BINNUR C,SanLorenzo
2026-10-01,00:20:10,755201178,NUAR B.,SanLorenzo
2026-10-01,00:20:10,755991013,PUMA,SanLorenzo
2026-10-01,00:20:10,477142400,BOCHEM BUCEPHALAS,SanLorenzo
2026-10-01,00:20:10,538006432,FEDERAL BERING,SanLorenzo
2026-10-01,00:20:10,645181000,DN67,SanLorenzo
2026-10-01,00:20:10,755044000,R/E CHACO X,SanLorenzo
2026-10-01,00:20:10,215622000,TAXIDIARA,SanLorenzo
2026-10-01,00:20:10,755018000,CAPTAIN BILBO,SanLorenzo
2026-10-01,00:20:10,755058000,CAP. JACKSON,SanLorenzo
2026-10-01,00:20:10,701138000,POLARIS,SanLorenzo
2026-10-01,00:20:10,755171000,IB CONCEPCION,SanLorenzo
2026-10-01,00:20:10,755002941,HERKULES IV,SanLorenzo
2026-10-01,00:20:10,311001553,AFRICAN MARGAUX,SanLorenzo
2026-10-01,00:20:10,414009000,SHENG MAO HAI,SanLorenzo
2026-10-01,00:20:10,355174000,APOGEE SPIRIT,Rosario
2026-10-01,00:20:10,563302200,IONA ISLAND,Rosario
2026-10-01,00:20:10,636026236,AURIGA STAR,Rosario
2026-10-01,00:20:10,538009155,NAMA,Rosario
2026-10-01,00:20:10,636022773,BBG LIJIANG,Rosario
2026-10-01,00:20:10,538012142,OCEAN WEST,Rosario
2026-10-01,00:20:10,563305300,IWAGI ISLAND,Rosario
2026-10-01,00:20:10,636023390,TROUVAILLE,Rosario
2026-10-01,00:20:10,755079000,DR.SALGADO H,Rosario
2026-10-01,00:20:10,636024124,CL ZHANJIANG,Rosario
2026-10-01,00:20:10,7010004,,Rosario
2026-10-01,00:20:10,636022816,SDM DONGGUAN,Rosario
2026-10-01,00:20:10,311001845,DOLPHIN 21,Rosario
2026-10-01,00:20:10,701170000,MAKENITA H,Rosario
2026-10-01,00:20:10,636023707,FIESTA,Rosario
2026-10-01,00:20:10,538008439,UNION MARK,Rosario
2026-10-01,00:20:10,538012438,WELLNESS DIVA,Rosario
2026-10-01,00:20:10,257087000,,Rosario
2026-10-01,00:20:10,636022194,PORT KYOTO,Rosario
2026-10-01,00:20:10,636017076,KARLINO,Rosario
2026-10-01,00:20:10,538009309,OCEAN VENUS,Rosario
2026-10-01,00:20:10,352004869,ROYAL GALAXY,Rosario
2026-10-01,00:20:10,720032000,BARRANCA BERMEJA,Rosario
2026-10-01,00:20:10,636019448,STAR WAVE,Rosario
2026-10-01,00:20:10,355702000,SOUTHERN STAR,Rosario
2026-10-01,00:20:10,210025000,ELONA,Rosario
2026-10-01,00:20:10,701006586,,Rosario
2026-10-01,00:20:10,215143000,KEREM,Rosario
2026-10-01,00:20:10,701006268,LAZARO,Rosario
2026-10-01,00:20:10,565607000,STRATEGIC EXPLORER,Rosario
2026-10-01,00:20:10,374369000,SILVER DUBAI,Rosario
2026-10-01,00:20:10,701006396,VB RECOLETA,Rosario
2026-10-01,00:20:10,720915000,IB PARAGUAY,Rosario
2026-10-01,00:20:10,352006354,BRAVE QUEST,Rosario
2026-10-01,00:20:10,701006490,,Rosario
2026-10-01,00:20:10,354706000,CORESHIP OL,Rosario
2026-10-01,00:20:10,755088000,DECATUR LADY,Rosario
2026-10-01,00:20:10,755171000,IB CONCEPCION,Rosario
2026-10-01,00:20:10,755000020,AGUARA,Rosario
2026-10-01,00:20:10,636017923,PIRRIHIOS,Rosario
2026-10-01,00:20:10,238067000,AP IMPERIAL,Rosario
2026-10-01,00:20:10,701006740,GUILLERMO C,Rosario
2026-10-01,00:20:10,755039000,RE CAVALIER I,Rosario
2026-10-01,00:20:10,701503000,GC77 GFO SAN MATIAS,Rosario
2026-10-01,00:20:10,538006220,C FORCE,Rosario
2026-10-01,00:20:10,701153000,PAULINO C,Rosario
2026-10-01,00:20:10,701006245,SAN JOSE V,Rosario
2026-10-01,00:20:10,755122000,INQUEBRANTABLE,Rosario
2026-10-01,00:20:10,205175000,PINTA,Rosario
2026-10-01,00:20:10,710001270,,Rosario
2026-10-01,00:20:10,755201178,NUAR B.,Rosario
2026-10-01,00:20:10,701006926,FAVORITO SAN ANTONIO,Rosario
2026-10-01,00:20:10,720951000,HB CENTAURUS,Rosario
2026-10-01,00:20:10,720929000,IB NUEVA PALMIRA,Rosario
2026-10-01,00:20:10,253454000,TACCOLA,Rosario
2026-10-01,00:20:10,538002179,BINNUR C,Rosario
2026-10-01,00:20:10,477142400,BOCHEM BUCEPHALAS,Rosario
2026-10-01,00:20:10,755991013,PUMA,Rosario
2026-10-01,00:20:10,538006432,FEDERAL BERING,Rosario
2026-10-01,00:20:10,645181000,DN67,Rosario
2026-10-01,00:20:10,755044000,R/E CHACO X,Rosario
2026-10-01,00:20:10,215622000,TAXIDIARA,Rosario
2026-10-01,00:20:10,755018000,CAPTAIN BILBO,Rosario
2026-10-01,00:20:10,755058000,CAP. JACKSON,Rosario
2026-10-01,00:20:10,701138000,POLARIS,Rosario
2026-10-01,00:20:10,311001553,AFRICAN MARGAUX,Rosario
2026-10-01,00:20:10,755002941,HERKULES IV,Rosario
2026-10-01,00:20:10,414009000,SHENG MAO HAI,Rosario
2026-10-01,00:20:10,701001404,GUAZU PUCU,Rosario
2026-10-01,00:20:10,355357000,DRAKE WELL,DelGuazu
2026-10-01,00:20:10,255805689,,DelGuazu
2026-10-01,00:20:10,352006572,,DelGuazu
2026-10-01,00:20:10,248056000,RILA,DelGuazu
2026-10-01,00:20:10,720034000,,BellaVista
2026-10-01,00:20:10,755142000,ARATIRI.,BellaVista
2026-10-01,00:20:10,755194200,DON EDUARDO,BellaVista
2026-10-01,00:20:10,755027000,CAVALIER XV,BellaVista
2026-10-01,00:20:10,755005068,GF GUARANI,BellaVista
2026-10-01,00:20:10,755134000,LADOCE H,BellaVista
2026-10-01,00:20:10,755003887,MARIA A,BellaVista
2026-10-01,00:20:10,755126000,LATERE,BellaVista
2026-10-01,00:20:10,755003963,DONA MAGDA,BellaVista
2026-10-01,00:20:10,720949000,HB LYNX,BellaVista
2026-10-01,00:20:10,755154000,TEHIA,BellaVista
2026-10-01,00:30:12,701006466,NEPTUNO,SanLorenzo
2026-10-01,00:30:12,701006283,ALP CATAMARCA,SanLorenzo
2026-10-01,00:30:12,720032000,BARRANCA BERMEJA,SanLorenzo
2026-10-01,00:30:12,563305300,IWAGI ISLAND,SanLorenzo
2026-10-01,00:30:12,636023390,TROUVAILLE,SanLorenzo
2026-10-01,00:30:12,755079000,DR.SALGADO H,SanLorenzo
2026-10-01,00:30:12,636024124,CL ZHANJIANG,SanLorenzo
2026-10-01,00:30:12,636022816,SDM DONGGUAN,SanLorenzo
2026-10-01,00:30:12,7010004,,SanLorenzo
2026-10-01,00:30:12,311001845,DOLPHIN 21,SanLorenzo
2026-10-01,00:30:12,701170000,MAKENITA H,SanLorenzo
2026-10-01,00:30:12,636023707,FIESTA,SanLorenzo
2026-10-01,00:30:12,538008439,UNION MARK,SanLorenzo
2026-10-01,00:30:12,355174000,APOGEE SPIRIT,SanLorenzo
2026-10-01,00:30:12,538012438,WELLNESS DIVA,SanLorenzo
2026-10-01,00:30:12,257087000,,SanLorenzo
2026-10-01,00:30:12,636026236,AURIGA STAR,SanLorenzo
2026-10-01,00:30:12,636022194,PORT KYOTO,SanLorenzo
2026-10-01,00:30:12,636017076,KARLINO,SanLorenzo
2026-10-01,00:30:12,701124000,JULIO A,SanLorenzo
2026-10-01,00:30:12,355702000,SOUTHERN STAR,SanLorenzo
2026-10-01,00:30:12,352004869,ROYAL GALAXY,SanLorenzo
2026-10-01,00:30:12,210025000,ELONA,SanLorenzo
2026-10-01,00:30:12,538009309,OCEAN VENUS,SanLorenzo
2026-10-01,00:30:12,538009155,NAMA,SanLorenzo
2026-10-01,00:30:12,215143000,KEREM,SanLorenzo
2026-10-01,00:30:12,636022773,BBG LIJIANG,SanLorenzo
2026-10-01,00:30:12,755058000,CAP. JACKSON,SanLorenzo
2026-10-01,00:30:12,565607000,STRATEGIC EXPLORER,SanLorenzo
2026-10-01,00:30:12,563302200,IONA ISLAND,SanLorenzo
2026-10-01,00:30:12,374369000,SILVER DUBAI,SanLorenzo
2026-10-01,00:30:12,720915000,IB PARAGUAY,SanLorenzo
2026-10-01,00:30:12,352006354,BRAVE QUEST,SanLorenzo
2026-10-01,00:30:12,354706000,CORESHIP OL,SanLorenzo
2026-10-01,00:30:12,253454000,TACCOLA,SanLorenzo
2026-10-01,00:30:12,701006586,QUIMEY,SanLorenzo
2026-10-01,00:30:12,636017923,PIRRIHIOS,SanLorenzo
2026-10-01,00:30:12,701138000,POLARIS,SanLorenzo
2026-10-01,00:30:12,238067000,AP IMPERIAL,SanLorenzo
2026-10-01,00:30:12,701006268,LAZARO,SanLorenzo
2026-10-01,00:30:12,414009000,SHENG MAO HAI,SanLorenzo
2026-10-01,00:30:12,538006220,C FORCE,SanLorenzo
2026-10-01,00:30:12,701006443,MAYU,SanLorenzo
2026-10-01,00:30:12,755000020,AGUARA,SanLorenzo
2026-10-01,00:30:12,538012142,OCEAN WEST,SanLorenzo
2026-10-01,00:30:12,755122000,INQUEBRANTABLE,SanLorenzo
2026-10-01,00:30:12,755040000,,SanLorenzo
2026-10-01,00:30:12,701006245,SAN JOSE V,SanLorenzo
2026-10-01,00:30:12,205175000,PINTA,SanLorenzo
2026-10-01,00:30:12,701006926,FAVORITO SAN ANTONIO,SanLorenzo
2026-10-01,00:30:12,701006490,SERVIPRAC I,SanLorenzo
2026-10-01,00:30:12,720929000,IB NUEVA PALMIRA,SanLorenzo
2026-10-01,00:30:12,701006740,GUILLERMO C,SanLorenzo
2026-10-01,00:30:12,538002179,BINNUR C,SanLorenzo
2026-10-01,00:30:12,645181000,DN67,SanLorenzo
2026-10-01,00:30:12,701153000,PAULINO C,SanLorenzo
2026-10-01,00:30:12,755044000,R/E CHACO X,SanLorenzo
2026-10-01,00:30:12,701006396,VB RECOLETA,SanLorenzo
2026-10-01,00:30:12,755201178,NUAR B.,SanLorenzo
2026-10-01,00:30:12,477142400,BOCHEM BUCEPHALAS,SanLorenzo
2026-10-01,00:30:12,755991013,PUMA,SanLorenzo
2026-10-01,00:30:12,538006432,FEDERAL BERING,SanLorenzo
2026-10-01,00:30:12,215622000,TAXIDIARA,SanLorenzo
2026-10-01,00:30:12,755039000,RE CAVALIER I,SanLorenzo
2026-10-01,00:30:12,755018000,CAPTAIN BILBO,SanLorenzo
2026-10-01,00:30:12,755171000,IB CONCEPCION,SanLorenzo
2026-10-01,00:30:12,701503000,GC77 GFO SAN MATIAS,SanLorenzo
2026-10-01,00:30:12,311001553,AFRICAN MARGAUX,SanLorenzo
2026-10-01,00:30:12,701001404,GUAZU PUCU,SanLorenzo
2026-10-01,00:30:12,755002941,HERKULES IV,SanLorenzo
2026-10-01,00:30:12,701124000,,Rosario
2026-10-01,00:30:12,538009155,NAMA,Rosario
2026-10-01,00:30:12,636025837,PAIWAN CHAMPION,Rosario
2026-10-01,00:30:12,565607000,STRATEGIC EXPLORER,Rosario
2026-10-01,00:30:12,720032000,BARRANCA BERMEJA,Rosario
2026-10-01,00:30:12,563305300,IWAGI ISLAND,Rosario
2026-10-01,00:30:12,636023390,TROUVAILLE,Rosario
2026-10-01,00:30:12,755079000,DR.SALGADO H,Rosario
2026-10-01,00:30:12,636024124,CL ZHANJIANG,Rosario
2026-10-01,00:30:12,636022816,SDM DONGGUAN,Rosario
2026-10-01,00:30:12,7010004,,Rosario
2026-10-01,00:30:12,311001845,DOLPHIN 21,Rosario
2026-10-01,00:30:12,701170000,MAKENITA H,Rosario
2026-10-01,00:30:12,636023707,FIESTA,Rosario
2026-10-01,00:30:12,538008439,UNION MARK,Rosario
2026-10-01,00:30:12,355174000,,Rosario
2026-10-01,00:30:12,538012438,WELLNESS DIVA,Rosario
2026-10-01,00:30:12,636026236,AURIGA STAR,Rosario
2026-10-01,00:30:12,636022194,PORT KYOTO,Rosario
2026-10-01,00:30:12,636017076,KARLINO,Rosario
2026-10-01,00:30:12,355702000,SOUTHERN STAR,Rosario
2026-10-01,00:30:12,636019448,STAR WAVE,Rosario
2026-10-01,00:30:12,352004869,ROYAL GALAXY,Rosario
2026-10-01,00:30:12,210025000,ELONA,Rosario
2026-10-01,00:30:12,538009309,OCEAN VENUS,Rosario
2026-10-01,00:30:12,701006268,LAZARO,Rosario
2026-10-01,00:30:12,215143000,KEREM,Rosario
2026-10-01,00:30:12,636022773,BBG LIJIANG,Rosario
2026-10-01,00:30:12,755058000,CAP. JACKSON,Rosario
2026-10-01,00:30:12,563302200,IONA ISLAND,Rosario
2026-10-01,00:30:12,701006586,,Rosario
2026-10-01,00:30:12,374369000,SILVER DUBAI,Rosario
2026-10-01,00:30:12,720915000,IB PARAGUAY,Rosario
2026-10-01,00:30:12,352006354,BRAVE QUEST,Rosario
2026-10-01,00:30:12,354706000,CORESHIP OL,Rosario
2026-10-01,00:30:12,720951000,HB CENTAURUS,Rosario
2026-10-01,00:30:12,636017923,PIRRIHIOS,Rosario
2026-10-01,00:30:12,238067000,AP IMPERIAL,Rosario
2026-10-01,00:30:12,538006220,C FORCE,Rosario
2026-10-01,00:30:12,701006443,MAYU,Rosario
2026-10-01,00:30:12,755000020,AGUARA,Rosario
2026-10-01,00:30:12,538012142,OCEAN WEST,Rosario
2026-10-01,00:30:12,755122000,INQUEBRANTABLE,Rosario
2026-10-01,00:30:12,755040000,,Rosario
2026-10-01,00:30:12,701006245,SAN JOSE V,Rosario
2026-10-01,00:30:12,205175000,PINTA,Rosario
2026-10-01,00:30:12,701006926,FAVORITO SAN ANTONIO,Rosario
2026-10-01,00:30:12,701006490,SERVIPRAC I,Rosario
2026-10-01,00:30:12,720929000,IB NUEVA PALMIRA,Rosario
2026-10-01,00:30:12,701006740,GUILLERMO C,Rosario
2026-10-01,00:30:12,755088000,DECATUR LADY,Rosario
2026-10-01,00:30:12,538002179,BINNUR C,Rosario
2026-10-01,00:30:12,645181000,DN67,Rosario
2026-10-01,00:30:12,701153000,PAULINO C,Rosario
2026-10-01,00:30:12,755044000,R/E CHACO X,Rosario
2026-10-01,00:30:12,701006396,VB RECOLETA,Rosario
2026-10-01,00:30:12,755201178,NUAR B.,Rosario
2026-10-01,00:30:12,253454000,TACCOLA,Rosario
2026-10-01,00:30:12,477142400,BOCHEM BUCEPHALAS,Rosario
2026-10-01,00:30:12,755991013,PUMA,Rosario
2026-10-01,00:30:12,538006432,FEDERAL BERING,Rosario
2026-10-01,00:30:12,215622000,TAXIDIARA,Rosario
2026-10-01,00:30:12,755039000,RE CAVALIER I,Rosario
2026-10-01,00:30:12,755018000,CAPTAIN BILBO,Rosario
2026-10-01,00:30:12,755171000,IB CONCEPCION,Rosario
2026-10-01,00:30:12,701503000,GC77 GFO SAN MATIAS,Rosario
2026-10-01,00:30:12,311001553,AFRICAN MARGAUX,Rosario
2026-10-01,00:30:12,414009000,SHENG MAO HAI,Rosario
2026-10-01,00:30:12,701001404,GUAZU PUCU,Rosario
2026-10-01,00:30:12,755002941,HERKULES IV,Rosario
2026-10-01,00:30:12,701138000,POLARIS,Rosario
2026-10-01,00:30:12,355357000,DRAKE WELL,DelGuazu
2026-10-01,00:30:12,255805689,,DelGuazu
2026-10-01,00:30:12,248056000,RILA,DelGuazu
2026-10-01,00:30:12,755142000,ARATIRI.,BellaVista
2026-10-01,00:30:12,755194200,DON EDUARDO,BellaVista
2026-10-01,00:30:12,701007103,GALENO,BellaVista
2026-10-01,00:30:12,755005068,GF GUARANI,BellaVista
2026-10-01,00:30:12,755134000,LADOCE H,BellaVista
2026-10-01,00:30:12,755003963,DONA MAGDA,BellaVista
2026-10-01,00:30:12,755003887,MARIA A,BellaVista
2026-10-01,00:30:12,755126000,LATERE,BellaVista
2026-10-01,00:30:12,720949000,HB LYNX,BellaVista
2026-10-01,00:30:12,720034000,MOMPOX,BellaVista
2026-10-01,00:30:12,755154000,TEHIA,BellaVista
2026-10-01,00:30:12,755027000,CAVALIER XV,BellaVista
2026-10-01,00:40:10,755058000,CAP. JACKSON,SanLorenzo
2026-10-01,00:40:10,755040000,,SanLorenzo
2026-10-01,00:40:10,563305300,IWAGI ISLAND,SanLorenzo
2026-10-01,00:40:10,636023390,TROUVAILLE,SanLorenzo
2026-10-01,00:40:10,755079000,DR.SALGADO H,SanLorenzo
2026-10-01,00:40:10,7010004,,SanLorenzo
2026-10-01,00:40:10,636024124,CL ZHANJIANG,SanLorenzo
2026-10-01,00:40:10,311001845,DOLPHIN 21,SanLorenzo
2026-10-01,00:40:10,636022816,SDM DONGGUAN,SanLorenzo
2026-10-01,00:40:10,701170000,MAKENITA H,SanLorenzo
2026-10-01,00:40:10,636023707,FIESTA,SanLorenzo
2026-10-01,00:40:10,538008439,UNION MARK,SanLorenzo
2026-10-01,00:40:10,355174000,APOGEE SPIRIT,SanLorenzo
2026-10-01,00:40:10,538012438,WELLNESS DIVA,SanLorenzo
2026-10-01,00:40:10,257087000,DAMSGAARD,SanLorenzo
2026-10-01,00:40:10,636026236,AURIGA STAR,SanLorenzo
2026-10-01,00:40:10,636022194,PORT KYOTO,SanLorenzo
2026-10-01,00:40:10,636017076,KARLINO,SanLorenzo
2026-10-01,00:40:10,701124000,JULIO A,SanLorenzo
2026-10-01,00:40:10,538009309,OCEAN VENUS,SanLorenzo
2026-10-01,00:40:10,210025000,ELONA,SanLorenzo
2026-10-01,00:40:10,355702000,SOUTHERN STAR,SanLorenzo
2026-10-01,00:40:10,352004869,ROYAL GALAXY,SanLorenzo
2026-10-01,00:40:10,538009155,NAMA,SanLorenzo
2026-10-01,00:40:10,215143000,KEREM,SanLorenzo
2026-10-01,00:40:10,636022773,BBG LIJIANG,SanLorenzo
2026-10-01,00:40:10,701006586,QUIMEY,SanLorenzo
2026-10-01,00:40:10,563302200,IONA ISLAND,SanLorenzo
2026-10-01,00:40:10,720032000,BARRANCA BERMEJA,SanLorenzo
2026-10-01,00:40:10,374369000,SILVER DUBAI,SanLorenzo
2026-10-01,00:40:10,720915000,IB PARAGUAY,SanLorenzo
2026-10-01,00:40:10,352006354,BRAVE QUEST,SanLorenzo
2026-10-01,00:40:10,354706000,CORESHIP OL,SanLorenzo
2026-10-01,00:40:10,538002179,BINNUR C,SanLorenzo
2026-10-01,00:40:10,238067000,AP IMPERIAL,SanLorenzo
2026-10-01,00:40:10,636017923,PIRRIHIOS,SanLorenzo
2026-10-01,00:40:10,701153000,PAULINO C,SanLorenzo
2026-10-01,00:40:10,701006926,FAVORITO SAN ANTONIO,SanLorenzo
2026-10-01,00:40:10,253454000,TACCOLA,SanLorenzo
2026-10-01,00:40:10,701503000,GC77 GFO SAN MATIAS,SanLorenzo
2026-10-01,00:40:10,538006220,C FORCE,SanLorenzo
2026-10-01,00:40:10,538012142,OCEAN WEST,SanLorenzo
2026-10-01,00:40:10,701006443,MAYU,SanLorenzo
2026-10-01,00:40:10,755122000,INQUEBRANTABLE,SanLorenzo
2026-10-01,00:40:10,205175000,PINTA,SanLorenzo
2026-10-01,00:40:10,701006245,SAN JOSE V,SanLorenzo
2026-10-01,00:40:10,701006268,LAZARO,SanLorenzo
2026-10-01,00:40:10,701006490,SERVIPRAC I,SanLorenzo
2026-10-01,00:40:10,720929000,IB NUEVA PALMIRA,SanLorenzo
2026-10-01,00:40:10,701006740,GUILLERMO C,SanLorenzo
2026-10-01,00:40:10,701006396,VB RECOLETA,SanLorenzo
2026-10-01,00:40:10,645181000,DN67,SanLorenzo
2026-10-01,00:40:10,755201178,NUAR B.,SanLorenzo
2026-10-01,00:40:10,565607000,STRATEGIC EXPLORER,SanLorenzo
2026-10-01,00:40:10,755991013,PUMA,SanLorenzo
2026-10-01,00:40:10,215622000,TAXIDIARA,SanLorenzo
2026-10-01,00:40:10,477142400,BOCHEM BUCEPHALAS,SanLorenzo
2026-10-01,00:40:10,755039000,RE CAVALIER I,SanLorenzo
2026-10-01,00:40:10,538006432,FEDERAL BERING,SanLorenzo
2026-10-01,00:40:10,755171000,IB CONCEPCION,SanLorenzo
2026-10-01,00:40:10,414009000,SHENG MAO HAI,SanLorenzo
2026-10-01,00:40:10,755044000,R/E CHACO X,SanLorenzo
2026-10-01,00:40:10,701138000,POLARIS,SanLorenzo
2026-10-01,00:40:10,755000020,AGUARA,SanLorenzo
2026-10-01,00:40:10,755002941,HERKULES IV,SanLorenzo
2026-10-01,00:40:10,701001404,GUAZU PUCU,SanLorenzo
2026-10-01,00:40:10,311001553,AFRICAN MARGAUX,SanLorenzo
2026-10-01,00:40:10,755058000,CAP. JACKSON,Rosario
2026-10-01,00:40:10,755040000,,Rosario
2026-10-01,00:40:10,701170000,MAKENITA H,Rosario
2026-10-01,00:40:10,355174000,APOGEE SPIRIT,Rosario
2026-10-01,00:40:10,538009155,,Rosario
2026-10-01,00:40:10,563305300,IWAGI ISLAND,Rosario
2026-10-01,00:40:10,636023390,TROUVAILLE,Rosario
2026-10-01,00:40:10,755079000,DR.SALGADO H,Rosario
2026-10-01,00:40:10,7010004,,Rosario
2026-10-01,00:40:10,636024124,CL ZHANJIANG,Rosario
2026-10-01,00:40:10,311001845,DOLPHIN 21,Rosario
2026-10-01,00:40:10,636022816,SDM DONGGUAN,Rosario
2026-10-01,00:40:10,636023707,FIESTA,Rosario
2026-10-01,00:40:10,538008439,UNION MARK,Rosario
2026-10-01,00:40:10,538012438,WELLNESS DIVA,Rosario
2026-10-01,00:40:10,636026236,AURIGA STAR,Rosario
2026-10-01,00:40:10,636022194,PORT KYOTO,Rosario
2026-10-01,00:40:10,636017076,KARLINO,Rosario
2026-10-01,00:40:10,636019448,STAR WAVE,Rosario
2026-10-01,00:40:10,538009309,OCEAN VENUS,Rosario
2026-10-01,00:40:10,210025000,ELONA,Rosario
2026-10-01,00:40:10,355702000,SOUTHERN STAR,Rosario
2026-10-01,00:40:10,352004869,ROYAL GALAXY,Rosario
2026-10-01,00:40:10,215143000,KEREM,Rosario
2026-10-01,00:40:10,636022773,BBG LIJIANG,Rosario
2026-10-01,00:40:10,563302200,IONA ISLAND,Rosario
2026-10-01,00:40:10,720032000,BARRANCA BERMEJA,Rosario
2026-10-01,00:40:10,374369000,SILVER DUBAI,Rosario
2026-10-01,00:40:10,720915000,IB PARAGUAY,Rosario
2026-10-01,00:40:10,352006354,BRAVE QUEST,Rosario
2026-10-01,00:40:10,354706000,CORESHIP OL,Rosario
2026-10-01,00:40:10,720951000,HB CENTAURUS,Rosario
2026-10-01,00:40:10,238067000,AP IMPERIAL,Rosario
2026-10-01,00:40:10,636017923,PIRRIHIOS,Rosario
2026-10-01,00:40:10,701153000,PAULINO C,Rosario
2026-10-01,00:40:10,701503000,GC77 GFO SAN MATIAS,Rosario
2026-10-01,00:40:10,538006220,C FORCE,Rosario
2026-10-01,00:40:10,538012142,OCEAN WEST,Rosario
2026-10-01,00:40:10,701006443,MAYU,Rosario
2026-10-01,00:40:10,755122000,INQUEBRANTABLE,Rosario
2026-10-01,00:40:10,205175000,PINTA,Rosario
2026-10-01,00:40:10,701006245,SAN JOSE V,Rosario
2026-10-01,00:40:10,701006268,LAZARO,Rosario
2026-10-01,00:40:10,701006490,SERVIPRAC I,Rosario
2026-10-01,00:40:10,720929000,IB NUEVA PALMIRA,Rosario
2026-10-01,00:40:10,253454000,TACCOLA,Rosario
2026-10-01,00:40:10,538002179,BINNUR C,Rosario
2026-10-01,00:40:10,701006926,FAVORITO SAN ANTONIO,Rosario
2026-10-01,00:40:10,701006740,GUILLERMO C,Rosario
2026-10-01,00:40:10,701006396,VB RECOLETA,Rosario
2026-10-01,00:40:10,645181000,DN67,Rosario
2026-10-01,00:40:10,755088000,DECATUR LADY,Rosario
2026-10-01,00:40:10,755201178,NUAR B.,Rosario
2026-10-01,00:40:10,565607000,STRATEGIC EXPLORER,Rosario
2026-10-01,00:40:10,755991013,PUMA,Rosario
2026-10-01,00:40:10,215622000,TAXIDIARA,Rosario
2026-10-01,00:40:10,477142400,BOCHEM BUCEPHALAS,Rosario
2026-10-01,00:40:10,755039000,RE CAVALIER I,Rosario
2026-10-01,00:40:10,538006432,FEDERAL BERING,Rosario
2026-10-01,00:40:10,755171000,IB CONCEPCION,Rosario
2026-10-01,00:40:10,414009000,SHENG MAO HAI,Rosario
2026-10-01,00:40:10,755044000,R/E CHACO X,Rosario
2026-10-01,00:40:10,701138000,POLARIS,Rosario
2026-10-01,00:40:10,755000020,AGUARA,Rosario
2026-10-01,00:40:10,755002941,HERKULES IV,Rosario
2026-10-01,00:40:10,701001404,GUAZU PUCU,Rosario
2026-10-01,00:40:10,311001553,AFRICAN MARGAUX,Rosario
2026-10-01,00:40:10,355357000,DRAKE WELL,DelGuazu
2026-10-01,00:40:10,352006572,,DelGuazu
2026-10-01,00:40:10,255805689,,DelGuazu
2026-10-01,00:40:10,720034000,MOMPOX,BellaVista
2026-10-01,00:40:10,755005068,GF GUARANI,BellaVista
2026-10-01,00:40:10,755142000,ARATIRI.,BellaVista
2026-10-01,00:40:10,755134000,LADOCE H,BellaVista
2026-10-01,00:40:10,755003887,MARIA A,BellaVista
2026-10-01,00:40:10,755003963,DONA MAGDA,BellaVista
2026-10-01,00:40:10,720949000,HB LYNX,BellaVista
2026-10-01,00:40:10,755126000,LATERE,BellaVista
2026-10-01,00:40:10,755154000,TEHIA,BellaVista
2026-10-01,00:40:10,755027000,CAVALIER XV,BellaVista
2026-10-01,00:40:10,755194200,DON EDUARDO,BellaVista
2026-10-01,00:50:10,257087000,DAMSGAARD,SanLorenzo
2026-10-01,00:50:10,215143000,KEREM,SanLorenzo
2026-10-01,00:50:10,636017923,PIRRIHIOS,SanLorenzo
2026-10-01,00:50:10,563305300,IWAGI ISLAND,SanLorenzo
2026-10-01,00:50:10,755079000,DR.SALGADO H,SanLorenzo
2026-10-01,00:50:10,636023390,TROUVAILLE,SanLorenzo
2026-10-01,00:50:10,7010004,,SanLorenzo
2026-10-01,00:50:10,636024124,CL ZHANJIANG,SanLorenzo
2026-10-01,00:50:10,311001845,DOLPHIN 21,SanLorenzo
2026-10-01,00:50:10,636022816,SDM DONGGUAN,SanLorenzo
2026-10-01,00:50:10,701170000,MAKENITA H,SanLorenzo
2026-10-01,00:50:10,636023707,FIESTA,SanLorenzo
2026-10-01,00:50:10,355174000,APOGEE SPIRIT,SanLorenzo
2026-10-01,00:50:10,538012438,WELLNESS DIVA,SanLorenzo
2026-10-01,00:50:10,636026236,AURIGA STAR,SanLorenzo
2026-10-01,00:50:10,636022194,PORT KYOTO,SanLorenzo
2026-10-01,00:50:10,636017076,KARLINO,SanLorenzo
2026-10-01,00:50:10,352004869,ROYAL GALAXY,SanLorenzo
2026-10-01,00:50:10,701124000,JULIO A,SanLorenzo
2026-10-01,00:50:10,355702000,SOUTHERN STAR,SanLorenzo
2026-10-01,00:50:10,210025000,ELONA,SanLorenzo
2026-10-01,00:50:10,538009309,OCEAN VENUS,SanLorenzo
2026-10-01,00:50:10,538009155,NAMA,SanLorenzo
2026-10-01,00:50:10,636022773,BBG LIJIANG,SanLorenzo
2026-10-01,00:50:10,563302200,IONA ISLAND,SanLorenzo
2026-10-01,00:50:10,720032000,BARRANCA BERMEJA,SanLorenzo
2026-10-01,00:50:10,374369000,SILVER DUBAI,SanLorenzo
2026-10-01,00:50:10,701006396,VB RECOLETA,SanLorenzo
2026-10-01,00:50:10,720915000,IB PARAGUAY,SanLorenzo
2026-10-01,00:50:10,352006354,BRAVE QUEST,SanLorenzo
2026-10-01,00:50:10,354706000,CORESHIP OL,SanLorenzo
2026-10-01,00:50:10,701006586,QUIMEY,SanLorenzo
2026-10-01,00:50:10,755058000,,SanLorenzo
2026-10-01,00:50:10,215622000,TAXIDIARA,SanLorenzo
2026-10-01,00:50:10,238067000,AP IMPERIAL,SanLorenzo
2026-10-01,00:50:10,538006220,C FORCE,SanLorenzo
2026-10-01,00:50:10,701153000,PAULINO C,SanLorenzo
2026-10-01,00:50:10,701503000,GC77 GFO SAN MATIAS,SanLorenzo
2026-10-01,00:50:10,755000020,AGUARA,SanLorenzo
2026-10-01,00:50:10,755002941,HERKULES IV,SanLorenzo
2026-10-01,00:50:10,701006245,SAN JOSE V,SanLorenzo
2026-10-01,00:50:10,538012142,OCEAN WEST,SanLorenzo
2026-10-01,00:50:10,701006443,MAYU,SanLorenzo
2026-10-01,00:50:10,755122000,INQUEBRANTABLE,SanLorenzo
2026-10-01,00:50:10,701006268,LAZARO,SanLorenzo
2026-10-01,00:50:10,701006926,FAVORITO SAN ANTONIO,SanLorenzo
2026-10-01,00:50:10,701006490,SERVIPRAC I,SanLorenzo
2026-10-01,00:50:10,538002179,BINNUR C,SanLorenzo
2026-10-01,00:50:10,701006740,GUILLERMO C,SanLorenzo
2026-10-01,00:50:10,645181000,DN67,SanLorenzo
2026-10-01,00:50:10,755201178,NUAR B.,SanLorenzo
2026-10-01,00:50:10,253454000,TACCOLA,SanLorenzo
2026-10-01,00:50:10,755157000,GF HUMAITA,SanLorenzo
2026-10-01,00:50:10,755991013,PUMA,SanLorenzo
2026-10-01,00:50:10,538008439,UNION MARK,SanLorenzo
2026-10-01,00:50:10,565607000,STRATEGIC EXPLORER,SanLorenzo
2026-10-01,00:50:10,755039000,RE CAVALIER I,SanLorenzo
2026-10-01,00:50:10,538006432,FEDERAL BERING,SanLorenzo
2026-10-01,00:50:10,477142400,BOCHEM BUCEPHALAS,SanLorenzo
2026-10-01,00:50:10,414009000,SHENG MAO HAI,SanLorenzo
2026-10-01,00:50:10,755044000,R/E CHACO X,SanLorenzo
2026-10-01,00:50:10,720929000,IB NUEVA PALMIRA,SanLorenzo
2026-10-01,00:50:10,755018000,CAPTAIN BILBO,SanLorenzo
2026-10-01,00:50:10,311001553,AFRICAN MARGAUX,SanLorenzo
2026-10-01,00:50:10,701138000,POLARIS,SanLorenzo
2026-10-01,00:50:10,205175000,PINTA,SanLorenzo
2026-10-01,00:50:10,755171000,IB CONCEPCION,SanLorenzo
2026-10-01,00:50:10,701001404,GUAZU PUCU,SanLorenzo
2026-10-01,00:50:10,215143000,KEREM,Rosario
2026-10-01,00:50:10,563305300,IWAGI ISLAND,Rosario
2026-10-01,00:50:10,755079000,DR.SALGADO H,Rosario
2026-10-01,00:50:10,636023390,TROUVAILLE,Rosario
2026-10-01,00:50:10,7010004,,Rosario
2026-10-01,00:50:10,636024124,CL ZHANJIANG,Rosario
2026-10-01,00:50:10,311001845,DOLPHIN 21,Rosario
2026-10-01,00:50:10,636022816,SDM DONGGUAN,Rosario
2026-10-01,00:50:10,701170000,MAKENITA H,Rosario
2026-10-01,00:50:10,701006396,VB RECOLETA,Rosario
2026-10-01,00:50:10,636023707,FIESTA,Rosario
2026-10-01,00:50:10,414009000,SHENG MAO HAI,Rosario
2026-10-01,00:50:10,355174000,APOGEE SPIRIT,Rosario
2026-10-01,00:50:10,538012438,WELLNESS DIVA,Rosario
2026-10-01,00:50:10,257087000,,Rosario
2026-10-01,00:50:10,636026236,AURIGA STAR,Rosario
2026-10-01,00:50:10,701006586,QUIMEY,Rosario
2026-10-01,00:50:10,636022194,PORT KYOTO,Rosario
2026-10-01,00:50:10,755058000,,Rosario
2026-10-01,00:50:10,636017076,KARLINO,Rosario
2026-10-01,00:50:10,352004869,ROYAL GALAXY,Rosario
2026-10-01,00:50:10,355702000,SOUTHERN STAR,Rosario
2026-10-01,00:50:10,636019448,STAR WAVE,Rosario
2026-10-01,00:50:10,210025000,ELONA,Rosario
2026-10-01,00:50:10,538009309,OCEAN VENUS,Rosario
2026-10-01,00:50:10,538009155,,Rosario
2026-10-01,00:50:10,720951000,HB CENTAURUS,Rosario
2026-10-01,00:50:10,636022773,BBG LIJIANG,Rosario
2026-10-01,00:50:10,563302200,IONA ISLAND,Rosario
2026-10-01,00:50:10,720032000,BARRANCA BERMEJA,Rosario
2026-10-01,00:50:10,374369000,SILVER DUBAI,Rosario
2026-10-01,00:50:10,720915000,IB PARAGUAY,Rosario
2026-10-01,00:50:10,352006354,BRAVE QUEST,Rosario
2026-10-01,00:50:10,354706000,CORESHIP OL,Rosario
2026-10-01,00:50:10,636017923,PIRRIHIOS,Rosario
2026-10-01,00:50:10,238067000,AP IMPERIAL,Rosario
2026-10-01,00:50:10,701006926,FAVORITO SAN ANTONIO,Rosario
2026-10-01,00:50:10,755039000,RE CAVALIER I,Rosario
2026-10-01,00:50:10,538006220,C FORCE,Rosario
2026-10-01,00:50:10,701153000,PAULINO C,Rosario
2026-10-01,00:50:10,701503000,GC77 GFO SAN MATIAS,Rosario
2026-10-01,00:50:10,755000020,AGUARA,Rosario
2026-10-01,00:50:10,755002941,HERKULES IV,Rosario
2026-10-01,00:50:10,701006245,SAN JOSE V,Rosario
2026-10-01,00:50:10,538012142,OCEAN WEST,Rosario
2026-10-01,00:50:10,701006443,MAYU,Rosario
2026-10-01,00:50:10,755122000,INQUEBRANTABLE,Rosario
2026-10-01,00:50:10,701006268,LAZARO,Rosario
2026-10-01,00:50:10,701006490,SERVIPRAC I,Rosario
2026-10-01,00:50:10,538002179,BINNUR C,Rosario
2026-10-01,00:50:10,205175000,PINTA,Rosario
2026-10-01,00:50:10,701006740,GUILLERMO C,Rosario
2026-10-01,00:50:10,755088000,DECATUR LADY,Rosario
2026-10-01,00:50:10,645181000,DN67,Rosario
2026-10-01,00:50:10,755201178,NUAR B.,Rosario
2026-10-01,00:50:10,253454000,TACCOLA,Rosario
2026-10-01,00:50:10,755157000,GF HUMAITA,Rosario
2026-10-01,00:50:10,755991013,PUMA,Rosario
2026-10-01,00:50:10,538008439,UNION MARK,Rosario
2026-10-01,00:50:10,565607000,STRATEGIC EXPLORER,Rosario
2026-10-01,00:50:10,538006432,FEDERAL BERING,Rosario
2026-10-01,00:50:10,477142400,BOCHEM BUCEPHALAS,Rosario
2026-10-01,00:50:10,215622000,TAXIDIARA,Rosario
2026-10-01,00:50:10,755044000,R/E CHACO X,Rosario
2026-10-01,00:50:10,720929000,IB NUEVA PALMIRA,Rosario
2026-10-01,00:50:10,755018000,CAPTAIN BILBO,Rosario
2026-10-01,00:50:10,311001553,AFRICAN MARGAUX,Rosario
2026-10-01,00:50:10,701138000,POLARIS,Rosario
2026-10-01,00:50:10,755171000,IB CONCEPCION,Rosario
2026-10-01,00:50:10,701001404,GUAZU PUCU,Rosario
2026-10-01,00:50:10,255805689,,DelGuazu
2026-10-01,00:50:10,355357000,DRAKE WELL,DelGuazu
2026-10-01,00:50:10,352006572,,DelGuazu
2026-10-01,00:50:10,877220001,,BellaVista
2026-10-01,00:50:10,755061000,,BellaVista
2026-10-01,00:50:10,755005068,GF GUARANI,BellaVista
2026-10-01,00:50:10,755003887,MARIA A,BellaVista
2026-10-01,00:50:10,755003963,DONA MAGDA,BellaVista
2026-10-01,00:50:10,720949000,HB LYNX,BellaVista
2026-10-01,00:50:10,755154000,TEHIA,BellaVista
2026-10-01,00:50:10,755194200,DON EDUARDO,BellaVista
2026-10-01,01:00:15,755058000,,SanLorenzo
2026-10-01,01:00:15,215622000,TAXIDIARA,SanLorenzo
2026-10-01,01:00:15,701124000,JULIO A,SanLorenzo
2026-10-01,01:00:15,701006283,,SanLorenzo
2026-10-01,01:00:15,563305300,IWAGI ISLAND,SanLorenzo
2026-10-01,01:00:15,636023390,TROUVAILLE,SanLorenzo
2026-10-01,01:00:15,755079000,DR.SALGADO H,SanLorenzo
2026-10-01,01:00:15,636024124,CL ZHANJIANG,SanLorenzo
2026-10-01,01:00:15,311001845,DOLPHIN 21,SanLorenzo
2026-10-01,01:00:15,701170000,MAKENITA H,SanLorenzo
2026-10-01,01:00:15,636023707,FIESTA,SanLorenzo
2026-10-01,01:00:15,636022816,SDM DONGGUAN,SanLorenzo
2026-10-01,01:00:15,355174000,APOGEE SPIRIT,SanLorenzo
2026-10-01,01:00:15,538012438,WELLNESS DIVA,SanLorenzo
2026-10-01,01:00:15,257087000,DAMSGAARD,SanLorenzo
2026-10-01,01:00:15,636026236,AURIGA STAR,SanLorenzo
2026-10-01,01:00:15,636022194,PORT KYOTO,SanLorenzo
2026-10-01,01:00:15,701006466,NEPTUNO,SanLorenzo
2026-10-01,01:00:15,636017076,KARLINO,SanLorenzo
2026-10-01,01:00:15,352004869,ROYAL GALAXY,SanLorenzo
2026-10-01,01:00:15,538009309,OCEAN VENUS,SanLorenzo
2026-10-01,01:00:15,210025000,ELONA,SanLorenzo
2026-10-01,01:00:15,720032000,BARRANCA BERMEJA,SanLorenzo
2026-10-01,01:00:15,355702000,SOUTHERN STAR,SanLorenzo
2026-10-01,01:00:15,414009000,SHENG MAO HAI,SanLorenzo
2026-10-01,01:00:15,538009155,NAMA,SanLorenzo
2026-10-01,01:00:15,215143000,KEREM,SanLorenzo
2026-10-01,01:00:15,636022773,BBG LIJIANG,SanLorenzo
2026-10-01,01:00:15,563302200,IONA ISLAND,SanLorenzo
2026-10-01,01:00:15,374369000,SILVER DUBAI,SanLorenzo
2026-10-01,01:00:15,720915000,IB PARAGUAY,SanLorenzo
2026-10-01,01:00:15,352006354,BRAVE QUEST,SanLorenzo
2026-10-01,01:00:15,354706000,CORESHIP OL,SanLorenzo
2026-10-01,01:00:15,7010004,,SanLorenzo
2026-10-01,01:00:15,636017923,PIRRIHIOS,SanLorenzo
2026-10-01,01:00:15,238067000,AP IMPERIAL,SanLorenzo
2026-10-01,01:00:15,755122000,INQUEBRANTABLE,SanLorenzo
2026-10-01,01:00:15,755039000,RE CAVALIER I,SanLorenzo
2026-10-01,01:00:15,755044000,R/E CHACO X,SanLorenzo
2026-10-01,01:00:15,701153000,PAULINO C,SanLorenzo
2026-10-01,01:00:15,701503000,GC77 GFO SAN MATIAS,SanLorenzo
2026-10-01,01:00:15,311001553,AFRICAN MARGAUX,SanLorenzo
2026-10-01,01:00:15,755002941,HERKULES IV,SanLorenzo
2026-10-01,01:00:15,701138000,POLARIS,SanLorenzo
2026-10-01,01:00:15,755040000,,SanLorenzo
2026-10-01,01:00:15,701006245,SAN JOSE V,SanLorenzo
2026-10-01,01:00:15,701006443,MAYU,SanLorenzo
2026-10-01,01:00:15,701006396,VB RECOLETA,SanLorenzo
2026-10-01,01:00:15,538012142,OCEAN WEST,SanLorenzo
2026-10-01,01:00:15,701006926,FAVORITO SAN ANTONIO,SanLorenzo
2026-10-01,01:00:15,701006268,LAZARO,SanLorenzo
2026-10-01,01:00:15,205175000,PINTA,SanLorenzo
2026-10-01,01:00:15,538002179,BINNUR C,SanLorenzo
2026-10-01,01:00:15,253454000,TACCOLA,SanLorenzo
2026-10-01,01:00:15,701006740,GUILLERMO C,SanLorenzo
2026-10-01,01:00:15,755157000,GF HUMAITA,SanLorenzo
2026-10-01,01:00:15,755201178,NUAR B.,SanLorenzo
2026-10-01,01:00:15,755991013,PUMA,SanLorenzo
2026-10-01,01:00:15,538008439,UNION MARK,SanLorenzo
2026-10-01,01:00:15,565607000,STRATEGIC EXPLORER,SanLorenzo
2026-10-01,01:00:15,701006586,QUIMEY,SanLorenzo
2026-10-01,01:00:15,645181000,DN67,SanLorenzo
2026-10-01,01:00:15,538006432,FEDERAL BERING,SanLorenzo
2026-10-01,01:00:15,477142400,BOCHEM BUCEPHALAS,SanLorenzo
2026-10-01,01:00:15,755171000,IB CONCEPCION,SanLorenzo
2026-10-01,01:00:15,755018000,CAPTAIN BILBO,SanLorenzo
2026-10-01,01:00:15,720929000,IB NUEVA PALMIRA,SanLorenzo
2026-10-01,01:00:15,538006220,C FORCE,SanLorenzo
2026-10-01,01:00:15,701001404,GUAZU PUCU,SanLorenzo
2026-10-01,01:00:15,755058000,,Rosario
2026-10-01,01:00:15,755079000,DR.SALGADO H,Rosario
2026-10-01,01:00:15,701170000,MAKENITA H,Rosario
2026-10-01,01:00:15,257087000,DAMSGAARD,Rosario
2026-10-01,01:00:15,720951000,HB CENTAURUS,Rosario
2026-10-01,01:00:15,755088000,DECATUR LADY,Rosario
2026-10-01,01:00:15,238067000,AP IMPERIAL,Rosario
2026-10-01,01:00:15,563305300,IWAGI ISLAND,Rosario
2026-10-01,01:00:15,636023390,TROUVAILLE,Rosario
2026-10-01,01:00:15,636024124,CL ZHANJIANG,Rosario
2026-10-01,01:00:15,311001845,DOLPHIN 21,Rosario
2026-10-01,01:00:15,636023707,FIESTA,Rosario
2026-10-01,01:00:15,636022816,SDM DONGGUAN,Rosario
2026-10-01,01:00:15,355174000,APOGEE SPIRIT,Rosario
2026-10-01,01:00:15,538012438,WELLNESS DIVA,Rosario
2026-10-01,01:00:15,636026236,AURIGA STAR,Rosario
2026-10-01,01:00:15,636022194,PORT KYOTO,Rosario
2026-10-01,01:00:15,701006466,NEPTUNO,Rosario
2026-10-01,01:00:15,636017076,KARLINO,Rosario
2026-10-01,01:00:15,352004869,ROYAL GALAXY,Rosario
2026-10-01,01:00:15,538009309,OCEAN VENUS,Rosario
2026-10-01,01:00:15,636019448,STAR WAVE,Rosario
2026-10-01,01:00:15,210025000,ELONA,Rosario
2026-10-01,01:00:15,720032000,BARRANCA BERMEJA,Rosario
2026-10-01,01:00:15,355702000,SOUTHERN STAR,Rosario
2026-10-01,01:00:15,215143000,KEREM,Rosario
2026-10-01,01:00:15,636022773,BBG LIJIANG,Rosario
2026-10-01,01:00:15,563302200,IONA ISLAND,Rosario
2026-10-01,01:00:15,374369000,SILVER DUBAI,Rosario
2026-10-01,01:00:15,720915000,IB PARAGUAY,Rosario
2026-10-01,01:00:15,701006490,SERVIPRAC I,Rosario
2026-10-01,01:00:15,352006354,BRAVE QUEST,Rosario
2026-10-01,01:00:15,354706000,CORESHIP OL,Rosario
2026-10-01,01:00:15,7010004,,Rosario
2026-10-01,01:00:15,636017923,PIRRIHIOS,Rosario
2026-10-01,01:00:15,701006926,FAVORITO SAN ANTONIO,Rosario
2026-10-01,01:00:15,701153000,PAULINO C,Rosario
2026-10-01,01:00:15,755044000,R/E CHACO X,Rosario
2026-10-01,01:00:15,720929000,IB NUEVA PALMIRA,Rosario
2026-10-01,01:00:15,701503000,GC77 GFO SAN MATIAS,Rosario
2026-10-01,01:00:15,755002941,HERKULES IV,Rosario
2026-10-01,01:00:15,701138000,POLARIS,Rosario
2026-10-01,01:00:15,755040000,,Rosario
2026-10-01,01:00:15,755122000,INQUEBRANTABLE,Rosario
2026-10-01,01:00:15,701006245,SAN JOSE V,Rosario
2026-10-01,01:00:15,701006443,MAYU,Rosario
2026-10-01,01:00:15,701006396,VB RECOLETA,Rosario
2026-10-01,01:00:15,538012142,OCEAN WEST,Rosario
2026-10-01,01:00:15,701006268,LAZARO,Rosario
2026-10-01,01:00:15,538002179,BINNUR C,Rosario
2026-10-01,01:00:15,253454000,TACCOLA,Rosario
2026-10-01,01:00:15,701006740,GUILLERMO C,Rosario
2026-10-01,01:00:15,755157000,GF HUMAITA,Rosario
2026-10-01,01:00:15,755201178,NUAR B.,Rosario
2026-10-01,01:00:15,755991013,PUMA,Rosario
2026-10-01,01:00:15,538008439,UNION MARK,Rosario
2026-10-01,01:00:15,565607000,STRATEGIC EXPLORER,Rosario
2026-10-01,01:00:15,701006586,QUIMEY,Rosario
2026-10-01,01:00:15,645181000,DN67,Rosario
2026-10-01,01:00:15,215622000,TAXIDIARA,Rosario
2026-10-01,01:00:15,538006432,FEDERAL BERING,Rosario
2026-10-01,01:00:15,755039000,RE CAVALIER I,Rosario
2026-10-01,01:00:15,477142400,BOCHEM BUCEPHALAS,Rosario
2026-10-01,01:00:15,755171000,IB CONCEPCION,Rosario
2026-10-01,01:00:15,755018000,CAPTAIN BILBO,Rosario
2026-10-01,01:00:15,414009000,SHENG MAO HAI,Rosario
2026-10-01,01:00:15,538006220,C FORCE,Rosario
2026-10-01,01:00:15,701001404,GUAZU PUCU,Rosario
2026-10-01,01:00:15,311001553,AFRICAN MARGAUX,Rosario
2026-10-01,01:00:15,205175000,PINTA,Rosario
2026-10-01,01:00:15,352006572,,DelGuazu
2026-10-01,01:00:15,255805689,RIVA,DelGuazu
2026-10-01,01:00:15,755061000,,BellaVista
2026-10-01,01:00:15,720034000,,BellaVista
2026-10-01,01:00:15,755005068,GF GUARANI,BellaVista
2026-10-01,01:00:15,887210169,LANCHA LADOCE H,BellaVista
2026-10-01,01:00:15,755003887,MARIA A,BellaVista
2026-10-01,01:00:15,755134000,LADOCE H,BellaVista
2026-10-01,01:00:15,755142000,ARATIRI.,BellaVista
2026-10-01,01:00:15,755126000,LATERE,BellaVista
2026-10-01,01:00:15,755003963,DONA MAGDA,BellaVista
2026-10-01,01:00:15,720949000,HB LYNX,BellaVista
2026-10-01,01:00:15,755154000,TEHIA,BellaVista
2026-10-01,01:00:15,755027000,CAVALIER XV,BellaVista
2026-10-01,01:00:15,755194200,DON EDUARDO,BellaVista
2026-10-01,01:10:10,257087000,DAMSGAARD,SanLorenzo
2026-10-01,01:10:10,701006396,VB RECOLETA,SanLorenzo
2026-10-01,01:10:10,701006466,NEPTUNO,SanLorenzo
2026-10-01,01:10:10,414009000,SHENG MAO HAI,SanLorenzo
2026-10-01,01:10:10,354706000,CORESHIP OL,SanLorenzo
2026-10-01,01:10:10,701006586,QUIMEY,SanLorenzo
2026-10-01,01:10:10,563305300,IWAGI ISLAND,SanLorenzo
2026-10-01,01:10:10,636023390,TROUVAILLE,SanLorenzo
2026-10-01,01:10:10,755079000,DR.SALGADO H,SanLorenzo
2026-10-01,01:10:10,636024124,CL ZHANJIANG,SanLorenzo
2026-10-01,01:10:10,311001845,DOLPHIN 21,SanLorenzo
2026-10-01,01:10:10,701170000,MAKENITA H,SanLorenzo
2026-10-01,01:10:10,636022816,SDM DONGGUAN,SanLorenzo
2026-10-01,01:10:10,636023707,FIESTA,SanLorenzo
2026-10-01,01:10:10,355174000,APOGEE SPIRIT,SanLorenzo
2026-10-01,01:10:10,538012438,WELLNESS DIVA,SanLorenzo
2026-10-01,01:10:10,636026236,AURIGA STAR,SanLorenzo
2026-10-01,01:10:10,636022194,PORT KYOTO,SanLorenzo
2026-10-01,01:10:10,636017076,KARLINO,SanLorenzo
2026-10-01,01:10:10,701124000,JULIO A,SanLorenzo
2026-10-01,01:10:10,538009309,OCEAN VENUS,SanLorenzo
2026-10-01,01:10:10,352004869,ROYAL GALAXY,SanLorenzo
2026-10-01,01:10:10,210025000,ELONA,SanLorenzo
2026-10-01,01:10:10,355702000,SOUTHERN STAR,SanLorenzo
2026-10-01,01:10:10,538009155,NAMA,SanLorenzo
2026-10-01,01:10:10,215143000,KEREM,SanLorenzo
2026-10-01,01:10:10,636022773,BBG LIJIANG,SanLorenzo
2026-10-01,01:10:10,563302200,IONA ISLAND,SanLorenzo
2026-10-01,01:10:10,720032000,,SanLorenzo
2026-10-01,01:10:10,374369000,SILVER DUBAI,SanLorenzo
2026-10-01,01:10:10,720915000,IB PARAGUAY,SanLorenzo
2026-10-01,01:10:10,352006354,BRAVE QUEST,SanLorenzo
2026-10-01,01:10:10,755044000,R/E CHACO X,SanLorenzo
2026-10-01,01:10:10,7010004,,SanLorenzo
2026-10-01,01:10:10,755040000,,SanLorenzo
2026-10-01,01:10:10,636017923,PIRRIHIOS,SanLorenzo
2026-10-01,01:10:10,238067000,AP IMPERIAL,SanLorenzo
2026-10-01,01:10:10,645181000,DN67,SanLorenzo
2026-10-01,01:10:10,755039000,RE CAVALIER I,SanLorenzo
2026-10-01,01:10:10,701153000,PAULINO C,SanLorenzo
2026-10-01,01:10:10,311001553,AFRICAN MARGAUX,SanLorenzo
2026-10-01,01:10:10,701503000,GC77 GFO SAN MATIAS,SanLorenzo
2026-10-01,01:10:10,701138000,POLARIS,SanLorenzo
2026-10-01,01:10:10,755000020,AGUARA,SanLorenzo
2026-10-01,01:10:10,538006220,C FORCE,SanLorenzo
2026-10-01,01:10:10,701006443,MAYU,SanLorenzo
2026-10-01,01:10:10,701006245,SAN JOSE V,SanLorenzo
2026-10-01,01:10:10,755002941,HERKULES IV,SanLorenzo
2026-10-01,01:10:10,755122000,INQUEBRANTABLE,SanLorenzo
2026-10-01,01:10:10,701006268,LAZARO,SanLorenzo
2026-10-01,01:10:10,701006926,FAVORITO SAN ANTONIO,SanLorenzo
2026-10-01,01:10:10,565607000,STRATEGIC EXPLORER,SanLorenzo
2026-10-01,01:10:10,538002179,BINNUR C,SanLorenzo
2026-10-01,01:10:10,253454000,TACCOLA,SanLorenzo
2026-10-01,01:10:10,755157000,GF HUMAITA,SanLorenzo
2026-10-01,01:10:10,720929000,IB NUEVA PALMIRA,SanLorenzo
2026-10-01,01:10:10,215622000,TAXIDIARA,SanLorenzo
2026-10-01,01:10:10,755201178,NUAR B.,SanLorenzo
2026-10-01,01:10:10,205175000,PINTA,SanLorenzo
2026-10-01,01:10:10,755991013,PUMA,SanLorenzo
2026-10-01,01:10:10,538008439,UNION MARK,SanLorenzo
2026-10-01,01:10:10,477142400,BOCHEM BUCEPHALAS,SanLorenzo
2026-10-01,01:10:10,755171000,IB CONCEPCION,SanLorenzo
2026-10-01,01:10:10,701001404,GUAZU PUCU,SanLorenzo
2026-10-01,01:10:10,701006396,VB RECOLETA,Rosario
2026-10-01,01:10:10,257087000,,Rosario
2026-10-01,01:10:10,238067000,AP IMPERIAL,Rosario
2026-10-01,01:10:10,563305300,IWAGI ISLAND,Rosario
2026-10-01,01:10:10,636023390,TROUVAILLE,Rosario
2026-10-01,01:10:10,755079000,DR.SALGADO H,Rosario
2026-10-01,01:10:10,636024124,CL ZHANJIANG,Rosario
2026-10-01,01:10:10,311001845,DOLPHIN 21,Rosario
2026-10-01,01:10:10,701170000,MAKENITA H,Rosario
2026-10-01,01:10:10,701006586,QUIMEY,Rosario
2026-10-01,01:10:10,636022816,SDM DONGGUAN,Rosario
2026-10-01,01:10:10,636023707,FIESTA,Rosario
2026-10-01,01:10:10,355174000,APOGEE SPIRIT,Rosario
2026-10-01,01:10:10,538012438,WELLNESS DIVA,Rosario
2026-10-01,01:10:10,636026236,AURIGA STAR,Rosario
2026-10-01,01:10:10,636022194,PORT KYOTO,Rosario
2026-10-01,01:10:10,701006466,NEPTUNO,Rosario
2026-10-01,01:10:10,636017076,KARLINO,Rosario
2026-10-01,01:10:10,701124000,,Rosario
2026-10-01,01:10:10,538009309,OCEAN VENUS,Rosario
2026-10-01,01:10:10,352004869,ROYAL GALAXY,Rosario
2026-10-01,01:10:10,636019448,STAR WAVE,Rosario
2026-10-01,01:10:10,210025000,ELONA,Rosario
2026-10-01,01:10:10,355702000,SOUTHERN STAR,Rosario
2026-10-01,01:10:10,720951000,,Rosario
2026-10-01,01:10:10,538009155,,Rosario
2026-10-01,01:10:10,215143000,KEREM,Rosario
2026-10-01,01:10:10,636022773,BBG LIJIANG,Rosario
2026-10-01,01:10:10,563302200,IONA ISLAND,Rosario
2026-10-01,01:10:10,720032000,,Rosario
2026-10-01,01:10:10,374369000,SILVER DUBAI,Rosario
2026-10-01,01:10:10,720915000,IB PARAGUAY,Rosario
2026-10-01,01:10:10,352006354,BRAVE QUEST,Rosario
2026-10-01,01:10:10,354706000,CORESHIP OL,Rosario
2026-10-01,01:10:10,7010004,,Rosario
2026-10-01,01:10:10,755040000,,Rosario
2026-10-01,01:10:10,755088000,DECATUR LADY,Rosario
2026-10-01,01:10:10,414009000,SHENG MAO HAI,Rosario
2026-10-01,01:10:10,636017923,PIRRIHIOS,Rosario
2026-10-01,01:10:10,701153000,PAULINO C,Rosario
2026-10-01,01:10:10,311001553,AFRICAN MARGAUX,Rosario
2026-10-01,01:10:10,701503000,GC77 GFO SAN MATIAS,Rosario
2026-10-01,01:10:10,755000020,AGUARA,Rosario
2026-10-01,01:10:10,538006220,C FORCE,Rosario
2026-10-01,01:10:10,701006443,MAYU,Rosario
2026-10-01,01:10:10,701006245,SAN JOSE V,Rosario
2026-10-01,01:10:10,755002941,HERKULES IV,Rosario
2026-10-01,01:10:10,538012142,OCEAN WEST,Rosario
2026-10-01,01:10:10,755122000,INQUEBRANTABLE,Rosario
2026-10-01,01:10:10,701006268,LAZARO,Rosario
2026-10-01,01:10:10,701006926,FAVORITO SAN ANTONIO,Rosario
2026-10-01,01:10:10,538002179,BINNUR C,Rosario
2026-10-01,01:10:10,565607000,STRATEGIC EXPLORER,Rosario
2026-10-01,01:10:10,253454000,TACCOLA,Rosario
2026-10-01,01:10:10,755157000,GF HUMAITA,Rosario
2026-10-01,01:10:10,720929000,IB NUEVA PALMIRA,Rosario
2026-10-01,01:10:10,215622000,TAXIDIARA,Rosario
2026-10-01,01:10:10,755201178,NUAR B.,Rosario
2026-10-01,01:10:10,205175000,PINTA,Rosario
2026-10-01,01:10:10,755039000,RE CAVALIER I,Rosario
2026-10-01,01:10:10,645181000,DN67,Rosario
2026-10-01,01:10:10,755991013,PUMA,Rosario
2026-10-01,01:10:10,538008439,UNION MARK,Rosario
2026-10-01,01:10:10,477142400,BOCHEM BUCEPHALAS,Rosario
2026-10-01,01:10:10,755044000,R/E CHACO X,Rosario
2026-10-01,01:10:10,755171000,IB CONCEPCION,Rosario
2026-10-01,01:10:10,701001404,GUAZU PUCU,Rosario
2026-10-01,01:10:10,701138000,POLARIS,Rosario
2026-10-01,01:10:10,352006572,,DelGuazu
2026-10-01,01:10:10,255805689,RIVA,DelGuazu
2026-10-01,01:10:10,755024000,,BellaVista
2026-10-01,01:10:10,755027000,CAVALIER XV,BellaVista
2026-10-01,01:10:10,755194200,DON EDUARDO,BellaVista
2026-10-01,01:10:10,755005068,GF GUARANI,BellaVista
2026-10-01,01:10:10,755003887,MARIA A,BellaVista
2026-10-01,01:10:10,755126000,LATERE,BellaVista
2026-10-01,01:10:10,755003963,DONA MAGDA,BellaVista
2026-10-01,01:10:10,720949000,HB LYNX,BellaVista
2026-10-01,01:10:10,887210169,LANCHA LADOCE H,BellaVista
2026-10-01,01:10:10,755154000,TEHIA,BellaVista
2026-10-01,01:10:10,755142000,ARATIRI.,BellaVista
2026-10-01,01:20:10,414009000,SHENG MAO HAI,SanLorenzo
2026-10-01,01:20:10,538002179,BINNUR C,SanLorenzo
2026-10-01,01:20:10,355174000,APOGEE SPIRIT,SanLorenzo
2026-10-01,01:20:10,257087000,,SanLorenzo
2026-10-01,01:20:10,563305300,IWAGI ISLAND,SanLorenzo
2026-10-01,01:20:10,636023390,TROUVAILLE,SanLorenzo
2026-10-01,01:20:10,636024124,CL ZHANJIANG,SanLorenzo
2026-10-01,01:20:10,755079000,DR.SALGADO H,SanLorenzo
2026-10-01,01:20:10,636022816,SDM DONGGUAN,SanLorenzo
2026-10-01,01:20:10,311001845,DOLPHIN 21,SanLorenzo
2026-10-01,01:20:10,701170000,MAKENITA H,SanLorenzo
2026-10-01,01:20:10,636023707,FIESTA,SanLorenzo
2026-10-01,01:20:10,538012438,WELLNESS DIVA,SanLorenzo
2026-10-01,01:20:10,636026236,AURIGA STAR,SanLorenzo
2026-10-01,01:20:10,636022194,PORT KYOTO,SanLorenzo
2026-10-01,01:20:10,701006466,NEPTUNO,SanLorenzo
2026-10-01,01:20:10,636017076,KARLINO,SanLorenzo
2026-10-01,01:20:10,701124000,JULIO A,SanLorenzo
2026-10-01,01:20:10,352004869,ROYAL GALAXY,SanLorenzo
2026-10-01,01:20:10,355702000,SOUTHERN STAR,SanLorenzo
2026-10-01,01:20:10,210025000,ELONA,SanLorenzo
2026-10-01,01:20:10,538009309,OCEAN VENUS,SanLorenzo
2026-10-01,01:20:10,538009155,NAMA,SanLorenzo
2026-10-01,01:20:10,215143000,KEREM,SanLorenzo
2026-10-01,01:20:10,636022773,BBG LIJIANG,SanLorenzo
2026-10-01,01:20:10,563302200,IONA ISLAND,SanLorenzo
2026-10-01,01:20:10,374369000,SILVER DUBAI,SanLorenzo
2026-10-01,01:20:10,755003957,,SanLorenzo
2026-10-01,01:20:10,755040000,,SanLorenzo
2026-10-01,01:20:10,701006268,LAZARO,SanLorenzo
2026-10-01,01:20:10,720915000,IB PARAGUAY,SanLorenzo
2026-10-01,01:20:10,352006354,BRAVE QUEST,SanLorenzo
2026-10-01,01:20:10,354706000,CORESHIP OL,SanLorenzo
2026-10-01,01:20:10,7010004,,SanLorenzo
2026-10-01,01:20:10,238067000,AP IMPERIAL,SanLorenzo
2026-10-01,01:20:10,636017923,PIRRIHIOS,SanLorenzo
2026-10-01,01:20:10,701503000,GC77 GFO SAN MATIAS,SanLorenzo
2026-10-01,01:20:10,701138000,POLARIS,SanLorenzo
2026-10-01,01:20:10,755002941,HERKULES IV,SanLorenzo
2026-10-01,01:20:10,701006396,,SanLorenzo
2026-10-01,01:20:10,755122000,INQUEBRANTABLE,SanLorenzo
2026-10-01,01:20:10,701006245,SAN JOSE V,SanLorenzo
2026-10-01,01:20:10,701006443,MAYU,SanLorenzo
2026-10-01,01:20:10,720929000,IB NUEVA PALMIRA,SanLorenzo
2026-10-01,01:20:10,701006926,FAVORITO SAN ANTONIO,SanLorenzo
2026-10-01,01:20:10,645181000,DN67,SanLorenzo
2026-10-01,01:20:10,701006740,GUILLERMO C,SanLorenzo
2026-10-01,01:20:10,253454000,TACCOLA,SanLorenzo
2026-10-01,01:20:10,701001404,GUAZU PUCU,SanLorenzo
2026-10-01,01:20:10,755157000,GF HUMAITA,SanLorenzo
2026-10-01,01:20:10,215622000,TAXIDIARA,SanLorenzo
2026-10-01,01:20:10,701153000,PAULINO C,SanLorenzo
2026-10-01,01:20:10,755201178,NUAR B.,SanLorenzo
2026-10-01,01:20:10,755991013,PUMA,SanLorenzo
2026-10-01,01:20:10,565607000,STRATEGIC EXPLORER,SanLorenzo
2026-10-01,01:20:10,477142400,BOCHEM BUCEPHALAS,SanLorenzo
2026-10-01,01:20:10,755044000,R/E CHACO X,SanLorenzo
2026-10-01,01:20:10,755039000,RE CAVALIER I,SanLorenzo
2026-10-01,01:20:10,538008439,UNION MARK,SanLorenzo
2026-10-01,01:20:10,538006220,C FORCE,SanLorenzo
2026-10-01,01:20:10,755171000,IB CONCEPCION,SanLorenzo
2026-10-01,01:20:10,311001553,AFRICAN MARGAUX,SanLorenzo
2026-10-01,01:20:10,205175000,PINTA,SanLorenzo
2026-10-01,01:20:10,355174000,APOGEE SPIRIT,Rosario
2026-10-01,01:20:10,720951000,,Rosario
2026-10-01,01:20:10,563302200,IONA ISLAND,Rosario
2026-10-01,01:20:10,563305300,IWAGI ISLAND,Rosario
2026-10-01,01:20:10,636023390,TROUVAILLE,Rosario
2026-10-01,01:20:10,636024124,CL ZHANJIANG,Rosario
2026-10-01,01:20:10,755079000,DR.SALGADO H,Rosario
2026-10-01,01:20:10,636022816,SDM DONGGUAN,Rosario
2026-10-01,01:20:10,311001845,DOLPHIN 21,Rosario
2026-10-01,01:20:10,701170000,MAKENITA H,Rosario
2026-10-01,01:20:10,636023707,FIESTA,Rosario
2026-10-01,01:20:10,538012438,WELLNESS DIVA,Rosario
2026-10-01,01:20:10,257087000,,Rosario
2026-10-01,01:20:10,636026236,AURIGA STAR,Rosario
2026-10-01,01:20:10,636022194,PORT KYOTO,Rosario
2026-10-01,01:20:10,701006466,NEPTUNO,Rosario
2026-10-01,01:20:10,636017076,KARLINO,Rosario
2026-10-01,01:20:10,352004869,ROYAL GALAXY,Rosario
2026-10-01,01:20:10,355702000,SOUTHERN STAR,Rosario
2026-10-01,01:20:10,636019448,STAR WAVE,Rosario
2026-10-01,01:20:10,210025000,ELONA,Rosario
2026-10-01,01:20:10,538009309,OCEAN VENUS,Rosario
2026-10-01,01:20:10,538009155,NAMA,Rosario
2026-10-01,01:20:10,215143000,KEREM,Rosario
2026-10-01,01:20:10,636022773,BBG LIJIANG,Rosario
2026-10-01,01:20:10,374369000,SILVER DUBAI,Rosario
2026-10-01,01:20:10,755003957,,Rosario
2026-10-01,01:20:10,755040000,,Rosario
2026-10-01,01:20:10,720915000,IB PARAGUAY,Rosario
2026-10-01,01:20:10,352006354,BRAVE QUEST,Rosario
2026-10-01,01:20:10,354706000,CORESHIP OL,Rosario
2026-10-01,01:20:10,7010004,,Rosario
2026-10-01,01:20:10,414009000,SHENG MAO HAI,Rosario
2026-10-01,01:20:10,238067000,AP IMPERIAL,Rosario
2026-10-01,01:20:10,636017923,PIRRIHIOS,Rosario
2026-10-01,01:20:10,720929000,IB NUEVA PALMIRA,Rosario
2026-10-01,01:20:10,701503000,GC77 GFO SAN MATIAS,Rosario
2026-10-01,01:20:10,701138000,POLARIS,Rosario
2026-10-01,01:20:10,755002941,HERKULES IV,Rosario
2026-10-01,01:20:10,701006396,,Rosario
2026-10-01,01:20:10,755122000,INQUEBRANTABLE,Rosario
2026-10-01,01:20:10,701006245,SAN JOSE V,Rosario
2026-10-01,01:20:10,701006443,MAYU,Rosario
2026-10-01,01:20:10,701006268,LAZARO,Rosario
2026-10-01,01:20:10,538012142,,Rosario
2026-10-01,01:20:10,538002179,BINNUR C,Rosario
2026-10-01,01:20:10,701006926,FAVORITO SAN ANTONIO,Rosario
2026-10-01,01:20:10,645181000,DN67,Rosario
2026-10-01,01:20:10,701006740,GUILLERMO C,Rosario
2026-10-01,01:20:10,253454000,TACCOLA,Rosario
2026-10-01,01:20:10,755088000,DECATUR LADY,Rosario
2026-10-01,01:20:10,755157000,GF HUMAITA,Rosario
2026-10-01,01:20:10,701153000,PAULINO C,Rosario
2026-10-01,01:20:10,215622000,TAXIDIARA,Rosario
2026-10-01,01:20:10,755201178,NUAR B.,Rosario
2026-10-01,01:20:10,755991013,PUMA,Rosario
2026-10-01,01:20:10,565607000,STRATEGIC EXPLORER,Rosario
2026-10-01,01:20:10,477142400,BOCHEM BUCEPHALAS,Rosario
2026-10-01,01:20:10,755044000,R/E CHACO X,Rosario
2026-10-01,01:20:10,755039000,RE CAVALIER I,Rosario
2026-10-01,01:20:10,538008439,UNION MARK,Rosario
2026-10-01,01:20:10,538006220,C FORCE,Rosario
2026-10-01,01:20:10,755171000,IB CONCEPCION,Rosario
2026-10-01,01:20:10,311001553,AFRICAN MARGAUX,Rosario
2026-10-01,01:20:10,205175000,PINTA,Rosario
2026-10-01,01:20:10,701001404,GUAZU PUCU,Rosario
2026-10-01,01:20:10,255805689,RIVA,DelGuazu
2026-10-01,01:20:10,352006572,,DelGuazu
2026-10-01,01:20:10,755024000,,BellaVista
2026-10-01,01:20:10,755091000,,BellaVista
2026-10-01,01:20:10,755142000,ARATIRI.,BellaVista
2026-10-01,01:20:10,755003963,DONA MAGDA,BellaVista
2026-10-01,01:20:10,755003887,MARIA A,BellaVista
2026-10-01,01:20:10,755134000,LADOCE H,BellaVista
2026-10-01,01:20:10,755126000,LATERE,BellaVista
2026-10-01,01:20:10,720949000,HB LYNX,BellaVista
2026-10-01,01:20:10,887210169,LANCHA LADOCE H,BellaVista
2026-10-01,01:20:10,755154000,TEHIA,BellaVista
2026-10-01,01:20:10,755167000,GF BOQUERON,BellaVista
2026-10-01,01:20:10,755027000,CAVALIER XV,BellaVista
2026-10-01,01:20:10,755194200,DON EDUARDO,BellaVista
2026-10-01,01:30:12,701124000,JULIO A,SanLorenzo
2026-10-01,01:30:12,563305300,IWAGI ISLAND,SanLorenzo
2026-10-01,01:30:12,636023390,TROUVAILLE,SanLorenzo
2026-10-01,01:30:12,755079000,DR.SALGADO H,SanLorenzo
2026-10-01,01:30:12,636024124,CL ZHANJIANG,SanLorenzo
2026-10-01,01:30:12,311001845,DOLPHIN 21,SanLorenzo
2026-10-01,01:30:12,701170000,MAKENITA H,SanLorenzo
2026-10-01,01:30:12,636022816,SDM DONGGUAN,SanLorenzo
2026-10-01,01:30:12,636023707,FIESTA,SanLorenzo
2026-10-01,01:30:12,755040000,,SanLorenzo
2026-10-01,01:30:12,355174000,APOGEE SPIRIT,SanLorenzo
2026-10-01,01:30:12,538012438,WELLNESS DIVA,SanLorenzo
2026-10-01,01:30:12,257087000,DAMSGAARD,SanLorenzo
2026-10-01,01:30:12,636026236,AURIGA STAR,SanLorenzo
2026-10-01,01:30:12,636022194,PORT KYOTO,SanLorenzo
2026-10-01,01:30:12,538002179,,SanLorenzo
2026-10-01,01:30:12,701006466,NEPTUNO,SanLorenzo
2026-10-01,01:30:12,636017076,KARLINO,SanLorenzo
2026-10-01,01:30:12,210025000,ELONA,SanLorenzo
2026-10-01,01:30:12,538009309,OCEAN VENUS,SanLorenzo
2026-10-01,01:30:12,352004869,ROYAL GALAXY,SanLorenzo
2026-10-01,01:30:12,355702000,SOUTHERN STAR,SanLorenzo
2026-10-01,01:30:12,538009155,NAMA,SanLorenzo
2026-10-01,01:30:12,215143000,KEREM,SanLorenzo
2026-10-01,01:30:12,636022773,BBG LIJIANG,SanLorenzo
2026-10-01,01:30:12,563302200,IONA ISLAND,SanLorenzo
2026-10-01,01:30:12,374369000,SILVER DUBAI,SanLorenzo
2026-10-01,01:30:12,720915000,IB PARAGUAY,SanLorenzo
2026-10-01,01:30:12,755003957,,SanLorenzo
2026-10-01,01:30:12,352006354,BRAVE QUEST,SanLorenzo
2026-10-01,01:30:12,354706000,CORESHIP OL,SanLorenzo
2026-10-01,01:30:12,755044000,R/E CHACO X,SanLorenzo
2026-10-01,01:30:12,7010004,,SanLorenzo
2026-10-01,01:30:12,701006396,,SanLorenzo
2026-10-01,01:30:12,636017923,PIRRIHIOS,SanLorenzo
2026-10-01,01:30:12,755122000,INQUEBRANTABLE,SanLorenzo
2026-10-01,01:30:12,238067000,AP IMPERIAL,SanLorenzo
2026-10-01,01:30:12,701153000,PAULINO C,SanLorenzo
2026-10-01,01:30:12,755002941,HERKULES IV,SanLorenzo
2026-10-01,01:30:12,701138000,POLARIS,SanLorenzo
2026-10-01,01:30:12,205175000,PINTA,SanLorenzo
2026-10-01,01:30:12,701006443,MAYU,SanLorenzo
2026-10-01,01:30:12,701006245,SAN JOSE V,SanLorenzo
2026-10-01,01:30:12,701006268,LAZARO,SanLorenzo
2026-10-01,01:30:12,720929000,IB NUEVA PALMIRA,SanLorenzo
2026-10-01,01:30:12,701006490,SERVIPRAC I,SanLorenzo
2026-10-01,01:30:12,701006926,FAVORITO SAN ANTONIO,SanLorenzo
2026-10-01,01:30:12,253454000,TACCOLA,SanLorenzo
2026-10-01,01:30:12,645181000,DN67,SanLorenzo
2026-10-01,01:30:12,755201178,NUAR B.,SanLorenzo
2026-10-01,01:30:12,755157000,GF HUMAITA,SanLorenzo
2026-10-01,01:30:12,755991013,PUMA,SanLorenzo
2026-10-01,01:30:12,755039000,RE CAVALIER I,SanLorenzo
2026-10-01,01:30:12,565607000,STRATEGIC EXPLORER,SanLorenzo
2026-10-01,01:30:12,538008439,UNION MARK,SanLorenzo
2026-10-01,01:30:12,477142400,BOCHEM BUCEPHALAS,SanLorenzo
2026-10-01,01:30:12,755171000,IB CONCEPCION,SanLorenzo
2026-10-01,01:30:12,311001553,AFRICAN MARGAUX,SanLorenzo
2026-10-01,01:30:12,701503000,GC77 GFO SAN MATIAS,SanLorenzo
2026-10-01,01:30:12,701001404,GUAZU PUCU,SanLorenzo
2026-10-01,01:30:12,538006220,C FORCE,SanLorenzo
2026-10-01,01:30:12,355174000,APOGEE SPIRIT,Rosario
2026-10-01,01:30:12,257087000,DAMSGAARD,Rosario
2026-10-01,01:30:12,414009000,SHENG MAO HAI,Rosario
2026-10-01,01:30:12,563305300,IWAGI ISLAND,Rosario
2026-10-01,01:30:12,636023390,TROUVAILLE,Rosario
2026-10-01,01:30:12,755079000,DR.SALGADO H,Rosario
2026-10-01,01:30:12,636024124,CL ZHANJIANG,Rosario
2026-10-01,01:30:12,311001845,DOLPHIN 21,Rosario
2026-10-01,01:30:12,701170000,MAKENITA H,Rosario
2026-10-01,01:30:12,636022816,SDM DONGGUAN,Rosario
2026-10-01,01:30:12,636023707,FIESTA,Rosario
2026-10-01,01:30:12,755040000,,Rosario
2026-10-01,01:30:12,538012438,WELLNESS DIVA,Rosario
2026-10-01,01:30:12,636026236,AURIGA STAR,Rosario
2026-10-01,01:30:12,636022194,PORT KYOTO,Rosario
2026-10-01,01:30:12,701006466,NEPTUNO,Rosario
2026-10-01,01:30:12,636017076,KARLINO,Rosario
2026-10-01,01:30:12,210025000,ELONA,Rosario
2026-10-01,01:30:12,636019448,STAR WAVE,Rosario
2026-10-01,01:30:12,352004869,ROYAL GALAXY,Rosario
2026-10-01,01:30:12,538009309,OCEAN VENUS,Rosario
2026-10-01,01:30:12,355702000,SOUTHERN STAR,Rosario
2026-10-01,01:30:12,538009155,NAMA,Rosario
2026-10-01,01:30:12,215143000,KEREM,Rosario
2026-10-01,01:30:12,720929000,IB NUEVA PALMIRA,Rosario
2026-10-01,01:30:12,636022773,BBG LIJIANG,Rosario
2026-10-01,01:30:12,563302200,IONA ISLAND,Rosario
2026-10-01,01:30:12,374369000,SILVER DUBAI,Rosario
2026-10-01,01:30:12,720915000,IB PARAGUAY,Rosario
2026-10-01,01:30:12,755003957,,Rosario
2026-10-01,01:30:12,352006354,BRAVE QUEST,Rosario
2026-10-01,01:30:12,354706000,CORESHIP OL,Rosario
2026-10-01,01:30:12,7010004,,Rosario
2026-10-01,01:30:12,701006396,,Rosario
2026-10-01,01:30:12,636017923,PIRRIHIOS,Rosario
2026-10-01,01:30:12,238067000,AP IMPERIAL,Rosario
2026-10-01,01:30:12,701153000,PAULINO C,Rosario
2026-10-01,01:30:12,755002941,HERKULES IV,Rosario
2026-10-01,01:30:12,701006443,MAYU,Rosario
2026-10-01,01:30:12,701006245,SAN JOSE V,Rosario
2026-10-01,01:30:12,755122000,INQUEBRANTABLE,Rosario
2026-10-01,01:30:12,538012142,OCEAN WEST,Rosario
2026-10-01,01:30:12,701006268,LAZARO,Rosario
2026-10-01,01:30:12,701006490,SERVIPRAC I,Rosario
2026-10-01,01:30:12,538002179,BINNUR C,Rosario
2026-10-01,01:30:12,701006926,FAVORITO SAN ANTONIO,Rosario
2026-10-01,01:30:12,253454000,TACCOLA,Rosario
2026-10-01,01:30:12,645181000,DN67,Rosario
2026-10-01,01:30:12,755088000,DECATUR LADY,Rosario
2026-10-01,01:30:12,755201178,NUAR B.,Rosario
2026-10-01,01:30:12,755157000,GF HUMAITA,Rosario
2026-10-01,01:30:12,755991013,PUMA,Rosario
2026-10-01,01:30:12,755039000,RE CAVALIER I,Rosario
2026-10-01,01:30:12,565607000,STRATEGIC EXPLORER,Rosario
2026-10-01,01:30:12,755044000,R/E CHACO X,Rosario
2026-10-01,01:30:12,538008439,UNION MARK,Rosario
2026-10-01,01:30:12,477142400,BOCHEM BUCEPHALAS,Rosario
2026-10-01,01:30:12,755171000,IB CONCEPCION,Rosario
2026-10-01,01:30:12,311001553,AFRICAN MARGAUX,Rosario
2026-10-01,01:30:12,701503000,GC77 GFO SAN MATIAS,Rosario
2026-10-01,01:30:12,701001404,GUAZU PUCU,Rosario
2026-10-01,01:30:12,538006220,C FORCE,Rosario
2026-10-01,01:30:12,701138000,POLARIS,Rosario
2026-10-01,01:30:12,205175000,PINTA,Rosario
2026-10-01,01:30:12,352006572,NORSE ADVANCE,DelGuazu
2026-10-01,01:30:12,755063000,,BellaVista
2026-10-01,01:30:12,755116000,,BellaVista
2026-10-01,01:30:12,755091000,,BellaVista
2026-10-01,01:30:12,755061000,,BellaVista
2026-10-01,01:30:12,755005068,GF GUARANI,BellaVista
2026-10-01,01:30:12,755126000,LATERE,BellaVista
2026-10-01,01:30:12,720038000,,BellaVista
2026-10-01,01:30:12,755003887,MARIA A,BellaVista
2026-10-01,01:30:12,755003963,DONA MAGDA,BellaVista
2026-10-01,01:30:12,755000500,,BellaVista
2026-10-01,01:30:12,720949000,HB LYNX,BellaVista
2026-10-01,01:30:12,755142000,ARATIRI.,BellaVista
2026-10-01,01:30:12,755154000,TEHIA,BellaVista
2026-10-01,01:30:12,755027000,CAVALIER XV,BellaVista
2026-10-01,01:30:12,755167000,GF BOQUERON,BellaVista
2026-10-01,01:30:12,755194200,DON EDUARDO,BellaVista
2026-10-01,01:40:10,538005991,,SanLorenzo
2026-10-01,01:40:10,414009000,,SanLorenzo
2026-10-01,01:40:10,755088000,,SanLorenzo
2026-10-01,01:40:10,563305300,IWAGI ISLAND,SanLorenzo
2026-10-01,01:40:10,636023390,TROUVAILLE,SanLorenzo
2026-10-01,01:40:10,755079000,DR.SALGADO H,SanLorenzo
2026-10-01,01:40:10,755040000,,SanLorenzo
2026-10-01,01:40:10,636024124,CL ZHANJIANG,SanLorenzo
2026-10-01,01:40:10,701170000,MAKENITA H,SanLorenzo
2026-10-01,01:40:10,636023707,FIESTA,SanLorenzo
2026-10-01,01:40:10,311001845,DOLPHIN 21,SanLorenzo
2026-10-01,01:40:10,636022816,SDM DONGGUAN,SanLorenzo
2026-10-01,01:40:10,355174000,APOGEE SPIRIT,SanLorenzo
2026-10-01,01:40:10,538012438,WELLNESS DIVA,SanLorenzo
2026-10-01,01:40:10,636026236,AURIGA STAR,SanLorenzo
2026-10-01,01:40:10,636022194,PORT KYOTO,SanLorenzo
2026-10-01,01:40:10,701006466,NEPTUNO,SanLorenzo
2026-10-01,01:40:10,636017076,KARLINO,SanLorenzo
2026-10-01,01:40:10,701124000,JULIO A,SanLorenzo
2026-10-01,01:40:10,538009309,OCEAN VENUS,SanLorenzo
2026-10-01,01:40:10,210025000,ELONA,SanLorenzo
2026-10-01,01:40:10,352004869,ROYAL GALAXY,SanLorenzo
2026-10-01,01:40:10,355702000,SOUTHERN STAR,SanLorenzo
2026-10-01,01:40:10,538009155,NAMA,SanLorenzo
2026-10-01,01:40:10,538002179,,SanLorenzo
2026-10-01,01:40:10,215143000,KEREM,SanLorenzo
2026-10-01,01:40:10,636022773,BBG LIJIANG,SanLorenzo
2026-10-01,01:40:10,563302200,IONA ISLAND,SanLorenzo
2026-10-01,01:40:10,374369000,SILVER DUBAI,SanLorenzo
2026-10-01,01:40:10,720915000,IB PARAGUAY,SanLorenzo
2026-10-01,01:40:10,352006354,BRAVE QUEST,SanLorenzo
2026-10-01,01:40:10,215622000,,SanLorenzo
2026-10-01,01:40:10,354706000,CORESHIP OL,SanLorenzo
2026-10-01,01:40:10,7010004,,SanLorenzo
2026-10-01,01:40:10,755003957,,SanLorenzo
2026-10-01,01:40:10,238067000,AP IMPERIAL,SanLorenzo
2026-10-01,01:40:10,636017923,PIRRIHIOS,SanLorenzo
2026-10-01,01:40:10,720929000,IB NUEVA PALMIRA,SanLorenzo
2026-10-01,01:40:10,755058000,,SanLorenzo
2026-10-01,01:40:10,701138000,POLARIS,SanLorenzo
2026-10-01,01:40:10,701153000,PAULINO C,SanLorenzo
2026-10-01,01:40:10,205175000,PINTA,SanLorenzo
2026-10-01,01:40:10,755122000,INQUEBRANTABLE,SanLorenzo
2026-10-01,01:40:10,701006245,SAN JOSE V,SanLorenzo
2026-10-01,01:40:10,701006443,MAYU,SanLorenzo
2026-10-01,01:40:10,755157000,GF HUMAITA,SanLorenzo
2026-10-01,01:40:10,701006268,LAZARO,SanLorenzo
2026-10-01,01:40:10,755201178,NUAR B.,SanLorenzo
2026-10-01,01:40:10,701006926,FAVORITO SAN ANTONIO,SanLorenzo
2026-10-01,01:40:10,701006740,GUILLERMO C,SanLorenzo
2026-10-01,01:40:10,645181000,DN67,SanLorenzo
2026-10-01,01:40:10,253454000,TACCOLA,SanLorenzo
2026-10-01,01:40:10,755991013,PUMA,SanLorenzo
2026-10-01,01:40:10,755039000,RE CAVALIER I,SanLorenzo
2026-10-01,01:40:10,701006396,VB RECOLETA,SanLorenzo
2026-10-01,01:40:10,477142400,BOCHEM BUCEPHALAS,SanLorenzo
2026-10-01,01:40:10,565607000,STRATEGIC EXPLORER,SanLorenzo
2026-10-01,01:40:10,755018000,CAPTAIN BILBO,SanLorenzo
2026-10-01,01:40:10,538008439,UNION MARK,SanLorenzo
2026-10-01,01:40:10,755171000,IB CONCEPCION,SanLorenzo
2026-10-01,01:40:10,755044000,R/E CHACO X,SanLorenzo
2026-10-01,01:40:10,311001553,AFRICAN MARGAUX,SanLorenzo
2026-10-01,01:40:10,701503000,GC77 GFO SAN MATIAS,SanLorenzo
2026-10-01,01:40:10,755002941,HERKULES IV,SanLorenzo
2026-10-01,01:40:10,701001404,GUAZU PUCU,SanLorenzo
2026-10-01,01:40:10,538006220,C FORCE,SanLorenzo
2026-10-01,01:40:10,538005991,,Rosario
2026-10-01,01:40:10,701006466,NEPTUNO,Rosario
2026-10-01,01:40:10,210025000,ELONA,Rosario
2026-10-01,01:40:10,563305300,IWAGI ISLAND,Rosario
2026-10-01,01:40:10,636023390,TROUVAILLE,Rosario
2026-10-01,01:40:10,755079000,DR.SALGADO H,Rosario
2026-10-01,01:40:10,755040000,,Rosario
2026-10-01,01:40:10,636024124,CL ZHANJIANG,Rosario
2026-10-01,01:40:10,701170000,MAKENITA H,Rosario
2026-10-01,01:40:10,636023707,FIESTA,Rosario
2026-10-01,01:40:10,311001845,DOLPHIN 21,Rosario
2026-10-01,01:40:10,636022816,SDM DONGGUAN,Rosario
2026-10-01,01:40:10,355174000,APOGEE SPIRIT,Rosario
2026-10-01,01:40:10,538012438,WELLNESS DIVA,Rosario
2026-10-01,01:40:10,636026236,AURIGA STAR,Rosario
2026-10-01,01:40:10,636022194,PORT KYOTO,Rosario
2026-10-01,01:40:10,636017076,KARLINO,Rosario
2026-10-01,01:40:10,538009309,OCEAN VENUS,Rosario
2026-10-01,01:40:10,636019448,STAR WAVE,Rosario
2026-10-01,01:40:10,352004869,ROYAL GALAXY,Rosario
2026-10-01,01:40:10,355702000,SOUTHERN STAR,Rosario
2026-10-01,01:40:10,538009155,NAMA,Rosario
2026-10-01,01:40:10,755003957,,Rosario
2026-10-01,01:40:10,215143000,KEREM,Rosario
2026-10-01,01:40:10,636022773,BBG LIJIANG,Rosario
2026-10-01,01:40:10,563302200,IONA ISLAND,Rosario
2026-10-01,01:40:10,374369000,SILVER DUBAI,Rosario
2026-10-01,01:40:10,720915000,IB PARAGUAY,Rosario
2026-10-01,01:40:10,352006354,BRAVE QUEST,Rosario
2026-10-01,01:40:10,354706000,CORESHIP OL,Rosario
2026-10-01,01:40:10,7010004,,Rosario
2026-10-01,01:40:10,238067000,AP IMPERIAL,Rosario
2026-10-01,01:40:10,636017923,PIRRIHIOS,Rosario
2026-10-01,01:40:10,538002179,BINNUR C,Rosario
2026-10-01,01:40:10,720929000,IB NUEVA PALMIRA,Rosario
2026-10-01,01:40:10,755058000,,Rosario
2026-10-01,01:40:10,755018000,CAPTAIN BILBO,Rosario
2026-10-01,01:40:10,701138000,POLARIS,Rosario
2026-10-01,01:40:10,701153000,PAULINO C,Rosario
2026-10-01,01:40:10,205175000,PINTA,Rosario
2026-10-01,01:40:10,701006679,COOPOR ESTIBADOR I,Rosario
2026-10-01,01:40:10,755122000,INQUEBRANTABLE,Rosario
2026-10-01,01:40:10,701006245,SAN JOSE V,Rosario
2026-10-01,01:40:10,701006443,MAYU,Rosario
2026-10-01,01:40:10,755157000,GF HUMAITA,Rosario
2026-10-01,01:40:10,701006268,LAZARO,Rosario
2026-10-01,01:40:10,538012142,OCEAN WEST,Rosario
2026-10-01,01:40:10,755201178,NUAR B.,Rosario
2026-10-01,01:40:10,701006926,FAVORITO SAN ANTONIO,Rosario
2026-10-01,01:40:10,755991013,PUMA,Rosario
2026-10-01,01:40:10,701006740,GUILLERMO C,Rosario
2026-10-01,01:40:10,645181000,DN67,Rosario
2026-10-01,01:40:10,755088000,DECATUR LADY,Rosario
2026-10-01,01:40:10,253454000,TACCOLA,Rosario
2026-10-01,01:40:10,755039000,RE CAVALIER I,Rosario
2026-10-01,01:40:10,701006396,VB RECOLETA,Rosario
2026-10-01,01:40:10,565607000,STRATEGIC EXPLORER,Rosario
2026-10-01,01:40:10,477142400,BOCHEM BUCEPHALAS,Rosario
2026-10-01,01:40:10,538008439,UNION MARK,Rosario
2026-10-01,01:40:10,755171000,IB CONCEPCION,Rosario
2026-10-01,01:40:10,215622000,TAXIDIARA,Rosario
2026-10-01,01:40:10,755044000,R/E CHACO X,Rosario
2026-10-01,01:40:10,311001553,AFRICAN MARGAUX,Rosario
2026-10-01,01:40:10,701503000,GC77 GFO SAN MATIAS,Rosario
2026-10-01,01:40:10,755002941,HERKULES IV,Rosario
2026-10-01,01:40:10,701001404,GUAZU PUCU,Rosario
2026-10-01,01:40:10,538006220,C FORCE,Rosario
2026-10-01,01:40:10,355357000,,DelGuazu
2026-10-01,01:40:10,701090000,PARANA I,DelGuazu
2026-10-01,01:40:10,352006572,NORSE ADVANCE,DelGuazu
2026-10-01,01:40:10,755005068,GF GUARANI,BellaVista
2026-10-01,01:40:10,755126000,LATERE,BellaVista
2026-10-01,01:40:10,755003887,MARIA A,BellaVista
2026-10-01,01:40:10,720949000,HB LYNX,BellaVista
2026-10-01,01:40:10,755061000,TIO KIKE,BellaVista
2026-10-01,01:40:10,755142000,ARATIRI.,BellaVista
2026-10-01,01:40:10,755003963,DONA MAGDA,BellaVista
2026-10-01,01:40:10,755154000,TEHIA,BellaVista
2026-10-01,01:40:10,755167000,GF BOQUERON,BellaVista
2026-10-01,01:40:10,755027000,CAVALIER XV,BellaVista
2026-10-01,01:50:11,538006220,C FORCE,SanLorenzo
2026-10-01,01:50:11,215143000,KEREM,SanLorenzo
2026-10-01,01:50:11,755040000,,SanLorenzo
2026-10-01,01:50:11,253454000,TACCOLA,SanLorenzo
2026-10-01,01:50:11,563305300,IWAGI ISLAND,SanLorenzo
2026-10-01,01:50:11,636023390,TROUVAILLE,SanLorenzo
2026-10-01,01:50:11,755079000,DR.SALGADO H,SanLorenzo
2026-10-01,01:50:11,636024124,CL ZHANJIANG,SanLorenzo
2026-10-01,01:50:11,636022816,SDM DONGGUAN,SanLorenzo
2026-10-01,01:50:11,701170000,MAKENITA H,SanLorenzo
2026-10-01,01:50:11,311001845,DOLPHIN 21,SanLorenzo
2026-10-01,01:50:11,636023707,FIESTA,SanLorenzo
2026-10-01,01:50:11,355174000,APOGEE SPIRIT,SanLorenzo
2026-10-01,01:50:11,538012438,WELLNESS DIVA,SanLorenzo
2026-10-01,01:50:11,636026236,AURIGA STAR,SanLorenzo
2026-10-01,01:50:11,636022194,PORT KYOTO,SanLorenzo
2026-10-01,01:50:11,701006466,NEPTUNO,SanLorenzo
2026-10-01,01:50:11,636017076,KARLINO,SanLorenzo
2026-10-01,01:50:11,755003957,,SanLorenzo
2026-10-01,01:50:11,701124000,JULIO A,SanLorenzo
2026-10-01,01:50:11,352004869,ROYAL GALAXY,SanLorenzo
2026-10-01,01:50:11,538009309,OCEAN VENUS,SanLorenzo
2026-10-01,01:50:11,210025000,ELONA,SanLorenzo
2026-10-01,01:50:11,355702000,SOUTHERN STAR,SanLorenzo
2026-10-01,01:50:11,538009155,NAMA,SanLorenzo
2026-10-01,01:50:11,636022773,BBG LIJIANG,SanLorenzo
2026-10-01,01:50:11,563302200,IONA ISLAND,SanLorenzo
2026-10-01,01:50:11,374369000,SILVER DUBAI,SanLorenzo
2026-10-01,01:50:11,720915000,IB PARAGUAY,SanLorenzo
2026-10-01,01:50:11,352006354,BRAVE QUEST,SanLorenzo
2026-10-01,01:50:11,354706000,CORESHIP OL,SanLorenzo
2026-10-01,01:50:11,414009000,,SanLorenzo
2026-10-01,01:50:11,7010004,,SanLorenzo
2026-10-01,01:50:11,636017923,PIRRIHIOS,SanLorenzo
2026-10-01,01:50:11,477142400,BOCHEM BUCEPHALAS,SanLorenzo
2026-10-01,01:50:11,701006268,LAZARO,SanLorenzo
2026-10-01,01:50:11,701153000,PAULINO C,SanLorenzo
2026-10-01,01:50:11,755157000,GF HUMAITA,SanLorenzo
2026-10-01,01:50:11,238067000,AP IMPERIAL,SanLorenzo
2026-10-01,01:50:11,701006396,VB RECOLETA,SanLorenzo
2026-10-01,01:50:11,755058000,,SanLorenzo
2026-10-01,01:50:11,701503000,GC77 GFO SAN MATIAS,SanLorenzo
2026-10-01,01:50:11,755002941,HERKULES IV,SanLorenzo
2026-10-01,01:50:11,205175000,PINTA,SanLorenzo
2026-10-01,01:50:11,755122000,INQUEBRANTABLE,SanLorenzo
2026-10-01,01:50:11,701006443,MAYU,SanLorenzo
2026-10-01,01:50:11,701006245,SAN JOSE V,SanLorenzo
2026-10-01,01:50:11,701001114,IGUAZU,SanLorenzo
2026-10-01,01:50:11,755201178,NUAR B.,SanLorenzo
2026-10-01,01:50:11,720929000,IB NUEVA PALMIRA,SanLorenzo
2026-10-01,01:50:11,701006926,FAVORITO SAN ANTONIO,SanLorenzo
2026-10-01,01:50:11,645181000,DN67,SanLorenzo
2026-10-01,01:50:11,755991013,PUMA,SanLorenzo
2026-10-01,01:50:11,565607000,STRATEGIC EXPLORER,SanLorenzo
2026-10-01,01:50:11,755018000,CAPTAIN BILBO,SanLorenzo
2026-10-01,01:50:11,755044000,R/E CHACO X,SanLorenzo
2026-10-01,01:50:11,538008439,UNION MARK,SanLorenzo
2026-10-01,01:50:11,311001553,AFRICAN MARGAUX,SanLorenzo
2026-10-01,01:50:11,755171000,IB CONCEPCION,SanLorenzo
2026-10-01,01:50:11,755039000,RE CAVALIER I,SanLorenzo
2026-10-01,01:50:11,701001404,GUAZU PUCU,SanLorenzo
2026-10-01,01:50:11,701138000,POLARIS,SanLorenzo
2026-10-01,01:50:11,257087000,,Rosario
2026-10-01,01:50:11,538002179,BINNUR C,Rosario
2026-10-01,01:50:11,311001845,DOLPHIN 21,Rosario
2026-10-01,01:50:11,215143000,KEREM,Rosario
2026-10-01,01:50:11,755040000,,Rosario
2026-10-01,01:50:11,538012142,OCEAN WEST,Rosario
2026-10-01,01:50:11,755003957,,Rosario
2026-10-01,01:50:11,563305300,IWAGI ISLAND,Rosario
2026-10-01,01:50:11,636023390,TROUVAILLE,Rosario
2026-10-01,01:50:11,755079000,DR.SALGADO H,Rosario
2026-10-01,01:50:11,636024124,CL ZHANJIANG,Rosario
2026-10-01,01:50:11,636022816,SDM DONGGUAN,Rosario
2026-10-01,01:50:11,701170000,MAKENITA H,Rosario
2026-10-01,01:50:11,636023707,FIESTA,Rosario
2026-10-01,01:50:11,538012438,WELLNESS DIVA,Rosario
2026-10-01,01:50:11,355174000,APOGEE SPIRIT,Rosario
2026-10-01,01:50:11,636026236,AURIGA STAR,Rosario
2026-10-01,01:50:11,636022194,PORT KYOTO,Rosario
2026-10-01,01:50:11,701006466,NEPTUNO,Rosario
2026-10-01,01:50:11,636017076,KARLINO,Rosario
2026-10-01,01:50:11,352004869,ROYAL GALAXY,Rosario
2026-10-01,01:50:11,636019448,STAR WAVE,Rosario
2026-10-01,01:50:11,538009309,OCEAN VENUS,Rosario
2026-10-01,01:50:11,210025000,ELONA,Rosario
2026-10-01,01:50:11,355702000,SOUTHERN STAR,Rosario
2026-10-01,01:50:11,538009155,,Rosario
2026-10-01,01:50:11,636022773,BBG LIJIANG,Rosario
2026-10-01,01:50:11,701006268,LAZARO,Rosario
2026-10-01,01:50:11,563302200,IONA ISLAND,Rosario
2026-10-01,01:50:11,374369000,SILVER DUBAI,Rosario
2026-10-01,01:50:11,720915000,IB PARAGUAY,Rosario
2026-10-01,01:50:11,352006354,BRAVE QUEST,Rosario
2026-10-01,01:50:11,701001114,,Rosario
2026-10-01,01:50:11,720951000,,Rosario
2026-10-01,01:50:11,354706000,CORESHIP OL,Rosario
2026-10-01,01:50:11,7010004,,Rosario
2026-10-01,01:50:11,755157000,GF HUMAITA,Rosario
2026-10-01,01:50:11,636017923,PIRRIHIOS,Rosario
2026-10-01,01:50:11,477142400,BOCHEM BUCEPHALAS,Rosario
2026-10-01,01:50:11,701153000,PAULINO C,Rosario
2026-10-01,01:50:11,238067000,AP IMPERIAL,Rosario
2026-10-01,01:50:11,720929000,IB NUEVA PALMIRA,Rosario
2026-10-01,01:50:11,701006396,VB RECOLETA,Rosario
2026-10-01,01:50:11,755039000,RE CAVALIER I,Rosario
2026-10-01,01:50:11,755058000,,Rosario
2026-10-01,01:50:11,701503000,GC77 GFO SAN MATIAS,Rosario
2026-10-01,01:50:11,205175000,PINTA,Rosario
2026-10-01,01:50:11,755122000,INQUEBRANTABLE,Rosario
2026-10-01,01:50:11,701006443,MAYU,Rosario
2026-10-01,01:50:11,701006679,COOPOR ESTIBADOR I,Rosario
2026-10-01,01:50:11,701006245,SAN JOSE V,Rosario
2026-10-01,01:50:11,755201178,NUAR B.,Rosario
2026-10-01,01:50:11,701006926,FAVORITO SAN ANTONIO,Rosario
2026-10-01,01:50:11,253454000,TACCOLA,Rosario
2026-10-01,01:50:11,645181000,DN67,Rosario
2026-10-01,01:50:11,215622000,TAXIDIARA,Rosario
2026-10-01,01:50:11,755991013,PUMA,Rosario
2026-10-01,01:50:11,755088000,DECATUR LADY,Rosario
2026-10-01,01:50:11,565607000,STRATEGIC EXPLORER,Rosario
2026-10-01,01:50:11,755018000,CAPTAIN BILBO,Rosario
2026-10-01,01:50:11,755044000,R/E CHACO X,Rosario
2026-10-01,01:50:11,414009000,SHENG MAO HAI,Rosario
2026-10-01,01:50:11,538008439,UNION MARK,Rosario
2026-10-01,01:50:11,311001553,AFRICAN MARGAUX,Rosario
2026-10-01,01:50:11,755171000,IB CONCEPCION,Rosario
2026-10-01,01:50:11,538006220,C FORCE,Rosario
2026-10-01,01:50:11,701001404,GUAZU PUCU,Rosario
2026-10-01,01:50:11,755002941,HERKULES IV,Rosario
2026-10-01,01:50:11,701138000,POLARIS,Rosario
2026-10-01,01:50:11,352006572,NORSE ADVANCE,DelGuazu
2026-10-01,01:50:11,701090000,PARANA I,DelGuazu
2026-10-01,01:50:11,720034000,,BellaVista
2026-10-01,01:50:11,755061000,TIO KIKE,BellaVista
2026-10-01,01:50:11,755003887,MARIA A,BellaVista
2026-10-01,01:50:11,755003963,DONA MAGDA,BellaVista
2026-10-01,01:50:11,755015497,LANCHA LATERE,BellaVista
2026-10-01,01:50:11,720949000,HB LYNX,BellaVista
2026-10-01,01:50:11,755142000,ARATIRI.,BellaVista
2026-10-01,01:50:11,755126000,LATERE,BellaVista
2026-10-01,01:50:11,755154000,TEHIA,BellaVista
2026-10-01,01:50:11,755167000,GF BOQUERON,BellaVista
2026-10-01,01:50:11,755194200,DON EDUARDO,BellaVista
2026-10-01,01:50:11,755027000,CAVALIER XV,BellaVista
2026-10-01,01:50:11,755005068,GF GUARANI,BellaVista
2026-10-01,02:00:15,755040000,,SanLorenzo
2026-10-01,02:00:15,538006220,,SanLorenzo
2026-10-01,02:00:15,376961000,,SanLorenzo
2026-10-01,02:00:15,563305300,IWAGI ISLAND,SanLorenzo
2026-10-01,02:00:15,636023390,TROUVAILLE,SanLorenzo
2026-10-01,02:00:15,755079000,DR.SALGADO H,SanLorenzo
2026-10-01,02:00:15,636024124,CL ZHANJIANG,SanLorenzo
2026-10-01,02:00:15,701170000,MAKENITA H,SanLorenzo
2026-10-01,02:00:15,311001845,DOLPHIN 21,SanLorenzo
2026-10-01,02:00:15,636022816,SDM DONGGUAN,SanLorenzo
2026-10-01,02:00:15,636023707,FIESTA,SanLorenzo
2026-10-01,02:00:15,355174000,APOGEE SPIRIT,SanLorenzo
2026-10-01,02:00:15,538012438,WELLNESS DIVA,SanLorenzo
2026-10-01,02:00:15,636026236,AURIGA STAR,SanLorenzo
2026-10-01,02:00:15,636022194,PORT KYOTO,SanLorenzo
2026-10-01,02:00:15,701006466,NEPTUNO,SanLorenzo
2026-10-01,02:00:15,636017076,KARLINO,SanLorenzo
2026-10-01,02:00:15,701124000,JULIO A,SanLorenzo
2026-10-01,02:00:15,538009309,OCEAN VENUS,SanLorenzo
2026-10-01,02:00:15,355702000,SOUTHERN STAR,SanLorenzo
2026-10-01,02:00:15,210025000,ELONA,SanLorenzo
2026-10-01,02:00:15,352004869,ROYAL GALAXY,SanLorenzo
2026-10-01,02:00:15,538009155,NAMA,SanLorenzo
2026-10-01,02:00:15,215143000,KEREM,SanLorenzo
2026-10-01,02:00:15,477142400,BOCHEM BUCEPHALAS,SanLorenzo
2026-10-01,02:00:15,636022773,BBG LIJIANG,SanLorenzo
2026-10-01,02:00:15,563302200,IONA ISLAND,SanLorenzo
2026-10-01,02:00:15,374369000,SILVER DUBAI,SanLorenzo
2026-10-01,02:00:15,720915000,IB PARAGUAY,SanLorenzo
2026-10-01,02:00:15,352006354,BRAVE QUEST,SanLorenzo
2026-10-01,02:00:15,354706000,CORESHIP OL,SanLorenzo
2026-10-01,02:00:15,755058000,,SanLorenzo
2026-10-01,02:00:15,755044000,R/E CHACO X,SanLorenzo
2026-10-01,02:00:15,7010004,,SanLorenzo
2026-10-01,02:00:15,636017923,PIRRIHIOS,SanLorenzo
2026-10-01,02:00:15,238067000,AP IMPERIAL,SanLorenzo
2026-10-01,02:00:15,701153000,PAULINO C,SanLorenzo
2026-10-01,02:00:15,755002941,HERKULES IV,SanLorenzo
2026-10-01,02:00:15,311001553,AFRICAN MARGAUX,SanLorenzo
2026-10-01,02:00:15,701001114,IGUAZU,SanLorenzo
2026-10-01,02:00:15,701006268,LAZARO,SanLorenzo
2026-10-01,02:00:15,701006443,MAYU,SanLorenzo
2026-10-01,02:00:15,701006245,SAN JOSE V,SanLorenzo
2026-10-01,02:00:15,755122000,INQUEBRANTABLE,SanLorenzo
2026-10-01,02:00:15,755201178,NUAR B.,SanLorenzo
2026-10-01,02:00:15,755039000,RE CAVALIER I,SanLorenzo
2026-10-01,02:00:15,701006926,FAVORITO SAN ANTONIO,SanLorenzo
2026-10-01,02:00:15,701006396,VB RECOLETA,SanLorenzo
2026-10-01,02:00:15,755991013,PUMA,SanLorenzo
2026-10-01,02:00:15,645181000,DN67,SanLorenzo
2026-10-01,02:00:15,701006740,GUILLERMO C,SanLorenzo
2026-10-01,02:00:15,701001404,GUAZU PUCU,SanLorenzo
2026-10-01,02:00:15,755157000,GF HUMAITA,SanLorenzo
2026-10-01,02:00:15,720929000,IB NUEVA PALMIRA,SanLorenzo
2026-10-01,02:00:15,565607000,STRATEGIC EXPLORER,SanLorenzo
2026-10-01,02:00:15,755003957,R/E JUANJO A,SanLorenzo
2026-10-01,02:00:15,205175000,PINTA,SanLorenzo
2026-10-01,02:00:15,701001307,MAX DREAM,SanLorenzo
2026-10-01,02:00:15,755171000,IB CONCEPCION,SanLorenzo
2026-10-01,02:00:15,538008439,UNION MARK,SanLorenzo
2026-10-01,02:00:15,755018000,CAPTAIN BILBO,SanLorenzo
2026-10-01,02:00:15,755000020,AGUARA,SanLorenzo
2026-10-01,02:00:15,414009000,,SanLorenzo
2026-10-01,02:00:15,701503000,GC77 GFO SAN MATIAS,SanLorenzo
2026-10-01,02:00:15,701138000,POLARIS,SanLorenzo
2026-10-01,02:00:15,563302200,IONA ISLAND,Rosario
2026-10-01,02:00:15,755040000,,Rosario
2026-10-01,02:00:15,755003957,,Rosario
2026-10-01,02:00:15,636022816,SDM DONGGUAN,Rosario
2026-10-01,02:00:15,701006396,VB RECOLETA,Rosario
2026-10-01,02:00:15,257087000,,Rosario
2026-10-01,02:00:15,636026236,AURIGA STAR,Rosario
2026-10-01,02:00:15,477142400,BOCHEM BUCEPHALAS,Rosario
2026-10-01,02:00:15,755157000,GF HUMAITA,Rosario
2026-10-01,02:00:15,238067000,AP IMPERIAL,Rosario
2026-10-01,02:00:15,563305300,IWAGI ISLAND,Rosario
2026-10-01,02:00:15,636023390,TROUVAILLE,Rosario
2026-10-01,02:00:15,755079000,DR.SALGADO H,Rosario
2026-10-01,02:00:15,636024124,CL ZHANJIANG,Rosario
2026-10-01,02:00:15,701170000,MAKENITA H,Rosario
2026-10-01,02:00:15,311001845,DOLPHIN 21,Rosario
2026-10-01,02:00:15,636023707,FIESTA,Rosario
2026-10-01,02:00:15,701001114,,Rosario
2026-10-01,02:00:15,355174000,APOGEE SPIRIT,Rosario
2026-10-01,02:00:15,538012438,WELLNESS DIVA,Rosario
2026-10-01,02:00:15,636022194,PORT KYOTO,Rosario
2026-10-01,02:00:15,755058000,,Rosario
2026-10-01,02:00:15,701006466,NEPTUNO,Rosario
2026-10-01,02:00:15,636017076,KARLINO,Rosario
2026-10-01,02:00:15,755991013,PUMA,Rosario
2026-10-01,02:00:15,701124000,,Rosario
2026-10-01,02:00:15,701006443,MAYU,Rosario
2026-10-01,02:00:15,538009309,OCEAN VENUS,Rosario
2026-10-01,02:00:15,210025000,ELONA,Rosario
2026-10-01,02:00:15,352004869,ROYAL GALAXY,Rosario
2026-10-01,02:00:15,720929000,IB NUEVA PALMIRA,Rosario
2026-10-01,02:00:15,355702000,SOUTHERN STAR,Rosario
2026-10-01,02:00:15,215143000,KEREM,Rosario
2026-10-01,02:00:15,636022773,BBG LIJIANG,Rosario
2026-10-01,02:00:15,374369000,SILVER DUBAI,Rosario
2026-10-01,02:00:15,755171000,IB CONCEPCION,Rosario
2026-10-01,02:00:15,720915000,IB PARAGUAY,Rosario
2026-10-01,02:00:15,352006354,BRAVE QUEST,Rosario
2026-10-01,02:00:15,354706000,CORESHIP OL,Rosario
2026-10-01,02:00:15,538002179,BINNUR C,Rosario
2026-10-01,02:00:15,7010004,,Rosario
2026-10-01,02:00:15,701001307,,Rosario
2026-10-01,02:00:15,636017923,PIRRIHIOS,Rosario
2026-10-01,02:00:15,565607000,STRATEGIC EXPLORER,Rosario
2026-10-01,02:00:15,755018000,CAPTAIN BILBO,Rosario
2026-10-01,02:00:15,701153000,PAULINO C,Rosario
2026-10-01,02:00:15,755002941,HERKULES IV,Rosario
2026-10-01,02:00:15,701006268,LAZARO,Rosario
2026-10-01,02:00:15,701006245,SAN JOSE V,Rosario
2026-10-01,02:00:15,755122000,INQUEBRANTABLE,Rosario
2026-10-01,02:00:15,538012142,,Rosario
2026-10-01,02:00:15,755201178,NUAR B.,Rosario
2026-10-01,02:00:15,701006926,FAVORITO SAN ANTONIO,Rosario
2026-10-01,02:00:15,253454000,TACCOLA,Rosario
2026-10-01,02:00:15,645181000,DN67,Rosario
2026-10-01,02:00:15,701006740,GUILLERMO C,Rosario
2026-10-01,02:00:15,755088000,DECATUR LADY,Rosario
2026-10-01,02:00:15,205175000,PINTA,Rosario
2026-10-01,02:00:15,755039000,RE CAVALIER I,Rosario
2026-10-01,02:00:15,215622000,TAXIDIARA,Rosario
2026-10-01,02:00:15,755044000,R/E CHACO X,Rosario
2026-10-01,02:00:15,538008439,UNION MARK,Rosario
2026-10-01,02:00:15,538006220,C FORCE,Rosario
2026-10-01,02:00:15,755000020,AGUARA,Rosario
2026-10-01,02:00:15,414009000,SHENG MAO HAI,Rosario
2026-10-01,02:00:15,701503000,GC77 GFO SAN MATIAS,Rosario
2026-10-01,02:00:15,701138000,POLARIS,Rosario
2026-10-01,02:00:15,701001404,GUAZU PUCU,Rosario
2026-10-01,02:00:15,311001553,AFRICAN MARGAUX,Rosario
2026-10-01,02:00:15,701090000,PARANA I,DelGuazu
2026-10-01,02:00:15,755024000,,BellaVista
2026-10-01,02:00:15,720034000,MOMPOX,BellaVista
2026-10-01,02:00:15,755126000,LATERE,BellaVista
2026-10-01,02:00:15,755142000,ARATIRI.,BellaVista
2026-10-01,02:00:15,755061000,TIO KIKE,BellaVista
2026-10-01,02:00:15,755005068,GF GUARANI,BellaVista
2026-10-01,02:00:15,755015497,LANCHA LATERE,BellaVista
2026-10-01,02:00:15,755003887,MARIA A,BellaVista
2026-10-01,02:00:15,755134000,LADOCE H,BellaVista
2026-10-01,02:00:15,755003963,DONA MAGDA,BellaVista
2026-10-01,02:00:15,720949000,HB LYNX,BellaVista
2026-10-01,02:00:15,755154000,TEHIA,BellaVista
2026-10-01,02:00:15,755194200,DON EDUARDO,BellaVista
2026-10-01,02:00:15,755167000,GF BOQUERON,BellaVista
2026-10-01,02:10:14,355174000,APOGEE SPIRIT,SanLorenzo
2026-10-01,02:10:14,563305300,IWAGI ISLAND,SanLorenzo
2026-10-01,02:10:14,636023390,TROUVAILLE,SanLorenzo
2026-10-01,02:10:14,755079000,DR.SALGADO H,SanLorenzo
2026-10-01,02:10:14,636024124,CL ZHANJIANG,SanLorenzo
2026-10-01,02:10:14,311001845,DOLPHIN 21,SanLorenzo
2026-10-01,02:10:14,701170000,MAKENITA H,SanLorenzo
2026-10-01,02:10:14,636022816,SDM DONGGUAN,SanLorenzo
2026-10-01,02:10:14,636023707,FIESTA,SanLorenzo
2026-10-01,02:10:14,755040000,,SanLorenzo
2026-10-01,02:10:14,538012438,WELLNESS DIVA,SanLorenzo
2026-10-01,02:10:14,636026236,AURIGA STAR,SanLorenzo
2026-10-01,02:10:14,636022194,PORT KYOTO,SanLorenzo
2026-10-01,02:10:14,701006466,NEPTUNO,SanLorenzo
2026-10-01,02:10:14,636017076,KARLINO,SanLorenzo
2026-10-01,02:10:14,701124000,JULIO A,SanLorenzo
2026-10-01,02:10:14,538009309,OCEAN VENUS,SanLorenzo
2026-10-01,02:10:14,210025000,ELONA,SanLorenzo
2026-10-01,02:10:14,352004869,ROYAL GALAXY,SanLorenzo
2026-10-01,02:10:14,355702000,SOUTHERN STAR,SanLorenzo
2026-10-01,02:10:14,538009155,NAMA,SanLorenzo
2026-10-01,02:10:14,215143000,KEREM,SanLorenzo
2026-10-01,02:10:14,477142400,BOCHEM BUCEPHALAS,SanLorenzo
2026-10-01,02:10:14,636022773,BBG LIJIANG,SanLorenzo
2026-10-01,02:10:14,563302200,IONA ISLAND,SanLorenzo
2026-10-01,02:10:14,374369000,SILVER DUBAI,SanLorenzo
2026-10-01,02:10:14,720915000,IB PARAGUAY,SanLorenzo
2026-10-01,02:10:14,352006354,BRAVE QUEST,SanLorenzo
2026-10-01,02:10:14,354706000,CORESHIP OL,SanLorenzo
2026-10-01,02:10:14,7010004,,SanLorenzo
2026-10-01,02:10:14,636017923,PIRRIHIOS,SanLorenzo
2026-10-01,02:10:14,238067000,AP IMPERIAL,SanLorenzo
2026-10-01,02:10:14,755991013,PUMA,SanLorenzo
2026-10-01,02:10:14,701153000,PAULINO C,SanLorenzo
2026-10-01,02:10:14,701503000,GC77 GFO SAN MATIAS,SanLorenzo
2026-10-01,02:10:14,701006443,MAYU,SanLorenzo
2026-10-01,02:10:14,205175000,PINTA,SanLorenzo
2026-10-01,02:10:14,311001553,AFRICAN MARGAUX,SanLorenzo
2026-10-01,02:10:14,755002941,HERKULES IV,SanLorenzo
2026-10-01,02:10:14,701006245,SAN JOSE V,SanLorenzo
2026-10-01,02:10:14,755122000,INQUEBRANTABLE,SanLorenzo
2026-10-01,02:10:14,701006268,LAZARO,SanLorenzo
2026-10-01,02:10:14,701006926,FAVORITO SAN ANTONIO,SanLorenzo
2026-10-01,02:10:14,720929000,IB NUEVA PALMIRA,SanLorenzo
2026-10-01,02:10:14,701001307,MAX DREAM,SanLorenzo
2026-10-01,02:10:14,645181000,DN67,SanLorenzo
2026-10-01,02:10:14,755157000,GF HUMAITA,SanLorenzo
2026-10-01,02:10:14,755201178,NUAR B.,SanLorenzo
2026-10-01,02:10:14,701006396,VB RECOLETA,SanLorenzo
2026-10-01,02:10:14,565607000,STRATEGIC EXPLORER,SanLorenzo
2026-10-01,02:10:14,755003957,R/E JUANJO A,SanLorenzo
2026-10-01,02:10:14,538008439,UNION MARK,SanLorenzo
2026-10-01,02:10:14,755018000,CAPTAIN BILBO,SanLorenzo
2026-10-01,02:10:14,755044000,R/E CHACO X,SanLorenzo
2026-10-01,02:10:14,755039000,RE CAVALIER I,SanLorenzo
2026-10-01,02:10:14,755000020,AGUARA,SanLorenzo
2026-10-01,02:10:14,701138000,POLARIS,SanLorenzo
2026-10-01,02:10:14,701001404,GUAZU PUCU,SanLorenzo
2026-10-01,02:10:14,755171000,IB CONCEPCION,SanLorenzo
2026-10-01,02:10:14,755079000,DR.SALGADO H,Rosario
2026-10-01,02:10:14,257087000,DAMSGAARD,Rosario
2026-10-01,02:10:14,538009155,,Rosario
2026-10-01,02:10:14,563302200,,Rosario
2026-10-01,02:10:14,563305300,IWAGI ISLAND,Rosario
2026-10-01,02:10:14,636023390,TROUVAILLE,Rosario
2026-10-01,02:10:14,538002179,BINNUR C,Rosario
2026-10-01,02:10:14,636024124,CL ZHANJIANG,Rosario
2026-10-01,02:10:14,311001845,DOLPHIN 21,Rosario
2026-10-01,02:10:14,701170000,MAKENITA H,Rosario
2026-10-01,02:10:14,636022816,,Rosario
2026-10-01,02:10:14,636023707,FIESTA,Rosario
2026-10-01,02:10:14,355174000,APOGEE SPIRIT,Rosario
2026-10-01,02:10:14,538012438,WELLNESS DIVA,Rosario
2026-10-01,02:10:14,701001114,IGUAZU,Rosario
2026-10-01,02:10:14,636026236,AURIGA STAR,Rosario
2026-10-01,02:10:14,636022194,PORT KYOTO,Rosario
2026-10-01,02:10:14,636017076,KARLINO,Rosario
2026-10-01,02:10:14,538009309,OCEAN VENUS,Rosario
2026-10-01,02:10:14,352004869,ROYAL GALAXY,Rosario
2026-10-01,02:10:14,210025000,ELONA,Rosario
2026-10-01,02:10:14,355702000,SOUTHERN STAR,Rosario
2026-10-01,02:10:14,215143000,KEREM,Rosario
2026-10-01,02:10:14,477142400,BOCHEM BUCEPHALAS,Rosario
2026-10-01,02:10:14,636022773,BBG LIJIANG,Rosario
2026-10-01,02:10:14,374369000,SILVER DUBAI,Rosario
2026-10-01,02:10:14,720915000,IB PARAGUAY,Rosario
2026-10-01,02:10:14,352006354,BRAVE QUEST,Rosario
2026-10-01,02:10:14,354706000,CORESHIP OL,Rosario
2026-10-01,02:10:14,7010004,,Rosario
2026-10-01,02:10:14,636017923,PIRRIHIOS,Rosario
2026-10-01,02:10:14,238067000,AP IMPERIAL,Rosario
2026-10-01,02:10:14,755157000,GF HUMAITA,Rosario
2026-10-01,02:10:14,720929000,IB NUEVA PALMIRA,Rosario
2026-10-01,02:10:14,701006396,VB RECOLETA,Rosario
2026-10-01,02:10:14,755991013,PUMA,Rosario
2026-10-01,02:10:14,701153000,PAULINO C,Rosario
2026-10-01,02:10:14,701503000,GC77 GFO SAN MATIAS,Rosario
2026-10-01,02:10:14,755171000,IB CONCEPCION,Rosario
2026-10-01,02:10:14,701006443,MAYU,Rosario
2026-10-01,02:10:14,205175000,PINTA,Rosario
2026-10-01,02:10:14,755002941,HERKULES IV,Rosario
2026-10-01,02:10:14,701006245,SAN JOSE V,Rosario
2026-10-01,02:10:14,755122000,INQUEBRANTABLE,Rosario
2026-10-01,02:10:14,701006268,LAZARO,Rosario
2026-10-01,02:10:14,755201178,NUAR B.,Rosario
2026-10-01,02:10:14,538012142,OCEAN WEST,Rosario
2026-10-01,02:10:14,701006926,FAVORITO SAN ANTONIO,Rosario
2026-10-01,02:10:14,755088000,DECATUR LADY,Rosario
2026-10-01,02:10:14,701001307,,Rosario
2026-10-01,02:10:14,645181000,DN67,Rosario
2026-10-01,02:10:14,565607000,STRATEGIC EXPLORER,Rosario
2026-10-01,02:10:14,755003957,,Rosario
2026-10-01,02:10:14,538008439,UNION MARK,Rosario
2026-10-01,02:10:14,215622000,TAXIDIARA,Rosario
2026-10-01,02:10:14,755018000,CAPTAIN BILBO,Rosario
2026-10-01,02:10:14,755044000,R/E CHACO X,Rosario
2026-10-01,02:10:14,755039000,RE CAVALIER I,Rosario
2026-10-01,02:10:14,253454000,TACCOLA,Rosario
2026-10-01,02:10:14,755000020,AGUARA,Rosario
2026-10-01,02:10:14,701138000,POLARIS,Rosario
2026-10-01,02:10:14,701001404,GUAZU PUCU,Rosario
2026-10-01,02:10:14,538006220,C FORCE,Rosario
2026-10-01,02:10:14,311001553,AFRICAN MARGAUX,Rosario
2026-10-01,02:10:14,755175000,,DelGuazu
2026-10-01,02:10:14,701090000,PARANA I,DelGuazu
2026-10-01,02:10:14,755126000,LATERE,BellaVista
2026-10-01,02:10:14,755061000,TIO KIKE,BellaVista
2026-10-01,02:10:14,720034000,MOMPOX,BellaVista
2026-10-01,02:10:14,755005068,GF GUARANI,BellaVista
2026-10-01,02:10:14,755134000,LADOCE H,BellaVista
2026-10-01,02:10:14,755015497,LANCHA LATERE,BellaVista
2026-10-01,02:10:14,755003887,MARIA A,BellaVista
2026-10-01,02:10:14,755142000,ARATIRI.,BellaVista
2026-10-01,02:10:14,755154000,TEHIA,BellaVista
2026-10-01,02:10:14,720949000,HB LYNX,BellaVista
2026-10-01,02:10:14,755167000,GF BOQUERON,BellaVista
2026-10-01,02:10:14,755194200,DON EDUARDO,BellaVista
2026-10-01,02:20:13,355174000,APOGEE SPIRIT,SanLorenzo
2026-10-01,02:20:13,538005991,,SanLorenzo
2026-10-01,02:20:13,636022773,BBG LIJIANG,SanLorenzo
2026-10-01,02:20:13,563305300,IWAGI ISLAND,SanLorenzo
2026-10-01,02:20:13,636023390,TROUVAILLE,SanLorenzo
2026-10-01,02:20:13,755079000,DR.SALGADO H,SanLorenzo
2026-10-01,02:20:13,636024124,CL ZHANJIANG,SanLorenzo
2026-10-01,02:20:13,636022816,SDM DONGGUAN,SanLorenzo
2026-10-01,02:20:13,311001845,DOLPHIN 21,SanLorenzo
2026-10-01,02:20:13,701170000,MAKENITA H,SanLorenzo
2026-10-01,02:20:13,636023707,FIESTA,SanLorenzo
2026-10-01,02:20:13,538012438,WELLNESS DIVA,SanLorenzo
2026-10-01,02:20:13,636026236,AURIGA STAR,SanLorenzo
2026-10-01,02:20:13,636022194,PORT KYOTO,SanLorenzo
2026-10-01,02:20:13,701006466,NEPTUNO,SanLorenzo
2026-10-01,02:20:13,636017076,KARLINO,SanLorenzo
2026-10-01,02:20:13,701124000,JULIO A,SanLorenzo
2026-10-01,02:20:13,352004869,ROYAL GALAXY,SanLorenzo
2026-10-01,02:20:13,538009309,OCEAN VENUS,SanLorenzo
2026-10-01,02:20:13,210025000,ELONA,SanLorenzo
2026-10-01,02:20:13,355702000,SOUTHERN STAR,SanLorenzo
2026-10-01,02:20:13,538009155,NAMA,SanLorenzo
2026-10-01,02:20:13,215143000,KEREM,SanLorenzo
2026-10-01,02:20:13,477142400,BOCHEM BUCEPHALAS,SanLorenzo
2026-10-01,02:20:13,563302200,IONA ISLAND,SanLorenzo
2026-10-01,02:20:13,374369000,SILVER DUBAI,SanLorenzo
2026-10-01,02:20:13,720915000,IB PARAGUAY,SanLorenzo
2026-10-01,02:20:13,352006354,BRAVE QUEST,SanLorenzo
2026-10-01,02:20:13,354706000,CORESHIP OL,SanLorenzo
2026-10-01,02:20:13,7010004,,SanLorenzo
2026-10-01,02:20:13,755003957,R/E JUANJO A,SanLorenzo
2026-10-01,02:20:13,636017923,PIRRIHIOS,SanLorenzo
2026-10-01,02:20:13,538006220,,SanLorenzo
2026-10-01,02:20:13,253454000,TACCOLA,SanLorenzo
2026-10-01,02:20:13,238067000,AP IMPERIAL,SanLorenzo
2026-10-01,02:20:13,755044000,R/E CHACO X,SanLorenzo
2026-10-01,02:20:13,701153000,PAULINO C,SanLorenzo
2026-10-01,02:20:13,205175000,PINTA,SanLorenzo
2026-10-01,02:20:13,701503000,GC77 GFO SAN MATIAS,SanLorenzo
2026-10-01,02:20:13,701001114,IGUAZU,SanLorenzo
2026-10-01,02:20:13,701006245,SAN JOSE V,SanLorenzo
2026-10-01,02:20:13,755122000,INQUEBRANTABLE,SanLorenzo
2026-10-01,02:20:13,755157000,GF HUMAITA,SanLorenzo
2026-10-01,02:20:13,701006268,LAZARO,SanLorenzo
2026-10-01,02:20:13,720929000,IB NUEVA PALMIRA,SanLorenzo
2026-10-01,02:20:13,701006926,FAVORITO SAN ANTONIO,SanLorenzo
2026-10-01,02:20:13,565607000,STRATEGIC EXPLORER,SanLorenzo
2026-10-01,02:20:13,755201178,NUAR B.,SanLorenzo
2026-10-01,02:20:13,701006740,GUILLERMO C,SanLorenzo
2026-10-01,02:20:13,645181000,DN67,SanLorenzo
2026-10-01,02:20:13,701006396,VB RECOLETA,SanLorenzo
2026-10-01,02:20:13,755991013,PUMA,SanLorenzo
2026-10-01,02:20:13,755039000,RE CAVALIER I,SanLorenzo
2026-10-01,02:20:13,755018000,CAPTAIN BILBO,SanLorenzo
2026-10-01,02:20:13,538008439,UNION MARK,SanLorenzo
2026-10-01,02:20:13,701138000,POLARIS,SanLorenzo
2026-10-01,02:20:13,311001553,AFRICAN MARGAUX,SanLorenzo
2026-10-01,02:20:13,701001404,GUAZU PUCU,SanLorenzo
2026-10-01,02:20:13,755000020,AGUARA,SanLorenzo
2026-10-01,02:20:13,755171000,IB CONCEPCION,SanLorenzo
2026-10-01,02:20:13,563302200,IONA ISLAND,Rosario
2026-10-01,02:20:13,636022816,SDM DONGGUAN,Rosario
2026-10-01,02:20:13,538005991,,Rosario
2026-10-01,02:20:13,538009155,,Rosario
2026-10-01,02:20:13,720951000,,Rosario
2026-10-01,02:20:13,538002179,BINNUR C,Rosario
2026-10-01,02:20:13,563305300,IWAGI ISLAND,Rosario
2026-10-01,02:20:13,636023390,TROUVAILLE,Rosario
2026-10-01,02:20:13,755079000,DR.SALGADO H,Rosario
2026-10-01,02:20:13,636024124,CL ZHANJIANG,Rosario
2026-10-01,02:20:13,311001845,DOLPHIN 21,Rosario
2026-10-01,02:20:13,701170000,MAKENITA H,Rosario
2026-10-01,02:20:13,636023707,FIESTA,Rosario
2026-10-01,02:20:13,355174000,APOGEE SPIRIT,Rosario
2026-10-01,02:20:13,538012438,WELLNESS DIVA,Rosario
2026-10-01,02:20:13,257087000,DAMSGAARD,Rosario
2026-10-01,02:20:13,636026236,AURIGA STAR,Rosario
2026-10-01,02:20:13,636022194,PORT KYOTO,Rosario
2026-10-01,02:20:13,701006466,NEPTUNO,Rosario
2026-10-01,02:20:13,636017076,KARLINO,Rosario
2026-10-01,02:20:13,352004869,ROYAL GALAXY,Rosario
2026-10-01,02:20:13,538009309,OCEAN VENUS,Rosario
2026-10-01,02:20:13,210025000,ELONA,Rosario
2026-10-01,02:20:13,355702000,SOUTHERN STAR,Rosario
2026-10-01,02:20:13,215143000,KEREM,Rosario
2026-10-01,02:20:13,477142400,BOCHEM BUCEPHALAS,Rosario
2026-10-01,02:20:13,636022773,BBG LIJIANG,Rosario
2026-10-01,02:20:13,374369000,SILVER DUBAI,Rosario
2026-10-01,02:20:13,720915000,IB PARAGUAY,Rosario
2026-10-01,02:20:13,755003957,R/E JUANJO A,Rosario
2026-10-01,02:20:13,352006354,BRAVE QUEST,Rosario
2026-10-01,02:20:13,354706000,CORESHIP OL,Rosario
2026-10-01,02:20:13,7010004,,Rosario
2026-10-01,02:20:13,755201178,NUAR B.,Rosario
2026-10-01,02:20:13,636017923,PIRRIHIOS,Rosario
2026-10-01,02:20:13,720929000,IB NUEVA PALMIRA,Rosario
2026-10-01,02:20:13,538012142,OCEAN WEST,Rosario
2026-10-01,02:20:13,238067000,AP IMPERIAL,Rosario
2026-10-01,02:20:13,755991013,PUMA,Rosario
2026-10-01,02:20:13,755018000,CAPTAIN BILBO,Rosario
2026-10-01,02:20:13,701153000,PAULINO C,Rosario
2026-10-01,02:20:13,701503000,GC77 GFO SAN MATIAS,Rosario
2026-10-01,02:20:13,701006245,SAN JOSE V,Rosario
2026-10-01,02:20:13,701001114,IGUAZU,Rosario
2026-10-01,02:20:13,755122000,INQUEBRANTABLE,Rosario
2026-10-01,02:20:13,755157000,GF HUMAITA,Rosario
2026-10-01,02:20:13,701006268,LAZARO,Rosario
2026-10-01,02:20:13,701006926,FAVORITO SAN ANTONIO,Rosario
2026-10-01,02:20:13,701006740,GUILLERMO C,Rosario
2026-10-01,02:20:13,565607000,STRATEGIC EXPLORER,Rosario
2026-10-01,02:20:13,755088000,DECATUR LADY,Rosario
2026-10-01,02:20:13,215622000,TAXIDIARA,Rosario
2026-10-01,02:20:13,645181000,DN67,Rosario
2026-10-01,02:20:13,253454000,TACCOLA,Rosario
2026-10-01,02:20:13,701006396,VB RECOLETA,Rosario
2026-10-01,02:20:13,755044000,R/E CHACO X,Rosario
2026-10-01,02:20:13,755039000,RE CAVALIER I,Rosario
2026-10-01,02:20:13,538008439,UNION MARK,Rosario
2026-10-01,02:20:13,701138000,POLARIS,Rosario
2026-10-01,02:20:13,311001553,AFRICAN MARGAUX,Rosario
2026-10-01,02:20:13,414009000,SHENG MAO HAI,Rosario
2026-10-01,02:20:13,755171000,IB CONCEPCION,Rosario
2026-10-01,02:20:13,701001404,GUAZU PUCU,Rosario
2026-10-01,02:20:13,755000020,AGUARA,Rosario
2026-10-01,02:20:13,205175000,PINTA,Rosario
2026-10-01,02:20:13,538006220,C FORCE,Rosario
2026-10-01,02:20:13,636019792,,DelGuazu
2026-10-01,02:20:13,355357000,,DelGuazu
2026-10-01,02:20:13,755175000,,DelGuazu
2026-10-01,02:20:13,701090000,PARANA I,DelGuazu
2026-10-01,02:20:13,755061000,TIO KIKE,BellaVista
2026-10-01,02:20:13,720034000,MOMPOX,BellaVista
2026-10-01,02:20:13,755142000,ARATIRI.,BellaVista
2026-10-01,02:20:13,755005068,GF GUARANI,BellaVista
2026-10-01,02:20:13,755015497,LANCHA LATERE,BellaVista
2026-10-01,02:20:13,755126000,LATERE,BellaVista
2026-10-01,02:20:13,755003887,MARIA A,BellaVista
2026-10-01,02:20:13,755134000,LADOCE H,BellaVista
2026-10-01,02:20:13,755003963,DONA MAGDA,BellaVista
2026-10-01,02:20:13,720949000,HB LYNX,BellaVista
2026-10-01,02:20:13,755154000,TEHIA,BellaVista
2026-10-01,02:20:13,755167000,GF BOQUERON,BellaVista
2026-10-01,02:20:13,755194200,DON EDUARDO,BellaVista
2026-10-01,02:20:13,755027000,CAVALIER XV,BellaVista
2026-10-01,02:30:14,636022773,BBG LIJIANG,SanLorenzo
2026-10-01,02:30:14,7010004,,SanLorenzo
2026-10-01,02:30:14,563305300,IWAGI ISLAND,SanLorenzo
2026-10-01,02:30:14,636023390,TROUVAILLE,SanLorenzo
2026-10-01,02:30:14,755079000,DR.SALGADO H,SanLorenzo
2026-10-01,02:30:14,636024124,CL ZHANJIANG,SanLorenzo
2026-10-01,02:30:14,311001845,DOLPHIN 21,SanLorenzo
2026-10-01,02:30:14,701170000,MAKENITA H,SanLorenzo
2026-10-01,02:30:14,636022816,SDM DONGGUAN,SanLorenzo
2026-10-01,02:30:14,636023707,FIESTA,SanLorenzo
2026-10-01,02:30:14,355174000,APOGEE SPIRIT,SanLorenzo
2026-10-01,02:30:14,538012438,WELLNESS DIVA,SanLorenzo
2026-10-01,02:30:14,755058000,CAP. JACKSON,SanLorenzo
2026-10-01,02:30:14,636026236,AURIGA STAR,SanLorenzo
2026-10-01,02:30:14,636022194,PORT KYOTO,SanLorenzo
2026-10-01,02:30:14,701006466,NEPTUNO,SanLorenzo
2026-10-01,02:30:14,636017076,KARLINO,SanLorenzo
2026-10-01,02:30:14,352004869,ROYAL GALAXY,SanLorenzo
2026-10-01,02:30:14,701124000,JULIO A,SanLorenzo
2026-10-01,02:30:14,538009309,OCEAN VENUS,SanLorenzo
2026-10-01,02:30:14,210025000,ELONA,SanLorenzo
2026-10-01,02:30:14,355702000,SOUTHERN STAR,SanLorenzo
2026-10-01,02:30:14,538009155,NAMA,SanLorenzo
2026-10-01,02:30:14,477142400,BOCHEM BUCEPHALAS,SanLorenzo
2026-10-01,02:30:14,563302200,IONA ISLAND,SanLorenzo
2026-10-01,02:30:14,374369000,SILVER DUBAI,SanLorenzo
2026-10-01,02:30:14,720915000,IB PARAGUAY,SanLorenzo
2026-10-01,02:30:14,352006354,BRAVE QUEST,SanLorenzo
2026-10-01,02:30:14,354706000,CORESHIP OL,SanLorenzo
2026-10-01,02:30:14,755044000,R/E CHACO X,SanLorenzo
2026-10-01,02:30:14,755003957,R/E JUANJO A,SanLorenzo
2026-10-01,02:30:14,636017923,PIRRIHIOS,SanLorenzo
2026-10-01,02:30:14,238067000,AP IMPERIAL,SanLorenzo
2026-10-01,02:30:14,701006396,VB RECOLETA,SanLorenzo
2026-10-01,02:30:14,701153000,PAULINO C,SanLorenzo
2026-10-01,02:30:14,701503000,GC77 GFO SAN MATIAS,SanLorenzo
2026-10-01,02:30:14,205175000,PINTA,SanLorenzo
2026-10-01,02:30:14,701001114,IGUAZU,SanLorenzo
2026-10-01,02:30:14,755122000,INQUEBRANTABLE,SanLorenzo
2026-10-01,02:30:14,755018000,CAPTAIN BILBO,SanLorenzo
2026-10-01,02:30:14,701006245,SAN JOSE V,SanLorenzo
2026-10-01,02:30:14,755201178,NUAR B.,SanLorenzo
2026-10-01,02:30:14,701006268,LAZARO,SanLorenzo
2026-10-01,02:30:14,701006926,FAVORITO SAN ANTONIO,SanLorenzo
2026-10-01,02:30:14,253454000,TACCOLA,SanLorenzo
2026-10-01,02:30:14,701006740,GUILLERMO C,SanLorenzo
2026-10-01,02:30:14,755157000,GF HUMAITA,SanLorenzo
2026-10-01,02:30:14,720929000,IB NUEVA PALMIRA,SanLorenzo
2026-10-01,02:30:14,755991013,PUMA,SanLorenzo
2026-10-01,02:30:14,565607000,STRATEGIC EXPLORER,SanLorenzo
2026-10-01,02:30:14,755088000,,SanLorenzo
2026-10-01,02:30:14,645181000,DN67,SanLorenzo
2026-10-01,02:30:14,538008439,UNION MARK,SanLorenzo
2026-10-01,02:30:14,755039000,RE CAVALIER I,SanLorenzo
2026-10-01,02:30:14,755002941,HERKULES IV,SanLorenzo
2026-10-01,02:30:14,755171000,IB CONCEPCION,SanLorenzo
2026-10-01,02:30:14,701138000,POLARIS,SanLorenzo
2026-10-01,02:30:14,311001553,AFRICAN MARGAUX,SanLorenzo
2026-10-01,02:30:14,755000020,AGUARA,SanLorenzo
2026-10-01,02:30:14,701001404,GUAZU PUCU,SanLorenzo
2026-10-01,02:30:14,701124000,,Rosario
2026-10-01,02:30:14,636022816,SDM DONGGUAN,Rosario
2026-10-01,02:30:14,257087000,DAMSGAARD,Rosario
2026-10-01,02:30:14,538002179,BINNUR C,Rosario
2026-10-01,02:30:14,701006466,NEPTUNO,Rosario
2026-10-01,02:30:14,210025000,ELONA,Rosario
2026-10-01,02:30:14,7010004,,Rosario
2026-10-01,02:30:14,755003957,R/E JUANJO A,Rosario
2026-10-01,02:30:14,755018000,CAPTAIN BILBO,Rosario
2026-10-01,02:30:14,563305300,IWAGI ISLAND,Rosario
2026-10-01,02:30:14,636023390,TROUVAILLE,Rosario
2026-10-01,02:30:14,755079000,DR.SALGADO H,Rosario
2026-10-01,02:30:14,636024124,CL ZHANJIANG,Rosario
2026-10-01,02:30:14,311001845,DOLPHIN 21,Rosario
2026-10-01,02:30:14,701170000,MAKENITA H,Rosario
2026-10-01,02:30:14,636023707,FIESTA,Rosario
2026-10-01,02:30:14,538012438,WELLNESS DIVA,Rosario
2026-10-01,02:30:14,355174000,APOGEE SPIRIT,Rosario
2026-10-01,02:30:14,636026236,AURIGA STAR,Rosario
2026-10-01,02:30:14,755171000,IB CONCEPCION,Rosario
2026-10-01,02:30:14,636022194,PORT KYOTO,Rosario
2026-10-01,02:30:14,636017076,KARLINO,Rosario
2026-10-01,02:30:14,755157000,GF HUMAITA,Rosario
2026-10-01,02:30:14,701006396,VB RECOLETA,Rosario
2026-10-01,02:30:14,352004869,ROYAL GALAXY,Rosario
2026-10-01,02:30:14,538009309,OCEAN VENUS,Rosario
2026-10-01,02:30:14,720951000,,Rosario
2026-10-01,02:30:14,720929000,IB NUEVA PALMIRA,Rosario
2026-10-01,02:30:14,355702000,SOUTHERN STAR,Rosario
2026-10-01,02:30:14,477142400,BOCHEM BUCEPHALAS,Rosario
2026-10-01,02:30:14,636022773,BBG LIJIANG,Rosario
2026-10-01,02:30:14,374369000,SILVER DUBAI,Rosario
2026-10-01,02:30:14,720915000,IB PARAGUAY,Rosario
2026-10-01,02:30:14,352006354,BRAVE QUEST,Rosario
2026-10-01,02:30:14,354706000,CORESHIP OL,Rosario
2026-10-01,02:30:14,755991013,PUMA,Rosario
2026-10-01,02:30:14,636017923,PIRRIHIOS,Rosario
2026-10-01,02:30:14,238067000,AP IMPERIAL,Rosario
2026-10-01,02:30:14,414009000,SHENG MAO HAI,Rosario
2026-10-01,02:30:14,701153000,PAULINO C,Rosario
2026-10-01,02:30:14,755000020,AGUARA,Rosario
2026-10-01,02:30:14,701503000,GC77 GFO SAN MATIAS,Rosario
2026-10-01,02:30:14,205175000,PINTA,Rosario
2026-10-01,02:30:14,701001114,IGUAZU,Rosario
2026-10-01,02:30:14,755122000,INQUEBRANTABLE,Rosario
2026-10-01,02:30:14,701006245,SAN JOSE V,Rosario
2026-10-01,02:30:14,755201178,NUAR B.,Rosario
2026-10-01,02:30:14,701006268,LAZARO,Rosario
2026-10-01,02:30:14,701006926,FAVORITO SAN ANTONIO,Rosario
2026-10-01,02:30:14,538012142,OCEAN WEST,Rosario
2026-10-01,02:30:14,253454000,TACCOLA,Rosario
2026-10-01,02:30:14,701006740,GUILLERMO C,Rosario
2026-10-01,02:30:14,565607000,STRATEGIC EXPLORER,Rosario
2026-10-01,02:30:14,755088000,DECATUR LADY,Rosario
2026-10-01,02:30:14,755044000,R/E CHACO X,Rosario
2026-10-01,02:30:14,538008439,UNION MARK,Rosario
2026-10-01,02:30:14,645181000,DN67,Rosario
2026-10-01,02:30:14,755002941,HERKULES IV,Rosario
2026-10-01,02:30:14,755039000,RE CAVALIER I,Rosario
2026-10-01,02:30:14,701138000,POLARIS,Rosario
2026-10-01,02:30:14,311001553,AFRICAN MARGAUX,Rosario
2026-10-01,02:30:14,701001404,GUAZU PUCU,Rosario
2026-10-01,02:30:14,376339000,,DelGuazu
2026-10-01,02:30:14,355357000,,DelGuazu
2026-10-01,02:30:14,755175000,,DelGuazu
2026-10-01,02:30:14,701090000,PARANA I,DelGuazu
2026-10-01,02:30:14,701006685,AZALEA,DelGuazu
2026-10-01,02:30:14,755003963,DONA MAGDA,BellaVista
2026-10-01,02:30:14,755005068,GF GUARANI,BellaVista
2026-10-01,02:30:14,755015497,LANCHA LATERE,BellaVista
2026-10-01,02:30:14,755061000,TIO KIKE,BellaVista
2026-10-01,02:30:14,755142000,ARATIRI.,BellaVista
2026-10-01,02:30:14,755134000,LADOCE H,BellaVista
2026-10-01,02:30:14,755003887,MARIA A,BellaVista
2026-10-01,02:30:14,720034000,MOMPOX,BellaVista
2026-10-01,02:30:14,720949000,HB LYNX,BellaVista
2026-10-01,02:30:14,755126000,LATERE,BellaVista
2026-10-01,02:30:14,755154000,TEHIA,BellaVista
2026-10-01,02:30:14,755194200,DON EDUARDO,BellaVista
2026-10-01,02:30:14,755167000,GF BOQUERON,BellaVista
2026-10-01,02:30:14,755027000,CAVALIER XV,BellaVista
2026-10-01,02:40:12,538005991,,SanLorenzo
2026-10-01,02:40:12,215143000,KEREM,SanLorenzo
2026-10-01,02:40:12,354706000,CORESHIP OL,SanLorenzo
2026-10-01,02:40:12,563305300,IWAGI ISLAND,SanLorenzo
2026-10-01,02:40:12,636023390,TROUVAILLE,SanLorenzo
2026-10-01,02:40:12,755079000,DR.SALGADO H,SanLorenzo
2026-10-01,02:40:12,7010004,,SanLorenzo
2026-10-01,02:40:12,636024124,CL ZHANJIANG,SanLorenzo
2026-10-01,02:40:12,311001845,DOLPHIN 21,SanLorenzo
2026-10-01,02:40:12,701170000,MAKENITA H,SanLorenzo
2026-10-01,02:40:12,636022816,SDM DONGGUAN,SanLorenzo
2026-10-01,02:40:12,636023707,FIESTA,SanLorenzo
2026-10-01,02:40:12,355174000,APOGEE SPIRIT,SanLorenzo
2026-10-01,02:40:12,538012438,WELLNESS DIVA,SanLorenzo
2026-10-01,02:40:12,636026236,AURIGA STAR,SanLorenzo
2026-10-01,02:40:12,636022194,PORT KYOTO,SanLorenzo
2026-10-01,02:40:12,636017076,KARLINO,SanLorenzo
2026-10-01,02:40:12,701124000,JULIO A,SanLorenzo
2026-10-01,02:40:12,352004869,ROYAL GALAXY,SanLorenzo
2026-10-01,02:40:12,538009309,OCEAN VENUS,SanLorenzo
2026-10-01,02:40:12,355702000,SOUTHERN STAR,SanLorenzo
2026-10-01,02:40:12,210025000,ELONA,SanLorenzo
2026-10-01,02:40:12,538009155,NAMA,SanLorenzo
2026-10-01,02:40:12,477142400,BOCHEM BUCEPHALAS,SanLorenzo
2026-10-01,02:40:12,755044000,R/E CHACO X,SanLorenzo
2026-10-01,02:40:12,636022773,BBG LIJIANG,SanLorenzo
2026-10-01,02:40:12,563302200,IONA ISLAND,SanLorenzo
2026-10-01,02:40:12,374369000,SILVER DUBAI,SanLorenzo
2026-10-01,02:40:12,720915000,IB PARAGUAY,SanLorenzo
2026-10-01,02:40:12,253454000,TACCOLA,SanLorenzo
2026-10-01,02:40:12,755003957,R/E JUANJO A,SanLorenzo
2026-10-01,02:40:12,352006354,BRAVE QUEST,SanLorenzo
2026-10-01,02:40:12,701001324,HALCON,SanLorenzo
2026-10-01,02:40:12,636017923,PIRRIHIOS,SanLorenzo
2026-10-01,02:40:12,238067000,AP IMPERIAL,SanLorenzo
2026-10-01,02:40:12,701138000,POLARIS,SanLorenzo
2026-10-01,02:40:12,701153000,PAULINO C,SanLorenzo
2026-10-01,02:40:12,701503000,GC77 GFO SAN MATIAS,SanLorenzo
2026-10-01,02:40:12,205175000,PINTA,SanLorenzo
2026-10-01,02:40:12,755002941,HERKULES IV,SanLorenzo
2026-10-01,02:40:12,755000020,AGUARA,SanLorenzo
2026-10-01,02:40:12,755122000,INQUEBRANTABLE,SanLorenzo
2026-10-01,02:40:12,755018000,CAPTAIN BILBO,SanLorenzo
2026-10-01,02:40:12,701006245,SAN JOSE V,SanLorenzo
2026-10-01,02:40:12,701006268,LAZARO,SanLorenzo
2026-10-01,02:40:12,701006926,FAVORITO SAN ANTONIO,SanLorenzo
2026-10-01,02:40:12,755201178,NUAR B.,SanLorenzo
2026-10-01,02:40:12,720929000,IB NUEVA PALMIRA,SanLorenzo
2026-10-01,02:40:12,645181000,DN67,SanLorenzo
2026-10-01,02:40:12,565607000,STRATEGIC EXPLORER,SanLorenzo
2026-10-01,02:40:12,701006396,VB RECOLETA,SanLorenzo
2026-10-01,02:40:12,755991013,PUMA,SanLorenzo
2026-10-01,02:40:12,701006740,GUILLERMO C,SanLorenzo
2026-10-01,02:40:12,755039000,RE CAVALIER I,SanLorenzo
2026-10-01,02:40:12,538008439,UNION MARK,SanLorenzo
2026-10-01,02:40:12,755171000,IB CONCEPCION,SanLorenzo
2026-10-01,02:40:12,311001553,AFRICAN MARGAUX,SanLorenzo
2026-10-01,02:40:12,701001404,GUAZU PUCU,SanLorenzo
2026-10-01,02:40:12,701124000,,Rosario
2026-10-01,02:40:12,215143000,KEREM,Rosario
2026-10-01,02:40:12,215622000,TAXIDIARA,Rosario
2026-10-01,02:40:12,720929000,IB NUEVA PALMIRA,Rosario
2026-10-01,02:40:12,538012142,OCEAN WEST,Rosario
2026-10-01,02:40:12,563305300,IWAGI ISLAND,Rosario
2026-10-01,02:40:12,636023390,TROUVAILLE,Rosario
2026-10-01,02:40:12,755079000,DR.SALGADO H,Rosario
2026-10-01,02:40:12,636024124,CL ZHANJIANG,Rosario
2026-10-01,02:40:12,7010004,,Rosario
2026-10-01,02:40:12,311001845,DOLPHIN 21,Rosario
2026-10-01,02:40:12,701170000,MAKENITA H,Rosario
2026-10-01,02:40:12,636023707,FIESTA,Rosario
2026-10-01,02:40:12,355174000,APOGEE SPIRIT,Rosario
2026-10-01,02:40:12,257087000,DAMSGAARD,Rosario
2026-10-01,02:40:12,636026236,AURIGA STAR,Rosario
2026-10-01,02:40:12,636022194,PORT KYOTO,Rosario
2026-10-01,02:40:12,636017076,KARLINO,Rosario
2026-10-01,02:40:12,755000020,AGUARA,Rosario
2026-10-01,02:40:12,352004869,ROYAL GALAXY,Rosario
2026-10-01,02:40:12,538009309,OCEAN VENUS,Rosario
2026-10-01,02:40:12,210025000,ELONA,Rosario
2026-10-01,02:40:12,355702000,SOUTHERN STAR,Rosario
2026-10-01,02:40:12,477142400,BOCHEM BUCEPHALAS,Rosario
2026-10-01,02:40:12,636022773,BBG LIJIANG,Rosario
2026-10-01,02:40:12,374369000,SILVER DUBAI,Rosario
2026-10-01,02:40:12,701006740,GUILLERMO C,Rosario
2026-10-01,02:40:12,720915000,IB PARAGUAY,Rosario
2026-10-01,02:40:12,352006354,BRAVE QUEST,Rosario
2026-10-01,02:40:12,354706000,CORESHIP OL,Rosario
2026-10-01,02:40:12,701001324,,Rosario
2026-10-01,02:40:12,755088000,DECATUR LADY,Rosario
2026-10-01,02:40:12,636017923,PIRRIHIOS,Rosario
2026-10-01,02:40:12,238067000,AP IMPERIAL,Rosario
2026-10-01,02:40:12,720951000,,Rosario
2026-10-01,02:40:12,701138000,POLARIS,Rosario
2026-10-01,02:40:12,701153000,PAULINO C,Rosario
2026-10-01,02:40:12,701503000,GC77 GFO SAN MATIAS,Rosario
2026-10-01,02:40:12,205175000,PINTA,Rosario
2026-10-01,02:40:12,755002941,HERKULES IV,Rosario
2026-10-01,02:40:12,755122000,INQUEBRANTABLE,Rosario
2026-10-01,02:40:12,701006245,SAN JOSE V,Rosario
2026-10-01,02:40:12,701006268,LAZARO,Rosario
2026-10-01,02:40:12,701006926,FAVORITO SAN ANTONIO,Rosario
2026-10-01,02:40:12,755201178,NUAR B.,Rosario
2026-10-01,02:40:12,253454000,TACCOLA,Rosario
2026-10-01,02:40:12,645181000,DN67,Rosario
2026-10-01,02:40:12,565607000,STRATEGIC EXPLORER,Rosario
2026-10-01,02:40:12,755044000,R/E CHACO X,Rosario
2026-10-01,02:40:12,755039000,RE CAVALIER I,Rosario
2026-10-01,02:40:12,538008439,UNION MARK,Rosario
2026-10-01,02:40:12,414009000,SHENG MAO HAI,Rosario
2026-10-01,02:40:12,538006220,C FORCE,Rosario
2026-10-01,02:40:12,311001553,AFRICAN MARGAUX,Rosario
2026-10-01,02:40:12,701001404,GUAZU PUCU,Rosario
2026-10-01,02:40:12,355357000,,DelGuazu
2026-10-01,02:40:12,701090000,PARANA I,DelGuazu
2026-10-01,02:40:12,755175000,,DelGuazu
2026-10-01,02:40:12,701006685,AZALEA,DelGuazu
2026-10-01,02:40:12,720034000,MOMPOX,BellaVista
2026-10-01,02:40:12,755194200,DON EDUARDO,BellaVista
2026-10-01,02:40:12,755015497,LANCHA LATERE,BellaVista
2026-10-01,02:40:12,755005068,GF GUARANI,BellaVista
2026-10-01,02:40:12,755003887,MARIA A,BellaVista
2026-10-01,02:40:12,755134000,LADOCE H,BellaVista
2026-10-01,02:40:12,755126000,LATERE,BellaVista
2026-10-01,02:40:12,720949000,HB LYNX,BellaVista
2026-10-01,02:40:12,755142000,ARATIRI.,BellaVista
2026-10-01,02:40:12,755154000,TEHIA,BellaVista
2026-10-01,02:40:12,755167000,GF BOQUERON,BellaVista
2026-10-01,02:40:12,755027000,CAVALIER XV,BellaVista
2026-10-01,03:00:14,755058000,CAP. JACKSON,SanLorenzo
2026-10-01,03:00:14,253454000,TACCOLA,SanLorenzo
2026-10-01,03:00:14,636022773,BBG LIJIANG,SanLorenzo
2026-10-01,03:00:14,755003957,R/E JUANJO A,SanLorenzo
2026-10-01,03:00:14,563305300,IWAGI ISLAND,SanLorenzo
2026-10-01,03:00:14,636023390,TROUVAILLE,SanLorenzo
2026-10-01,03:00:14,755079000,DR.SALGADO H,SanLorenzo
2026-10-01,03:00:14,636024124,CL ZHANJIANG,SanLorenzo
2026-10-01,03:00:14,636022816,SDM DONGGUAN,SanLorenzo
2026-10-01,03:00:14,311001845,DOLPHIN 21,SanLorenzo
2026-10-01,03:00:14,701170000,MAKENITA H,SanLorenzo
2026-10-01,03:00:14,636023707,FIESTA,SanLorenzo
2026-10-01,03:00:14,355174000,APOGEE SPIRIT,SanLorenzo
2026-10-01,03:00:14,538005991,,SanLorenzo
2026-10-01,03:00:14,538012438,WELLNESS DIVA,SanLorenzo
2026-10-01,03:00:14,636026236,AURIGA STAR,SanLorenzo
2026-10-01,03:00:14,636022194,PORT KYOTO,SanLorenzo
2026-10-01,03:00:14,636017076,KARLINO,SanLorenzo
2026-10-01,03:00:14,352004869,ROYAL GALAXY,SanLorenzo
2026-10-01,03:00:14,701124000,JULIO A,SanLorenzo
2026-10-01,03:00:14,538009309,OCEAN VENUS,SanLorenzo
2026-10-01,03:00:14,210025000,ELONA,SanLorenzo
2026-10-01,03:00:14,355702000,SOUTHERN STAR,SanLorenzo
2026-10-01,03:00:14,538009155,NAMA,SanLorenzo
2026-10-01,03:00:14,477142400,BOCHEM BUCEPHALAS,SanLorenzo
2026-10-01,03:00:14,7010004,,SanLorenzo
2026-10-01,03:00:14,563302200,IONA ISLAND,SanLorenzo
2026-10-01,03:00:14,755044000,R/E CHACO X,SanLorenzo
2026-10-01,03:00:14,374369000,SILVER DUBAI,SanLorenzo
2026-10-01,03:00:14,720915000,IB PARAGUAY,SanLorenzo
2026-10-01,03:00:14,354706000,CORESHIP OL,SanLorenzo
2026-10-01,03:00:14,636017923,PIRRIHIOS,SanLorenzo
2026-10-01,03:00:14,238067000,AP IMPERIAL,SanLorenzo
2026-10-01,03:00:14,755039000,RE CAVALIER I,SanLorenzo
2026-10-01,03:00:14,701153000,PAULINO C,SanLorenzo
2026-10-01,03:00:14,701138000,POLARIS,SanLorenzo
2026-10-01,03:00:14,352006354,BRAVE QUEST,SanLorenzo
2026-10-01,03:00:14,701006245,SAN JOSE V,SanLorenzo
2026-10-01,03:00:14,755122000,INQUEBRANTABLE,SanLorenzo
2026-10-01,03:00:14,701006268,LAZARO,SanLorenzo
2026-10-01,03:00:14,205175000,PINTA,SanLorenzo
2026-10-01,03:00:14,755157000,GF HUMAITA,SanLorenzo
2026-10-01,03:00:14,755201178,NUAR B.,SanLorenzo
2026-10-01,03:00:14,701006926,FAVORITO SAN ANTONIO,SanLorenzo
2026-10-01,03:00:14,720929000,IB NUEVA PALMIRA,SanLorenzo
2026-10-01,03:00:14,565607000,STRATEGIC EXPLORER,SanLorenzo
2026-10-01,03:00:14,701006740,GUILLERMO C,SanLorenzo
2026-10-01,03:00:14,645181000,DN67,SanLorenzo
2026-10-01,03:00:14,755018000,CAPTAIN BILBO,SanLorenzo
2026-10-01,03:00:14,701001307,MAX DREAM,SanLorenzo
2026-10-01,03:00:14,755991013,PUMA,SanLorenzo
2026-10-01,03:00:14,701006396,VB RECOLETA,SanLorenzo
2026-10-01,03:00:14,755171000,IB CONCEPCION,SanLorenzo
2026-10-01,03:00:14,538008439,UNION MARK,SanLorenzo
2026-10-01,03:00:14,311001553,AFRICAN MARGAUX,SanLorenzo
2026-10-01,03:00:14,701503000,GC77 GFO SAN MATIAS,SanLorenzo
2026-10-01,03:00:14,701001404,GUAZU PUCU,SanLorenzo
2026-10-01,03:00:14,755000020,AGUARA,SanLorenzo
2026-10-01,03:00:14,755002941,HERKULES IV,SanLorenzo
2026-10-01,03:00:14,538012438,,Rosario
2026-10-01,03:00:14,755991013,,Rosario
2026-10-01,03:00:14,538012142,OCEAN WEST,Rosario
2026-10-01,03:00:14,636024124,CL ZHANJIANG,Rosario
2026-10-01,03:00:14,257087000,DAMSGAARD,Rosario
2026-10-01,03:00:14,720951000,,Rosario
2026-10-01,03:00:14,563305300,IWAGI ISLAND,Rosario
2026-10-01,03:00:14,636023390,TROUVAILLE,Rosario
2026-10-01,03:00:14,755079000,DR.SALGADO H,Rosario
2026-10-01,03:00:14,311001845,DOLPHIN 21,Rosario
2026-10-01,03:00:14,701170000,MAKENITA H,Rosario
2026-10-01,03:00:14,636023707,FIESTA,Rosario
2026-10-01,03:00:14,355174000,APOGEE SPIRIT,Rosario
2026-10-01,03:00:14,636026236,AURIGA STAR,Rosario
2026-10-01,03:00:14,636022194,PORT KYOTO,Rosario
2026-10-01,03:00:14,636017076,KARLINO,Rosario
2026-10-01,03:00:14,352004869,ROYAL GALAXY,Rosario
2026-10-01,03:00:14,538009309,OCEAN VENUS,Rosario
2026-10-01,03:00:14,210025000,ELONA,Rosario
2026-10-01,03:00:14,355702000,SOUTHERN STAR,Rosario
2026-10-01,03:00:14,477142400,BOCHEM BUCEPHALAS,Rosario
2026-10-01,03:00:14,7010004,,Rosario
2026-10-01,03:00:14,636022773,BBG LIJIANG,Rosario
2026-10-01,03:00:14,374369000,SILVER DUBAI,Rosario
2026-10-01,03:00:14,720915000,IB PARAGUAY,Rosario
2026-10-01,03:00:14,354706000,CORESHIP OL,Rosario
2026-10-01,03:00:14,720929000,IB NUEVA PALMIRA,Rosario
2026-10-01,03:00:14,538006220,C FORCE,Rosario
2026-10-01,03:00:14,636017923,PIRRIHIOS,Rosario
2026-10-01,03:00:14,755002941,HERKULES IV,Rosario
2026-10-01,03:00:14,701006679,COOPOR ESTIBADOR I,Rosario
2026-10-01,03:00:14,238067000,AP IMPERIAL,Rosario
2026-10-01,03:00:14,701153000,PAULINO C,Rosario
2026-10-01,03:00:14,352006354,BRAVE QUEST,Rosario
2026-10-01,03:00:14,701006245,SAN JOSE V,Rosario
2026-10-01,03:00:14,755122000,INQUEBRANTABLE,Rosario
2026-10-01,03:00:14,701006268,LAZARO,Rosario
2026-10-01,03:00:14,755201178,NUAR B.,Rosario
2026-10-01,03:00:14,755039000,RE CAVALIER I,Rosario
2026-10-01,03:00:14,701006926,FAVORITO SAN ANTONIO,Rosario
2026-10-01,03:00:14,253454000,TACCOLA,Rosario
2026-10-01,03:00:14,565607000,STRATEGIC EXPLORER,Rosario
2026-10-01,03:00:14,701006740,,Rosario
2026-10-01,03:00:14,645181000,DN67,Rosario
2026-10-01,03:00:14,701001307,MAX DREAM,Rosario
2026-10-01,03:00:14,755088000,DECATUR LADY,Rosario
2026-10-01,03:00:14,755044000,R/E CHACO X,Rosario
2026-10-01,03:00:14,538008439,UNION MARK,Rosario
2026-10-01,03:00:14,311001553,AFRICAN MARGAUX,Rosario
2026-10-01,03:00:14,701503000,GC77 GFO SAN MATIAS,Rosario
2026-10-01,03:00:14,701001404,GUAZU PUCU,Rosario
2026-10-01,03:00:14,755000020,AGUARA,Rosario
2026-10-01,03:00:14,205175000,PINTA,Rosario
2026-10-01,03:00:14,701138000,POLARIS,Rosario
2026-10-01,03:00:14,701006685,,DelGuazu
2026-10-01,03:00:14,376339000,,DelGuazu
2026-10-01,03:00:14,355357000,,DelGuazu
2026-10-01,03:00:14,710001270,,DelGuazu
2026-10-01,03:00:14,701090000,PARANA I,DelGuazu
2026-10-01,03:00:14,720034000,MOMPOX,BellaVista
2026-10-01,03:00:14,720949000,HB LYNX,BellaVista
2026-10-01,03:00:14,755194200,DON EDUARDO,BellaVista
2026-10-01,03:00:14,755015497,LANCHA LATERE,BellaVista
2026-10-01,03:00:14,755005068,GF GUARANI,BellaVista
2026-10-01,03:00:14,755003887,MARIA A,BellaVista
2026-10-01,03:00:14,755134000,LADOCE H,BellaVista
2026-10-01,03:00:14,755003963,DONA MAGDA,BellaVista
2026-10-01,03:00:14,755061000,TIO KIKE,BellaVista
2026-10-01,03:00:14,755142000,ARATIRI.,BellaVista
2026-10-01,03:00:14,755024000,RE CAVALIER XII,BellaVista
2026-10-01,03:00:14,755027000,CAVALIER XV,BellaVista
2026-10-01,03:00:14,755167000,GF BOQUERON,BellaVista
2026-10-01,03:10:34,563305300,IWAGI ISLAND,SanLorenzo
2026-10-01,03:10:34,755079000,DR.SALGADO H,SanLorenzo
2026-10-01,03:10:34,636023390,TROUVAILLE,SanLorenzo
2026-10-01,03:10:34,636024124,CL ZHANJIANG,SanLorenzo
2026-10-01,03:10:34,755003957,R/E JUANJO A,SanLorenzo
2026-10-01,03:10:34,636022816,SDM DONGGUAN,SanLorenzo
2026-10-01,03:10:34,311001845,DOLPHIN 21,SanLorenzo
2026-10-01,03:10:34,701170000,MAKENITA H,SanLorenzo
2026-10-01,03:10:34,636023707,FIESTA,SanLorenzo
2026-10-01,03:10:34,355174000,APOGEE SPIRIT,SanLorenzo
2026-10-01,03:10:34,538012438,WELLNESS DIVA,SanLorenzo
2026-10-01,03:10:34,636026236,AURIGA STAR,SanLorenzo
2026-10-01,03:10:34,636022194,PORT KYOTO,SanLorenzo
2026-10-01,03:10:34,701006466,NEPTUNO,SanLorenzo
2026-10-01,03:10:34,636017076,KARLINO,SanLorenzo
2026-10-01,03:10:34,701124000,JULIO A,SanLorenzo
2026-10-01,03:10:34,352004869,ROYAL GALAXY,SanLorenzo
2026-10-01,03:10:34,355702000,SOUTHERN STAR,SanLorenzo
2026-10-01,03:10:34,538009309,OCEAN VENUS,SanLorenzo
2026-10-01,03:10:34,210025000,ELONA,SanLorenzo
2026-10-01,03:10:34,538009155,NAMA,SanLorenzo
2026-10-01,03:10:34,477142400,BOCHEM BUCEPHALAS,SanLorenzo
2026-10-01,03:10:34,215143000,KEREM,SanLorenzo
2026-10-01,03:10:34,636022773,BBG LIJIANG,SanLorenzo
2026-10-01,03:10:34,755044000,R/E CHACO X,SanLorenzo
2026-10-01,03:10:34,563302200,IONA ISLAND,SanLorenzo
2026-10-01,03:10:34,374369000,SILVER DUBAI,SanLorenzo
2026-10-01,03:10:34,720915000,IB PARAGUAY,SanLorenzo
2026-10-01,03:10:34,354706000,CORESHIP OL,SanLorenzo
2026-10-01,03:10:34,755125000,,SanLorenzo
2026-10-01,03:10:34,636017923,PIRRIHIOS,SanLorenzo
2026-10-01,03:10:34,238067000,AP IMPERIAL,SanLorenzo
2026-10-01,03:10:34,7010004,,SanLorenzo
2026-10-01,03:10:34,755039000,RE CAVALIER I,SanLorenzo
2026-10-01,03:10:34,701138000,POLARIS,SanLorenzo
2026-10-01,03:10:34,701153000,PAULINO C,SanLorenzo
2026-10-01,03:10:34,755002941,HERKULES IV,SanLorenzo
2026-10-01,03:10:34,755000020,AGUARA,SanLorenzo
2026-10-01,03:10:34,205175000,PINTA,SanLorenzo
2026-10-01,03:10:34,352006354,BRAVE QUEST,SanLorenzo
2026-10-01,03:10:34,701006245,SAN JOSE V,SanLorenzo
2026-10-01,03:10:34,755122000,INQUEBRANTABLE,SanLorenzo
2026-10-01,03:10:34,755018000,CAPTAIN BILBO,SanLorenzo
2026-10-01,03:10:34,755157000,GF HUMAITA,SanLorenzo
2026-10-01,03:10:34,755201178,NUAR B.,SanLorenzo
2026-10-01,03:10:34,701006268,LAZARO,SanLorenzo
2026-10-01,03:10:34,720929000,IB NUEVA PALMIRA,SanLorenzo
2026-10-01,03:10:34,701006926,FAVORITO SAN ANTONIO,SanLorenzo
2026-10-01,03:10:34,565607000,STRATEGIC EXPLORER,SanLorenzo
2026-10-01,03:10:34,701001404,GUAZU PUCU,SanLorenzo
2026-10-01,03:10:34,701006740,GUILLERMO C,SanLorenzo
2026-10-01,03:10:34,755991013,PUMA,SanLorenzo
2026-10-01,03:10:34,701006396,VB RECOLETA,SanLorenzo
2026-10-01,03:10:34,701001307,MAX DREAM,SanLorenzo
2026-10-01,03:10:34,645181000,DN67,SanLorenzo
2026-10-01,03:10:34,538008439,UNION MARK,SanLorenzo
2026-10-01,03:10:34,311001553,AFRICAN MARGAUX,SanLorenzo
2026-10-01,03:10:34,755171000,IB CONCEPCION,SanLorenzo
2026-10-01,03:10:34,701503000,GC77 GFO SAN MATIAS,SanLorenzo
2026-10-01,03:10:34,636019448,,Rosario
2026-10-01,03:10:34,636023707,FIESTA,Rosario
2026-10-01,03:10:34,257087000,DAMSGAARD,Rosario
2026-10-01,03:10:34,210025000,ELONA,Rosario
2026-10-01,03:10:34,538012142,,Rosario
2026-10-01,03:10:34,563305300,IWAGI ISLAND,Rosario
2026-10-01,03:10:34,755079000,DR.SALGADO H,Rosario
2026-10-01,03:10:34,636023390,TROUVAILLE,Rosario
2026-10-01,03:10:34,636024124,CL ZHANJIANG,Rosario
2026-10-01,03:10:34,311001845,DOLPHIN 21,Rosario
2026-10-01,03:10:34,701170000,MAKENITA H,Rosario
2026-10-01,03:10:34,355174000,APOGEE SPIRIT,Rosario
2026-10-01,03:10:34,636026236,AURIGA STAR,Rosario
2026-10-01,03:10:34,636022194,PORT KYOTO,Rosario
2026-10-01,03:10:34,701006466,NEPTUNO,Rosario
2026-10-01,03:10:34,636017076,KARLINO,Rosario
2026-10-01,03:10:34,352004869,ROYAL GALAXY,Rosario
2026-10-01,03:10:34,355702000,SOUTHERN STAR,Rosario
2026-10-01,03:10:34,538009309,OCEAN VENUS,Rosario
2026-10-01,03:10:34,720929000,IB NUEVA PALMIRA,Rosario
2026-10-01,03:10:34,755002941,HERKULES IV,Rosario
2026-10-01,03:10:34,477142400,BOCHEM BUCEPHALAS,Rosario
2026-10-01,03:10:34,215143000,KEREM,Rosario
2026-10-01,03:10:34,636022773,BBG LIJIANG,Rosario
2026-10-01,03:10:34,374369000,SILVER DUBAI,Rosario
2026-10-01,03:10:34,720915000,IB PARAGUAY,Rosario
2026-10-01,03:10:34,720951000,,Rosario
2026-10-01,03:10:34,354706000,CORESHIP OL,Rosario
2026-10-01,03:10:34,755991013,,Rosario
2026-10-01,03:10:34,636017923,PIRRIHIOS,Rosario
2026-10-01,03:10:34,253454000,TACCOLA,Rosario
2026-10-01,03:10:34,538006220,C FORCE,Rosario
2026-10-01,03:10:34,701006245,SAN JOSE V,Rosario
2026-10-01,03:10:34,238067000,AP IMPERIAL,Rosario
2026-10-01,03:10:34,7010004,,Rosario
2026-10-01,03:10:34,701006740,GUILLERMO C,Rosario
2026-10-01,03:10:34,701153000,PAULINO C,Rosario
2026-10-01,03:10:34,755000020,AGUARA,Rosario
2026-10-01,03:10:34,352006354,BRAVE QUEST,Rosario
2026-10-01,03:10:34,205175000,PINTA,Rosario
2026-10-01,03:10:34,755122000,INQUEBRANTABLE,Rosario
2026-10-01,03:10:34,755201178,NUAR B.,Rosario
2026-10-01,03:10:34,701006268,LAZARO,Rosario
2026-10-01,03:10:34,701006926,FAVORITO SAN ANTONIO,Rosario
2026-10-01,03:10:34,565607000,STRATEGIC EXPLORER,Rosario
2026-10-01,03:10:34,755088000,DECATUR LADY,Rosario
2026-10-01,03:10:34,755044000,R/E CHACO X,Rosario
2026-10-01,03:10:34,701001307,MAX DREAM,Rosario
2026-10-01,03:10:34,645181000,DN67,Rosario
2026-10-01,03:10:34,755039000,RE CAVALIER I,Rosario
2026-10-01,03:10:34,538008439,UNION MARK,Rosario
2026-10-01,03:10:34,311001553,AFRICAN MARGAUX,Rosario
2026-10-01,03:10:34,701503000,GC77 GFO SAN MATIAS,Rosario
2026-10-01,03:10:34,701138000,POLARIS,Rosario
2026-10-01,03:10:34,701001404,GUAZU PUCU,Rosario
2026-10-01,03:10:34,636019792,,DelGuazu
2026-10-01,03:10:34,355357000,DRAKE WELL,DelGuazu
2026-10-01,03:10:34,701006685,,DelGuazu
2026-10-01,03:10:34,710001270,,DelGuazu
2026-10-01,03:10:34,701090000,PARANA I,DelGuazu
2026-10-01,03:10:34,376339000,PRINCESS GHAIDAA,DelGuazu
2026-10-01,03:10:34,755000500,,BellaVista
2026-10-01,03:10:34,755116000,,BellaVista
2026-10-01,03:10:34,720038000,,BellaVista
2026-10-01,03:10:34,755061000,TIO KIKE,BellaVista
2026-10-01,03:10:34,755015497,LANCHA LATERE,BellaVista
2026-10-01,03:10:34,720034000,MOMPOX,BellaVista
2026-10-01,03:10:34,701001057,,BellaVista
2026-10-01,03:10:34,755024000,RE CAVALIER XII,BellaVista
2026-10-01,03:10:34,755167000,GF BOQUERON,BellaVista
2026-10-01,03:10:34,755194200,DON EDUARDO,BellaVista
2026-10-01,03:10:34,755005068,GF GUARANI,BellaVista
2026-10-01,03:10:34,755003887,MARIA A,BellaVista
2026-10-01,03:10:34,755003963,DONA MAGDA,BellaVista
2026-10-01,03:10:34,720949000,HB LYNX,BellaVista
2026-10-01,03:10:34,755142000,ARATIRI.,BellaVista
2026-10-01,03:10:34,755027000,CAVALIER XV,BellaVista
2026-10-01,03:20:12,538009155,NAMA,SanLorenzo
2026-10-01,03:20:12,755003957,R/E JUANJO A,SanLorenzo
2026-10-01,03:20:12,701153000,PAULINO C,SanLorenzo
2026-10-01,03:20:12,563305300,IWAGI ISLAND,SanLorenzo
2026-10-01,03:20:12,636023390,TROUVAILLE,SanLorenzo
2026-10-01,03:20:12,755079000,DR.SALGADO H,SanLorenzo
2026-10-01,03:20:12,636024124,CL ZHANJIANG,SanLorenzo
2026-10-01,03:20:12,636022816,SDM DONGGUAN,SanLorenzo
2026-10-01,03:20:12,311001845,DOLPHIN 21,SanLorenzo
2026-10-01,03:20:12,701170000,MAKENITA H,SanLorenzo
2026-10-01,03:20:12,636023707,FIESTA,SanLorenzo
2026-10-01,03:20:12,355174000,APOGEE SPIRIT,SanLorenzo
2026-10-01,03:20:12,538012438,WELLNESS DIVA,SanLorenzo
2026-10-01,03:20:12,636026236,AURIGA STAR,SanLorenzo
2026-10-01,03:20:12,636017076,KARLINO,SanLorenzo
2026-10-01,03:20:12,636022194,PORT KYOTO,SanLorenzo
2026-10-01,03:20:12,352004869,ROYAL GALAXY,SanLorenzo
2026-10-01,03:20:12,355702000,SOUTHERN STAR,SanLorenzo
2026-10-01,03:20:12,701124000,JULIO A,SanLorenzo
2026-10-01,03:20:12,538009309,OCEAN VENUS,SanLorenzo
2026-10-01,03:20:12,210025000,ELONA,SanLorenzo
2026-10-01,03:20:12,755044000,R/E CHACO X,SanLorenzo
2026-10-01,03:20:12,215143000,KEREM,SanLorenzo
2026-10-01,03:20:12,477142400,BOCHEM BUCEPHALAS,SanLorenzo
2026-10-01,03:20:12,636022773,BBG LIJIANG,SanLorenzo
2026-10-01,03:20:12,563302200,IONA ISLAND,SanLorenzo
2026-10-01,03:20:12,374369000,SILVER DUBAI,SanLorenzo
2026-10-01,03:20:12,720915000,IB PARAGUAY,SanLorenzo
2026-10-01,03:20:12,755125000,,SanLorenzo
2026-10-01,03:20:12,354706000,CORESHIP OL,SanLorenzo
2026-10-01,03:20:12,636017923,PIRRIHIOS,SanLorenzo
2026-10-01,03:20:12,238067000,AP IMPERIAL,SanLorenzo
2026-10-01,03:20:12,565607000,STRATEGIC EXPLORER,SanLorenzo
2026-10-01,03:20:12,755088000,DECATUR LADY,SanLorenzo
2026-10-01,03:20:12,7010004,,SanLorenzo
2026-10-01,03:20:12,755991013,PUMA,SanLorenzo
2026-10-01,03:20:12,755058000,,SanLorenzo
2026-10-01,03:20:12,352006354,BRAVE QUEST,SanLorenzo
2026-10-01,03:20:12,311001553,AFRICAN MARGAUX,SanLorenzo
2026-10-01,03:20:12,701503000,GC77 GFO SAN MATIAS,SanLorenzo
2026-10-01,03:20:12,755000020,AGUARA,SanLorenzo
2026-10-01,03:20:12,205175000,PINTA,SanLorenzo
2026-10-01,03:20:12,755122000,INQUEBRANTABLE,SanLorenzo
2026-10-01,03:20:12,701006245,SAN JOSE V,SanLorenzo
2026-10-01,03:20:12,701006268,LAZARO,SanLorenzo
2026-10-01,03:20:12,755201178,NUAR B.,SanLorenzo
2026-10-01,03:20:12,720929000,IB NUEVA PALMIRA,SanLorenzo
2026-10-01,03:20:12,701006926,FAVORITO SAN ANTONIO,SanLorenzo
2026-10-01,03:20:12,701006740,GUILLERMO C,SanLorenzo
2026-10-01,03:20:12,645181000,DN67,SanLorenzo
2026-10-01,03:20:12,701001404,GUAZU PUCU,SanLorenzo
2026-10-01,03:20:12,755157000,GF HUMAITA,SanLorenzo
2026-10-01,03:20:12,755018000,CAPTAIN BILBO,SanLorenzo
2026-10-01,03:20:12,701006396,VB RECOLETA,SanLorenzo
2026-10-01,03:20:12,538008439,UNION MARK,SanLorenzo
2026-10-01,03:20:12,755039000,RE CAVALIER I,SanLorenzo
2026-10-01,03:20:12,701001307,MAX DREAM,SanLorenzo
2026-10-01,03:20:12,755171000,IB CONCEPCION,SanLorenzo
2026-10-01,03:20:12,701138000,POLARIS,SanLorenzo
2026-10-01,03:20:12,755002941,HERKULES IV,SanLorenzo
2026-10-01,03:20:12,311001845,DOLPHIN 21,Rosario
2026-10-01,03:20:12,701124000,,Rosario
2026-10-01,03:20:12,563305300,IWAGI ISLAND,Rosario
2026-10-01,03:20:12,636023390,TROUVAILLE,Rosario
2026-10-01,03:20:12,755079000,DR.SALGADO H,Rosario
2026-10-01,03:20:12,636024124,CL ZHANJIANG,Rosario
2026-10-01,03:20:12,701170000,MAKENITA H,Rosario
2026-10-01,03:20:12,636023707,FIESTA,Rosario
2026-10-01,03:20:12,355174000,APOGEE SPIRIT,Rosario
2026-10-01,03:20:12,257087000,DAMSGAARD,Rosario
2026-10-01,03:20:12,636022194,PORT KYOTO,Rosario
2026-10-01,03:20:12,636017076,KARLINO,Rosario
2026-10-01,03:20:12,352004869,ROYAL GALAXY,Rosario
2026-10-01,03:20:12,355702000,SOUTHERN STAR,Rosario
2026-10-01,03:20:12,538009309,OCEAN VENUS,Rosario
2026-10-01,03:20:12,215143000,KEREM,Rosario
2026-10-01,03:20:12,477142400,BOCHEM BUCEPHALAS,Rosario
2026-10-01,03:20:12,636022773,BBG LIJIANG,Rosario
2026-10-01,03:20:12,374369000,SILVER DUBAI,Rosario
2026-10-01,03:20:12,720915000,IB PARAGUAY,Rosario
2026-10-01,03:20:12,755991013,,Rosario
2026-10-01,03:20:12,354706000,CORESHIP OL,Rosario
2026-10-01,03:20:12,636017923,PIRRIHIOS,Rosario
2026-10-01,03:20:12,238067000,AP IMPERIAL,Rosario
2026-10-01,03:20:12,720951000,,Rosario
2026-10-01,03:20:12,720929000,IB NUEVA PALMIRA,Rosario
2026-10-01,03:20:12,755088000,DECATUR LADY,Rosario
2026-10-01,03:20:12,7010004,,Rosario
2026-10-01,03:20:12,538006220,C FORCE,Rosario
2026-10-01,03:20:12,352006354,BRAVE QUEST,Rosario
2026-10-01,03:20:12,701153000,PAULINO C,Rosario
2026-10-01,03:20:12,311001553,AFRICAN MARGAUX,Rosario
2026-10-01,03:20:12,755000020,AGUARA,Rosario
2026-10-01,03:20:12,701503000,GC77 GFO SAN MATIAS,Rosario
2026-10-01,03:20:12,205175000,PINTA,Rosario
2026-10-01,03:20:12,755122000,INQUEBRANTABLE,Rosario
2026-10-01,03:20:12,538012142,OCEAN WEST,Rosario
2026-10-01,03:20:12,701006245,SAN JOSE V,Rosario
2026-10-01,03:20:12,701006268,LAZARO,Rosario
2026-10-01,03:20:12,755201178,NUAR B.,Rosario
2026-10-01,03:20:12,701006926,FAVORITO SAN ANTONIO,Rosario
2026-10-01,03:20:12,701006740,GUILLERMO C,Rosario
2026-10-01,03:20:12,645181000,DN67,Rosario
2026-10-01,03:20:12,565607000,STRATEGIC EXPLORER,Rosario
2026-10-01,03:20:12,253454000,TACCOLA,Rosario
2026-10-01,03:20:12,755044000,R/E CHACO X,Rosario
2026-10-01,03:20:12,538008439,UNION MARK,Rosario
2026-10-01,03:20:12,755039000,RE CAVALIER I,Rosario
2026-10-01,03:20:12,701001307,MAX DREAM,Rosario
2026-10-01,03:20:12,701138000,POLARIS,Rosario
2026-10-01,03:20:12,755002941,HERKULES IV,Rosario
2026-10-01,03:20:12,701001404,GUAZU PUCU,Rosario
2026-10-01,03:20:12,355357000,DRAKE WELL,DelGuazu
2026-10-01,03:20:12,701006685,,DelGuazu
2026-10-01,03:20:12,701090000,PARANA I,DelGuazu
2026-10-01,03:20:12,376339000,PRINCESS GHAIDAA,DelGuazu
2026-10-01,03:20:12,720038000,,BellaVista
2026-10-01,03:20:12,755000500,,BellaVista
2026-10-01,03:20:12,701001057,,BellaVista
2026-10-01,03:20:12,755091000,,BellaVista
2026-10-01,03:20:12,720034000,MOMPOX,BellaVista
2026-10-01,03:20:12,755027000,CAVALIER XV,BellaVista
2026-10-01,03:20:12,755015497,LANCHA LATERE,BellaVista
2026-10-01,03:20:12,755194200,DON EDUARDO,BellaVista
2026-10-01,03:20:12,755142000,ARATIRI.,BellaVista
2026-10-01,03:20:12,755061000,TIO KIKE,BellaVista
2026-10-01,03:20:12,755005068,GF GUARANI,BellaVista
2026-10-01,03:20:12,720949000,HB LYNX,BellaVista
2026-10-01,03:20:12,755003963,DONA MAGDA,BellaVista
2026-10-01,03:20:12,755167000,GF BOQUERON,BellaVista
2026-10-01,03:20:12,755024000,RE CAVALIER XII,BellaVista
2026-10-01,03:30:11,755003957,R/E JUANJO A,SanLorenzo
2026-10-01,03:30:11,636023707,FIESTA,SanLorenzo
2026-10-01,03:30:11,755044000,R/E CHACO X,SanLorenzo
2026-10-01,03:30:11,253454000,,SanLorenzo
2026-10-01,03:30:11,563305300,IWAGI ISLAND,SanLorenzo
2026-10-01,03:30:11,636023390,TROUVAILLE,SanLorenzo
2026-10-01,03:30:11,755079000,DR.SALGADO H,SanLorenzo
2026-10-01,03:30:11,636024124,CL ZHANJIANG,SanLorenzo
2026-10-01,03:30:11,701170000,MAKENITA H,SanLorenzo
2026-10-01,03:30:11,311001845,DOLPHIN 21,SanLorenzo
2026-10-01,03:30:11,636022816,SDM DONGGUAN,SanLorenzo
2026-10-01,03:30:11,355174000,APOGEE SPIRIT,SanLorenzo
2026-10-01,03:30:11,538012438,WELLNESS DIVA,SanLorenzo
2026-10-01,03:30:11,636026236,AURIGA STAR,SanLorenzo
2026-10-01,03:30:11,636022194,PORT KYOTO,SanLorenzo
2026-10-01,03:30:11,636017076,KARLINO,SanLorenzo
2026-10-01,03:30:11,7010004,,SanLorenzo
2026-10-01,03:30:11,355702000,SOUTHERN STAR,SanLorenzo
2026-10-01,03:30:11,701124000,JULIO A,SanLorenzo
2026-10-01,03:30:11,352004869,ROYAL GALAXY,SanLorenzo
2026-10-01,03:30:11,538009309,OCEAN VENUS,SanLorenzo
2026-10-01,03:30:11,210025000,ELONA,SanLorenzo
2026-10-01,03:30:11,538009155,NAMA,SanLorenzo
2026-10-01,03:30:11,755039000,RE CAVALIER I,SanLorenzo
2026-10-01,03:30:11,215143000,KEREM,SanLorenzo
2026-10-01,03:30:11,477142400,BOCHEM BUCEPHALAS,SanLorenzo
2026-10-01,03:30:11,636022773,BBG LIJIANG,SanLorenzo
2026-10-01,03:30:11,563302200,IONA ISLAND,SanLorenzo
2026-10-01,03:30:11,374369000,SILVER DUBAI,SanLorenzo
2026-10-01,03:30:11,720929000,IB NUEVA PALMIRA,SanLorenzo
2026-10-01,03:30:11,720915000,IB PARAGUAY,SanLorenzo
2026-10-01,03:30:11,238067000,AP IMPERIAL,SanLorenzo
2026-10-01,03:30:11,701153000,PAULINO C,SanLorenzo
2026-10-01,03:30:11,755058000,,SanLorenzo
2026-10-01,03:30:11,755171000,IB CONCEPCION,SanLorenzo
2026-10-01,03:30:11,205175000,PINTA,SanLorenzo
2026-10-01,03:30:11,352006354,BRAVE QUEST,SanLorenzo
2026-10-01,03:30:11,755000020,AGUARA,SanLorenzo
2026-10-01,03:30:11,701503000,GC77 GFO SAN MATIAS,SanLorenzo
2026-10-01,03:30:11,701006245,SAN JOSE V,SanLorenzo
2026-10-01,03:30:11,701006268,LAZARO,SanLorenzo
2026-10-01,03:30:11,755122000,INQUEBRANTABLE,SanLorenzo
2026-10-01,03:30:11,755157000,GF HUMAITA,SanLorenzo
2026-10-01,03:30:11,755201178,NUAR B.,SanLorenzo
2026-10-01,03:30:11,701006926,FAVORITO SAN ANTONIO,SanLorenzo
2026-10-01,03:30:11,565607000,STRATEGIC EXPLORER,SanLorenzo
2026-10-01,03:30:11,755088000,DECATUR LADY,SanLorenzo
2026-10-01,03:30:11,645181000,DN67,SanLorenzo
2026-10-01,03:30:11,755018000,CAPTAIN BILBO,SanLorenzo
2026-10-01,03:30:11,755991013,PUMA,SanLorenzo
2026-10-01,03:30:11,701006396,VB RECOLETA,SanLorenzo
2026-10-01,03:30:11,701006740,GUILLERMO C,SanLorenzo
2026-10-01,03:30:11,538008439,UNION MARK,SanLorenzo
2026-10-01,03:30:11,636017923,PIRRIHIOS,SanLorenzo
2026-10-01,03:30:11,701001307,MAX DREAM,SanLorenzo
2026-10-01,03:30:11,311001553,AFRICAN MARGAUX,SanLorenzo
2026-10-01,03:30:11,701138000,POLARIS,SanLorenzo
2026-10-01,03:30:11,701001404,GUAZU PUCU,SanLorenzo
2026-10-01,03:30:11,755002941,HERKULES IV,SanLorenzo
2026-10-01,03:30:11,538009113,ALIKI PERROTIS,SanLorenzo
2026-10-01,03:30:11,701124000,,Rosario
2026-10-01,03:30:11,538006220,C FORCE,Rosario
2026-10-01,03:30:11,720951000,,Rosario
2026-10-01,03:30:11,636026236,AURIGA STAR,Rosario
2026-10-01,03:30:11,563305300,IWAGI ISLAND,Rosario
2026-10-01,03:30:11,636023390,TROUVAILLE,Rosario
2026-10-01,03:30:11,755079000,DR.SALGADO H,Rosario
2026-10-01,03:30:11,636024124,CL ZHANJIANG,Rosario
2026-10-01,03:30:11,701170000,MAKENITA H,Rosario
2026-10-01,03:30:11,311001845,,Rosario
2026-10-01,03:30:11,355174000,APOGEE SPIRIT,Rosario
2026-10-01,03:30:11,636022194,PORT KYOTO,Rosario
2026-10-01,03:30:11,636017076,KARLINO,Rosario
2026-10-01,03:30:11,7010004,,Rosario
2026-10-01,03:30:11,355702000,SOUTHERN STAR,Rosario
2026-10-01,03:30:11,352004869,ROYAL GALAXY,Rosario
2026-10-01,03:30:11,538009309,OCEAN VENUS,Rosario
2026-10-01,03:30:11,636019448,,Rosario
2026-10-01,03:30:11,720929000,IB NUEVA PALMIRA,Rosario
2026-10-01,03:30:11,701006740,GUILLERMO C,Rosario
2026-10-01,03:30:11,215143000,KEREM,Rosario
2026-10-01,03:30:11,477142400,BOCHEM BUCEPHALAS,Rosario
2026-10-01,03:30:11,636022773,BBG LIJIANG,Rosario
2026-10-01,03:30:11,755002941,HERKULES IV,Rosario
2026-10-01,03:30:11,374369000,SILVER DUBAI,Rosario
2026-10-01,03:30:11,720915000,IB PARAGUAY,Rosario
2026-10-01,03:30:11,354706000,CORESHIP OL,Rosario
2026-10-01,03:30:11,238067000,AP IMPERIAL,Rosario
2026-10-01,03:30:11,755991013,,Rosario
2026-10-01,03:30:11,701153000,PAULINO C,Rosario
2026-10-01,03:30:11,205175000,PINTA,Rosario
2026-10-01,03:30:11,352006354,BRAVE QUEST,Rosario
2026-10-01,03:30:11,755000020,AGUARA,Rosario
2026-10-01,03:30:11,701006245,SAN JOSE V,Rosario
2026-10-01,03:30:11,701006268,LAZARO,Rosario
2026-10-01,03:30:11,755122000,INQUEBRANTABLE,Rosario
2026-10-01,03:30:11,538012142,OCEAN WEST,Rosario
2026-10-01,03:30:11,755201178,NUAR B.,Rosario
2026-10-01,03:30:11,701006926,FAVORITO SAN ANTONIO,Rosario
2026-10-01,03:30:11,253454000,TACCOLA,Rosario
2026-10-01,03:30:11,565607000,STRATEGIC EXPLORER,Rosario
2026-10-01,03:30:11,755088000,DECATUR LADY,Rosario
2026-10-01,03:30:11,645181000,DN67,Rosario
2026-10-01,03:30:11,538008439,UNION MARK,Rosario
2026-10-01,03:30:11,636017923,PIRRIHIOS,Rosario
2026-10-01,03:30:11,701001307,MAX DREAM,Rosario
2026-10-01,03:30:11,755039000,RE CAVALIER I,Rosario
2026-10-01,03:30:11,311001553,AFRICAN MARGAUX,Rosario
2026-10-01,03:30:11,755044000,R/E CHACO X,Rosario
2026-10-01,03:30:11,701138000,POLARIS,Rosario
2026-10-01,03:30:11,701001404,GUAZU PUCU,Rosario
2026-10-01,03:30:11,538009113,ALIKI PERROTIS,Rosario
2026-10-01,03:30:11,701503000,GC77 GFO SAN MATIAS,Rosario
2026-10-01,03:30:11,355357000,,DelGuazu
2026-10-01,03:30:11,376339000,PRINCESS GHAIDAA,DelGuazu
2026-10-01,03:30:11,701090000,PARANA I,DelGuazu
2026-10-01,03:30:11,710001270,,DelGuazu
2026-10-01,03:30:11,755091000,,BellaVista
2026-10-01,03:30:11,755000500,,BellaVista
2026-10-01,03:30:11,755027000,CAVALIER XV,BellaVista
2026-10-01,03:30:11,755063000,HERKULE XVI,BellaVista
2026-10-01,03:30:11,720034000,MOMPOX,BellaVista
2026-10-01,03:30:11,755024000,RE CAVALIER XII,BellaVista
2026-10-01,03:30:11,755015497,LANCHA LATERE,BellaVista
2026-10-01,03:30:11,755005068,GF GUARANI,BellaVista
2026-10-01,03:30:11,755142000,ARATIRI.,BellaVista
2026-10-01,03:30:11,755061000,TIO KIKE,BellaVista
2026-10-01,03:30:11,755003963,DONA MAGDA,BellaVista
2026-10-01,03:30:11,755126000,LATERE,BellaVista
2026-10-01,03:30:11,720949000,HB LYNX,BellaVista
2026-10-01,03:30:11,755167000,GF BOQUERON,BellaVista
2026-10-01,03:40:14,355174000,APOGEE SPIRIT,SanLorenzo
2026-10-01,03:40:14,755044000,,SanLorenzo
2026-10-01,03:40:14,215143000,KEREM,SanLorenzo
2026-10-01,03:40:14,354706000,CORESHIP OL,SanLorenzo
2026-10-01,03:40:14,563305300,IWAGI ISLAND,SanLorenzo
2026-10-01,03:40:14,636023390,TROUVAILLE,SanLorenzo
2026-10-01,03:40:14,755079000,DR.SALGADO H,SanLorenzo
2026-10-01,03:40:14,636024124,CL ZHANJIANG,SanLorenzo
2026-10-01,03:40:14,701170000,MAKENITA H,SanLorenzo
2026-10-01,03:40:14,311001845,DOLPHIN 21,SanLorenzo
2026-10-01,03:40:14,636022816,SDM DONGGUAN,SanLorenzo
2026-10-01,03:40:14,636023707,FIESTA,SanLorenzo
2026-10-01,03:40:14,538012438,WELLNESS DIVA,SanLorenzo
2026-10-01,03:40:14,636026236,AURIGA STAR,SanLorenzo
2026-10-01,03:40:14,636022194,PORT KYOTO,SanLorenzo
2026-10-01,03:40:14,636025837,PAIWAN CHAMPION,SanLorenzo
2026-10-01,03:40:14,636017076,KARLINO,SanLorenzo
2026-10-01,03:40:14,701124000,JULIO A,SanLorenzo
2026-10-01,03:40:14,352004869,ROYAL GALAXY,SanLorenzo
2026-10-01,03:40:14,538009309,OCEAN VENUS,SanLorenzo
2026-10-01,03:40:14,355702000,SOUTHERN STAR,SanLorenzo
2026-10-01,03:40:14,253454000,,SanLorenzo
2026-10-01,03:40:14,210025000,ELONA,SanLorenzo
2026-10-01,03:40:14,538009155,NAMA,SanLorenzo
2026-10-01,03:40:14,205175000,PINTA,SanLorenzo
2026-10-01,03:40:14,477142400,BOCHEM BUCEPHALAS,SanLorenzo
2026-10-01,03:40:14,755088000,DECATUR LADY,SanLorenzo
2026-10-01,03:40:14,636022773,BBG LIJIANG,SanLorenzo
2026-10-01,03:40:14,755040000,,SanLorenzo
2026-10-01,03:40:14,563302200,IONA ISLAND,SanLorenzo
2026-10-01,03:40:14,374369000,SILVER DUBAI,SanLorenzo
2026-10-01,03:40:14,720915000,IB PARAGUAY,SanLorenzo
2026-10-01,03:40:14,720929000,IB NUEVA PALMIRA,SanLorenzo
2026-10-01,03:40:14,238067000,AP IMPERIAL,SanLorenzo
2026-10-01,03:40:14,755991013,PUMA,SanLorenzo
2026-10-01,03:40:14,7010004,,SanLorenzo
2026-10-01,03:40:14,701153000,PAULINO C,SanLorenzo
2026-10-01,03:40:14,538009113,ALIKI PERROTIS,SanLorenzo
2026-10-01,03:40:14,755002941,HERKULES IV,SanLorenzo
2026-10-01,03:40:14,701006245,SAN JOSE V,SanLorenzo
2026-10-01,03:40:14,755122000,INQUEBRANTABLE,SanLorenzo
2026-10-01,03:40:14,701006268,LAZARO,SanLorenzo
2026-10-01,03:40:14,755201178,NUAR B.,SanLorenzo
2026-10-01,03:40:14,701006926,FAVORITO SAN ANTONIO,SanLorenzo
2026-10-01,03:40:14,645181000,DN67,SanLorenzo
2026-10-01,03:40:14,636017923,PIRRIHIOS,SanLorenzo
2026-10-01,03:40:14,755157000,GF HUMAITA,SanLorenzo
2026-10-01,03:40:14,755018000,CAPTAIN BILBO,SanLorenzo
2026-10-01,03:40:14,565607000,STRATEGIC EXPLORER,SanLorenzo
2026-10-01,03:40:14,701001307,MAX DREAM,SanLorenzo
2026-10-01,03:40:14,701006396,VB RECOLETA,SanLorenzo
2026-10-01,03:40:14,755039000,RE CAVALIER I,SanLorenzo
2026-10-01,03:40:14,538008439,UNION MARK,SanLorenzo
2026-10-01,03:40:14,701001324,HALCON,SanLorenzo
2026-10-01,03:40:14,755058000,,SanLorenzo
2026-10-01,03:40:14,701138000,POLARIS,SanLorenzo
2026-10-01,03:40:14,701503000,GC77 GFO SAN MATIAS,SanLorenzo
2026-10-01,03:40:14,311001553,AFRICAN MARGAUX,SanLorenzo
2026-10-01,03:40:14,755171000,IB CONCEPCION,SanLorenzo
2026-10-01,03:40:14,352006354,BRAVE QUEST,SanLorenzo
2026-10-01,03:40:14,701001404,GUAZU PUCU,SanLorenzo
2026-10-01,03:40:14,311001845,,Rosario
2026-10-01,03:40:14,215143000,KEREM,Rosario
2026-10-01,03:40:14,755002941,HERKULES IV,Rosario
2026-10-01,03:40:14,238067000,AP IMPERIAL,Rosario
2026-10-01,03:40:14,563305300,IWAGI ISLAND,Rosario
2026-10-01,03:40:14,636023390,TROUVAILLE,Rosario
2026-10-01,03:40:14,755079000,DR.SALGADO H,Rosario
2026-10-01,03:40:14,636024124,CL ZHANJIANG,Rosario
2026-10-01,03:40:14,701170000,MAKENITA H,Rosario
2026-10-01,03:40:14,636023707,,Rosario
2026-10-01,03:40:14,355174000,APOGEE SPIRIT,Rosario
2026-10-01,03:40:14,720951000,,Rosario
2026-10-01,03:40:14,257087000,DAMSGAARD,Rosario
2026-10-01,03:40:14,636026236,AURIGA STAR,Rosario
2026-10-01,03:40:14,636022194,PORT KYOTO,Rosario
2026-10-01,03:40:14,636017076,KARLINO,Rosario
2026-10-01,03:40:14,352004869,ROYAL GALAXY,Rosario
2026-10-01,03:40:14,538009309,OCEAN VENUS,Rosario
2026-10-01,03:40:14,355702000,SOUTHERN STAR,Rosario
2026-10-01,03:40:14,477142400,BOCHEM BUCEPHALAS,Rosario
2026-10-01,03:40:14,636022773,BBG LIJIANG,Rosario
2026-10-01,03:40:14,374369000,SILVER DUBAI,Rosario
2026-10-01,03:40:14,720915000,IB PARAGUAY,Rosario
2026-10-01,03:40:14,354706000,CORESHIP OL,Rosario
2026-10-01,03:40:14,755991013,,Rosario
2026-10-01,03:40:14,720929000,IB NUEVA PALMIRA,Rosario
2026-10-01,03:40:14,7010004,,Rosario
2026-10-01,03:40:14,701153000,PAULINO C,Rosario
2026-10-01,03:40:14,205175000,PINTA,Rosario
2026-10-01,03:40:14,701006245,SAN JOSE V,Rosario
2026-10-01,03:40:14,755122000,INQUEBRANTABLE,Rosario
2026-10-01,03:40:14,701006268,LAZARO,Rosario
2026-10-01,03:40:14,755201178,NUAR B.,Rosario
2026-10-01,03:40:14,538012142,OCEAN WEST,Rosario
2026-10-01,03:40:14,701006926,FAVORITO SAN ANTONIO,Rosario
2026-10-01,03:40:14,645181000,DN67,Rosario
2026-10-01,03:40:14,755088000,DECATUR LADY,Rosario
2026-10-01,03:40:14,636017923,PIRRIHIOS,Rosario
2026-10-01,03:40:14,565607000,STRATEGIC EXPLORER,Rosario
2026-10-01,03:40:14,701001307,MAX DREAM,Rosario
2026-10-01,03:40:14,253454000,TACCOLA,Rosario
2026-10-01,03:40:14,755039000,RE CAVALIER I,Rosario
2026-10-01,03:40:14,538008439,UNION MARK,Rosario
2026-10-01,03:40:14,755044000,R/E CHACO X,Rosario
2026-10-01,03:40:14,701138000,POLARIS,Rosario
2026-10-01,03:40:14,701503000,GC77 GFO SAN MATIAS,Rosario
2026-10-01,03:40:14,352006354,BRAVE QUEST,Rosario
2026-10-01,03:40:14,311001553,AFRICAN MARGAUX,Rosario
2026-10-01,03:40:14,701001404,GUAZU PUCU,Rosario
2026-10-01,03:40:14,538009113,ALIKI PERROTIS,Rosario
2026-10-01,03:40:14,355357000,DRAKE WELL,DelGuazu
2026-10-01,03:40:14,701090000,PARANA I,DelGuazu
2026-10-01,03:40:14,710001270,,DelGuazu
2026-10-01,03:40:14,701006412,IQUIQUE,DelGuazu
2026-10-01,03:40:14,376339000,PRINCESS GHAIDAA,DelGuazu
2026-10-01,03:40:14,701001057,,BellaVista
2026-10-01,03:40:14,755015497,LANCHA LATERE,BellaVista
2026-10-01,03:40:14,720034000,MOMPOX,BellaVista
2026-10-01,03:40:14,755061000,TIO KIKE,BellaVista
2026-10-01,03:40:14,755142000,ARATIRI.,BellaVista
2026-10-01,03:40:14,755005068,GF GUARANI,BellaVista
2026-10-01,03:40:14,755134000,LADOCE H,BellaVista
2026-10-01,03:40:14,755003887,MARIA A,BellaVista
2026-10-01,03:40:14,755003963,DONA MAGDA,BellaVista
2026-10-01,03:40:14,720949000,HB LYNX,BellaVista
2026-10-01,03:40:14,755126000,LATERE,BellaVista
2026-10-01,03:40:14,755167000,GF BOQUERON,BellaVista
2026-10-01,03:40:14,755027000,CAVALIER XV,BellaVista
2026-10-01,03:40:14,755194200,DON EDUARDO,BellaVista
2026-10-01,03:40:14,755024000,RE CAVALIER XII,BellaVista
2026-10-01,03:50:12,755044000,,SanLorenzo
2026-10-01,03:50:12,355174000,APOGEE SPIRIT,SanLorenzo
2026-10-01,03:50:12,253454000,,SanLorenzo
2026-10-01,03:50:12,563305300,IWAGI ISLAND,SanLorenzo
2026-10-01,03:50:12,352006354,BRAVE QUEST,SanLorenzo
2026-10-01,03:50:12,636024124,CL ZHANJIANG,SanLorenzo
2026-10-01,03:50:12,755079000,DR.SALGADO H,SanLorenzo
2026-10-01,03:50:12,636023390,TROUVAILLE,SanLorenzo
2026-10-01,03:50:12,636022816,SDM DONGGUAN,SanLorenzo
2026-10-01,03:50:12,311001845,DOLPHIN 21,SanLorenzo
2026-10-01,03:50:12,701170000,MAKENITA H,SanLorenzo
2026-10-01,03:50:12,636023707,FIESTA,SanLorenzo
2026-10-01,03:50:12,538012438,WELLNESS DIVA,SanLorenzo
2026-10-01,03:50:12,636026236,AURIGA STAR,SanLorenzo
2026-10-01,03:50:12,636022194,PORT KYOTO,SanLorenzo
2026-10-01,03:50:12,636017076,KARLINO,SanLorenzo
2026-10-01,03:50:12,701124000,JULIO A,SanLorenzo
2026-10-01,03:50:12,352004869,ROYAL GALAXY,SanLorenzo
2026-10-01,03:50:12,538009309,OCEAN VENUS,SanLorenzo
2026-10-01,03:50:12,355702000,SOUTHERN STAR,SanLorenzo
2026-10-01,03:50:12,210025000,ELONA,SanLorenzo
2026-10-01,03:50:12,215143000,,SanLorenzo
2026-10-01,03:50:12,477142400,BOCHEM BUCEPHALAS,SanLorenzo
2026-10-01,03:50:12,636022773,BBG LIJIANG,SanLorenzo
2026-10-01,03:50:12,755088000,DECATUR LADY,SanLorenzo
2026-10-01,03:50:12,563302200,IONA ISLAND,SanLorenzo
2026-10-01,03:50:12,374369000,SILVER DUBAI,SanLorenzo
2026-10-01,03:50:12,755125000,,SanLorenzo
2026-10-01,03:50:12,354706000,CORESHIP OL,SanLorenzo
2026-10-01,03:50:12,238067000,AP IMPERIAL,SanLorenzo
2026-10-01,03:50:12,7010004,,SanLorenzo
2026-10-01,03:50:12,755058000,,SanLorenzo
2026-10-01,03:50:12,311001553,AFRICAN MARGAUX,SanLorenzo
2026-10-01,03:50:12,755002941,HERKULES IV,SanLorenzo
2026-10-01,03:50:12,701153000,PAULINO C,SanLorenzo
2026-10-01,03:50:12,755122000,INQUEBRANTABLE,SanLorenzo
2026-10-01,03:50:12,701503000,GC77 GFO SAN MATIAS,SanLorenzo
2026-10-01,03:50:12,636025837,PAIWAN CHAMPION,SanLorenzo
2026-10-01,03:50:12,701006268,LAZARO,SanLorenzo
2026-10-01,03:50:12,701006245,SAN JOSE V,SanLorenzo
2026-10-01,03:50:12,701006926,FAVORITO SAN ANTONIO,SanLorenzo
2026-10-01,03:50:12,755201178,NUAR B.,SanLorenzo
2026-10-01,03:50:12,565607000,STRATEGIC EXPLORER,SanLorenzo
2026-10-01,03:50:12,701006396,VB RECOLETA,SanLorenzo
2026-10-01,03:50:12,645181000,DN67,SanLorenzo
2026-10-01,03:50:12,755018000,CAPTAIN BILBO,SanLorenzo
2026-10-01,03:50:12,755157000,GF HUMAITA,SanLorenzo
2026-10-01,03:50:12,701001324,HALCON,SanLorenzo
2026-10-01,03:50:12,755991013,PUMA,SanLorenzo
2026-10-01,03:50:12,636017923,PIRRIHIOS,SanLorenzo
2026-10-01,03:50:12,701001307,MAX DREAM,SanLorenzo
2026-10-01,03:50:12,720929000,IB NUEVA PALMIRA,SanLorenzo
2026-10-01,03:50:12,538008439,UNION MARK,SanLorenzo
2026-10-01,03:50:12,701001404,GUAZU PUCU,SanLorenzo
2026-10-01,03:50:12,755171000,IB CONCEPCION,SanLorenzo
2026-10-01,03:50:12,701138000,POLARIS,SanLorenzo
2026-10-01,03:50:12,538009113,ALIKI PERROTIS,SanLorenzo
2026-10-01,03:50:12,205175000,PINTA,SanLorenzo
2026-10-01,03:50:12,755157000,,Rosario
2026-10-01,03:50:12,720951000,,Rosario
2026-10-01,03:50:12,311001845,DOLPHIN 21,Rosario
2026-10-01,03:50:12,636023707,FIESTA,Rosario
2026-10-01,03:50:12,352006354,BRAVE QUEST,Rosario
2026-10-01,03:50:12,563305300,IWAGI ISLAND,Rosario
2026-10-01,03:50:12,636024124,CL ZHANJIANG,Rosario
2026-10-01,03:50:12,755079000,DR.SALGADO H,Rosario
2026-10-01,03:50:12,636023390,TROUVAILLE,Rosario
2026-10-01,03:50:12,701170000,MAKENITA H,Rosario
2026-10-01,03:50:12,355174000,APOGEE SPIRIT,Rosario
2026-10-01,03:50:12,720929000,IB NUEVA PALMIRA,Rosario
2026-10-01,03:50:12,257087000,DAMSGAARD,Rosario
2026-10-01,03:50:12,253454000,TACCOLA,Rosario
2026-10-01,03:50:12,636026236,AURIGA STAR,Rosario
2026-10-01,03:50:12,636022194,PORT KYOTO,Rosario
2026-10-01,03:50:12,636017076,KARLINO,Rosario
2026-10-01,03:50:12,352004869,ROYAL GALAXY,Rosario
2026-10-01,03:50:12,538009309,OCEAN VENUS,Rosario
2026-10-01,03:50:12,355702000,SOUTHERN STAR,Rosario
2026-10-01,03:50:12,701001324,HALCON,Rosario
2026-10-01,03:50:12,215143000,,Rosario
2026-10-01,03:50:12,477142400,BOCHEM BUCEPHALAS,Rosario
2026-10-01,03:50:12,636022773,BBG LIJIANG,Rosario
2026-10-01,03:50:12,374369000,SILVER DUBAI,Rosario
2026-10-01,03:50:12,720915000,IB PARAGUAY,Rosario
2026-10-01,03:50:12,354706000,CORESHIP OL,Rosario
2026-10-01,03:50:12,755991013,,Rosario
2026-10-01,03:50:12,238067000,AP IMPERIAL,Rosario
2026-10-01,03:50:12,7010004,,Rosario
2026-10-01,03:50:12,701153000,PAULINO C,Rosario
2026-10-01,03:50:12,755122000,INQUEBRANTABLE,Rosario
2026-10-01,03:50:12,701503000,GC77 GFO SAN MATIAS,Rosario
2026-10-01,03:50:12,701006679,COOPOR ESTIBADOR I,Rosario
2026-10-01,03:50:12,538012142,OCEAN WEST,Rosario
2026-10-01,03:50:12,701006245,SAN JOSE V,Rosario
2026-10-01,03:50:12,701006268,LAZARO,Rosario
2026-10-01,03:50:12,701006926,FAVORITO SAN ANTONIO,Rosario
2026-10-01,03:50:12,755201178,NUAR B.,Rosario
2026-10-01,03:50:12,755088000,DECATUR LADY,Rosario
2026-10-01,03:50:12,565607000,STRATEGIC EXPLORER,Rosario
2026-10-01,03:50:12,645181000,DN67,Rosario
2026-10-01,03:50:12,636017923,PIRRIHIOS,Rosario
2026-10-01,03:50:12,701001307,MAX DREAM,Rosario
2026-10-01,03:50:12,755044000,R/E CHACO X,Rosario
2026-10-01,03:50:12,538008439,UNION MARK,Rosario
2026-10-01,03:50:12,701138000,POLARIS,Rosario
2026-10-01,03:50:12,701001404,GUAZU PUCU,Rosario
2026-10-01,03:50:12,538009113,ALIKI PERROTIS,Rosario
2026-10-01,03:50:12,205175000,PINTA,Rosario
2026-10-01,03:50:12,311001553,AFRICAN MARGAUX,Rosario
2026-10-01,03:50:12,355357000,DRAKE WELL,DelGuazu
2026-10-01,03:50:12,710001270,MERCOSUL SANTOS,DelGuazu
2026-10-01,03:50:12,701090000,PARANA I,DelGuazu
2026-10-01,03:50:12,701006412,IQUIQUE,DelGuazu
2026-10-01,03:50:12,701006643,DON RAXYZ,DelGuazu
2026-10-01,03:50:12,755024000,RE CAVALIER XII,BellaVista
2026-10-01,03:50:12,755194200,DON EDUARDO,BellaVista
2026-10-01,03:50:12,755005068,GF GUARANI,BellaVista
2026-10-01,03:50:12,755061000,TIO KIKE,BellaVista
2026-10-01,03:50:12,720949000,HB LYNX,BellaVista
2026-10-01,03:50:12,720034000,MOMPOX,BellaVista
2026-10-01,03:50:12,755134000,LADOCE H,BellaVista
2026-10-01,03:50:12,755003887,MARIA A,BellaVista
2026-10-01,03:50:12,755003963,DONA MAGDA,BellaVista
2026-10-01,03:50:12,755126000,LATERE,BellaVista
2026-10-01,03:50:12,755027000,CAVALIER XV,BellaVista
2026-10-01,03:50:12,755142000,ARATIRI.,BellaVista
2026-10-01,04:00:16,563305300,IWAGI ISLAND,SanLorenzo
2026-10-01,04:00:16,352006354,BRAVE QUEST,SanLorenzo
2026-10-01,04:00:16,636023390,TROUVAILLE,SanLorenzo
2026-10-01,04:00:16,636024124,CL ZHANJIANG,SanLorenzo
2026-10-01,04:00:16,755079000,DR.SALGADO H,SanLorenzo
2026-10-01,04:00:16,636022816,SDM DONGGUAN,SanLorenzo
2026-10-01,04:00:16,311001845,DOLPHIN 21,SanLorenzo
2026-10-01,04:00:16,701170000,MAKENITA H,SanLorenzo
2026-10-01,04:00:16,636023707,FIESTA,SanLorenzo
2026-10-01,04:00:16,355174000,APOGEE SPIRIT,SanLorenzo
2026-10-01,04:00:16,538012438,WELLNESS DIVA,SanLorenzo
2026-10-01,04:00:16,636026236,AURIGA STAR,SanLorenzo
2026-10-01,04:00:16,636022194,PORT KYOTO,SanLorenzo
2026-10-01,04:00:16,636017076,KARLINO,SanLorenzo
2026-10-01,04:00:16,701124000,JULIO A,SanLorenzo
2026-10-01,04:00:16,352004869,ROYAL GALAXY,SanLorenzo
2026-10-01,04:00:16,538009309,OCEAN VENUS,SanLorenzo
2026-10-01,04:00:16,210025000,ELONA,SanLorenzo
2026-10-01,04:00:16,355702000,SOUTHERN STAR,SanLorenzo
2026-10-01,04:00:16,755040000,,SanLorenzo
2026-10-01,04:00:16,538009155,,SanLorenzo
2026-10-01,04:00:16,215143000,,SanLorenzo
2026-10-01,04:00:16,477142400,BOCHEM BUCEPHALAS,SanLorenzo
2026-10-01,04:00:16,636022773,BBG LIJIANG,SanLorenzo
2026-10-01,04:00:16,563302200,IONA ISLAND,SanLorenzo
2026-10-01,04:00:16,374369000,SILVER DUBAI,SanLorenzo
2026-10-01,04:00:16,720915000,IB PARAGUAY,SanLorenzo
2026-10-01,04:00:16,354706000,CORESHIP OL,SanLorenzo
2026-10-01,04:00:16,701153000,PAULINO C,SanLorenzo
2026-10-01,04:00:16,755125000,,SanLorenzo
2026-10-01,04:00:16,755157000,GF HUMAITA,SanLorenzo
2026-10-01,04:00:16,238067000,AP IMPERIAL,SanLorenzo
2026-10-01,04:00:16,755991013,PUMA,SanLorenzo
2026-10-01,04:00:16,701503000,GC77 GFO SAN MATIAS,SanLorenzo
2026-10-01,04:00:16,205175000,PINTA,SanLorenzo
2026-10-01,04:00:16,701006245,SAN JOSE V,SanLorenzo
2026-10-01,04:00:16,636025837,PAIWAN CHAMPION,SanLorenzo
2026-10-01,04:00:16,755122000,INQUEBRANTABLE,SanLorenzo
2026-10-01,04:00:16,701006268,LAZARO,SanLorenzo
2026-10-01,04:00:16,701006926,FAVORITO SAN ANTONIO,SanLorenzo
2026-10-01,04:00:16,755201178,NUAR B.,SanLorenzo
2026-10-01,04:00:16,253454000,,SanLorenzo
2026-10-01,04:00:16,755088000,DECATUR LADY,SanLorenzo
2026-10-01,04:00:16,565607000,STRATEGIC EXPLORER,SanLorenzo
2026-10-01,04:00:16,645181000,DN67,SanLorenzo
2026-10-01,04:00:16,755018000,CAPTAIN BILBO,SanLorenzo
2026-10-01,04:00:16,636017923,PIRRIHIOS,SanLorenzo
2026-10-01,04:00:16,701001307,MAX DREAM,SanLorenzo
2026-10-01,04:00:16,755039000,RE CAVALIER I,SanLorenzo
2026-10-01,04:00:16,701006396,VB RECOLETA,SanLorenzo
2026-10-01,04:00:16,538008439,UNION MARK,SanLorenzo
2026-10-01,04:00:16,755058000,,SanLorenzo
2026-10-01,04:00:16,720929000,IB NUEVA PALMIRA,SanLorenzo
2026-10-01,04:00:16,755171000,IB CONCEPCION,SanLorenzo
2026-10-01,04:00:16,311001553,AFRICAN MARGAUX,SanLorenzo
2026-10-01,04:00:16,701138000,POLARIS,SanLorenzo
2026-10-01,04:00:16,7010004,,SanLorenzo
2026-10-01,04:00:16,538009113,ALIKI PERROTIS,SanLorenzo
2026-10-01,04:00:16,701001404,GUAZU PUCU,SanLorenzo
2026-10-01,04:00:16,755002941,HERKULES IV,SanLorenzo
2026-10-01,04:00:16,755079000,DR.SALGADO H,Rosario
2026-10-01,04:00:16,311001845,DOLPHIN 21,Rosario
2026-10-01,04:00:16,636023707,FIESTA,Rosario
2026-10-01,04:00:16,755991013,,Rosario
2026-10-01,04:00:16,701170000,MAKENITA H,Rosario
2026-10-01,04:00:16,257087000,DAMSGAARD,Rosario
2026-10-01,04:00:16,636025837,,Rosario
2026-10-01,04:00:16,701001324,HALCON,Rosario
2026-10-01,04:00:16,352006354,BRAVE QUEST,Rosario
2026-10-01,04:00:16,563305300,IWAGI ISLAND,Rosario
2026-10-01,04:00:16,636023390,TROUVAILLE,Rosario
2026-10-01,04:00:16,355174000,APOGEE SPIRIT,Rosario
2026-10-01,04:00:16,636026236,AURIGA STAR,Rosario
2026-10-01,04:00:16,636022194,PORT KYOTO,Rosario
2026-10-01,04:00:16,636017076,KARLINO,Rosario
2026-10-01,04:00:16,755002941,,Rosario
2026-10-01,04:00:16,352004869,ROYAL GALAXY,Rosario
2026-10-01,04:00:16,538009309,OCEAN VENUS,Rosario
2026-10-01,04:00:16,355702000,SOUTHERN STAR,Rosario
2026-10-01,04:00:16,215143000,,Rosario
2026-10-01,04:00:16,477142400,BOCHEM BUCEPHALAS,Rosario
2026-10-01,04:00:16,636022773,BBG LIJIANG,Rosario
2026-10-01,04:00:16,720951000,,Rosario
2026-10-01,04:00:16,374369000,SILVER DUBAI,Rosario
2026-10-01,04:00:16,720915000,IB PARAGUAY,Rosario
2026-10-01,04:00:16,354706000,CORESHIP OL,Rosario
2026-10-01,04:00:16,538006220,,Rosario
2026-10-01,04:00:16,701001307,MAX DREAM,Rosario
2026-10-01,04:00:16,238067000,AP IMPERIAL,Rosario
2026-10-01,04:00:16,701153000,PAULINO C,Rosario
2026-10-01,04:00:16,720929000,,Rosario
2026-10-01,04:00:16,701503000,GC77 GFO SAN MATIAS,Rosario
2026-10-01,04:00:16,205175000,PINTA,Rosario
2026-10-01,04:00:16,701006245,SAN JOSE V,Rosario
2026-10-01,04:00:16,755122000,INQUEBRANTABLE,Rosario
2026-10-01,04:00:16,701006679,COOPOR ESTIBADOR I,Rosario
2026-10-01,04:00:16,701006268,LAZARO,Rosario
2026-10-01,04:00:16,538012142,OCEAN WEST,Rosario
2026-10-01,04:00:16,701006926,FAVORITO SAN ANTONIO,Rosario
2026-10-01,04:00:16,755201178,NUAR B.,Rosario
2026-10-01,04:00:16,253454000,TACCOLA,Rosario
2026-10-01,04:00:16,755088000,DECATUR LADY,Rosario
2026-10-01,04:00:16,565607000,STRATEGIC EXPLORER,Rosario
2026-10-01,04:00:16,636017923,PIRRIHIOS,Rosario
2026-10-01,04:00:16,645181000,DN67,Rosario
2026-10-01,04:00:16,755039000,RE CAVALIER I,Rosario
2026-10-01,04:00:16,538008439,UNION MARK,Rosario
2026-10-01,04:00:16,755044000,R/E CHACO X,Rosario
2026-10-01,04:00:16,311001553,AFRICAN MARGAUX,Rosario
2026-10-01,04:00:16,701138000,POLARIS,Rosario
2026-10-01,04:00:16,7010004,,Rosario
2026-10-01,04:00:16,538009113,ALIKI PERROTIS,Rosario
2026-10-01,04:00:16,701001404,GUAZU PUCU,Rosario
2026-10-01,04:00:16,636019792,,DelGuazu
2026-10-01,04:00:16,355357000,DRAKE WELL,DelGuazu
2026-10-01,04:00:16,710001270,MERCOSUL SANTOS,DelGuazu
2026-10-01,04:00:16,701090000,PARANA I,DelGuazu
2026-10-01,04:00:16,701006412,IQUIQUE,DelGuazu
2026-10-01,04:00:16,701006643,DON RAXYZ,DelGuazu
2026-10-01,04:00:16,755142000,ARATIRI.,BellaVista
2026-10-01,04:00:16,755061000,TIO KIKE,BellaVista
2026-10-01,04:00:16,755005068,GF GUARANI,BellaVista
2026-10-01,04:00:16,755134000,LADOCE H,BellaVista
2026-10-01,04:00:16,755003887,MARIA A,BellaVista
2026-10-01,04:00:16,755003963,DONA MAGDA,BellaVista
2026-10-01,04:00:16,720034000,MOMPOX,BellaVista
2026-10-01,04:00:16,755126000,LATERE,BellaVista
2026-10-01,04:00:16,720949000,HB LYNX,BellaVista
2026-10-01,04:00:16,755167000,GF BOQUERON,BellaVista
2026-10-01,04:00:16,755194200,DON EDUARDO,BellaVista
2026-10-01,04:10:13,755125000,,SanLorenzo
2026-10-01,04:10:13,563305300,IWAGI ISLAND,SanLorenzo
2026-10-01,04:10:13,352006354,BRAVE QUEST,SanLorenzo
2026-10-01,04:10:13,636023390,TROUVAILLE,SanLorenzo
2026-10-01,04:10:13,755079000,DR.SALGADO H,SanLorenzo
2026-10-01,04:10:13,636024124,CL ZHANJIANG,SanLorenzo
2026-10-01,04:10:13,311001845,DOLPHIN 21,SanLorenzo
2026-10-01,04:10:13,636022816,SDM DONGGUAN,SanLorenzo
2026-10-01,04:10:13,701170000,MAKENITA H,SanLorenzo
2026-10-01,04:10:13,636023707,FIESTA,SanLorenzo
2026-10-01,04:10:13,355174000,APOGEE SPIRIT,SanLorenzo
2026-10-01,04:10:13,538012438,WELLNESS DIVA,SanLorenzo
2026-10-01,04:10:13,7010004,,SanLorenzo
2026-10-01,04:10:13,636026236,AURIGA STAR,SanLorenzo
2026-10-01,04:10:13,636022194,PORT KYOTO,SanLorenzo
2026-10-01,04:10:13,636017076,KARLINO,SanLorenzo
2026-10-01,04:10:13,701124000,JULIO A,SanLorenzo
2026-10-01,04:10:13,538009309,OCEAN VENUS,SanLorenzo
2026-10-01,04:10:13,210025000,ELONA,SanLorenzo
2026-10-01,04:10:13,355702000,SOUTHERN STAR,SanLorenzo
2026-10-01,04:10:13,352004869,ROYAL GALAXY,SanLorenzo
2026-10-01,04:10:13,538009155,NAMA,SanLorenzo
2026-10-01,04:10:13,215143000,KEREM,SanLorenzo
2026-10-01,04:10:13,477142400,BOCHEM BUCEPHALAS,SanLorenzo
2026-10-01,04:10:13,636022773,BBG LIJIANG,SanLorenzo
2026-10-01,04:10:13,755039000,RE CAVALIER I,SanLorenzo
2026-10-01,04:10:13,563302200,IONA ISLAND,SanLorenzo
2026-10-01,04:10:13,374369000,SILVER DUBAI,SanLorenzo
2026-10-01,04:10:13,720915000,IB PARAGUAY,SanLorenzo
2026-10-01,04:10:13,354706000,CORESHIP OL,SanLorenzo
2026-10-01,04:10:13,755040000,,SanLorenzo
2026-10-01,04:10:13,565607000,STRATEGIC EXPLORER,SanLorenzo
2026-10-01,04:10:13,238067000,AP IMPERIAL,SanLorenzo
2026-10-01,04:10:13,755088000,DECATUR LADY,SanLorenzo
2026-10-01,04:10:13,701153000,PAULINO C,SanLorenzo
2026-10-01,04:10:13,701138000,POLARIS,SanLorenzo
2026-10-01,04:10:13,755002941,HERKULES IV,SanLorenzo
2026-10-01,04:10:13,701503000,GC77 GFO SAN MATIAS,SanLorenzo
2026-10-01,04:10:13,205175000,PINTA,SanLorenzo
2026-10-01,04:10:13,755122000,INQUEBRANTABLE,SanLorenzo
2026-10-01,04:10:13,636025837,PAIWAN CHAMPION,SanLorenzo
2026-10-01,04:10:13,701006245,SAN JOSE V,SanLorenzo
2026-10-01,04:10:13,755157000,GF HUMAITA,SanLorenzo
2026-10-01,04:10:13,755201178,NUAR B.,SanLorenzo
2026-10-01,04:10:13,755018000,CAPTAIN BILBO,SanLorenzo
2026-10-01,04:10:13,701006926,FAVORITO SAN ANTONIO,SanLorenzo
2026-10-01,04:10:13,701006268,LAZARO,SanLorenzo
2026-10-01,04:10:13,253454000,TACCOLA,SanLorenzo
2026-10-01,04:10:13,645181000,DN67,SanLorenzo
2026-10-01,04:10:13,755991013,PUMA,SanLorenzo
2026-10-01,04:10:13,701006396,VB RECOLETA,SanLorenzo
2026-10-01,04:10:13,701001307,MAX DREAM,SanLorenzo
2026-10-01,04:10:13,538008439,UNION MARK,SanLorenzo
2026-10-01,04:10:13,720929000,IB NUEVA PALMIRA,SanLorenzo
2026-10-01,04:10:13,538009113,ALIKI PERROTIS,SanLorenzo
2026-10-01,04:10:13,311001553,AFRICAN MARGAUX,SanLorenzo
2026-10-01,04:10:13,701001404,GUAZU PUCU,SanLorenzo
2026-10-01,04:10:13,755171000,IB CONCEPCION,SanLorenzo
2026-10-01,04:10:13,755157000,,Rosario
2026-10-01,04:10:13,257087000,DAMSGAARD,Rosario
2026-10-01,04:10:13,720951000,HB CENTAURUS,Rosario
2026-10-01,04:10:13,755002941,,Rosario
2026-10-01,04:10:13,720929000,IB NUEVA PALMIRA,Rosario
2026-10-01,04:10:13,352006354,BRAVE QUEST,Rosario
2026-10-01,04:10:13,563305300,IWAGI ISLAND,Rosario
2026-10-01,04:10:13,636023390,TROUVAILLE,Rosario
2026-10-01,04:10:13,755079000,DR.SALGADO H,Rosario
2026-10-01,04:10:13,636024124,CL ZHANJIANG,Rosario
2026-10-01,04:10:13,311001845,DOLPHIN 21,Rosario
2026-10-01,04:10:13,701170000,MAKENITA H,Rosario
2026-10-01,04:10:13,636023707,FIESTA,Rosario
2026-10-01,04:10:13,355174000,APOGEE SPIRIT,Rosario
2026-10-01,04:10:13,636026236,AURIGA STAR,Rosario
2026-10-01,04:10:13,7010004,,Rosario
2026-10-01,04:10:13,636022194,PORT KYOTO,Rosario
2026-10-01,04:10:13,636017076,KARLINO,Rosario
2026-10-01,04:10:13,538009309,OCEAN VENUS,Rosario
2026-10-01,04:10:13,355702000,SOUTHERN STAR,Rosario
2026-10-01,04:10:13,636019448,,Rosario
2026-10-01,04:10:13,352004869,ROYAL GALAXY,Rosario
2026-10-01,04:10:13,249865000,,Rosario
2026-10-01,04:10:13,477142400,BOCHEM BUCEPHALAS,Rosario
2026-10-01,04:10:13,215143000,KEREM,Rosario
2026-10-01,04:10:13,636022773,BBG LIJIANG,Rosario
2026-10-01,04:10:13,374369000,SILVER DUBAI,Rosario
2026-10-01,04:10:13,720915000,IB PARAGUAY,Rosario
2026-10-01,04:10:13,701006242,,Rosario
2026-10-01,04:10:13,354706000,CORESHIP OL,Rosario
2026-10-01,04:10:13,755991013,,Rosario
2026-10-01,04:10:13,238067000,AP IMPERIAL,Rosario
2026-10-01,04:10:13,701153000,PAULINO C,Rosario
2026-10-01,04:10:13,701138000,POLARIS,Rosario
2026-10-01,04:10:13,701503000,GC77 GFO SAN MATIAS,Rosario
2026-10-01,04:10:13,205175000,PINTA,Rosario
2026-10-01,04:10:13,755122000,INQUEBRANTABLE,Rosario
2026-10-01,04:10:13,701006245,SAN JOSE V,Rosario
2026-10-01,04:10:13,755201178,NUAR B.,Rosario
2026-10-01,04:10:13,701006926,FAVORITO SAN ANTONIO,Rosario
2026-10-01,04:10:13,701006268,LAZARO,Rosario
2026-10-01,04:10:13,538012142,OCEAN WEST,Rosario
2026-10-01,04:10:13,253454000,TACCOLA,Rosario
2026-10-01,04:10:13,755088000,DECATUR LADY,Rosario
2026-10-01,04:10:13,645181000,DN67,Rosario
2026-10-01,04:10:13,565607000,STRATEGIC EXPLORER,Rosario
2026-10-01,04:10:13,755039000,RE CAVALIER I,Rosario
2026-10-01,04:10:13,701001307,MAX DREAM,Rosario
2026-10-01,04:10:13,538008439,UNION MARK,Rosario
2026-10-01,04:10:13,755044000,R/E CHACO X,Rosario
2026-10-01,04:10:13,538009113,ALIKI PERROTIS,Rosario
2026-10-01,04:10:13,311001553,AFRICAN MARGAUX,Rosario
2026-10-01,04:10:13,701001404,GUAZU PUCU,Rosario
2026-10-01,04:10:13,636019792,,DelGuazu
2026-10-01,04:10:13,355357000,DRAKE WELL,DelGuazu
2026-10-01,04:10:13,710001270,MERCOSUL SANTOS,DelGuazu
2026-10-01,04:10:13,701090000,PARANA I,DelGuazu
2026-10-01,04:10:13,701006412,IQUIQUE,DelGuazu
2026-10-01,04:10:13,701006643,DON RAXYZ,DelGuazu
2026-10-01,04:10:13,755116000,,BellaVista
2026-10-01,04:10:13,720038000,,BellaVista
2026-10-01,04:10:13,755000500,,BellaVista
2026-10-01,04:10:13,877228816,LANCHA MARIA AUX,BellaVista
2026-10-01,04:10:13,701001057,,BellaVista
2026-10-01,04:10:13,755142000,ARATIRI.,BellaVista
2026-10-01,04:10:13,755005068,GF GUARANI,BellaVista
2026-10-01,04:10:13,755091000,MARIA AUXILIADORA,BellaVista
2026-10-01,04:10:13,755134000,LADOCE H,BellaVista
2026-10-01,04:10:13,755063000,,BellaVista
2026-10-01,04:10:13,720034000,MOMPOX,BellaVista
2026-10-01,04:10:13,755061000,TIO KIKE,BellaVista
2026-10-01,04:10:13,755003963,DONA MAGDA,BellaVista
2026-10-01,04:10:13,720949000,HB LYNX,BellaVista
2026-10-01,04:10:13,755167000,GF BOQUERON,BellaVista
2026-10-01,04:10:13,755027000,CAVALIER XV,BellaVista
2026-10-01,04:20:11,720915000,IB PARAGUAY,SanLorenzo
2026-10-01,04:20:11,352006354,BRAVE QUEST,SanLorenzo
2026-10-01,04:20:11,563305300,IWAGI ISLAND,SanLorenzo
2026-10-01,04:20:11,755079000,DR.SALGADO H,SanLorenzo
2026-10-01,04:20:11,636023390,TROUVAILLE,SanLorenzo
2026-10-01,04:20:11,311001845,DOLPHIN 21,SanLorenzo
2026-10-01,04:20:11,636024124,CL ZHANJIANG,SanLorenzo
2026-10-01,04:20:11,636022816,SDM DONGGUAN,SanLorenzo
2026-10-01,04:20:11,636023707,FIESTA,SanLorenzo
2026-10-01,04:20:11,701170000,MAKENITA H,SanLorenzo
2026-10-01,04:20:11,355174000,APOGEE SPIRIT,SanLorenzo
2026-10-01,04:20:11,538012438,WELLNESS DIVA,SanLorenzo
2026-10-01,04:20:11,636026236,AURIGA STAR,SanLorenzo
2026-10-01,04:20:11,7010004,,SanLorenzo
2026-10-01,04:20:11,636022194,PORT KYOTO,SanLorenzo
2026-10-01,04:20:11,636017076,KARLINO,SanLorenzo
2026-10-01,04:20:11,701124000,JULIO A,SanLorenzo
2026-10-01,04:20:11,355702000,SOUTHERN STAR,SanLorenzo
2026-10-01,04:20:11,538009309,OCEAN VENUS,SanLorenzo
2026-10-01,04:20:11,352004869,ROYAL GALAXY,SanLorenzo
2026-10-01,04:20:11,210025000,ELONA,SanLorenzo
2026-10-01,04:20:11,538009155,NAMA,SanLorenzo
2026-10-01,04:20:11,215143000,KEREM,SanLorenzo
2026-10-01,04:20:11,477142400,BOCHEM BUCEPHALAS,SanLorenzo
2026-10-01,04:20:11,636022773,BBG LIJIANG,SanLorenzo
2026-10-01,04:20:11,563302200,IONA ISLAND,SanLorenzo
2026-10-01,04:20:11,374369000,SILVER DUBAI,SanLorenzo
2026-10-01,04:20:11,755040000,,SanLorenzo
2026-10-01,04:20:11,755171000,IB CONCEPCION,SanLorenzo
2026-10-01,04:20:11,354706000,CORESHIP OL,SanLorenzo
2026-10-01,04:20:11,238067000,AP IMPERIAL,SanLorenzo
2026-10-01,04:20:11,755002941,HERKULES IV,SanLorenzo
2026-10-01,04:20:11,701153000,PAULINO C,SanLorenzo
2026-10-01,04:20:11,205175000,PINTA,SanLorenzo
2026-10-01,04:20:11,755122000,INQUEBRANTABLE,SanLorenzo
2026-10-01,04:20:11,636025837,PAIWAN CHAMPION,SanLorenzo
2026-10-01,04:20:11,701006245,SAN JOSE V,SanLorenzo
2026-10-01,04:20:11,755018000,CAPTAIN BILBO,SanLorenzo
2026-10-01,04:20:11,701006268,LAZARO,SanLorenzo
2026-10-01,04:20:11,755201178,NUAR B.,SanLorenzo
2026-10-01,04:20:11,701006926,FAVORITO SAN ANTONIO,SanLorenzo
2026-10-01,04:20:11,755088000,DECATUR LADY,SanLorenzo
2026-10-01,04:20:11,701006396,VB RECOLETA,SanLorenzo
2026-10-01,04:20:11,645181000,DN67,SanLorenzo
2026-10-01,04:20:11,701001404,GUAZU PUCU,SanLorenzo
2026-10-01,04:20:11,755157000,GF HUMAITA,SanLorenzo
2026-10-01,04:20:11,755991013,PUMA,SanLorenzo
2026-10-01,04:20:11,253454000,TACCOLA,SanLorenzo
2026-10-01,04:20:11,565607000,STRATEGIC EXPLORER,SanLorenzo
2026-10-01,04:20:11,755039000,RE CAVALIER I,SanLorenzo
2026-10-01,04:20:11,538008439,UNION MARK,SanLorenzo
2026-10-01,04:20:11,720929000,IB NUEVA PALMIRA,SanLorenzo
2026-10-01,04:20:11,538009113,ALIKI PERROTIS,SanLorenzo
2026-10-01,04:20:11,311001553,AFRICAN MARGAUX,SanLorenzo
2026-10-01,04:20:11,701138000,POLARIS,SanLorenzo
2026-10-01,04:20:11,701503000,GC77 GFO SAN MATIAS,SanLorenzo
2026-10-01,04:20:11,755171000,,Rosario
2026-10-01,04:20:11,755002941,,Rosario
2026-10-01,04:20:11,352006354,BRAVE QUEST,Rosario
2026-10-01,04:20:11,563305300,IWAGI ISLAND,Rosario
2026-10-01,04:20:11,755079000,DR.SALGADO H,Rosario
2026-10-01,04:20:11,636023390,TROUVAILLE,Rosario
2026-10-01,04:20:11,311001845,DOLPHIN 21,Rosario
2026-10-01,04:20:11,636024124,CL ZHANJIANG,Rosario
2026-10-01,04:20:11,636023707,FIESTA,Rosario
2026-10-01,04:20:11,701170000,MAKENITA H,Rosario
2026-10-01,04:20:11,701006242,,Rosario
2026-10-01,04:20:11,355174000,APOGEE SPIRIT,Rosario
2026-10-01,04:20:11,257087000,DAMSGAARD,Rosario
2026-10-01,04:20:11,636025837,,Rosario
2026-10-01,04:20:11,755157000,,Rosario
2026-10-01,04:20:11,636026236,AURIGA STAR,Rosario
2026-10-01,04:20:11,7010004,,Rosario
2026-10-01,04:20:11,636022194,PORT KYOTO,Rosario
2026-10-01,04:20:11,636017076,KARLINO,Rosario
2026-10-01,04:20:11,355702000,SOUTHERN STAR,Rosario
2026-10-01,04:20:11,538009309,OCEAN VENUS,Rosario
2026-10-01,04:20:11,352004869,ROYAL GALAXY,Rosario
2026-10-01,04:20:11,636019448,STAR WAVE,Rosario
2026-10-01,04:20:11,215143000,KEREM,Rosario
2026-10-01,04:20:11,477142400,BOCHEM BUCEPHALAS,Rosario
2026-10-01,04:20:11,636022773,BBG LIJIANG,Rosario
2026-10-01,04:20:11,374369000,SILVER DUBAI,Rosario
2026-10-01,04:20:11,720915000,IB PARAGUAY,Rosario
2026-10-01,04:20:11,354706000,CORESHIP OL,Rosario
2026-10-01,04:20:11,755991013,,Rosario
2026-10-01,04:20:11,238067000,AP IMPERIAL,Rosario
2026-10-01,04:20:11,720951000,HB CENTAURUS,Rosario
2026-10-01,04:20:11,701006926,FAVORITO SAN ANTONIO,Rosario
2026-10-01,04:20:11,701153000,PAULINO C,Rosario
2026-10-01,04:20:11,538012142,OCEAN WEST,Rosario
2026-10-01,04:20:11,205175000,PINTA,Rosario
2026-10-01,04:20:11,755122000,INQUEBRANTABLE,Rosario
2026-10-01,04:20:11,701006245,SAN JOSE V,Rosario
2026-10-01,04:20:11,701006268,LAZARO,Rosario
2026-10-01,04:20:11,755201178,NUAR B.,Rosario
2026-10-01,04:20:11,755088000,DECATUR LADY,Rosario
2026-10-01,04:20:11,645181000,DN67,Rosario
2026-10-01,04:20:11,755044000,R/E CHACO X,Rosario
2026-10-01,04:20:11,253454000,TACCOLA,Rosario
2026-10-01,04:20:11,565607000,STRATEGIC EXPLORER,Rosario
2026-10-01,04:20:11,755039000,RE CAVALIER I,Rosario
2026-10-01,04:20:11,720929000,,Rosario
2026-10-01,04:20:11,538008439,UNION MARK,Rosario
2026-10-01,04:20:11,538009113,ALIKI PERROTIS,Rosario
2026-10-01,04:20:11,701138000,POLARIS,Rosario
2026-10-01,04:20:11,311001553,AFRICAN MARGAUX,Rosario
2026-10-01,04:20:11,701503000,GC77 GFO SAN MATIAS,Rosario
2026-10-01,04:20:11,701001404,GUAZU PUCU,Rosario
2026-10-01,04:20:11,636019792,,DelGuazu
2026-10-01,04:20:11,355357000,,DelGuazu
2026-10-01,04:20:11,701090000,PARANA I,DelGuazu
2026-10-01,04:20:11,710001270,MERCOSUL SANTOS,DelGuazu
2026-10-01,04:20:11,701006412,IQUIQUE,DelGuazu
2026-10-01,04:20:11,701006643,DON RAXYZ,DelGuazu
2026-10-01,04:20:11,701006221,,BellaVista
2026-10-01,04:20:11,720038000,,BellaVista
2026-10-01,04:20:11,701001057,,BellaVista
2026-10-01,04:20:11,755005068,GF GUARANI,BellaVista
2026-10-01,04:20:11,755091000,MARIA AUXILIADORA,BellaVista
2026-10-01,04:20:11,755000500,IB AGUARA,BellaVista
2026-10-01,04:20:11,755003887,MARIA A,BellaVista
2026-10-01,04:20:11,755134000,LADOCE H,BellaVista
2026-10-01,04:20:11,755126000,LATERE,BellaVista
2026-10-01,04:20:11,755063000,HERKULE XVI,BellaVista
2026-10-01,04:20:11,720949000,HB LYNX,BellaVista
2026-10-01,04:20:11,720034000,MOMPOX,BellaVista
2026-10-01,04:20:11,755061000,TIO KIKE,BellaVista
2026-10-01,04:20:11,755194200,DON EDUARDO,BellaVista
2026-10-01,04:20:11,755142000,ARATIRI.,BellaVista
2026-10-01,04:20:11,755167000,GF BOQUERON,BellaVista
2026-10-01,04:30:11,720915000,IB PARAGUAY,SanLorenzo
2026-10-01,04:30:11,538012142,,SanLorenzo
2026-10-01,04:30:11,538012438,WELLNESS DIVA,SanLorenzo
2026-10-01,04:30:11,538009309,OCEAN VENUS,SanLorenzo
2026-10-01,04:30:11,210025000,ELONA,SanLorenzo
2026-10-01,04:30:11,563305300,IWAGI ISLAND,SanLorenzo
2026-10-01,04:30:11,352006354,BRAVE QUEST,SanLorenzo
2026-10-01,04:30:11,636023390,TROUVAILLE,SanLorenzo
2026-10-01,04:30:11,755079000,DR.SALGADO H,SanLorenzo
2026-10-01,04:30:11,636024124,CL ZHANJIANG,SanLorenzo
2026-10-01,04:30:11,701170000,MAKENITA H,SanLorenzo
2026-10-01,04:30:11,636022816,SDM DONGGUAN,SanLorenzo
2026-10-01,04:30:11,636023707,FIESTA,SanLorenzo
2026-10-01,04:30:11,355174000,APOGEE SPIRIT,SanLorenzo
2026-10-01,04:30:11,7010004,,SanLorenzo
2026-10-01,04:30:11,636026236,AURIGA STAR,SanLorenzo
2026-10-01,04:30:11,636022194,PORT KYOTO,SanLorenzo
2026-10-01,04:30:11,755044000,,SanLorenzo
2026-10-01,04:30:11,701006466,NEPTUNO,SanLorenzo
2026-10-01,04:30:11,636017076,KARLINO,SanLorenzo
2026-10-01,04:30:11,701124000,JULIO A,SanLorenzo
2026-10-01,04:30:11,352004869,ROYAL GALAXY,SanLorenzo
2026-10-01,04:30:11,355702000,SOUTHERN STAR,SanLorenzo
2026-10-01,04:30:11,538009155,NAMA,SanLorenzo
2026-10-01,04:30:11,215143000,KEREM,SanLorenzo
2026-10-01,04:30:11,477142400,BOCHEM BUCEPHALAS,SanLorenzo
2026-10-01,04:30:11,636022773,BBG LIJIANG,SanLorenzo
2026-10-01,04:30:11,563302200,IONA ISLAND,SanLorenzo
2026-10-01,04:30:11,374369000,SILVER DUBAI,SanLorenzo
2026-10-01,04:30:11,354706000,CORESHIP OL,SanLorenzo
2026-10-01,04:30:11,565607000,STRATEGIC EXPLORER,SanLorenzo
2026-10-01,04:30:11,755039000,RE CAVALIER I,SanLorenzo
2026-10-01,04:30:11,755002941,HERKULES IV,SanLorenzo
2026-10-01,04:30:11,701006396,VB RECOLETA,SanLorenzo
2026-10-01,04:30:11,238067000,AP IMPERIAL,SanLorenzo
2026-10-01,04:30:11,701153000,PAULINO C,SanLorenzo
2026-10-01,04:30:11,311001553,AFRICAN MARGAUX,SanLorenzo
2026-10-01,04:30:11,701503000,GC77 GFO SAN MATIAS,SanLorenzo
2026-10-01,04:30:11,755122000,INQUEBRANTABLE,SanLorenzo
2026-10-01,04:30:11,701006245,SAN JOSE V,SanLorenzo
2026-10-01,04:30:11,701006268,LAZARO,SanLorenzo
2026-10-01,04:30:11,636025837,PAIWAN CHAMPION,SanLorenzo
2026-10-01,04:30:11,755040000,,SanLorenzo
2026-10-01,04:30:11,755201178,NUAR B.,SanLorenzo
2026-10-01,04:30:11,701006926,FAVORITO SAN ANTONIO,SanLorenzo
2026-10-01,04:30:11,253454000,TACCOLA,SanLorenzo
2026-10-01,04:30:11,645181000,DN67,SanLorenzo
2026-10-01,04:30:11,755018000,CAPTAIN BILBO,SanLorenzo
2026-10-01,04:30:11,755088000,DECATUR LADY,SanLorenzo
2026-10-01,04:30:11,755157000,GF HUMAITA,SanLorenzo
2026-10-01,04:30:11,311001845,DOLPHIN 21,SanLorenzo
2026-10-01,04:30:11,755991013,PUMA,SanLorenzo
2026-10-01,04:30:11,205175000,PINTA,SanLorenzo
2026-10-01,04:30:11,538008439,UNION MARK,SanLorenzo
2026-10-01,04:30:11,720929000,IB NUEVA PALMIRA,SanLorenzo
2026-10-01,04:30:11,755171000,IB CONCEPCION,SanLorenzo
2026-10-01,04:30:11,701001404,GUAZU PUCU,SanLorenzo
2026-10-01,04:30:11,701138000,POLARIS,SanLorenzo
2026-10-01,04:30:11,538009113,ALIKI PERROTIS,SanLorenzo
2026-10-01,04:30:11,257087000,DAMSGAARD,Rosario
2026-10-01,04:30:11,352006354,BRAVE QUEST,Rosario
2026-10-01,04:30:11,563305300,IWAGI ISLAND,Rosario
2026-10-01,04:30:11,636023390,TROUVAILLE,Rosario
2026-10-01,04:30:11,755079000,DR.SALGADO H,Rosario
2026-10-01,04:30:11,636024124,CL ZHANJIANG,Rosario
2026-10-01,04:30:11,701170000,MAKENITA H,Rosario
2026-10-01,04:30:11,636023707,FIESTA,Rosario
2026-10-01,04:30:11,355174000,APOGEE SPIRIT,Rosario
2026-10-01,04:30:11,636026236,AURIGA STAR,Rosario
2026-10-01,04:30:11,7010004,,Rosario
2026-10-01,04:30:11,636022194,PORT KYOTO,Rosario
2026-10-01,04:30:11,636017076,KARLINO,Rosario
2026-10-01,04:30:11,352004869,ROYAL GALAXY,Rosario
2026-10-01,04:30:11,538009309,OCEAN VENUS,Rosario
2026-10-01,04:30:11,355702000,SOUTHERN STAR,Rosario
2026-10-01,04:30:11,215143000,KEREM,Rosario
2026-10-01,04:30:11,477142400,BOCHEM BUCEPHALAS,Rosario
2026-10-01,04:30:11,636022773,BBG LIJIANG,Rosario
2026-10-01,04:30:11,374369000,SILVER DUBAI,Rosario
2026-10-01,04:30:11,720915000,IB PARAGUAY,Rosario
2026-10-01,04:30:11,720951000,HB CENTAURUS,Rosario
2026-10-01,04:30:11,354706000,CORESHIP OL,Rosario
2026-10-01,04:30:11,755088000,DECATUR LADY,Rosario
2026-10-01,04:30:11,720929000,,Rosario
2026-10-01,04:30:11,755157000,,Rosario
2026-10-01,04:30:11,238067000,AP IMPERIAL,Rosario
2026-10-01,04:30:11,755991013,,Rosario
2026-10-01,04:30:11,565607000,STRATEGIC EXPLORER,Rosario
2026-10-01,04:30:11,701006242,,Rosario
2026-10-01,04:30:11,538012142,OCEAN WEST,Rosario
2026-10-01,04:30:11,755171000,,Rosario
2026-10-01,04:30:11,701153000,PAULINO C,Rosario
2026-10-01,04:30:11,311001553,AFRICAN MARGAUX,Rosario
2026-10-01,04:30:11,701503000,GC77 GFO SAN MATIAS,Rosario
2026-10-01,04:30:11,701006245,SAN JOSE V,Rosario
2026-10-01,04:30:11,755122000,INQUEBRANTABLE,Rosario
2026-10-01,04:30:11,701006268,LAZARO,Rosario
2026-10-01,04:30:11,636025837,,Rosario
2026-10-01,04:30:11,311001845,DOLPHIN 21,Rosario
2026-10-01,04:30:11,755201178,NUAR B.,Rosario
2026-10-01,04:30:11,701006926,FAVORITO SAN ANTONIO,Rosario
2026-10-01,04:30:11,253454000,TACCOLA,Rosario
2026-10-01,04:30:11,645181000,DN67,Rosario
2026-10-01,04:30:11,755039000,RE CAVALIER I,Rosario
2026-10-01,04:30:11,538008439,UNION MARK,Rosario
2026-10-01,04:30:11,755044000,R/E CHACO X,Rosario
2026-10-01,04:30:11,701001404,GUAZU PUCU,Rosario
2026-10-01,04:30:11,701138000,POLARIS,Rosario
2026-10-01,04:30:11,538009113,ALIKI PERROTIS,Rosario
2026-10-01,04:30:11,205175000,PINTA,Rosario
2026-10-01,04:30:11,355357000,,DelGuazu
2026-10-01,04:30:11,701006226,DONA NINA,DelGuazu
2026-10-01,04:30:11,710001270,MERCOSUL SANTOS,DelGuazu
2026-10-01,04:30:11,701090000,PARANA I,DelGuazu
2026-10-01,04:30:11,701006412,IQUIQUE,DelGuazu
2026-10-01,04:30:11,701006643,DON RAXYZ,DelGuazu
2026-10-01,04:30:11,755024000,,BellaVista
2026-10-01,04:30:11,701006221,,BellaVista
2026-10-01,04:30:11,755116000,,BellaVista
2026-10-01,04:30:11,701001057,,BellaVista
2026-10-01,04:30:11,755005068,GF GUARANI,BellaVista
2026-10-01,04:30:11,755126000,LATERE,BellaVista
2026-10-01,04:30:11,755061000,TIO KIKE,BellaVista
2026-10-01,04:30:11,755000500,IB AGUARA,BellaVista
2026-10-01,04:30:11,720034000,MOMPOX,BellaVista
2026-10-01,04:30:11,755003887,MARIA A,BellaVista
2026-10-01,04:30:11,720949000,HB LYNX,BellaVista
2026-10-01,04:30:11,755063000,HERKULE XVI,BellaVista
2026-10-01,04:30:11,877228816,LANCHA MARIA AUX,BellaVista
2026-10-01,04:30:11,755167000,GF BOQUERON,BellaVista
2026-10-01,04:30:11,755194200,DON EDUARDO,BellaVista
2026-10-01,04:30:11,755027000,CAVALIER XV,BellaVista
2026-10-01,04:30:11,755142000,ARATIRI.,BellaVista
2026-10-01,04:40:11,701138000,POLARIS,SanLorenzo
2026-10-01,04:40:11,210025000,ELONA,SanLorenzo
2026-10-01,04:40:11,563305300,IWAGI ISLAND,SanLorenzo
2026-10-01,04:40:11,352006354,BRAVE QUEST,SanLorenzo
2026-10-01,04:40:11,636023390,TROUVAILLE,SanLorenzo
2026-10-01,04:40:11,755079000,DR.SALGADO H,SanLorenzo
2026-10-01,04:40:11,701170000,MAKENITA H,SanLorenzo
2026-10-01,04:40:11,636024124,CL ZHANJIANG,SanLorenzo
2026-10-01,04:40:11,636023707,FIESTA,SanLorenzo
2026-10-01,04:40:11,7010004,,SanLorenzo
2026-10-01,04:40:11,636022816,SDM DONGGUAN,SanLorenzo
2026-10-01,04:40:11,355174000,APOGEE SPIRIT,SanLorenzo
2026-10-01,04:40:11,538012438,WELLNESS DIVA,SanLorenzo
2026-10-01,04:40:11,636026236,AURIGA STAR,SanLorenzo
2026-10-01,04:40:11,636022194,PORT KYOTO,SanLorenzo
2026-10-01,04:40:11,636017076,KARLINO,SanLorenzo
2026-10-01,04:40:11,701124000,JULIO A,SanLorenzo
2026-10-01,04:40:11,352004869,ROYAL GALAXY,SanLorenzo
2026-10-01,04:40:11,538009309,OCEAN VENUS,SanLorenzo
2026-10-01,04:40:11,355702000,SOUTHERN STAR,SanLorenzo
2026-10-01,04:40:11,538009155,NAMA,SanLorenzo
2026-10-01,04:40:11,477142400,BOCHEM BUCEPHALAS,SanLorenzo
2026-10-01,04:40:11,215143000,KEREM,SanLorenzo
2026-10-01,04:40:11,636022773,BBG LIJIANG,SanLorenzo
2026-10-01,04:40:11,563302200,IONA ISLAND,SanLorenzo
2026-10-01,04:40:11,374369000,SILVER DUBAI,SanLorenzo
2026-10-01,04:40:11,720915000,IB PARAGUAY,SanLorenzo
2026-10-01,04:40:11,354706000,CORESHIP OL,SanLorenzo
2026-10-01,04:40:11,755044000,,SanLorenzo
2026-10-01,04:40:11,238067000,AP IMPERIAL,SanLorenzo
2026-10-01,04:40:11,701006396,VB RECOLETA,SanLorenzo
2026-10-01,04:40:11,701153000,PAULINO C,SanLorenzo
2026-10-01,04:40:11,755058000,CAP. JACKSON,SanLorenzo
2026-10-01,04:40:11,538009113,ALIKI PERROTIS,SanLorenzo
2026-10-01,04:40:11,755002941,HERKULES IV,SanLorenzo
2026-10-01,04:40:11,755122000,INQUEBRANTABLE,SanLorenzo
2026-10-01,04:40:11,311001845,DOLPHIN 21,SanLorenzo
2026-10-01,04:40:11,701006245,SAN JOSE V,SanLorenzo
2026-10-01,04:40:11,636025837,PAIWAN CHAMPION,SanLorenzo
2026-10-01,04:40:11,755040000,,SanLorenzo
2026-10-01,04:40:11,253454000,TACCOLA,SanLorenzo
2026-10-01,04:40:11,701006283,,SanLorenzo
2026-10-01,04:40:11,755201178,NUAR B.,SanLorenzo
2026-10-01,04:40:11,701006926,FAVORITO SAN ANTONIO,SanLorenzo
2026-10-01,04:40:11,645181000,DN67,SanLorenzo
2026-10-01,04:40:11,565607000,STRATEGIC EXPLORER,SanLorenzo
2026-10-01,04:40:11,755157000,GF HUMAITA,SanLorenzo
2026-10-01,04:40:11,755018000,CAPTAIN BILBO,SanLorenzo
2026-10-01,04:40:11,755088000,DECATUR LADY,SanLorenzo
2026-10-01,04:40:11,755991013,PUMA,SanLorenzo
2026-10-01,04:40:11,205175000,PINTA,SanLorenzo
2026-10-01,04:40:11,701006268,LAZARO,SanLorenzo
2026-10-01,04:40:11,538008439,UNION MARK,SanLorenzo
2026-10-01,04:40:11,755171000,IB CONCEPCION,SanLorenzo
2026-10-01,04:40:11,755039000,RE CAVALIER I,SanLorenzo
2026-10-01,04:40:11,720929000,IB NUEVA PALMIRA,SanLorenzo
2026-10-01,04:40:11,701001404,GUAZU PUCU,SanLorenzo
2026-10-01,04:40:11,311001553,AFRICAN MARGAUX,SanLorenzo
2026-10-01,04:40:11,701503000,GC77 GFO SAN MATIAS,SanLorenzo
2026-10-01,04:40:11,701138000,POLARIS,Rosario
2026-10-01,04:40:11,755171000,,Rosario
2026-10-01,04:40:11,355174000,APOGEE SPIRIT,Rosario
2026-10-01,04:40:11,257087000,DAMSGAARD,Rosario
2026-10-01,04:40:11,352006354,BRAVE QUEST,Rosario
2026-10-01,04:40:11,563305300,IWAGI ISLAND,Rosario
2026-10-01,04:40:11,636023390,TROUVAILLE,Rosario
2026-10-01,04:40:11,755079000,DR.SALGADO H,Rosario
2026-10-01,04:40:11,701170000,MAKENITA H,Rosario
2026-10-01,04:40:11,636024124,CL ZHANJIANG,Rosario
2026-10-01,04:40:11,636023707,FIESTA,Rosario
2026-10-01,04:40:11,7010004,,Rosario
2026-10-01,04:40:11,636026236,AURIGA STAR,Rosario
2026-10-01,04:40:11,636022194,PORT KYOTO,Rosario
2026-10-01,04:40:11,636017076,KARLINO,Rosario
2026-10-01,04:40:11,701124000,,Rosario
2026-10-01,04:40:11,352004869,ROYAL GALAXY,Rosario
2026-10-01,04:40:11,538009309,OCEAN VENUS,Rosario
2026-10-01,04:40:11,355702000,SOUTHERN STAR,Rosario
2026-10-01,04:40:11,636019448,,Rosario
2026-10-01,04:40:11,477142400,BOCHEM BUCEPHALAS,Rosario
2026-10-01,04:40:11,215143000,KEREM,Rosario
2026-10-01,04:40:11,636022773,BBG LIJIANG,Rosario
2026-10-01,04:40:11,374369000,SILVER DUBAI,Rosario
2026-10-01,04:40:11,720915000,IB PARAGUAY,Rosario
2026-10-01,04:40:11,354706000,CORESHIP OL,Rosario
2026-10-01,04:40:11,720951000,HB CENTAURUS,Rosario
2026-10-01,04:40:11,238067000,AP IMPERIAL,Rosario
2026-10-01,04:40:11,755991013,,Rosario
2026-10-01,04:40:11,701006242,JILGUERO 1,Rosario
2026-10-01,04:40:11,701153000,PAULINO C,Rosario
2026-10-01,04:40:11,538009113,ALIKI PERROTIS,Rosario
2026-10-01,04:40:11,538012142,OCEAN WEST,Rosario
2026-10-01,04:40:11,755122000,INQUEBRANTABLE,Rosario
2026-10-01,04:40:11,701006245,SAN JOSE V,Rosario
2026-10-01,04:40:11,311001845,DOLPHIN 21,Rosario
2026-10-01,04:40:11,636025837,PAIWAN CHAMPION,Rosario
2026-10-01,04:40:11,755201178,NUAR B.,Rosario
2026-10-01,04:40:11,701006926,FAVORITO SAN ANTONIO,Rosario
2026-10-01,04:40:11,645181000,DN67,Rosario
2026-10-01,04:40:11,565607000,STRATEGIC EXPLORER,Rosario
2026-10-01,04:40:11,755088000,DECATUR LADY,Rosario
2026-10-01,04:40:11,205175000,PINTA,Rosario
2026-10-01,04:40:11,701006268,LAZARO,Rosario
2026-10-01,04:40:11,538008439,UNION MARK,Rosario
2026-10-01,04:40:11,755044000,R/E CHACO X,Rosario
2026-10-01,04:40:11,755039000,RE CAVALIER I,Rosario
2026-10-01,04:40:11,720929000,,Rosario
2026-10-01,04:40:11,253454000,TACCOLA,Rosario
2026-10-01,04:40:11,701001404,GUAZU PUCU,Rosario
2026-10-01,04:40:11,311001553,AFRICAN MARGAUX,Rosario
2026-10-01,04:40:11,701503000,GC77 GFO SAN MATIAS,Rosario
2026-10-01,04:40:11,636019792,CL YINGNA HE,DelGuazu
2026-10-01,04:40:11,355357000,DRAKE WELL,DelGuazu
2026-10-01,04:40:11,701006685,AZALEA,DelGuazu
2026-10-01,04:40:11,701090000,PARANA I,DelGuazu
2026-10-01,04:40:11,701006226,DONA NINA,DelGuazu
2026-10-01,04:40:11,710001270,MERCOSUL SANTOS,DelGuazu
2026-10-01,04:40:11,701006412,IQUIQUE,DelGuazu
2026-10-01,04:40:11,701006643,DON RAXYZ,DelGuazu
2026-10-01,04:40:11,563255500,CHOLA ETERNITY,DelGuazu
2026-10-01,04:40:11,877228816,LANCHA MARIA AUX,BellaVista
2026-10-01,04:40:11,755091000,MARIA AUXILIADORA,BellaVista
2026-10-01,04:40:11,755063000,HERKULE XVI,BellaVista
2026-10-01,04:40:11,755005068,GF GUARANI,BellaVista
2026-10-01,04:40:11,755194200,DON EDUARDO,BellaVista
2026-10-01,04:40:11,755003963,DONA MAGDA,BellaVista
2026-10-01,04:40:11,755003887,MARIA A,BellaVista
2026-10-01,04:40:11,755134000,LADOCE H,BellaVista
2026-10-01,04:40:11,755061000,TIO KIKE,BellaVista
2026-10-01,04:40:11,720034000,MOMPOX,BellaVista
2026-10-01,04:40:11,720949000,HB LYNX,BellaVista
2026-10-01,04:40:11,755027000,CAVALIER XV,BellaVista
2026-10-01,04:40:11,755142000,ARATIRI.,BellaVista
2026-10-01,04:40:11,755167000,GF BOQUERON,BellaVista
2026-10-01,04:50:10,376961000,,SanLorenzo
2026-10-01,04:50:10,7010004,,SanLorenzo
2026-10-01,04:50:10,538012142,OCEAN WEST,SanLorenzo
2026-10-01,04:50:10,352006354,BRAVE QUEST,SanLorenzo
2026-10-01,04:50:10,563305300,IWAGI ISLAND,SanLorenzo
2026-10-01,04:50:10,636023390,TROUVAILLE,SanLorenzo
2026-10-01,04:50:10,755079000,DR.SALGADO H,SanLorenzo
2026-10-01,04:50:10,636024124,CL ZHANJIANG,SanLorenzo
2026-10-01,04:50:10,636023707,FIESTA,SanLorenzo
2026-10-01,04:50:10,636022816,SDM DONGGUAN,SanLorenzo
2026-10-01,04:50:10,701170000,MAKENITA H,SanLorenzo
2026-10-01,04:50:10,701138000,POLARIS,SanLorenzo
2026-10-01,04:50:10,355174000,APOGEE SPIRIT,SanLorenzo
2026-10-01,04:50:10,538012438,WELLNESS DIVA,SanLorenzo
2026-10-01,04:50:10,257087000,,SanLorenzo
2026-10-01,04:50:10,636026236,AURIGA STAR,SanLorenzo
2026-10-01,04:50:10,636022194,PORT KYOTO,SanLorenzo
2026-10-01,04:50:10,636017076,KARLINO,SanLorenzo
2026-10-01,04:50:10,755058000,CAP. JACKSON,SanLorenzo
2026-10-01,04:50:10,701006466,NEPTUNO,SanLorenzo
2026-10-01,04:50:10,701124000,JULIO A,SanLorenzo
2026-10-01,04:50:10,352004869,ROYAL GALAXY,SanLorenzo
2026-10-01,04:50:10,538009309,OCEAN VENUS,SanLorenzo
2026-10-01,04:50:10,355702000,SOUTHERN STAR,SanLorenzo
2026-10-01,04:50:10,210025000,ELONA,SanLorenzo
2026-10-01,04:50:10,477142400,BOCHEM BUCEPHALAS,SanLorenzo
2026-10-01,04:50:10,538009155,NAMA,SanLorenzo
2026-10-01,04:50:10,215143000,KEREM,SanLorenzo
2026-10-01,04:50:10,636022773,BBG LIJIANG,SanLorenzo
2026-10-01,04:50:10,253454000,TACCOLA,SanLorenzo
2026-10-01,04:50:10,563302200,IONA ISLAND,SanLorenzo
2026-10-01,04:50:10,374369000,SILVER DUBAI,SanLorenzo
2026-10-01,04:50:10,720915000,IB PARAGUAY,SanLorenzo
2026-10-01,04:50:10,354706000,CORESHIP OL,SanLorenzo
2026-10-01,04:50:10,238067000,AP IMPERIAL,SanLorenzo
2026-10-01,04:50:10,701153000,PAULINO C,SanLorenzo
2026-10-01,04:50:10,538009113,ALIKI PERROTIS,SanLorenzo
2026-10-01,04:50:10,755002941,HERKULES IV,SanLorenzo
2026-10-01,04:50:10,205175000,PINTA,SanLorenzo
2026-10-01,04:50:10,636025837,PAIWAN CHAMPION,SanLorenzo
2026-10-01,04:50:10,755018000,CAPTAIN BILBO,SanLorenzo
2026-10-01,04:50:10,701006245,SAN JOSE V,SanLorenzo
2026-10-01,04:50:10,755122000,INQUEBRANTABLE,SanLorenzo
2026-10-01,04:50:10,755201178,NUAR B.,SanLorenzo
2026-10-01,04:50:10,701006926,FAVORITO SAN ANTONIO,SanLorenzo
2026-10-01,04:50:10,565607000,STRATEGIC EXPLORER,SanLorenzo
2026-10-01,04:50:10,755157000,GF HUMAITA,SanLorenzo
2026-10-01,04:50:10,311001845,DOLPHIN 21,SanLorenzo
2026-10-01,04:50:10,755991013,PUMA,SanLorenzo
2026-10-01,04:50:10,701006396,VB RECOLETA,SanLorenzo
2026-10-01,04:50:10,538008439,UNION MARK,SanLorenzo
2026-10-01,04:50:10,755088000,DECATUR LADY,SanLorenzo
2026-10-01,04:50:10,645181000,DN67,SanLorenzo
2026-10-01,04:50:10,755044000,,SanLorenzo
2026-10-01,04:50:10,755039000,RE CAVALIER I,SanLorenzo
2026-10-01,04:50:10,720929000,IB NUEVA PALMIRA,SanLorenzo
2026-10-01,04:50:10,701006268,LAZARO,SanLorenzo
2026-10-01,04:50:10,755171000,IB CONCEPCION,SanLorenzo
2026-10-01,04:50:10,701503000,GC77 GFO SAN MATIAS,SanLorenzo
2026-10-01,04:50:10,311001553,AFRICAN MARGAUX,SanLorenzo
2026-10-01,04:50:10,701001404,GUAZU PUCU,SanLorenzo
2026-10-01,04:50:10,210025000,ELONA,Rosario
2026-10-01,04:50:10,701138000,,Rosario
2026-10-01,04:50:10,7010004,,Rosario
2026-10-01,04:50:10,701124000,,Rosario
2026-10-01,04:50:10,755171000,,Rosario
2026-10-01,04:50:10,352006354,BRAVE QUEST,Rosario
2026-10-01,04:50:10,563305300,IWAGI ISLAND,Rosario
2026-10-01,04:50:10,636023390,TROUVAILLE,Rosario
2026-10-01,04:50:10,755079000,DR.SALGADO H,Rosario
2026-10-01,04:50:10,636024124,CL ZHANJIANG,Rosario
2026-10-01,04:50:10,636023707,FIESTA,Rosario
2026-10-01,04:50:10,701170000,MAKENITA H,Rosario
2026-10-01,04:50:10,355174000,APOGEE SPIRIT,Rosario
2026-10-01,04:50:10,257087000,DAMSGAARD,Rosario
2026-10-01,04:50:10,636026236,AURIGA STAR,Rosario
2026-10-01,04:50:10,636022194,PORT KYOTO,Rosario
2026-10-01,04:50:10,636017076,KARLINO,Rosario
2026-10-01,04:50:10,701006466,NEPTUNO,Rosario
2026-10-01,04:50:10,720929000,,Rosario
2026-10-01,04:50:10,352004869,ROYAL GALAXY,Rosario
2026-10-01,04:50:10,538009309,OCEAN VENUS,Rosario
2026-10-01,04:50:10,355702000,SOUTHERN STAR,Rosario
2026-10-01,04:50:10,701006242,JILGUERO 1,Rosario
2026-10-01,04:50:10,477142400,BOCHEM BUCEPHALAS,Rosario
2026-10-01,04:50:10,215143000,KEREM,Rosario
2026-10-01,04:50:10,636022773,BBG LIJIANG,Rosario
2026-10-01,04:50:10,374369000,SILVER DUBAI,Rosario
2026-10-01,04:50:10,720915000,IB PARAGUAY,Rosario
2026-10-01,04:50:10,720951000,HB CENTAURUS,Rosario
2026-10-01,04:50:10,354706000,CORESHIP OL,Rosario
2026-10-01,04:50:10,755157000,,Rosario
2026-10-01,04:50:10,565607000,STRATEGIC EXPLORER,Rosario
2026-10-01,04:50:10,238067000,AP IMPERIAL,Rosario
2026-10-01,04:50:10,755991013,,Rosario
2026-10-01,04:50:10,755039000,RE CAVALIER I,Rosario
2026-10-01,04:50:10,701153000,PAULINO C,Rosario
2026-10-01,04:50:10,538012142,OCEAN WEST,Rosario
2026-10-01,04:50:10,205175000,PINTA,Rosario
2026-10-01,04:50:10,636025837,PAIWAN CHAMPION,Rosario
2026-10-01,04:50:10,701006245,SAN JOSE V,Rosario
2026-10-01,04:50:10,755122000,INQUEBRANTABLE,Rosario
2026-10-01,04:50:10,755201178,NUAR B.,Rosario
2026-10-01,04:50:10,311001845,DOLPHIN 21,Rosario
2026-10-01,04:50:10,701006926,FAVORITO SAN ANTONIO,Rosario
2026-10-01,04:50:10,253454000,TACCOLA,Rosario
2026-10-01,04:50:10,538008439,UNION MARK,Rosario
2026-10-01,04:50:10,755088000,DECATUR LADY,Rosario
2026-10-01,04:50:10,645181000,DN67,Rosario
2026-10-01,04:50:10,755044000,R/E CHACO X,Rosario
2026-10-01,04:50:10,701006268,LAZARO,Rosario
2026-10-01,04:50:10,701503000,GC77 GFO SAN MATIAS,Rosario
2026-10-01,04:50:10,311001553,AFRICAN MARGAUX,Rosario
2026-10-01,04:50:10,701001404,GUAZU PUCU,Rosario
2026-10-01,04:50:10,538009113,ALIKI PERROTIS,Rosario
2026-10-01,04:50:10,636019792,CL YINGNA HE,DelGuazu
2026-10-01,04:50:10,355357000,DRAKE WELL,DelGuazu
2026-10-01,04:50:10,701006685,AZALEA,DelGuazu
2026-10-01,04:50:10,701090000,PARANA I,DelGuazu
2026-10-01,04:50:10,710001270,MERCOSUL SANTOS,DelGuazu
2026-10-01,04:50:10,701006412,IQUIQUE,DelGuazu
2026-10-01,04:50:10,701006643,DON RAXYZ,DelGuazu
2026-10-01,04:50:10,563255500,CHOLA ETERNITY,DelGuazu
2026-10-01,04:50:10,701006226,DONA NINA,DelGuazu
2026-10-01,04:50:10,755116000,,BellaVista
2026-10-01,04:50:10,755024000,,BellaVista
2026-10-01,04:50:10,755000500,,BellaVista
2026-10-01,04:50:10,755063000,,BellaVista
2026-10-01,04:50:10,720949000,HB LYNX,BellaVista
2026-10-01,04:50:10,755027000,CAVALIER XV,BellaVista
2026-10-01,04:50:10,755005068,GF GUARANI,BellaVista
2026-10-01,04:50:10,877228816,,BellaVista
2026-10-01,04:50:10,755003887,MARIA A,BellaVista
2026-10-01,04:50:10,755126000,LATERE,BellaVista
2026-10-01,04:50:10,755134000,LADOCE H,BellaVista
2026-10-01,04:50:10,720034000,MOMPOX,BellaVista
2026-10-01,04:50:10,755061000,TIO KIKE,BellaVista
2026-10-01,04:50:10,755003963,DONA MAGDA,BellaVista
2026-10-01,04:50:10,755167000,GF BOQUERON,BellaVista
2026-10-01,04:50:10,755142000,ARATIRI.,BellaVista
2026-10-01,04:50:10,755194200,DON EDUARDO,BellaVista
2026-10-01,05:00:16,210025000,ELONA,SanLorenzo
2026-10-01,05:00:16,563305300,IWAGI ISLAND,SanLorenzo
2026-10-01,05:00:16,352006354,BRAVE QUEST,SanLorenzo
2026-10-01,05:00:16,755079000,DR.SALGADO H,SanLorenzo
2026-10-01,05:00:16,636023390,TROUVAILLE,SanLorenzo
2026-10-01,05:00:16,636024124,CL ZHANJIANG,SanLorenzo
2026-10-01,05:00:16,636022816,SDM DONGGUAN,SanLorenzo
2026-10-01,05:00:16,701170000,MAKENITA H,SanLorenzo
2026-10-01,05:00:16,636023707,FIESTA,SanLorenzo
2026-10-01,05:00:16,755044000,R/E CHACO X,SanLorenzo
2026-10-01,05:00:16,701138000,POLARIS,SanLorenzo
2026-10-01,05:00:16,355174000,APOGEE SPIRIT,SanLorenzo
2026-10-01,05:00:16,538012438,WELLNESS DIVA,SanLorenzo
2026-10-01,05:00:16,636026236,AURIGA STAR,SanLorenzo
2026-10-01,05:00:16,636022194,PORT KYOTO,SanLorenzo
2026-10-01,05:00:16,636017076,KARLINO,SanLorenzo
2026-10-01,05:00:16,701124000,JULIO A,SanLorenzo
2026-10-01,05:00:16,355702000,SOUTHERN STAR,SanLorenzo
2026-10-01,05:00:16,352004869,ROYAL GALAXY,SanLorenzo
2026-10-01,05:00:16,538009309,OCEAN VENUS,SanLorenzo
2026-10-01,05:00:16,538009155,NAMA,SanLorenzo
2026-10-01,05:00:16,215143000,KEREM,SanLorenzo
2026-10-01,05:00:16,477142400,BOCHEM BUCEPHALAS,SanLorenzo
2026-10-01,05:00:16,636022773,BBG LIJIANG,SanLorenzo
2026-10-01,05:00:16,253454000,TACCOLA,SanLorenzo
2026-10-01,05:00:16,563302200,IONA ISLAND,SanLorenzo
2026-10-01,05:00:16,374369000,SILVER DUBAI,SanLorenzo
2026-10-01,05:00:16,720915000,IB PARAGUAY,SanLorenzo
2026-10-01,05:00:16,701001324,HALCON,SanLorenzo
2026-10-01,05:00:16,354706000,CORESHIP OL,SanLorenzo
2026-10-01,05:00:16,565607000,STRATEGIC EXPLORER,SanLorenzo
2026-10-01,05:00:16,701006396,VB RECOLETA,SanLorenzo
2026-10-01,05:00:16,238067000,AP IMPERIAL,SanLorenzo
2026-10-01,05:00:16,701503000,GC77 GFO SAN MATIAS,SanLorenzo
2026-10-01,05:00:16,701153000,PAULINO C,SanLorenzo
2026-10-01,05:00:16,205175000,PINTA,SanLorenzo
2026-10-01,05:00:16,701006245,SAN JOSE V,SanLorenzo
2026-10-01,05:00:16,755122000,INQUEBRANTABLE,SanLorenzo
2026-10-01,05:00:16,636025837,PAIWAN CHAMPION,SanLorenzo
2026-10-01,05:00:16,755018000,CAPTAIN BILBO,SanLorenzo
2026-10-01,05:00:16,311001845,DOLPHIN 21,SanLorenzo
2026-10-01,05:00:16,755201178,NUAR B.,SanLorenzo
2026-10-01,05:00:16,701006926,FAVORITO SAN ANTONIO,SanLorenzo
2026-10-01,05:00:16,538012142,OCEAN WEST,SanLorenzo
2026-10-01,05:00:16,755991013,PUMA,SanLorenzo
2026-10-01,05:00:16,755088000,DECATUR LADY,SanLorenzo
2026-10-01,05:00:16,701001404,GUAZU PUCU,SanLorenzo
2026-10-01,05:00:16,645181000,DN67,SanLorenzo
2026-10-01,05:00:16,755157000,GF HUMAITA,SanLorenzo
2026-10-01,05:00:16,720929000,IB NUEVA PALMIRA,SanLorenzo
2026-10-01,05:00:16,755039000,RE CAVALIER I,SanLorenzo
2026-10-01,05:00:16,755058000,CAP. JACKSON,SanLorenzo
2026-10-01,05:00:16,701006268,LAZARO,SanLorenzo
2026-10-01,05:00:16,538008439,UNION MARK,SanLorenzo
2026-10-01,05:00:16,755171000,IB CONCEPCION,SanLorenzo
2026-10-01,05:00:16,311001553,AFRICAN MARGAUX,SanLorenzo
2026-10-01,05:00:16,538009113,ALIKI PERROTIS,SanLorenzo
2026-10-01,05:00:16,755002941,HERKULES IV,SanLorenzo
2026-10-01,05:00:16,257087000,DAMSGAARD,Rosario
2026-10-01,05:00:16,210025000,ELONA,Rosario
2026-10-01,05:00:16,352006354,BRAVE QUEST,Rosario
2026-10-01,05:00:16,563305300,IWAGI ISLAND,Rosario
2026-10-01,05:00:16,755079000,DR.SALGADO H,Rosario
2026-10-01,05:00:16,636023390,TROUVAILLE,Rosario
2026-10-01,05:00:16,636024124,CL ZHANJIANG,Rosario
2026-10-01,05:00:16,701170000,MAKENITA H,Rosario
2026-10-01,05:00:16,636023707,FIESTA,Rosario
2026-10-01,05:00:16,355174000,APOGEE SPIRIT,Rosario
2026-10-01,05:00:16,636026236,AURIGA STAR,Rosario
2026-10-01,05:00:16,636022194,PORT KYOTO,Rosario
2026-10-01,05:00:16,636017076,KARLINO,Rosario
2026-10-01,05:00:16,355702000,SOUTHERN STAR,Rosario
2026-10-01,05:00:16,352004869,ROYAL GALAXY,Rosario
2026-10-01,05:00:16,538009309,OCEAN VENUS,Rosario
2026-10-01,05:00:16,701006396,,Rosario
2026-10-01,05:00:16,215143000,KEREM,Rosario
2026-10-01,05:00:16,477142400,BOCHEM BUCEPHALAS,Rosario
2026-10-01,05:00:16,636022773,BBG LIJIANG,Rosario
2026-10-01,05:00:16,374369000,SILVER DUBAI,Rosario
2026-10-01,05:00:16,720915000,IB PARAGUAY,Rosario
2026-10-01,05:00:16,701001324,HALCON,Rosario
2026-10-01,05:00:16,354706000,CORESHIP OL,Rosario
2026-10-01,05:00:16,720929000,,Rosario
2026-10-01,05:00:16,755991013,,Rosario
2026-10-01,05:00:16,238067000,AP IMPERIAL,Rosario
2026-10-01,05:00:16,701503000,GC77 GFO SAN MATIAS,Rosario
2026-10-01,05:00:16,701153000,PAULINO C,Rosario
2026-10-01,05:00:16,205175000,PINTA,Rosario
2026-10-01,05:00:16,701006245,SAN JOSE V,Rosario
2026-10-01,05:00:16,636025837,PAIWAN CHAMPION,Rosario
2026-10-01,05:00:16,755122000,INQUEBRANTABLE,Rosario
2026-10-01,05:00:16,311001845,DOLPHIN 21,Rosario
2026-10-01,05:00:16,755201178,NUAR B.,Rosario
2026-10-01,05:00:16,701006926,FAVORITO SAN ANTONIO,Rosario
2026-10-01,05:00:16,538012142,OCEAN WEST,Rosario
2026-10-01,05:00:16,720951000,HB CENTAURUS,Rosario
2026-10-01,05:00:16,755157000,,Rosario
2026-10-01,05:00:16,253454000,TACCOLA,Rosario
2026-10-01,05:00:16,755088000,DECATUR LADY,Rosario
2026-10-01,05:00:16,645181000,DN67,Rosario
2026-10-01,05:00:16,755044000,R/E CHACO X,Rosario
2026-10-01,05:00:16,565607000,STRATEGIC EXPLORER,Rosario
2026-10-01,05:00:16,755039000,RE CAVALIER I,Rosario
2026-10-01,05:00:16,701006268,LAZARO,Rosario
2026-10-01,05:00:16,538008439,UNION MARK,Rosario
2026-10-01,05:00:16,701006242,JILGUERO 1,Rosario
2026-10-01,05:00:16,311001553,AFRICAN MARGAUX,Rosario
2026-10-01,05:00:16,538009113,ALIKI PERROTIS,Rosario
2026-10-01,05:00:16,701001404,GUAZU PUCU,Rosario
2026-10-01,05:00:16,701006685,AZALEA,DelGuazu
2026-10-01,05:00:16,636019792,CL YINGNA HE,DelGuazu
2026-10-01,05:00:16,355357000,DRAKE WELL,DelGuazu
2026-10-01,05:00:16,701006643,DON RAXYZ,DelGuazu
2026-10-01,05:00:16,710001270,MERCOSUL SANTOS,DelGuazu
2026-10-01,05:00:16,701006412,IQUIQUE,DelGuazu
2026-10-01,05:00:16,701090000,PARANA I,DelGuazu
2026-10-01,05:00:16,257720360,STAR NAGA,DelGuazu
2026-10-01,05:00:16,563255500,CHOLA ETERNITY,DelGuazu
2026-10-01,05:00:16,701006226,DONA NINA,DelGuazu
2026-10-01,05:00:16,720038000,,BellaVista
2026-10-01,05:00:16,701001057,,BellaVista
2026-10-01,05:00:16,755142000,ARATIRI.,BellaVista
2026-10-01,05:00:16,755063000,,BellaVista
2026-10-01,05:00:16,755027000,CAVALIER XV,BellaVista
2026-10-01,05:00:16,755194200,DON EDUARDO,BellaVista
2026-10-01,05:00:16,755005068,GF GUARANI,BellaVista
2026-10-01,05:00:16,755061000,TIO KIKE,BellaVista
2026-10-01,05:00:16,720034000,MOMPOX,BellaVista
2026-10-01,05:00:16,755003887,MARIA A,BellaVista
2026-10-01,05:00:16,755134000,LADOCE H,BellaVista
2026-10-01,05:00:16,755126000,LATERE,BellaVista
2026-10-01,05:00:16,755003963,DONA MAGDA,BellaVista
2026-10-01,05:00:16,720949000,HB LYNX,BellaVista
2026-10-01,05:00:16,755167000,GF BOQUERON,BellaVista
2026-10-01,05:10:10,755125000,,SanLorenzo
2026-10-01,05:10:10,355174000,APOGEE SPIRIT,SanLorenzo
2026-10-01,05:10:10,701124000,JULIO A,SanLorenzo
2026-10-01,05:10:10,354706000,CORESHIP OL,SanLorenzo
2026-10-01,05:10:10,215143000,KEREM,SanLorenzo
2026-10-01,05:10:10,755044000,,SanLorenzo
2026-10-01,05:10:10,565607000,STRATEGIC EXPLORER,SanLorenzo
2026-10-01,05:10:10,352006354,BRAVE QUEST,SanLorenzo
2026-10-01,05:10:10,755079000,DR.SALGADO H,SanLorenzo
2026-10-01,05:10:10,636023390,TROUVAILLE,SanLorenzo
2026-10-01,05:10:10,636024124,CL ZHANJIANG,SanLorenzo
2026-10-01,05:10:10,701170000,MAKENITA H,SanLorenzo
2026-10-01,05:10:10,636022816,SDM DONGGUAN,SanLorenzo
2026-10-01,05:10:10,636023707,FIESTA,SanLorenzo
2026-10-01,05:10:10,477318600,,SanLorenzo
2026-10-01,05:10:10,701138000,POLARIS,SanLorenzo
2026-10-01,05:10:10,538012438,WELLNESS DIVA,SanLorenzo
2026-10-01,05:10:10,636026236,AURIGA STAR,SanLorenzo
2026-10-01,05:10:10,636022194,PORT KYOTO,SanLorenzo
2026-10-01,05:10:10,636017076,KARLINO,SanLorenzo
2026-10-01,05:10:10,538009309,OCEAN VENUS,SanLorenzo
2026-10-01,05:10:10,352004869,ROYAL GALAXY,SanLorenzo
2026-10-01,05:10:10,355702000,SOUTHERN STAR,SanLorenzo
2026-10-01,05:10:10,210025000,ELONA,SanLorenzo
2026-10-01,05:10:10,538009155,NAMA,SanLorenzo
2026-10-01,05:10:10,477142400,BOCHEM BUCEPHALAS,SanLorenzo
2026-10-01,05:10:10,636022773,BBG LIJIANG,SanLorenzo
2026-10-01,05:10:10,563302200,IONA ISLAND,SanLorenzo
2026-10-01,05:10:10,374369000,SILVER DUBAI,SanLorenzo
2026-10-01,05:10:10,755058000,CAP. JACKSON,SanLorenzo
2026-10-01,05:10:10,720915000,IB PARAGUAY,SanLorenzo
2026-10-01,05:10:10,238067000,AP IMPERIAL,SanLorenzo
2026-10-01,05:10:10,701001324,HALCON,SanLorenzo
2026-10-01,05:10:10,701153000,PAULINO C,SanLorenzo
2026-10-01,05:10:10,701503000,GC77 GFO SAN MATIAS,SanLorenzo
2026-10-01,05:10:10,755002941,HERKULES IV,SanLorenzo
2026-10-01,05:10:10,636025837,PAIWAN CHAMPION,SanLorenzo
2026-10-01,05:10:10,205175000,PINTA,SanLorenzo
2026-10-01,05:10:10,7010004,,SanLorenzo
2026-10-01,05:10:10,755018000,CAPTAIN BILBO,SanLorenzo
2026-10-01,05:10:10,701006245,SAN JOSE V,SanLorenzo
2026-10-01,05:10:10,755122000,INQUEBRANTABLE,SanLorenzo
2026-10-01,05:10:10,755157000,GF HUMAITA,SanLorenzo
2026-10-01,05:10:10,563305300,IWAGI ISLAND,SanLorenzo
2026-10-01,05:10:10,701001114,IGUAZU,SanLorenzo
2026-10-01,05:10:10,755201178,NUAR B.,SanLorenzo
2026-10-01,05:10:10,701006926,FAVORITO SAN ANTONIO,SanLorenzo
2026-10-01,05:10:10,755991013,PUMA,SanLorenzo
2026-10-01,05:10:10,538012142,OCEAN WEST,SanLorenzo
2026-10-01,05:10:10,701006268,LAZARO,SanLorenzo
2026-10-01,05:10:10,253454000,TACCOLA,SanLorenzo
2026-10-01,05:10:10,645181000,DN67,SanLorenzo
2026-10-01,05:10:10,311001845,DOLPHIN 21,SanLorenzo
2026-10-01,05:10:10,755088000,DECATUR LADY,SanLorenzo
2026-10-01,05:10:10,701006396,VB RECOLETA,SanLorenzo
2026-10-01,05:10:10,755039000,RE CAVALIER I,SanLorenzo
2026-10-01,05:10:10,538008439,UNION MARK,SanLorenzo
2026-10-01,05:10:10,720929000,IB NUEVA PALMIRA,SanLorenzo
2026-10-01,05:10:10,311001553,AFRICAN MARGAUX,SanLorenzo
2026-10-01,05:10:10,701006317,,SanLorenzo
2026-10-01,05:10:10,538009113,ALIKI PERROTIS,SanLorenzo
2026-10-01,05:10:10,701001404,GUAZU PUCU,SanLorenzo
2026-10-01,05:10:10,701138000,,Rosario
2026-10-01,05:10:10,210025000,ELONA,Rosario
2026-10-01,05:10:10,636019448,,Rosario
2026-10-01,05:10:10,215143000,KEREM,Rosario
2026-10-01,05:10:10,352006354,BRAVE QUEST,Rosario
2026-10-01,05:10:10,636023390,TROUVAILLE,Rosario
2026-10-01,05:10:10,755079000,DR.SALGADO H,Rosario
2026-10-01,05:10:10,636024124,CL ZHANJIANG,Rosario
2026-10-01,05:10:10,701170000,MAKENITA H,Rosario
2026-10-01,05:10:10,636023707,FIESTA,Rosario
2026-10-01,05:10:10,355174000,APOGEE SPIRIT,Rosario
2026-10-01,05:10:10,257087000,DAMSGAARD,Rosario
2026-10-01,05:10:10,636026236,AURIGA STAR,Rosario
2026-10-01,05:10:10,720951000,HB CENTAURUS,Rosario
2026-10-01,05:10:10,636022194,PORT KYOTO,Rosario
2026-10-01,05:10:10,636017076,KARLINO,Rosario
2026-10-01,05:10:10,538009309,OCEAN VENUS,Rosario
2026-10-01,05:10:10,352004869,ROYAL GALAXY,Rosario
2026-10-01,05:10:10,355702000,SOUTHERN STAR,Rosario
2026-10-01,05:10:10,477142400,BOCHEM BUCEPHALAS,Rosario
2026-10-01,05:10:10,636022773,BBG LIJIANG,Rosario
2026-10-01,05:10:10,755201178,NUAR B.,Rosario
2026-10-01,05:10:10,374369000,SILVER DUBAI,Rosario
2026-10-01,05:10:10,720915000,IB PARAGUAY,Rosario
2026-10-01,05:10:10,701001324,HALCON,Rosario
2026-10-01,05:10:10,701001114,IGUAZU,Rosario
2026-10-01,05:10:10,354706000,CORESHIP OL,Rosario
2026-10-01,05:10:10,755991013,PUMA,Rosario
2026-10-01,05:10:10,238067000,AP IMPERIAL,Rosario
2026-10-01,05:10:10,565607000,STRATEGIC EXPLORER,Rosario
2026-10-01,05:10:10,755044000,R/E CHACO X,Rosario
2026-10-01,05:10:10,720929000,IB NUEVA PALMIRA,Rosario
2026-10-01,05:10:10,755039000,RE CAVALIER I,Rosario
2026-10-01,05:10:10,701153000,PAULINO C,Rosario
2026-10-01,05:10:10,701503000,GC77 GFO SAN MATIAS,Rosario
2026-10-01,05:10:10,636025837,PAIWAN CHAMPION,Rosario
2026-10-01,05:10:10,205175000,PINTA,Rosario
2026-10-01,05:10:10,7010004,,Rosario
2026-10-01,05:10:10,701006245,SAN JOSE V,Rosario
2026-10-01,05:10:10,755122000,INQUEBRANTABLE,Rosario
2026-10-01,05:10:10,563305300,IWAGI ISLAND,Rosario
2026-10-01,05:10:10,755157000,GF HUMAITA,Rosario
2026-10-01,05:10:10,311001845,DOLPHIN 21,Rosario
2026-10-01,05:10:10,701006926,FAVORITO SAN ANTONIO,Rosario
2026-10-01,05:10:10,538012142,OCEAN WEST,Rosario
2026-10-01,05:10:10,701006268,LAZARO,Rosario
2026-10-01,05:10:10,253454000,TACCOLA,Rosario
2026-10-01,05:10:10,645181000,DN67,Rosario
2026-10-01,05:10:10,755088000,DECATUR LADY,Rosario
2026-10-01,05:10:10,701006242,JILGUERO 1,Rosario
2026-10-01,05:10:10,538008439,UNION MARK,Rosario
2026-10-01,05:10:10,311001553,AFRICAN MARGAUX,Rosario
2026-10-01,05:10:10,538009113,ALIKI PERROTIS,Rosario
2026-10-01,05:10:10,701001404,GUAZU PUCU,Rosario
2026-10-01,05:10:10,701006685,,DelGuazu
2026-10-01,05:10:10,636019792,CL YINGNA HE,DelGuazu
2026-10-01,05:10:10,355357000,DRAKE WELL,DelGuazu
2026-10-01,05:10:10,701006226,DONA NINA,DelGuazu
2026-10-01,05:10:10,563255500,CHOLA ETERNITY,DelGuazu
2026-10-01,05:10:10,701006412,IQUIQUE,DelGuazu
2026-10-01,05:10:10,701090000,PARANA I,DelGuazu
2026-10-01,05:10:10,701006643,DON RAXYZ,DelGuazu
2026-10-01,05:10:10,257720360,STAR NAGA,DelGuazu
2026-10-01,05:10:10,701006221,,BellaVista
2026-10-01,05:10:10,755194200,DON EDUARDO,BellaVista
2026-10-01,05:10:10,755063000,,BellaVista
2026-10-01,05:10:10,755091000,MARIA AUXILIADORA,BellaVista
2026-10-01,05:10:10,755027000,CAVALIER XV,BellaVista
2026-10-01,05:10:10,755061000,TIO KIKE,BellaVista
2026-10-01,05:10:10,755142000,ARATIRI.,BellaVista
2026-10-01,05:10:10,755005068,GF GUARANI,BellaVista
2026-10-01,05:10:10,755126000,LATERE,BellaVista
2026-10-01,05:10:10,720034000,MOMPOX,BellaVista
2026-10-01,05:10:10,755003887,MARIA A,BellaVista
2026-10-01,05:10:10,755134000,LADOCE H,BellaVista
2026-10-01,05:10:10,720949000,HB LYNX,BellaVista
2026-10-01,05:10:10,755003963,DONA MAGDA,BellaVista
2026-10-01,05:10:10,755167000,GF BOQUERON,BellaVista
2026-10-01,05:20:10,701006317,,SanLorenzo
2026-10-01,05:20:10,755044000,,SanLorenzo
2026-10-01,05:20:10,538009155,NAMA,SanLorenzo
2026-10-01,05:20:10,352006354,BRAVE QUEST,SanLorenzo
2026-10-01,05:20:10,636023390,TROUVAILLE,SanLorenzo
2026-10-01,05:20:10,755079000,DR.SALGADO H,SanLorenzo
2026-10-01,05:20:10,636024124,CL ZHANJIANG,SanLorenzo
2026-10-01,05:20:10,701170000,MAKENITA H,SanLorenzo
2026-10-01,05:20:10,636022816,SDM DONGGUAN,SanLorenzo
2026-10-01,05:20:10,636023707,FIESTA,SanLorenzo
2026-10-01,05:20:10,701138000,POLARIS,SanLorenzo
2026-10-01,05:20:10,355174000,APOGEE SPIRIT,SanLorenzo
2026-10-01,05:20:10,755125000,,SanLorenzo
2026-10-01,05:20:10,538012438,WELLNESS DIVA,SanLorenzo
2026-10-01,05:20:10,636026236,AURIGA STAR,SanLorenzo
2026-10-01,05:20:10,636022194,PORT KYOTO,SanLorenzo
2026-10-01,05:20:10,636017076,KARLINO,SanLorenzo
2026-10-01,05:20:10,701006242,JILGUERO 1,SanLorenzo
2026-10-01,05:20:10,701124000,JULIO A,SanLorenzo
2026-10-01,05:20:10,352004869,ROYAL GALAXY,SanLorenzo
2026-10-01,05:20:10,538009309,OCEAN VENUS,SanLorenzo
2026-10-01,05:20:10,210025000,ELONA,SanLorenzo
2026-10-01,05:20:10,355702000,SOUTHERN STAR,SanLorenzo
2026-10-01,05:20:10,477142400,BOCHEM BUCEPHALAS,SanLorenzo
2026-10-01,05:20:10,636022773,BBG LIJIANG,SanLorenzo
2026-10-01,05:20:10,215143000,KEREM,SanLorenzo
2026-10-01,05:20:10,563302200,IONA ISLAND,SanLorenzo
2026-10-01,05:20:10,374369000,SILVER DUBAI,SanLorenzo
2026-10-01,05:20:10,720915000,,SanLorenzo
2026-10-01,05:20:10,7010004,,SanLorenzo
2026-10-01,05:20:10,354706000,CORESHIP OL,SanLorenzo
2026-10-01,05:20:10,565607000,STRATEGIC EXPLORER,SanLorenzo
2026-10-01,05:20:10,701006926,FAVORITO SAN ANTONIO,SanLorenzo
2026-10-01,05:20:10,701001324,HALCON,SanLorenzo
2026-10-01,05:20:10,238067000,AP IMPERIAL,SanLorenzo
2026-10-01,05:20:10,701153000,PAULINO C,SanLorenzo
2026-10-01,05:20:10,205175000,PINTA,SanLorenzo
2026-10-01,05:20:10,755002941,HERKULES IV,SanLorenzo
2026-10-01,05:20:10,563305300,IWAGI ISLAND,SanLorenzo
2026-10-01,05:20:10,701006245,SAN JOSE V,SanLorenzo
2026-10-01,05:20:10,636025837,PAIWAN CHAMPION,SanLorenzo
2026-10-01,05:20:10,755122000,INQUEBRANTABLE,SanLorenzo
2026-10-01,05:20:10,755018000,CAPTAIN BILBO,SanLorenzo
2026-10-01,05:20:10,701001114,IGUAZU,SanLorenzo
2026-10-01,05:20:10,755201178,NUAR B.,SanLorenzo
2026-10-01,05:20:10,701006268,LAZARO,SanLorenzo
2026-10-01,05:20:10,755088000,DECATUR LADY,SanLorenzo
2026-10-01,05:20:10,538012142,OCEAN WEST,SanLorenzo
2026-10-01,05:20:10,645181000,DN67,SanLorenzo
2026-10-01,05:20:10,755991013,PUMA,SanLorenzo
2026-10-01,05:20:10,311001845,DOLPHIN 21,SanLorenzo
2026-10-01,05:20:10,755157000,GF HUMAITA,SanLorenzo
2026-10-01,05:20:10,701006396,VB RECOLETA,SanLorenzo
2026-10-01,05:20:10,755039000,RE CAVALIER I,SanLorenzo
2026-10-01,05:20:10,538008439,UNION MARK,SanLorenzo
2026-10-01,05:20:10,311001553,AFRICAN MARGAUX,SanLorenzo
2026-10-01,05:20:10,253454000,TACCOLA,SanLorenzo
2026-10-01,05:20:10,701001404,GUAZU PUCU,SanLorenzo
2026-10-01,05:20:10,720929000,IB NUEVA PALMIRA,SanLorenzo
2026-10-01,05:20:10,701503000,GC77 GFO SAN MATIAS,SanLorenzo
2026-10-01,05:20:10,538009113,ALIKI PERROTIS,SanLorenzo
2026-10-01,05:20:10,210025000,ELONA,Rosario
2026-10-01,05:20:10,701006242,JILGUERO 1,Rosario
2026-10-01,05:20:10,755079000,DR.SALGADO H,Rosario
2026-10-01,05:20:10,352004869,ROYAL GALAXY,Rosario
2026-10-01,05:20:10,565607000,STRATEGIC EXPLORER,Rosario
2026-10-01,05:20:10,538012142,OCEAN WEST,Rosario
2026-10-01,05:20:10,352006354,BRAVE QUEST,Rosario
2026-10-01,05:20:10,636023390,TROUVAILLE,Rosario
2026-10-01,05:20:10,636024124,CL ZHANJIANG,Rosario
2026-10-01,05:20:10,701170000,MAKENITA H,Rosario
2026-10-01,05:20:10,636023707,FIESTA,Rosario
2026-10-01,05:20:10,701138000,,Rosario
2026-10-01,05:20:10,355174000,APOGEE SPIRIT,Rosario
2026-10-01,05:20:10,755991013,PUMA,Rosario
2026-10-01,05:20:10,701001324,HALCON,Rosario
2026-10-01,05:20:10,257087000,DAMSGAARD,Rosario
2026-10-01,05:20:10,636026236,AURIGA STAR,Rosario
2026-10-01,05:20:10,636022194,PORT KYOTO,Rosario
2026-10-01,05:20:10,636017076,KARLINO,Rosario
2026-10-01,05:20:10,538009309,OCEAN VENUS,Rosario
2026-10-01,05:20:10,355702000,SOUTHERN STAR,Rosario
2026-10-01,05:20:10,477142400,BOCHEM BUCEPHALAS,Rosario
2026-10-01,05:20:10,636022773,BBG LIJIANG,Rosario
2026-10-01,05:20:10,215143000,KEREM,Rosario
2026-10-01,05:20:10,374369000,SILVER DUBAI,Rosario
2026-10-01,05:20:10,720915000,IB PARAGUAY,Rosario
2026-10-01,05:20:10,7010004,,Rosario
2026-10-01,05:20:10,354706000,CORESHIP OL,Rosario
2026-10-01,05:20:10,720929000,IB NUEVA PALMIRA,Rosario
2026-10-01,05:20:10,238067000,AP IMPERIAL,Rosario
2026-10-01,05:20:10,701153000,PAULINO C,Rosario
2026-10-01,05:20:10,205175000,PINTA,Rosario
2026-10-01,05:20:10,563305300,IWAGI ISLAND,Rosario
2026-10-01,05:20:10,636025837,PAIWAN CHAMPION,Rosario
2026-10-01,05:20:10,701006245,SAN JOSE V,Rosario
2026-10-01,05:20:10,755122000,INQUEBRANTABLE,Rosario
2026-10-01,05:20:10,311001845,DOLPHIN 21,Rosario
2026-10-01,05:20:10,755157000,GF HUMAITA,Rosario
2026-10-01,05:20:10,701001114,IGUAZU,Rosario
2026-10-01,05:20:10,701006926,FAVORITO SAN ANTONIO,Rosario
2026-10-01,05:20:10,755201178,NUAR B.,Rosario
2026-10-01,05:20:10,701006268,LAZARO,Rosario
2026-10-01,05:20:10,755088000,DECATUR LADY,Rosario
2026-10-01,05:20:10,645181000,DN67,Rosario
2026-10-01,05:20:10,253454000,TACCOLA,Rosario
2026-10-01,05:20:10,755044000,R/E CHACO X,Rosario
2026-10-01,05:20:10,755039000,RE CAVALIER I,Rosario
2026-10-01,05:20:10,538008439,UNION MARK,Rosario
2026-10-01,05:20:10,311001553,AFRICAN MARGAUX,Rosario
2026-10-01,05:20:10,701001404,GUAZU PUCU,Rosario
2026-10-01,05:20:10,701503000,GC77 GFO SAN MATIAS,Rosario
2026-10-01,05:20:10,538009113,ALIKI PERROTIS,Rosario
2026-10-01,05:20:10,355357000,DRAKE WELL,DelGuazu
2026-10-01,05:20:10,701006226,DONA NINA,DelGuazu
2026-10-01,05:20:10,636019792,CL YINGNA HE,DelGuazu
2026-10-01,05:20:10,701090000,PARANA I,DelGuazu
2026-10-01,05:20:10,701006412,IQUIQUE,DelGuazu
2026-10-01,05:20:10,257720360,STAR NAGA,DelGuazu
2026-10-01,05:20:10,701006643,DON RAXYZ,DelGuazu
2026-10-01,05:20:10,563255500,CHOLA ETERNITY,DelGuazu
2026-10-01,05:20:10,720034000,MOMPOX,BellaVista
2026-10-01,05:20:10,755024000,,BellaVista
2026-10-01,05:20:10,755142000,ARATIRI.,BellaVista
2026-10-01,05:20:10,755005068,GF GUARANI,BellaVista
2026-10-01,05:20:10,755061000,TIO KIKE,BellaVista
2026-10-01,05:20:10,755126000,LATERE,BellaVista
2026-10-01,05:20:10,755194200,DON EDUARDO,BellaVista
2026-10-01,05:20:10,720949000,HB LYNX,BellaVista
2026-10-01,05:20:10,755003963,DONA MAGDA,BellaVista
2026-10-01,05:20:10,755167000,GF BOQUERON,BellaVista
2026-10-01,05:20:10,755027000,CAVALIER XV,BellaVista
2026-10-01,05:30:11,755058000,CAP. JACKSON,SanLorenzo
2026-10-01,05:30:11,701006283,,SanLorenzo
2026-10-01,05:30:11,720915000,IB PARAGUAY,SanLorenzo
2026-10-01,05:30:11,352006354,BRAVE QUEST,SanLorenzo
2026-10-01,05:30:11,755079000,DR.SALGADO H,SanLorenzo
2026-10-01,05:30:11,636023390,TROUVAILLE,SanLorenzo
2026-10-01,05:30:11,636024124,CL ZHANJIANG,SanLorenzo
2026-10-01,05:30:11,538008439,UNION MARK,SanLorenzo
2026-10-01,05:30:11,701170000,MAKENITA H,SanLorenzo
2026-10-01,05:30:11,636023707,FIESTA,SanLorenzo
2026-10-01,05:30:11,636022816,SDM DONGGUAN,SanLorenzo
2026-10-01,05:30:11,565607000,STRATEGIC EXPLORER,SanLorenzo
2026-10-01,05:30:11,701138000,POLARIS,SanLorenzo
2026-10-01,05:30:11,355174000,APOGEE SPIRIT,SanLorenzo
2026-10-01,05:30:11,538012438,WELLNESS DIVA,SanLorenzo
2026-10-01,05:30:11,636026236,AURIGA STAR,SanLorenzo
2026-10-01,05:30:11,636022194,PORT KYOTO,SanLorenzo
2026-10-01,05:30:11,636017076,KARLINO,SanLorenzo
2026-10-01,05:30:11,701006242,JILGUERO 1,SanLorenzo
2026-10-01,05:30:11,701124000,JULIO A,SanLorenzo
2026-10-01,05:30:11,352004869,ROYAL GALAXY,SanLorenzo
2026-10-01,05:30:11,538009309,OCEAN VENUS,SanLorenzo
2026-10-01,05:30:11,210025000,ELONA,SanLorenzo
2026-10-01,05:30:11,355702000,SOUTHERN STAR,SanLorenzo
2026-10-01,05:30:11,538009155,,SanLorenzo
2026-10-01,05:30:11,477142400,BOCHEM BUCEPHALAS,SanLorenzo
2026-10-01,05:30:11,636022773,BBG LIJIANG,SanLorenzo
2026-10-01,05:30:11,215143000,KEREM,SanLorenzo
2026-10-01,05:30:11,563302200,IONA ISLAND,SanLorenzo
2026-10-01,05:30:11,374369000,SILVER DUBAI,SanLorenzo
2026-10-01,05:30:11,7010004,,SanLorenzo
2026-10-01,05:30:11,354706000,CORESHIP OL,SanLorenzo
2026-10-01,05:30:11,755044000,,SanLorenzo
2026-10-01,05:30:11,238067000,AP IMPERIAL,SanLorenzo
2026-10-01,05:30:11,311001553,AFRICAN MARGAUX,SanLorenzo
2026-10-01,05:30:11,701503000,GC77 GFO SAN MATIAS,SanLorenzo
2026-10-01,05:30:11,701001404,GUAZU PUCU,SanLorenzo
2026-10-01,05:30:11,701153000,PAULINO C,SanLorenzo
2026-10-01,05:30:11,205175000,PINTA,SanLorenzo
2026-10-01,05:30:11,636025837,PAIWAN CHAMPION,SanLorenzo
2026-10-01,05:30:11,755002941,HERKULES IV,SanLorenzo
2026-10-01,05:30:11,563305300,IWAGI ISLAND,SanLorenzo
2026-10-01,05:30:11,755122000,INQUEBRANTABLE,SanLorenzo
2026-10-01,05:30:11,755018000,CAPTAIN BILBO,SanLorenzo
2026-10-01,05:30:11,701006245,SAN JOSE V,SanLorenzo
2026-10-01,05:30:11,538012142,OCEAN WEST,SanLorenzo
2026-10-01,05:30:11,755201178,NUAR B.,SanLorenzo
2026-10-01,05:30:11,701006926,FAVORITO SAN ANTONIO,SanLorenzo
2026-10-01,05:30:11,755991013,PUMA,SanLorenzo
2026-10-01,05:30:11,253454000,TACCOLA,SanLorenzo
2026-10-01,05:30:11,645181000,DN67,SanLorenzo
2026-10-01,05:30:11,755088000,DECATUR LADY,SanLorenzo
2026-10-01,05:30:11,701006268,LAZARO,SanLorenzo
2026-10-01,05:30:11,311001845,DOLPHIN 21,SanLorenzo
2026-10-01,05:30:11,755157000,GF HUMAITA,SanLorenzo
2026-10-01,05:30:11,701006396,VB RECOLETA,SanLorenzo
2026-10-01,05:30:11,755039000,RE CAVALIER I,SanLorenzo
2026-10-01,05:30:11,720929000,IB NUEVA PALMIRA,SanLorenzo
2026-10-01,05:30:11,538009113,ALIKI PERROTIS,SanLorenzo
2026-10-01,05:30:11,755002941,,Rosario
2026-10-01,05:30:11,636023707,FIESTA,Rosario
2026-10-01,05:30:11,701138000,,Rosario
2026-10-01,05:30:11,257087000,DAMSGAARD,Rosario
2026-10-01,05:30:11,636026236,AURIGA STAR,Rosario
2026-10-01,05:30:11,210025000,ELONA,Rosario
2026-10-01,05:30:11,636020884,,Rosario
2026-10-01,05:30:11,352006354,BRAVE QUEST,Rosario
2026-10-01,05:30:11,636023390,TROUVAILLE,Rosario
2026-10-01,05:30:11,755079000,DR.SALGADO H,Rosario
2026-10-01,05:30:11,636024124,CL ZHANJIANG,Rosario
2026-10-01,05:30:11,538008439,UNION MARK,Rosario
2026-10-01,05:30:11,701170000,MAKENITA H,Rosario
2026-10-01,05:30:11,538012438,,Rosario
2026-10-01,05:30:11,355174000,APOGEE SPIRIT,Rosario
2026-10-01,05:30:11,636022194,PORT KYOTO,Rosario
2026-10-01,05:30:11,636017076,KARLINO,Rosario
2026-10-01,05:30:11,352004869,ROYAL GALAXY,Rosario
2026-10-01,05:30:11,538009309,OCEAN VENUS,Rosario
2026-10-01,05:30:11,636019448,,Rosario
2026-10-01,05:30:11,355702000,SOUTHERN STAR,Rosario
2026-10-01,05:30:11,477142400,BOCHEM BUCEPHALAS,Rosario
2026-10-01,05:30:11,215143000,KEREM,Rosario
2026-10-01,05:30:11,636022773,BBG LIJIANG,Rosario
2026-10-01,05:30:11,374369000,SILVER DUBAI,Rosario
2026-10-01,05:30:11,720915000,IB PARAGUAY,Rosario
2026-10-01,05:30:11,7010004,,Rosario
2026-10-01,05:30:11,354706000,CORESHIP OL,Rosario
2026-10-01,05:30:11,755201178,NUAR B.,Rosario
2026-10-01,05:30:11,720951000,,Rosario
2026-10-01,05:30:11,238067000,AP IMPERIAL,Rosario
2026-10-01,05:30:11,755991013,PUMA,Rosario
2026-10-01,05:30:11,701006242,JILGUERO 1,Rosario
2026-10-01,05:30:11,701503000,GC77 GFO SAN MATIAS,Rosario
2026-10-01,05:30:11,701001404,GUAZU PUCU,Rosario
2026-10-01,05:30:11,701153000,PAULINO C,Rosario
2026-10-01,05:30:11,205175000,PINTA,Rosario
2026-10-01,05:30:11,636025837,PAIWAN CHAMPION,Rosario
2026-10-01,05:30:11,563305300,IWAGI ISLAND,Rosario
2026-10-01,05:30:11,755122000,INQUEBRANTABLE,Rosario
2026-10-01,05:30:11,701006245,SAN JOSE V,Rosario
2026-10-01,05:30:11,311001845,DOLPHIN 21,Rosario
2026-10-01,05:30:11,538012142,OCEAN WEST,Rosario
2026-10-01,05:30:11,701006926,FAVORITO SAN ANTONIO,Rosario
2026-10-01,05:30:11,565607000,STRATEGIC EXPLORER,Rosario
2026-10-01,05:30:11,253454000,TACCOLA,Rosario
2026-10-01,05:30:11,645181000,DN67,Rosario
2026-10-01,05:30:11,755088000,DECATUR LADY,Rosario
2026-10-01,05:30:11,701006268,LAZARO,Rosario
2026-10-01,05:30:11,755157000,GF HUMAITA,Rosario
2026-10-01,05:30:11,755039000,RE CAVALIER I,Rosario
2026-10-01,05:30:11,755044000,R/E CHACO X,Rosario
2026-10-01,05:30:11,720929000,IB NUEVA PALMIRA,Rosario
2026-10-01,05:30:11,538009113,ALIKI PERROTIS,Rosario
2026-10-01,05:30:11,311001553,AFRICAN MARGAUX,Rosario
2026-10-01,05:30:11,253188000,,DelGuazu
2026-10-01,05:30:11,215622000,,DelGuazu
2026-10-01,05:30:11,636019792,CL YINGNA HE,DelGuazu
2026-10-01,05:30:11,355357000,DRAKE WELL,DelGuazu
2026-10-01,05:30:11,701006685,,DelGuazu
2026-10-01,05:30:11,538002179,,DelGuazu
2026-10-01,05:30:11,701006226,DONA NINA,DelGuazu
2026-10-01,05:30:11,701906228,,DelGuazu
2026-10-01,05:30:11,701090000,PARANA I,DelGuazu
2026-10-01,05:30:11,701006412,IQUIQUE,DelGuazu
2026-10-01,05:30:11,257720360,STAR NAGA,DelGuazu
2026-10-01,05:30:11,701006643,DON RAXYZ,DelGuazu
2026-10-01,05:30:11,563255500,CHOLA ETERNITY,DelGuazu
2026-10-01,05:30:11,720034000,MOMPOX,BellaVista
2026-10-01,05:30:11,755024000,RE CAVALIER XII,BellaVista
2026-10-01,05:30:11,720949000,HB LYNX,BellaVista
2026-10-01,05:30:11,755142000,ARATIRI.,BellaVista
2026-10-01,05:30:11,755003963,DONA MAGDA,BellaVista
2026-10-01,05:30:11,755061000,TIO KIKE,BellaVista
2026-10-01,05:30:11,755134000,LADOCE H,BellaVista
2026-10-01,05:30:11,755126000,LATERE,BellaVista
2026-10-01,05:30:11,755194200,DON EDUARDO,BellaVista
2026-10-01,05:30:11,755167000,GF BOQUERON,BellaVista
2026-10-01,05:30:11,755027000,CAVALIER XV,BellaVista
2026-10-01,05:40:16,355174000,APOGEE SPIRIT,SanLorenzo
2026-10-01,05:40:16,755201178,NUAR B.,SanLorenzo
2026-10-01,05:40:16,755040000,,SanLorenzo
2026-10-01,05:40:16,636020884,,SanLorenzo
2026-10-01,05:40:16,636019448,,SanLorenzo
2026-10-01,05:40:16,354706000,CORESHIP OL,SanLorenzo
2026-10-01,05:40:16,701006283,,SanLorenzo
2026-10-01,05:40:16,538012142,OCEAN WEST,SanLorenzo
2026-10-01,05:40:16,352006354,BRAVE QUEST,SanLorenzo
2026-10-01,05:40:16,755079000,DR.SALGADO H,SanLorenzo
2026-10-01,05:40:16,636023390,TROUVAILLE,SanLorenzo
2026-10-01,05:40:16,636024124,CL ZHANJIANG,SanLorenzo
2026-10-01,05:40:16,636022816,SDM DONGGUAN,SanLorenzo
2026-10-01,05:40:16,538008439,UNION MARK,SanLorenzo
2026-10-01,05:40:16,701170000,MAKENITA H,SanLorenzo
2026-10-01,05:40:16,636023707,FIESTA,SanLorenzo
2026-10-01,05:40:16,477318600,ALBATROSS ISLAND,SanLorenzo
2026-10-01,05:40:16,701138000,POLARIS,SanLorenzo
2026-10-01,05:40:16,538012438,WELLNESS DIVA,SanLorenzo
2026-10-01,05:40:16,257087000,,SanLorenzo
2026-10-01,05:40:16,636026236,AURIGA STAR,SanLorenzo
2026-10-01,05:40:16,376961000,,SanLorenzo
2026-10-01,05:40:16,636022194,PORT KYOTO,SanLorenzo
2026-10-01,05:40:16,636017076,KARLINO,SanLorenzo
2026-10-01,05:40:16,352004869,ROYAL GALAXY,SanLorenzo
2026-10-01,05:40:16,701124000,JULIO A,SanLorenzo
2026-10-01,05:40:16,538009309,OCEAN VENUS,SanLorenzo
2026-10-01,05:40:16,701006317,,SanLorenzo
2026-10-01,05:40:16,210025000,ELONA,SanLorenzo
2026-10-01,05:40:16,355702000,SOUTHERN STAR,SanLorenzo
2026-10-01,05:40:16,538009155,NAMA,SanLorenzo
2026-10-01,05:40:16,477142400,BOCHEM BUCEPHALAS,SanLorenzo
2026-10-01,05:40:16,636022773,BBG LIJIANG,SanLorenzo
2026-10-01,05:40:16,215143000,KEREM,SanLorenzo
2026-10-01,05:40:16,563302200,IONA ISLAND,SanLorenzo
2026-10-01,05:40:16,374369000,SILVER DUBAI,SanLorenzo
2026-10-01,05:40:16,720915000,IB PARAGUAY,SanLorenzo
2026-10-01,05:40:16,7010004,,SanLorenzo
2026-10-01,05:40:16,238067000,AP IMPERIAL,SanLorenzo
2026-10-01,05:40:16,645181000,DN67,SanLorenzo
2026-10-01,05:40:16,755044000,R/E CHACO X,SanLorenzo
2026-10-01,05:40:16,755039000,RE CAVALIER I,SanLorenzo
2026-10-01,05:40:16,701503000,GC77 GFO SAN MATIAS,SanLorenzo
2026-10-01,05:40:16,755002941,HERKULES IV,SanLorenzo
2026-10-01,05:40:16,205175000,PINTA,SanLorenzo
2026-10-01,05:40:16,701153000,PAULINO C,SanLorenzo
2026-10-01,05:40:16,563305300,IWAGI ISLAND,SanLorenzo
2026-10-01,05:40:16,636025837,PAIWAN CHAMPION,SanLorenzo
2026-10-01,05:40:16,701006245,SAN JOSE V,SanLorenzo
2026-10-01,05:40:16,755018000,CAPTAIN BILBO,SanLorenzo
2026-10-01,05:40:16,755157000,GF HUMAITA,SanLorenzo
2026-10-01,05:40:16,755125000,DON ARMANDO H,SanLorenzo
2026-10-01,05:40:16,311001845,DOLPHIN 21,SanLorenzo
2026-10-01,05:40:16,755122000,INQUEBRANTABLE,SanLorenzo
2026-10-01,05:40:16,701006926,FAVORITO SAN ANTONIO,SanLorenzo
2026-10-01,05:40:16,253454000,TACCOLA,SanLorenzo
2026-10-01,05:40:16,701006268,LAZARO,SanLorenzo
2026-10-01,05:40:16,755991013,PUMA,SanLorenzo
2026-10-01,05:40:16,565607000,STRATEGIC EXPLORER,SanLorenzo
2026-10-01,05:40:16,755088000,DECATUR LADY,SanLorenzo
2026-10-01,05:40:16,701006396,VB RECOLETA,SanLorenzo
2026-10-01,05:40:16,720929000,IB NUEVA PALMIRA,SanLorenzo
2026-10-01,05:40:16,311001553,AFRICAN MARGAUX,SanLorenzo
2026-10-01,05:40:16,538009113,ALIKI PERROTIS,SanLorenzo
2026-10-01,05:40:16,701001404,GUAZU PUCU,SanLorenzo
2026-10-01,05:40:16,701138000,,Rosario
2026-10-01,05:40:16,355174000,APOGEE SPIRIT,Rosario
2026-10-01,05:40:16,755040000,,Rosario
2026-10-01,05:40:16,477318600,,Rosario
2026-10-01,05:40:16,538012438,,Rosario
2026-10-01,05:40:16,257087000,DAMSGAARD,Rosario
2026-10-01,05:40:16,210025000,ELONA,Rosario
2026-10-01,05:40:16,352006354,BRAVE QUEST,Rosario
2026-10-01,05:40:16,755079000,DR.SALGADO H,Rosario
2026-10-01,05:40:16,636023390,TROUVAILLE,Rosario
2026-10-01,05:40:16,565607000,STRATEGIC EXPLORER,Rosario
2026-10-01,05:40:16,636024124,CL ZHANJIANG,Rosario
2026-10-01,05:40:16,538008439,UNION MARK,Rosario
2026-10-01,05:40:16,701170000,MAKENITA H,Rosario
2026-10-01,05:40:16,636023707,FIESTA,Rosario
2026-10-01,05:40:16,636026236,AURIGA STAR,Rosario
2026-10-01,05:40:16,636022194,PORT KYOTO,Rosario
2026-10-01,05:40:16,636017076,KARLINO,Rosario
2026-10-01,05:40:16,352004869,ROYAL GALAXY,Rosario
2026-10-01,05:40:16,701124000,,Rosario
2026-10-01,05:40:16,538009309,OCEAN VENUS,Rosario
2026-10-01,05:40:16,636019448,,Rosario
2026-10-01,05:40:16,355702000,SOUTHERN STAR,Rosario
2026-10-01,05:40:16,701006242,JILGUERO 1,Rosario
2026-10-01,05:40:16,477142400,BOCHEM BUCEPHALAS,Rosario
2026-10-01,05:40:16,215143000,KEREM,Rosario
2026-10-01,05:40:16,636022773,BBG LIJIANG,Rosario
2026-10-01,05:40:16,374369000,SILVER DUBAI,Rosario
2026-10-01,05:40:16,720915000,IB PARAGUAY,Rosario
2026-10-01,05:40:16,755018000,,Rosario
2026-10-01,05:40:16,7010004,,Rosario
2026-10-01,05:40:16,354706000,CORESHIP OL,Rosario
2026-10-01,05:40:16,311001845,DOLPHIN 21,Rosario
2026-10-01,05:40:16,238067000,AP IMPERIAL,Rosario
2026-10-01,05:40:16,701006396,,Rosario
2026-10-01,05:40:16,755991013,PUMA,Rosario
2026-10-01,05:40:16,701503000,GC77 GFO SAN MATIAS,Rosario
2026-10-01,05:40:16,755002941,,Rosario
2026-10-01,05:40:16,205175000,PINTA,Rosario
2026-10-01,05:40:16,701153000,PAULINO C,Rosario
2026-10-01,05:40:16,563305300,IWAGI ISLAND,Rosario
2026-10-01,05:40:16,636025837,PAIWAN CHAMPION,Rosario
2026-10-01,05:40:16,701006245,SAN JOSE V,Rosario
2026-10-01,05:40:16,538012142,OCEAN WEST,Rosario
2026-10-01,05:40:16,755157000,GF HUMAITA,Rosario
2026-10-01,05:40:16,755125000,,Rosario
2026-10-01,05:40:16,755122000,INQUEBRANTABLE,Rosario
2026-10-01,05:40:16,720951000,HB CENTAURUS,Rosario
2026-10-01,05:40:16,701006926,FAVORITO SAN ANTONIO,Rosario
2026-10-01,05:40:16,253454000,TACCOLA,Rosario
2026-10-01,05:40:16,701006268,LAZARO,Rosario
2026-10-01,05:40:16,645181000,DN67,Rosario
2026-10-01,05:40:16,755044000,R/E CHACO X,Rosario
2026-10-01,05:40:16,755088000,DECATUR LADY,Rosario
2026-10-01,05:40:16,755039000,RE CAVALIER I,Rosario
2026-10-01,05:40:16,720929000,IB NUEVA PALMIRA,Rosario
2026-10-01,05:40:16,311001553,AFRICAN MARGAUX,Rosario
2026-10-01,05:40:16,538009113,ALIKI PERROTIS,Rosario
2026-10-01,05:40:16,701001404,GUAZU PUCU,Rosario
2026-10-01,05:40:16,636019792,CL YINGNA HE,DelGuazu
2026-10-01,05:40:16,355357000,DRAKE WELL,DelGuazu
2026-10-01,05:40:16,701006400,,DelGuazu
2026-10-01,05:40:16,701006685,AZALEA,DelGuazu
2026-10-01,05:40:16,701090000,PARANA I,DelGuazu
2026-10-01,05:40:16,563255500,CHOLA ETERNITY,DelGuazu
2026-10-01,05:40:16,701906228,,DelGuazu
2026-10-01,05:40:16,701006226,DONA NINA,DelGuazu
2026-10-01,05:40:16,701006412,IQUIQUE,DelGuazu
2026-10-01,05:40:16,215622000,,DelGuazu
2026-10-01,05:40:16,538006220,,DelGuazu
2026-10-01,05:40:16,257720360,STAR NAGA,DelGuazu
2026-10-01,05:40:16,701006643,DON RAXYZ,DelGuazu
2026-10-01,05:40:16,755142000,ARATIRI.,BellaVista
2026-10-01,05:40:16,755116000,,BellaVista
2026-10-01,05:40:16,755024000,RE CAVALIER XII,BellaVista
2026-10-01,05:40:16,755061000,TIO KIKE,BellaVista
2026-10-01,05:40:16,755027000,CAVALIER XV,BellaVista
2026-10-01,05:40:16,720034000,MOMPOX,BellaVista
2026-10-01,05:40:16,755003887,MARIA A,BellaVista
2026-10-01,05:40:16,755134000,LADOCE H,BellaVista
2026-10-01,05:40:16,755126000,LATERE,BellaVista
2026-10-01,05:40:16,755194200,DON EDUARDO,BellaVista
2026-10-01,05:40:16,720949000,HB LYNX,BellaVista
2026-10-01,05:40:16,755003963,DONA MAGDA,BellaVista
2026-10-01,05:40:16,755167000,GF BOQUERON,BellaVista
2026-10-01,05:50:10,376961000,,SanLorenzo
2026-10-01,05:50:10,701006283,,SanLorenzo
2026-10-01,05:50:10,538009155,NAMA,SanLorenzo
2026-10-01,05:50:10,215143000,KEREM,SanLorenzo
2026-10-01,05:50:10,352006354,BRAVE QUEST,SanLorenzo
2026-10-01,05:50:10,636023390,TROUVAILLE,SanLorenzo
2026-10-01,05:50:10,755079000,DR.SALGADO H,SanLorenzo
2026-10-01,05:50:10,636024124,CL ZHANJIANG,SanLorenzo
2026-10-01,05:50:10,636022816,SDM DONGGUAN,SanLorenzo
2026-10-01,05:50:10,538008439,UNION MARK,SanLorenzo
2026-10-01,05:50:10,701170000,MAKENITA H,SanLorenzo
2026-10-01,05:50:10,636023707,FIESTA,SanLorenzo
2026-10-01,05:50:10,477318600,ALBATROSS ISLAND,SanLorenzo
2026-10-01,05:50:10,701138000,POLARIS,SanLorenzo
2026-10-01,05:50:10,355174000,APOGEE SPIRIT,SanLorenzo
2026-10-01,05:50:10,538012438,WELLNESS DIVA,SanLorenzo
2026-10-01,05:50:10,636026236,AURIGA STAR,SanLorenzo
2026-10-01,05:50:10,636022194,PORT KYOTO,SanLorenzo
2026-10-01,05:50:10,636017076,KARLINO,SanLorenzo
2026-10-01,05:50:10,701124000,JULIO A,SanLorenzo
2026-10-01,05:50:10,538009309,OCEAN VENUS,SanLorenzo
2026-10-01,05:50:10,636019448,,SanLorenzo
2026-10-01,05:50:10,352004869,ROYAL GALAXY,SanLorenzo
2026-10-01,05:50:10,210025000,ELONA,SanLorenzo
2026-10-01,05:50:10,355702000,SOUTHERN STAR,SanLorenzo
2026-10-01,05:50:10,636022773,BBG LIJIANG,SanLorenzo
2026-10-01,05:50:10,563302200,IONA ISLAND,SanLorenzo
2026-10-01,05:50:10,565607000,STRATEGIC EXPLORER,SanLorenzo
2026-10-01,05:50:10,374369000,SILVER DUBAI,SanLorenzo
2026-10-01,05:50:10,720915000,IB PARAGUAY,SanLorenzo
2026-10-01,05:50:10,7010004,,SanLorenzo
2026-10-01,05:50:10,354706000,CORESHIP OL,SanLorenzo
2026-10-01,05:50:10,701006396,VB RECOLETA,SanLorenzo
2026-10-01,05:50:10,238067000,AP IMPERIAL,SanLorenzo
2026-10-01,05:50:10,701153000,PAULINO C,SanLorenzo
2026-10-01,05:50:10,755044000,R/E CHACO X,SanLorenzo
2026-10-01,05:50:10,205175000,PINTA,SanLorenzo
2026-10-01,05:50:10,636025837,PAIWAN CHAMPION,SanLorenzo
2026-10-01,05:50:10,563305300,IWAGI ISLAND,SanLorenzo
2026-10-01,05:50:10,701006245,SAN JOSE V,SanLorenzo
2026-10-01,05:50:10,755122000,INQUEBRANTABLE,SanLorenzo
2026-10-01,05:50:10,538012142,OCEAN WEST,SanLorenzo
2026-10-01,05:50:10,477142400,BOCHEM BUCEPHALAS,SanLorenzo
2026-10-01,05:50:10,755018000,CAPTAIN BILBO,SanLorenzo
2026-10-01,05:50:10,755157000,GF HUMAITA,SanLorenzo
2026-10-01,05:50:10,701006926,FAVORITO SAN ANTONIO,SanLorenzo
2026-10-01,05:50:10,755991013,PUMA,SanLorenzo
2026-10-01,05:50:10,253454000,TACCOLA,SanLorenzo
2026-10-01,05:50:10,645181000,DN67,SanLorenzo
2026-10-01,05:50:10,701006268,LAZARO,SanLorenzo
2026-10-01,05:50:10,311001845,DOLPHIN 21,SanLorenzo
2026-10-01,05:50:10,755088000,DECATUR LADY,SanLorenzo
2026-10-01,05:50:10,701006242,,SanLorenzo
2026-10-01,05:50:10,720929000,IB NUEVA PALMIRA,SanLorenzo
2026-10-01,05:50:10,755039000,RE CAVALIER I,SanLorenzo
2026-10-01,05:50:10,311001553,AFRICAN MARGAUX,SanLorenzo
2026-10-01,05:50:10,538009113,ALIKI PERROTIS,SanLorenzo
2026-10-01,05:50:10,701503000,GC77 GFO SAN MATIAS,SanLorenzo
2026-10-01,05:50:10,755002941,HERKULES IV,SanLorenzo
2026-10-01,05:50:10,701001404,GUAZU PUCU,SanLorenzo
2026-10-01,05:50:10,755002941,,Rosario
2026-10-01,05:50:10,755125000,,Rosario
2026-10-01,05:50:10,701006396,,Rosario
2026-10-01,05:50:10,701138000,,Rosario
2026-10-01,05:50:10,355702000,SOUTHERN STAR,Rosario
2026-10-01,05:50:10,215143000,KEREM,Rosario
2026-10-01,05:50:10,755085000,,Rosario
2026-10-01,05:50:10,701007072,,Rosario
2026-10-01,05:50:10,352006354,BRAVE QUEST,Rosario
2026-10-01,05:50:10,636023390,TROUVAILLE,Rosario
2026-10-01,05:50:10,755079000,DR.SALGADO H,Rosario
2026-10-01,05:50:10,636024124,CL ZHANJIANG,Rosario
2026-10-01,05:50:10,538008439,UNION MARK,Rosario
2026-10-01,05:50:10,701170000,MAKENITA H,Rosario
2026-10-01,05:50:10,636023707,FIESTA,Rosario
2026-10-01,05:50:10,477318600,,Rosario
2026-10-01,05:50:10,355174000,APOGEE SPIRIT,Rosario
2026-10-01,05:50:10,257087000,DAMSGAARD,Rosario
2026-10-01,05:50:10,636026236,AURIGA STAR,Rosario
2026-10-01,05:50:10,636022194,PORT KYOTO,Rosario
2026-10-01,05:50:10,636017076,KARLINO,Rosario
2026-10-01,05:50:10,538009309,OCEAN VENUS,Rosario
2026-10-01,05:50:10,210025000,ELONA,Rosario
2026-10-01,05:50:10,636019448,STAR WAVE,Rosario
2026-10-01,05:50:10,352004869,ROYAL GALAXY,Rosario
2026-10-01,05:50:10,249865000,SREDNA GORA,Rosario
2026-10-01,05:50:10,636022773,BBG LIJIANG,Rosario
2026-10-01,05:50:10,374369000,SILVER DUBAI,Rosario
2026-10-01,05:50:10,701006242,JILGUERO 1,Rosario
2026-10-01,05:50:10,565607000,STRATEGIC EXPLORER,Rosario
2026-10-01,05:50:10,720915000,IB PARAGUAY,Rosario
2026-10-01,05:50:10,7010004,,Rosario
2026-10-01,05:50:10,354706000,CORESHIP OL,Rosario
2026-10-01,05:50:10,720951000,HB CENTAURUS,Rosario
2026-10-01,05:50:10,238067000,AP IMPERIAL,Rosario
2026-10-01,05:50:10,755991013,PUMA,Rosario
2026-10-01,05:50:10,720929000,IB NUEVA PALMIRA,Rosario
2026-10-01,05:50:10,701153000,PAULINO C,Rosario
2026-10-01,05:50:10,205175000,PINTA,Rosario
2026-10-01,05:50:10,636025837,PAIWAN CHAMPION,Rosario
2026-10-01,05:50:10,701006245,SAN JOSE V,Rosario
2026-10-01,05:50:10,563305300,IWAGI ISLAND,Rosario
2026-10-01,05:50:10,755122000,INQUEBRANTABLE,Rosario
2026-10-01,05:50:10,538012142,OCEAN WEST,Rosario
2026-10-01,05:50:10,477142400,BOCHEM BUCEPHALAS,Rosario
2026-10-01,05:50:10,311001845,DOLPHIN 21,Rosario
2026-10-01,05:50:10,755157000,GF HUMAITA,Rosario
2026-10-01,05:50:10,701006926,FAVORITO SAN ANTONIO,Rosario
2026-10-01,05:50:10,253454000,TACCOLA,Rosario
2026-10-01,05:50:10,645181000,DN67,Rosario
2026-10-01,05:50:10,701006268,LAZARO,Rosario
2026-10-01,05:50:10,755044000,R/E CHACO X,Rosario
2026-10-01,05:50:10,755088000,DECATUR LADY,Rosario
2026-10-01,05:50:10,755039000,RE CAVALIER I,Rosario
2026-10-01,05:50:10,311001553,AFRICAN MARGAUX,Rosario
2026-10-01,05:50:10,538009113,ALIKI PERROTIS,Rosario
2026-10-01,05:50:10,701503000,GC77 GFO SAN MATIAS,Rosario
2026-10-01,05:50:10,701001404,GUAZU PUCU,Rosario
2026-10-01,05:50:10,701090000,PARANA I,DelGuazu
2026-10-01,05:50:10,563255500,CHOLA ETERNITY,DelGuazu
2026-10-01,05:50:10,414009000,,DelGuazu
2026-10-01,05:50:10,701006226,DONA NINA,DelGuazu
2026-10-01,05:50:10,636019792,CL YINGNA HE,DelGuazu
2026-10-01,05:50:10,355357000,DRAKE WELL,DelGuazu
2026-10-01,05:50:10,701006685,AZALEA,DelGuazu
2026-10-01,05:50:10,215622000,,DelGuazu
2026-10-01,05:50:10,538006220,,DelGuazu
2026-10-01,05:50:10,701906228,,DelGuazu
2026-10-01,05:50:10,701006412,IQUIQUE,DelGuazu
2026-10-01,05:50:10,257720360,STAR NAGA,DelGuazu
2026-10-01,05:50:10,701006643,DON RAXYZ,DelGuazu
2026-10-01,05:50:10,755126000,LATERE,BellaVista
2026-10-01,05:50:10,755024000,RE CAVALIER XII,BellaVista
2026-10-01,05:50:10,720034000,MOMPOX,BellaVista
2026-10-01,05:50:10,755061000,TIO KIKE,BellaVista
2026-10-01,05:50:10,755003887,MARIA A,BellaVista
2026-10-01,05:50:10,755003963,DONA MAGDA,BellaVista
2026-10-01,05:50:10,755194200,DON EDUARDO,BellaVista
2026-10-01,05:50:10,720949000,HB LYNX,BellaVista
2026-10-01,05:50:10,755167000,GF BOQUERON,BellaVista
2026-10-01,05:50:10,755027000,CAVALIER XV,BellaVista
2026-10-01,06:00:23,253454000,TACCOLA,SanLorenzo
2026-10-01,06:00:23,477318600,ALBATROSS ISLAND,SanLorenzo
2026-10-01,06:00:23,636026236,AURIGA STAR,SanLorenzo
2026-10-01,06:00:23,311001845,DOLPHIN 21,SanLorenzo
2026-10-01,06:00:23,701124000,JULIO A,SanLorenzo
2026-10-01,06:00:23,701006283,,SanLorenzo
2026-10-01,06:00:23,354706000,CORESHIP OL,SanLorenzo
2026-10-01,06:00:23,352006354,BRAVE QUEST,SanLorenzo
2026-10-01,06:00:23,755079000,DR.SALGADO H,SanLorenzo
2026-10-01,06:00:23,636023390,TROUVAILLE,SanLorenzo
2026-10-01,06:00:23,636024124,CL ZHANJIANG,SanLorenzo
2026-10-01,06:00:23,636022816,SDM DONGGUAN,SanLorenzo
2026-10-01,06:00:23,538008439,UNION MARK,SanLorenzo
2026-10-01,06:00:23,701170000,MAKENITA H,SanLorenzo
2026-10-01,06:00:23,636023707,FIESTA,SanLorenzo
2026-10-01,06:00:23,701138000,POLARIS,SanLorenzo
2026-10-01,06:00:23,355174000,,SanLorenzo
2026-10-01,06:00:23,538012438,WELLNESS DIVA,SanLorenzo
2026-10-01,06:00:23,636022194,PORT KYOTO,SanLorenzo
2026-10-01,06:00:23,636017076,KARLINO,SanLorenzo
2026-10-01,06:00:23,352004869,ROYAL GALAXY,SanLorenzo
2026-10-01,06:00:23,538009309,OCEAN VENUS,SanLorenzo
2026-10-01,06:00:23,636019448,,SanLorenzo
2026-10-01,06:00:23,210025000,ELONA,SanLorenzo
2026-10-01,06:00:23,355702000,SOUTHERN STAR,SanLorenzo
2026-10-01,06:00:23,538009155,,SanLorenzo
2026-10-01,06:00:23,215143000,KEREM,SanLorenzo
2026-10-01,06:00:23,636020884,,SanLorenzo
2026-10-01,06:00:23,636022773,BBG LIJIANG,SanLorenzo
2026-10-01,06:00:23,563302200,IONA ISLAND,SanLorenzo
2026-10-01,06:00:23,374369000,SILVER DUBAI,SanLorenzo
2026-10-01,06:00:23,720915000,IB PARAGUAY,SanLorenzo
2026-10-01,06:00:23,755044000,R/E CHACO X,SanLorenzo
2026-10-01,06:00:23,477142400,BOCHEM BUCEPHALAS,SanLorenzo
2026-10-01,06:00:23,7010004,,SanLorenzo
2026-10-01,06:00:23,720951000,,SanLorenzo
2026-10-01,06:00:23,755040000,,SanLorenzo
2026-10-01,06:00:23,701006242,,SanLorenzo
2026-10-01,06:00:23,238067000,AP IMPERIAL,SanLorenzo
2026-10-01,06:00:23,538009113,ALIKI PERROTIS,SanLorenzo
2026-10-01,06:00:23,701503000,GC77 GFO SAN MATIAS,SanLorenzo
2026-10-01,06:00:23,636025837,PAIWAN CHAMPION,SanLorenzo
2026-10-01,06:00:23,755002941,HERKULES IV,SanLorenzo
2026-10-01,06:00:23,701006245,SAN JOSE V,SanLorenzo
2026-10-01,06:00:23,563305300,IWAGI ISLAND,SanLorenzo
2026-10-01,06:00:23,538012142,OCEAN WEST,SanLorenzo
2026-10-01,06:00:23,755018000,CAPTAIN BILBO,SanLorenzo
2026-10-01,06:00:23,755157000,GF HUMAITA,SanLorenzo
2026-10-01,06:00:23,755201178,NUAR B.,SanLorenzo
2026-10-01,06:00:23,701153000,PAULINO C,SanLorenzo
2026-10-01,06:00:23,376961000,,SanLorenzo
2026-10-01,06:00:23,565607000,STRATEGIC EXPLORER,SanLorenzo
2026-10-01,06:00:23,701006926,FAVORITO SAN ANTONIO,SanLorenzo
2026-10-01,06:00:23,701006268,LAZARO,SanLorenzo
2026-10-01,06:00:23,645181000,DN67,SanLorenzo
2026-10-01,06:00:23,755088000,DECATUR LADY,SanLorenzo
2026-10-01,06:00:23,755122000,INQUEBRANTABLE,SanLorenzo
2026-10-01,06:00:23,755125000,DON ARMANDO H,SanLorenzo
2026-10-01,06:00:23,755991013,PUMA,SanLorenzo
2026-10-01,06:00:23,755039000,RE CAVALIER I,SanLorenzo
2026-10-01,06:00:23,701006396,VB RECOLETA,SanLorenzo
2026-10-01,06:00:23,205175000,PINTA,SanLorenzo
2026-10-01,06:00:23,720929000,IB NUEVA PALMIRA,SanLorenzo
2026-10-01,06:00:23,311001553,AFRICAN MARGAUX,SanLorenzo
2026-10-01,06:00:23,701001404,GUAZU PUCU,SanLorenzo
2026-10-01,06:00:23,720951000,HB CENTAURUS,Rosario
2026-10-01,06:00:23,311001845,DOLPHIN 21,Rosario
2026-10-01,06:00:23,355174000,APOGEE SPIRIT,Rosario
2026-10-01,06:00:23,257087000,DAMSGAARD,Rosario
2026-10-01,06:00:23,636026236,AURIGA STAR,Rosario
2026-10-01,06:00:23,352006354,BRAVE QUEST,Rosario
2026-10-01,06:00:23,755079000,DR.SALGADO H,Rosario
2026-10-01,06:00:23,636023390,TROUVAILLE,Rosario
2026-10-01,06:00:23,636024124,CL ZHANJIANG,Rosario
2026-10-01,06:00:23,538008439,UNION MARK,Rosario
2026-10-01,06:00:23,701170000,MAKENITA H,Rosario
2026-10-01,06:00:23,636023707,FIESTA,Rosario
2026-10-01,06:00:23,720929000,IB NUEVA PALMIRA,Rosario
2026-10-01,06:00:23,636022194,PORT KYOTO,Rosario
2026-10-01,06:00:23,636017076,KARLINO,Rosario
2026-10-01,06:00:23,352004869,ROYAL GALAXY,Rosario
2026-10-01,06:00:23,210025000,ELONA,Rosario
2026-10-01,06:00:23,538009309,OCEAN VENUS,Rosario
2026-10-01,06:00:23,355702000,SOUTHERN STAR,Rosario
2026-10-01,06:00:23,215143000,KEREM,Rosario
2026-10-01,06:00:23,636022773,BBG LIJIANG,Rosario
2026-10-01,06:00:23,374369000,SILVER DUBAI,Rosario
2026-10-01,06:00:23,720915000,IB PARAGUAY,Rosario
2026-10-01,06:00:23,477142400,BOCHEM BUCEPHALAS,Rosario
2026-10-01,06:00:23,7010004,,Rosario
2026-10-01,06:00:23,354706000,CORESHIP OL,Rosario
2026-10-01,06:00:23,755201178,NUAR B.,Rosario
2026-10-01,06:00:23,755991013,PUMA,Rosario
2026-10-01,06:00:23,238067000,AP IMPERIAL,Rosario
2026-10-01,06:00:23,701006396,,Rosario
2026-10-01,06:00:23,538009113,ALIKI PERROTIS,Rosario
2026-10-01,06:00:23,636025837,PAIWAN CHAMPION,Rosario
2026-10-01,06:00:23,701006245,SAN JOSE V,Rosario
2026-10-01,06:00:23,563305300,IWAGI ISLAND,Rosario
2026-10-01,06:00:23,755157000,GF HUMAITA,Rosario
2026-10-01,06:00:23,755122000,INQUEBRANTABLE,Rosario
2026-10-01,06:00:23,701153000,PAULINO C,Rosario
2026-10-01,06:00:23,565607000,STRATEGIC EXPLORER,Rosario
2026-10-01,06:00:23,701006926,FAVORITO SAN ANTONIO,Rosario
2026-10-01,06:00:23,701006268,LAZARO,Rosario
2026-10-01,06:00:23,645181000,DN67,Rosario
2026-10-01,06:00:23,253454000,TACCOLA,Rosario
2026-10-01,06:00:23,755088000,DECATUR LADY,Rosario
2026-10-01,06:00:23,755039000,RE CAVALIER I,Rosario
2026-10-01,06:00:23,755044000,R/E CHACO X,Rosario
2026-10-01,06:00:23,205175000,PINTA,Rosario
2026-10-01,06:00:23,311001553,AFRICAN MARGAUX,Rosario
2026-10-01,06:00:23,701001404,GUAZU PUCU,Rosario
2026-10-01,06:00:23,701503000,GC77 GFO SAN MATIAS,Rosario
2026-10-01,06:00:23,636019792,CL YINGNA HE,DelGuazu
2026-10-01,06:00:23,701006400,,DelGuazu
2026-10-01,06:00:23,414009000,,DelGuazu
2026-10-01,06:00:23,355357000,DRAKE WELL,DelGuazu
2026-10-01,06:00:23,701006643,DON RAXYZ,DelGuazu
2026-10-01,06:00:23,701006226,DONA NINA,DelGuazu
2026-10-01,06:00:23,701906228,,DelGuazu
2026-10-01,06:00:23,701090000,,DelGuazu
2026-10-01,06:00:23,701006412,IQUIQUE,DelGuazu
2026-10-01,06:00:23,311002226,GRAMPUS CHARM,DelGuazu
2026-10-01,06:00:23,257720360,STAR NAGA,DelGuazu
2026-10-01,06:00:23,215622000,TAXIDIARA,DelGuazu
2026-10-01,06:00:23,563255500,CHOLA ETERNITY,DelGuazu
2026-10-01,06:00:23,755091000,,BellaVista
2026-10-01,06:00:23,755063000,,BellaVista
2026-10-01,06:00:23,755116000,,BellaVista
2026-10-01,06:00:23,755126000,LATERE,BellaVista
2026-10-01,06:00:23,720034000,MOMPOX,BellaVista
2026-10-01,06:00:23,755024000,RE CAVALIER XII,BellaVista
2026-10-01,06:00:23,755061000,TIO KIKE,BellaVista
2026-10-01,06:00:23,720949000,HB LYNX,BellaVista
2026-10-01,06:00:23,755003887,MARIA A,BellaVista
2026-10-01,06:00:23,755134000,LADOCE H,BellaVista
2026-10-01,06:00:23,755003963,DONA MAGDA,BellaVista
2026-10-01,06:00:23,755194200,DON EDUARDO,BellaVista
2026-10-01,06:00:23,755027000,CAVALIER XV,BellaVista
2026-10-01,06:00:23,755167000,GF BOQUERON,BellaVista
2026-10-01,06:10:10,636026036,,SanLorenzo
2026-10-01,06:10:10,755201178,NUAR B.,SanLorenzo
2026-10-01,06:10:10,720951000,,SanLorenzo
2026-10-01,06:10:10,636019448,,SanLorenzo
2026-10-01,06:10:10,538012142,OCEAN WEST,SanLorenzo
2026-10-01,06:10:10,701006242,JILGUERO 1,SanLorenzo
2026-10-01,06:10:10,701124000,JULIO A,SanLorenzo
2026-10-01,06:10:10,538009309,OCEAN VENUS,SanLorenzo
2026-10-01,06:10:10,374369000,SILVER DUBAI,SanLorenzo
2026-10-01,06:10:10,253454000,,SanLorenzo
2026-10-01,06:10:10,352006354,BRAVE QUEST,SanLorenzo
2026-10-01,06:10:10,755079000,DR.SALGADO H,SanLorenzo
2026-10-01,06:10:10,311001845,DOLPHIN 21,SanLorenzo
2026-10-01,06:10:10,636023390,TROUVAILLE,SanLorenzo
2026-10-01,06:10:10,636024124,CL ZHANJIANG,SanLorenzo
2026-10-01,06:10:10,636022816,SDM DONGGUAN,SanLorenzo
2026-10-01,06:10:10,538008439,UNION MARK,SanLorenzo
2026-10-01,06:10:10,701170000,MAKENITA H,SanLorenzo
2026-10-01,06:10:10,636023707,FIESTA,SanLorenzo
2026-10-01,06:10:10,477318600,ALBATROSS ISLAND,SanLorenzo
2026-10-01,06:10:10,701138000,POLARIS,SanLorenzo
2026-10-01,06:10:10,355174000,,SanLorenzo
2026-10-01,06:10:10,376961000,,SanLorenzo
2026-10-01,06:10:10,538012438,WELLNESS DIVA,SanLorenzo
2026-10-01,06:10:10,636026236,AURIGA STAR,SanLorenzo
2026-10-01,06:10:10,636022194,PORT KYOTO,SanLorenzo
2026-10-01,06:10:10,636017076,KARLINO,SanLorenzo
2026-10-01,06:10:10,352004869,ROYAL GALAXY,SanLorenzo
2026-10-01,06:10:10,210025000,ELONA,SanLorenzo
2026-10-01,06:10:10,355702000,SOUTHERN STAR,SanLorenzo
2026-10-01,06:10:10,538009155,,SanLorenzo
2026-10-01,06:10:10,215143000,KEREM,SanLorenzo
2026-10-01,06:10:10,636022773,BBG LIJIANG,SanLorenzo
2026-10-01,06:10:10,563302200,IONA ISLAND,SanLorenzo
2026-10-01,06:10:10,720915000,IB PARAGUAY,SanLorenzo
2026-10-01,06:10:10,477142400,BOCHEM BUCEPHALAS,SanLorenzo
2026-10-01,06:10:10,7010004,,SanLorenzo
2026-10-01,06:10:10,354706000,CORESHIP OL,SanLorenzo
2026-10-01,06:10:10,755044000,R/E CHACO X,SanLorenzo
2026-10-01,06:10:10,238067000,AP IMPERIAL,SanLorenzo
2026-10-01,06:10:10,538009113,ALIKI PERROTIS,SanLorenzo
2026-10-01,06:10:10,205175000,PINTA,SanLorenzo
2026-10-01,06:10:10,636025837,PAIWAN CHAMPION,SanLorenzo
2026-10-01,06:10:10,563305300,IWAGI ISLAND,SanLorenzo
2026-10-01,06:10:10,701153000,PAULINO C,SanLorenzo
2026-10-01,06:10:10,701006245,SAN JOSE V,SanLorenzo
2026-10-01,06:10:10,755122000,INQUEBRANTABLE,SanLorenzo
2026-10-01,06:10:10,755157000,GF HUMAITA,SanLorenzo
2026-10-01,06:10:10,701006926,FAVORITO SAN ANTONIO,SanLorenzo
2026-10-01,06:10:10,701006268,LAZARO,SanLorenzo
2026-10-01,06:10:10,645181000,DN67,SanLorenzo
2026-10-01,06:10:10,755018000,CAPTAIN BILBO,SanLorenzo
2026-10-01,06:10:10,755991013,PUMA,SanLorenzo
2026-10-01,06:10:10,701006396,VB RECOLETA,SanLorenzo
2026-10-01,06:10:10,755088000,DECATUR LADY,SanLorenzo
2026-10-01,06:10:10,755039000,RE CAVALIER I,SanLorenzo
2026-10-01,06:10:10,311001553,AFRICAN MARGAUX,SanLorenzo
2026-10-01,06:10:10,720929000,IB NUEVA PALMIRA,SanLorenzo
2026-10-01,06:10:10,701503000,GC77 GFO SAN MATIAS,SanLorenzo
2026-10-01,06:10:10,755002941,HERKULES IV,SanLorenzo
2026-10-01,06:10:10,701001404,GUAZU PUCU,SanLorenzo
2026-10-01,06:10:10,355174000,APOGEE SPIRIT,Rosario
2026-10-01,06:10:10,257087000,DAMSGAARD,Rosario
2026-10-01,06:10:10,636026236,AURIGA STAR,Rosario
2026-10-01,06:10:10,352006354,BRAVE QUEST,Rosario
2026-10-01,06:10:10,755079000,DR.SALGADO H,Rosario
2026-10-01,06:10:10,636024124,CL ZHANJIANG,Rosario
2026-10-01,06:10:10,636023390,TROUVAILLE,Rosario
2026-10-01,06:10:10,538008439,UNION MARK,Rosario
2026-10-01,06:10:10,701170000,MAKENITA H,Rosario
2026-10-01,06:10:10,636023707,FIESTA,Rosario
2026-10-01,06:10:10,538012438,,Rosario
2026-10-01,06:10:10,755991013,PUMA,Rosario
2026-10-01,06:10:10,636022194,PORT KYOTO,Rosario
2026-10-01,06:10:10,636017076,KARLINO,Rosario
2026-10-01,06:10:10,720929000,IB NUEVA PALMIRA,Rosario
2026-10-01,06:10:10,538009309,OCEAN VENUS,Rosario
2026-10-01,06:10:10,352004869,ROYAL GALAXY,Rosario
2026-10-01,06:10:10,210025000,ELONA,Rosario
2026-10-01,06:10:10,355702000,SOUTHERN STAR,Rosario
2026-10-01,06:10:10,215143000,KEREM,Rosario
2026-10-01,06:10:10,636022773,BBG LIJIANG,Rosario
2026-10-01,06:10:10,374369000,SILVER DUBAI,Rosario
2026-10-01,06:10:10,720915000,IB PARAGUAY,Rosario
2026-10-01,06:10:10,477142400,BOCHEM BUCEPHALAS,Rosario
2026-10-01,06:10:10,7010004,,Rosario
2026-10-01,06:10:10,354706000,CORESHIP OL,Rosario
2026-10-01,06:10:10,720951000,,Rosario
2026-10-01,06:10:10,238067000,AP IMPERIAL,Rosario
2026-10-01,06:10:10,538009113,ALIKI PERROTIS,Rosario
2026-10-01,06:10:10,205175000,PINTA,Rosario
2026-10-01,06:10:10,636025837,PAIWAN CHAMPION,Rosario
2026-10-01,06:10:10,563305300,IWAGI ISLAND,Rosario
2026-10-01,06:10:10,701153000,PAULINO C,Rosario
2026-10-01,06:10:10,701006245,SAN JOSE V,Rosario
2026-10-01,06:10:10,755122000,INQUEBRANTABLE,Rosario
2026-10-01,06:10:10,538012142,,Rosario
2026-10-01,06:10:10,755201178,NUAR B.,Rosario
2026-10-01,06:10:10,755157000,GF HUMAITA,Rosario
2026-10-01,06:10:10,701006926,FAVORITO SAN ANTONIO,Rosario
2026-10-01,06:10:10,253454000,TACCOLA,Rosario
2026-10-01,06:10:10,701006396,,Rosario
2026-10-01,06:10:10,701006268,LAZARO,Rosario
2026-10-01,06:10:10,645181000,DN67,Rosario
2026-10-01,06:10:10,755044000,R/E CHACO X,Rosario
2026-10-01,06:10:10,701006242,,Rosario
2026-10-01,06:10:10,755088000,DECATUR LADY,Rosario
2026-10-01,06:10:10,755039000,RE CAVALIER I,Rosario
2026-10-01,06:10:10,311001553,AFRICAN MARGAUX,Rosario
2026-10-01,06:10:10,701503000,GC77 GFO SAN MATIAS,Rosario
2026-10-01,06:10:10,701001404,GUAZU PUCU,Rosario
2026-10-01,06:10:10,701090000,,DelGuazu
2026-10-01,06:10:10,538002179,,DelGuazu
2026-10-01,06:10:10,636019792,CL YINGNA HE,DelGuazu
2026-10-01,06:10:10,355357000,DRAKE WELL,DelGuazu
2026-10-01,06:10:10,538006220,,DelGuazu
2026-10-01,06:10:10,414009000,,DelGuazu
2026-10-01,06:10:10,701006226,DONA NINA,DelGuazu
2026-10-01,06:10:10,701006685,AZALEA,DelGuazu
2026-10-01,06:10:10,701006643,DON RAXYZ,DelGuazu
2026-10-01,06:10:10,701906228,ELSA B,DelGuazu
2026-10-01,06:10:10,701006412,IQUIQUE,DelGuazu
2026-10-01,06:10:10,311002226,GRAMPUS CHARM,DelGuazu
2026-10-01,06:10:10,563255500,CHOLA ETERNITY,DelGuazu
2026-10-01,06:10:10,257720360,STAR NAGA,DelGuazu
2026-10-01,06:10:10,720038000,,BellaVista
2026-10-01,06:10:10,755003887,MARIA A,BellaVista
2026-10-01,06:10:10,755061000,TIO KIKE,BellaVista
2026-10-01,06:10:10,755126000,LATERE,BellaVista
2026-10-01,06:10:10,755134000,LADOCE H,BellaVista
2026-10-01,06:10:10,755194200,DON EDUARDO,BellaVista
2026-10-01,06:10:10,720949000,HB LYNX,BellaVista
2026-10-01,06:10:10,720034000,MOMPOX,BellaVista
2026-10-01,06:10:10,755003963,DONA MAGDA,BellaVista
2026-10-01,06:10:10,755027000,CAVALIER XV,BellaVista
2026-10-01,06:10:10,755167000,GF BOQUERON,BellaVista
2026-10-01,06:20:10,565607000,STRATEGIC EXPLORER,SanLorenzo
2026-10-01,06:20:10,253454000,,SanLorenzo
2026-10-01,06:20:10,538008439,UNION MARK,SanLorenzo
2026-10-01,06:20:10,376961000,,SanLorenzo
2026-10-01,06:20:10,563302200,IONA ISLAND,SanLorenzo
2026-10-01,06:20:10,352006354,BRAVE QUEST,SanLorenzo
2026-10-01,06:20:10,636023390,TROUVAILLE,SanLorenzo
2026-10-01,06:20:10,755079000,DR.SALGADO H,SanLorenzo
2026-10-01,06:20:10,636022816,SDM DONGGUAN,SanLorenzo
2026-10-01,06:20:10,636024124,CL ZHANJIANG,SanLorenzo
2026-10-01,06:20:10,701170000,MAKENITA H,SanLorenzo
2026-10-01,06:20:10,636023707,FIESTA,SanLorenzo
2026-10-01,06:20:10,701138000,POLARIS,SanLorenzo
2026-10-01,06:20:10,355174000,APOGEE SPIRIT,SanLorenzo
2026-10-01,06:20:10,538012438,WELLNESS DIVA,SanLorenzo
2026-10-01,06:20:10,636026236,AURIGA STAR,SanLorenzo
2026-10-01,06:20:10,636022194,PORT KYOTO,SanLorenzo
2026-10-01,06:20:10,636017076,KARLINO,SanLorenzo
2026-10-01,06:20:10,355702000,SOUTHERN STAR,SanLorenzo
2026-10-01,06:20:10,701124000,JULIO A,SanLorenzo
2026-10-01,06:20:10,538009309,OCEAN VENUS,SanLorenzo
2026-10-01,06:20:10,352004869,ROYAL GALAXY,SanLorenzo
2026-10-01,06:20:10,210025000,ELONA,SanLorenzo
2026-10-01,06:20:10,538009155,,SanLorenzo
2026-10-01,06:20:10,215143000,KEREM,SanLorenzo
2026-10-01,06:20:10,636022773,BBG LIJIANG,SanLorenzo
2026-10-01,06:20:10,755040000,,SanLorenzo
2026-10-01,06:20:10,374369000,SILVER DUBAI,SanLorenzo
2026-10-01,06:20:10,755044000,R/E CHACO X,SanLorenzo
2026-10-01,06:20:10,720915000,IB PARAGUAY,SanLorenzo
2026-10-01,06:20:10,7010004,,SanLorenzo
2026-10-01,06:20:10,477142400,BOCHEM BUCEPHALAS,SanLorenzo
2026-10-01,06:20:10,354706000,CORESHIP OL,SanLorenzo
2026-10-01,06:20:10,238067000,AP IMPERIAL,SanLorenzo
2026-10-01,06:20:10,701006396,VB RECOLETA,SanLorenzo
2026-10-01,06:20:10,311001553,AFRICAN MARGAUX,SanLorenzo
2026-10-01,06:20:10,701503000,GC77 GFO SAN MATIAS,SanLorenzo
2026-10-01,06:20:10,701153000,PAULINO C,SanLorenzo
2026-10-01,06:20:10,636025837,PAIWAN CHAMPION,SanLorenzo
2026-10-01,06:20:10,755002941,HERKULES IV,SanLorenzo
2026-10-01,06:20:10,205175000,PINTA,SanLorenzo
2026-10-01,06:20:10,538012142,OCEAN WEST,SanLorenzo
2026-10-01,06:20:10,755122000,INQUEBRANTABLE,SanLorenzo
2026-10-01,06:20:10,563305300,IWAGI ISLAND,SanLorenzo
2026-10-01,06:20:10,755157000,GF HUMAITA,SanLorenzo
2026-10-01,06:20:10,755018000,CAPTAIN BILBO,SanLorenzo
2026-10-01,06:20:10,701006245,SAN JOSE V,SanLorenzo
2026-10-01,06:20:10,701006268,LAZARO,SanLorenzo
2026-10-01,06:20:10,701006926,FAVORITO SAN ANTONIO,SanLorenzo
2026-10-01,06:20:10,755088000,DECATUR LADY,SanLorenzo
2026-10-01,06:20:10,755991013,PUMA,SanLorenzo
2026-10-01,06:20:10,645181000,DN67,SanLorenzo
2026-10-01,06:20:10,755125000,DON ARMANDO H,SanLorenzo
2026-10-01,06:20:10,755039000,RE CAVALIER I,SanLorenzo
2026-10-01,06:20:10,720929000,IB NUEVA PALMIRA,SanLorenzo
2026-10-01,06:20:10,538009113,ALIKI PERROTIS,SanLorenzo
2026-10-01,06:20:10,701001404,GUAZU PUCU,SanLorenzo
2026-10-01,06:20:10,538012438,WELLNESS DIVA,Rosario
2026-10-01,06:20:10,355702000,SOUTHERN STAR,Rosario
2026-10-01,06:20:10,565607000,STRATEGIC EXPLORER,Rosario
2026-10-01,06:20:10,352006354,BRAVE QUEST,Rosario
2026-10-01,06:20:10,636023390,TROUVAILLE,Rosario
2026-10-01,06:20:10,755079000,DR.SALGADO H,Rosario
2026-10-01,06:20:10,636024124,CL ZHANJIANG,Rosario
2026-10-01,06:20:10,538008439,UNION MARK,Rosario
2026-10-01,06:20:10,720951000,,Rosario
2026-10-01,06:20:10,636023707,FIESTA,Rosario
2026-10-01,06:20:10,701170000,MAKENITA H,Rosario
2026-10-01,06:20:10,257087000,DAMSGAARD,Rosario
2026-10-01,06:20:10,636026236,AURIGA STAR,Rosario
2026-10-01,06:20:10,636022194,PORT KYOTO,Rosario
2026-10-01,06:20:10,636017076,KARLINO,Rosario
2026-10-01,06:20:10,538009309,OCEAN VENUS,Rosario
2026-10-01,06:20:10,210025000,ELONA,Rosario
2026-10-01,06:20:10,352004869,ROYAL GALAXY,Rosario
2026-10-01,06:20:10,215143000,KEREM,Rosario
2026-10-01,06:20:10,636022773,BBG LIJIANG,Rosario
2026-10-01,06:20:10,701006396,,Rosario
2026-10-01,06:20:10,720929000,IB NUEVA PALMIRA,Rosario
2026-10-01,06:20:10,374369000,SILVER DUBAI,Rosario
2026-10-01,06:20:10,720915000,IB PARAGUAY,Rosario
2026-10-01,06:20:10,7010004,,Rosario
2026-10-01,06:20:10,477142400,BOCHEM BUCEPHALAS,Rosario
2026-10-01,06:20:10,354706000,CORESHIP OL,Rosario
2026-10-01,06:20:10,538009113,ALIKI PERROTIS,Rosario
2026-10-01,06:20:10,238067000,AP IMPERIAL,Rosario
2026-10-01,06:20:10,755991013,PUMA,Rosario
2026-10-01,06:20:10,311001553,AFRICAN MARGAUX,Rosario
2026-10-01,06:20:10,701503000,GC77 GFO SAN MATIAS,Rosario
2026-10-01,06:20:10,701153000,PAULINO C,Rosario
2026-10-01,06:20:10,636025837,PAIWAN CHAMPION,Rosario
2026-10-01,06:20:10,205175000,PINTA,Rosario
2026-10-01,06:20:10,538012142,,Rosario
2026-10-01,06:20:10,701006679,COOPOR ESTIBADOR I,Rosario
2026-10-01,06:20:10,755122000,INQUEBRANTABLE,Rosario
2026-10-01,06:20:10,563305300,IWAGI ISLAND,Rosario
2026-10-01,06:20:10,701006245,SAN JOSE V,Rosario
2026-10-01,06:20:10,755157000,GF HUMAITA,Rosario
2026-10-01,06:20:10,701006268,LAZARO,Rosario
2026-10-01,06:20:10,755201178,NUAR B.,Rosario
2026-10-01,06:20:10,701006926,FAVORITO SAN ANTONIO,Rosario
2026-10-01,06:20:10,755088000,DECATUR LADY,Rosario
2026-10-01,06:20:10,645181000,DN67,Rosario
2026-10-01,06:20:10,253454000,TACCOLA,Rosario
2026-10-01,06:20:10,755039000,RE CAVALIER I,Rosario
2026-10-01,06:20:10,701006242,JILGUERO 1,Rosario
2026-10-01,06:20:10,755044000,R/E CHACO X,Rosario
2026-10-01,06:20:10,701001404,GUAZU PUCU,Rosario
2026-10-01,06:20:10,636019792,CL YINGNA HE,DelGuazu
2026-10-01,06:20:10,355357000,DRAKE WELL,DelGuazu
2026-10-01,06:20:10,701006643,DON RAXYZ,DelGuazu
2026-10-01,06:20:10,701090000,,DelGuazu
2026-10-01,06:20:10,538002179,BINNUR C,DelGuazu
2026-10-01,06:20:10,701006685,AZALEA,DelGuazu
2026-10-01,06:20:10,701006226,DONA NINA,DelGuazu
2026-10-01,06:20:10,701906228,ELSA B,DelGuazu
2026-10-01,06:20:10,538006220,,DelGuazu
2026-10-01,06:20:10,701006412,IQUIQUE,DelGuazu
2026-10-01,06:20:10,311002226,GRAMPUS CHARM,DelGuazu
2026-10-01,06:20:10,215622000,TAXIDIARA,DelGuazu
2026-10-01,06:20:10,414009000,SHENG MAO HAI,DelGuazu
2026-10-01,06:20:10,563255500,CHOLA ETERNITY,DelGuazu
2026-10-01,06:20:10,257720360,STAR NAGA,DelGuazu
2026-10-01,06:20:10,755142000,ARATIRI.,BellaVista
2026-10-01,06:20:10,755003887,MARIA A,BellaVista
2026-10-01,06:20:10,755126000,LATERE,BellaVista
2026-10-01,06:20:10,755134000,LADOCE H,BellaVista
2026-10-01,06:20:10,755194200,DON EDUARDO,BellaVista
2026-10-01,06:20:10,720949000,HB LYNX,BellaVista
2026-10-01,06:20:10,720034000,MOMPOX,BellaVista
2026-10-01,06:20:10,755027000,CAVALIER XV,BellaVista
