fecha,hora,puerto,mmsi,nombre,distancia_m,zona
2026-10-01,00:00:15,Shell C.a.p.s.a.,701124000,JULIO A,185.3,SanLorenzo
2026-10-01,00:00:15,Cofco S.A.,636020988,FANTASEA,142.3,SanLorenzo
2026-10-01,00:00:15,Terminal Chacabuco YPF,755079000,DR.SALGADO H,110.6,SanLorenzo
2026-10-01,00:00:15,Central Termoeléctrica Timbués Renova,636022816,SDM DONGGUAN,151.7,SanLorenzo
2026-10-01,00:00:15,Terminal 6 S.A. Muelle Sur,636023707,FIESTA,154.8,SanLorenzo
2026-10-01,00:00:15,YPF Fluvial,701170000,MAKENITA H,120.3,SanLorenzo
2026-10-01,00:00:15,Terminal Chacabuco YPF,701001324,HALCON,115.7,SanLorenzo
2026-10-01,00:00:15,Cofco S.A.,538008439,UNION MARK,455.6,SanLorenzo
2026-10-01,00:00:15,Aceitera General Deheza,538012438,WELLNESS DIVA,234.3,SanLorenzo
2026-10-01,00:00:15,Molinos Rí­o De La Plata,538009113,ALIKI PERROTIS,364.5,SanLorenzo
2026-10-01,00:00:15,Central Termoeléctrica Timbués Renova,636026236,AURIGA STAR,265.9,SanLorenzo
2026-10-01,00:00:15,Bunge - La Plata Cereal S.A. Muelle Dempa,636022194,PORT KYOTO,123.9,SanLorenzo
2026-10-01,00:00:15,Louis Dreyfus y Cia. Ltda. Timbúes,636025837,PAIWAN CHAMPION,341.0,SanLorenzo
2026-10-01,00:00:15,Puerto San Lorenzo,255915928,CAPE GULL,98.0,SanLorenzo
2026-10-01,00:00:15,Louis Dreyfus y Cia. Ltda. Muelle Aceitero,538009309,OCEAN VENUS,218.7,SanLorenzo
2026-10-01,00:00:15,Asociación de Cooperativas Argentina,538009155,NAMA,203.3,SanLorenzo
2026-10-01,00:00:15,Toepfer International Argentina S.r.l.,636022773,BBG LIJIANG,151.3,SanLorenzo
2026-10-01,00:00:15,Profertil S.A.,563302200,IONA ISLAND,189.7,SanLorenzo
2026-10-01,00:00:15,Cargill S.A. Muelle Quebracho,565607000,STRATEGIC EXPLORER,207.8,SanLorenzo
2026-10-01,00:00:15,Terminal Chacabuco YPF,701001307,MAX DREAM,99.2,SanLorenzo
2026-10-01,00:00:15,Puerto Rosario S.A. Terminal 2,720915000,IB PARAGUAY,228.1,SanLorenzo
2026-10-01,00:00:15,Cofco Internacional Argentina S.A.,210025000,ELONA,158.8,SanLorenzo
2026-10-01,00:00:15,Puerto Villa Constitución Unidad II,701006679,,74.4,SanLorenzo
2026-10-01,00:00:15,Terminal Chacabuco YPF,701001114,IGUAZU,116.7,SanLorenzo
2026-10-01,00:00:15,Puerto Diamante,701006803,ANTONIO PUGLIESE,453.8,SanLorenzo
2026-10-01,00:00:15,Cargill S.A. Villa Gdor. Gálvez,755039000,RE CAVALIER I,172.4,SanLorenzo
2026-10-01,00:00:15,Puerto Rosario,701001404,GUAZU PUCU,206.9,SanLorenzo
2026-10-01,00:00:15,Terminal Chacabuco YPF,755079000,DR.SALGADO H,111.4,Rosario
2026-10-01,00:00:15,Central Termoeléctrica Timbués Renova,636022816,SDM DONGGUAN,153.0,Rosario
2026-10-01,00:00:15,Cofco S.A.,636020988,FANTASEA,142.3,Rosario
2026-10-01,00:00:15,Terminal 6 S.A. Muelle Sur,636023707,FIESTA,154.8,Rosario
2026-10-01,00:00:15,YPF Fluvial,701170000,MAKENITA H,120.3,Rosario
2026-10-01,00:00:15,Cofco S.A.,538008439,UNION MARK,455.6,Rosario
2026-10-01,00:00:15,Aceitera General Deheza,538012438,WELLNESS DIVA,234.3,Rosario
2026-10-01,00:00:15,Molinos Rí­o De La Plata,538009113,ALIKI PERROTIS,364.5,Rosario
2026-10-01,00:00:15,Central Termoeléctrica Timbués Renova,636026236,AURIGA STAR,265.9,Rosario
2026-10-01,00:00:15,Bunge - La Plata Cereal S.A. Muelle Dempa,636022194,PORT KYOTO,123.9,Rosario
2026-10-01,00:00:15,Louis Dreyfus y Cia. Ltda. Timbúes,636025837,PAIWAN CHAMPION,341.0,Rosario
2026-10-01,00:00:15,Puerto San Lorenzo,255915928,CAPE GULL,98.0,Rosario
2026-10-01,00:00:15,Louis Dreyfus y Cia. Ltda. Muelle Aceitero,538009309,OCEAN VENUS,218.7,Rosario
2026-10-01,00:00:15,Puerto San Nicolás,636019448,STAR WAVE,276.4,Rosario
2026-10-01,00:00:15,Asociación de Cooperativas Argentina,538009155,,203.3,Rosario
2026-10-01,00:00:15,Toepfer International Argentina S.r.l.,636022773,BBG LIJIANG,151.3,Rosario
2026-10-01,00:00:15,Profertil S.A.,563302200,IONA ISLAND,189.7,Rosario
2026-10-01,00:00:15,Cargill S.A. Muelle Quebracho,565607000,STRATEGIC EXPLORER,207.8,Rosario
2026-10-01,00:00:15,Puerto Rosario S.A. Terminal 2,720915000,IB PARAGUAY,228.1,Rosario
2026-10-01,00:00:15,Cofco Internacional Argentina S.A.,210025000,ELONA,158.8,Rosario
2026-10-01,00:00:15,Puerto Villa Constitución Unidad II,701006679,COOPOR ESTIBADOR I,73.2,Rosario
2026-10-01,00:00:15,Cargill S.A. Villa Gdor. Gálvez,755039000,RE CAVALIER I,172.6,Rosario
2026-10-01,00:00:15,Terminal Chacabuco YPF,701001114,IGUAZU,116.7,Rosario
2026-10-01,00:00:15,Puerto Diamante,701006803,ANTONIO PUGLIESE,453.8,Rosario
2026-10-01,00:00:15,Puerto Rosario,701001404,GUAZU PUCU,206.9,Rosario
2026-10-01,00:00:15,Euroamercia S.A.,563305600,JERICHO BEACH,117.9,DelGuazu
2026-10-01,00:00:15,Terminal Zarate S.A.,477754600,MAERSK VENEZIA,131.5,DelGuazu
2026-10-01,00:00:15,Puerto Ibicuy,355357000,,77.8,DelGuazu
2026-10-01,00:00:15,Vitco S.A.,219027923,TORM INDIA,163.4,DelGuazu
2026-10-01,00:00:15,R.h.a.s.a. - Pobater,701125000,DANIEL F,139.7,DelGuazu
2026-10-01,00:00:15,Siderca S.A.,636020873,BUILDER,411.1,DelGuazu
2026-10-01,00:00:15,R.h.a.s.a. - Pobater,755004433,SHEILA J,320.7,DelGuazu
2026-10-01,00:00:15,Delta Dock S.A.,257720360,,399.2,Braga
2026-10-01,00:00:15,Terminal Zarate S.A.,477754600,MAERSK VENEZIA,130.5,Braga
2026-10-01,00:00:15,Siderca S.A.,636020873,BUILDER,409.8,Braga
2026-10-01,00:00:15,Euroamercia S.A.,563305600,JERICHO BEACH,117.9,Braga
2026-10-01,00:00:15,Esso S.a.p.a.,538009801,,442.5,Braga
2026-10-01,00:00:15,R.h.a.s.a. - Pobater,755004433,SHEILA J,320.6,Braga
2026-10-01,00:00:15,Puerto Buenos Aires,755055000,RAUL D,375.9,Braga
2026-10-01,00:10:10,Terminal Chacabuco YPF,755079000,DR.SALGADO H,110.7,SanLorenzo
2026-10-01,00:10:10,Central Termoeléctrica Timbués Renova,636022816,SDM DONGGUAN,148.6,SanLorenzo
2026-10-01,00:10:10,YPF Fluvial,701170000,MAKENITA H,116.7,SanLorenzo
2026-10-01,00:10:10,Terminal 6 S.A. Muelle Sur,636023707,FIESTA,156.0,SanLorenzo
2026-10-01,00:10:10,Terminal Chacabuco YPF,701001324,HALCON,114.7,SanLorenzo
2026-10-01,00:10:10,Cofco S.A.,538008439,UNION MARK,457.3,SanLorenzo
2026-10-01,00:10:10,Aceitera General Deheza,538012438,WELLNESS DIVA,234.2,SanLorenzo
2026-10-01,00:10:10,Molinos Rí­o De La Plata,538009113,ALIKI PERROTIS,365.3,SanLorenzo
2026-10-01,00:10:10,Central Termoeléctrica Timbués Renova,636026236,AURIGA STAR,266.7,SanLorenzo
2026-10-01,00:10:10,Bunge - La Plata Cereal S.A. Muelle Dempa,636022194,PORT KYOTO,123.0,SanLorenzo
2026-10-01,00:10:10,Louis Dreyfus y Cia. Ltda. Timbúes,636025837,PAIWAN CHAMPION,336.5,SanLorenzo
2026-10-01,00:10:10,Puerto San Lorenzo,255915928,CAPE GULL,98.0,SanLorenzo
2026-10-01,00:10:10,Shell C.a.p.s.a.,701124000,JULIO A,178.6,SanLorenzo
2026-10-01,00:10:10,Louis Dreyfus y Cia. Ltda. Muelle Aceitero,538009309,OCEAN VENUS,211.9,SanLorenzo
2026-10-01,00:10:10,Cofco Internacional Argentina S.A.,210025000,ELONA,157.5,SanLorenzo
2026-10-01,00:10:10,Asociación de Cooperativas Argentina,538009155,,202.5,SanLorenzo
2026-10-01,00:10:10,Toepfer International Argentina S.r.l.,636022773,BBG LIJIANG,154.1,SanLorenzo
2026-10-01,00:10:10,Terminal Chacabuco YPF,701001114,IGUAZU,117.9,SanLorenzo
2026-10-01,00:10:10,Cargill S.A. Muelle Quebracho,565607000,STRATEGIC EXPLORER,203.0,SanLorenzo
2026-10-01,00:10:10,Profertil S.A.,563302200,IONA ISLAND,184.1,SanLorenzo
2026-10-01,00:10:10,Terminal Chacabuco YPF,701001307,MAX DREAM,99.5,SanLorenzo
2026-10-01,00:10:10,Puerto Rosario S.A. Terminal 2,720915000,IB PARAGUAY,227.9,SanLorenzo
2026-10-01,00:10:10,Zona Franca Boliviana,645181000,DN67,166.1,SanLorenzo
2026-10-01,00:10:10,Puerto Rosario,701001404,GUAZU PUCU,206.3,SanLorenzo
2026-10-01,00:10:10,Puerto Diamante,701006803,ANTONIO PUGLIESE,453.7,SanLorenzo
2026-10-01,00:10:10,Cargill S.A. Villa Gdor. Gálvez,755039000,RE CAVALIER I,169.0,SanLorenzo
2026-10-01,00:10:10,Cofco S.A.,636020988,FANTASEA,142.3,SanLorenzo
2026-10-01,00:10:10,Cargill S.A. Muelle De Barcazas,755000020,AGUARA,99.2,SanLorenzo
2026-10-01,00:10:10,Terminal Chacabuco YPF,755079000,DR.SALGADO H,110.7,Rosario
2026-10-01,00:10:10,Central Termoeléctrica Timbués Renova,636022816,SDM DONGGUAN,148.6,Rosario
2026-10-01,00:10:10,YPF Fluvial,701170000,MAKENITA H,116.7,Rosario
2026-10-01,00:10:10,Terminal 6 S.A. Muelle Sur,636023707,FIESTA,156.0,Rosario
2026-10-01,00:10:10,Cofco S.A.,538008439,UNION MARK,457.3,Rosario
2026-10-01,00:10:10,Aceitera General Deheza,538012438,WELLNESS DIVA,234.2,Rosario
2026-10-01,00:10:10,Molinos Rí­o De La Plata,538009113,ALIKI PERROTIS,365.3,Rosario
2026-10-01,00:10:10,Central Termoeléctrica Timbués Renova,636026236,AURIGA STAR,266.7,Rosario
2026-10-01,00:10:10,Bunge - La Plata Cereal S.A. Muelle Dempa,636022194,PORT KYOTO,123.0,Rosario
2026-10-01,00:10:10,Louis Dreyfus y Cia. Ltda. Timbúes,636025837,PAIWAN CHAMPION,336.5,Rosario
2026-10-01,00:10:10,Puerto San Lorenzo,255915928,CAPE GULL,98.0,Rosario
2026-10-01,00:10:10,Puerto San Nicolás,636019448,STAR WAVE,275.9,Rosario
2026-10-01,00:10:10,Louis Dreyfus y Cia. Ltda. Muelle Aceitero,538009309,OCEAN VENUS,211.9,Rosario
2026-10-01,00:10:10,Cofco Internacional Argentina S.A.,210025000,ELONA,157.5,Rosario
2026-10-01,00:10:10,Asociación de Cooperativas Argentina,538009155,NAMA,202.5,Rosario
2026-10-01,00:10:10,Toepfer International Argentina S.r.l.,636022773,BBG LIJIANG,154.1,Rosario
2026-10-01,00:10:10,Cargill S.A. Muelle Quebracho,565607000,STRATEGIC EXPLORER,203.0,Rosario
2026-10-01,00:10:10,Profertil S.A.,563302200,IONA ISLAND,184.1,Rosario
2026-10-01,00:10:10,Terminal Chacabuco YPF,701001307,,99.5,Rosario
2026-10-01,00:10:10,Puerto Rosario S.A. Terminal 2,720915000,IB PARAGUAY,227.9,Rosario
2026-10-01,00:10:10,Puerto Villa Constitución Unidad II,701006679,COOPOR ESTIBADOR I,76.5,Rosario
2026-10-01,00:10:10,Zona Franca Boliviana,645181000,DN67,166.1,Rosario
2026-10-01,00:10:10,Puerto Rosario,701001404,GUAZU PUCU,206.3,Rosario
2026-10-01,00:10:10,Puerto Diamante,701006803,ANTONIO PUGLIESE,453.7,Rosario
2026-10-01,00:10:10,Cargill S.A. Villa Gdor. Gálvez,755039000,RE CAVALIER I,169.0,Rosario
2026-10-01,00:10:10,Cofco S.A.,636020988,FANTASEA,142.3,Rosario
2026-10-01,00:10:10,Cargill S.A. Muelle De Barcazas,755000020,AGUARA,99.2,Rosario
2026-10-01,00:10:10,Euroamercia S.A.,563305600,JERICHO BEACH,117.0,DelGuazu
2026-10-01,00:10:10,Terminal Zarate S.A.,477754600,MAERSK VENEZIA,131.8,DelGuazu
2026-10-01,00:10:10,Puerto Ibicuy,355357000,DRAKE WELL,78.6,DelGuazu
2026-10-01,00:10:10,Vitco S.A.,219027923,TORM INDIA,162.9,DelGuazu
2026-10-01,00:10:10,R.h.a.s.a. - Pobater,701125000,DANIEL F,148.8,DelGuazu
2026-10-01,00:10:10,R.h.a.s.a. - Pobater,701006318,,158.4,DelGuazu
2026-10-01,00:10:10,Siderca S.A.,636020873,BUILDER,413.4,DelGuazu
2026-10-01,00:10:10,R.h.a.s.a. - Pobater,755004433,SHEILA J,322.1,DelGuazu
2026-10-01,00:10:10,Esso S.a.p.a.,538009801,,441.3,Braga
2026-10-01,00:10:10,Terminal Zarate S.A.,477754600,MAERSK VENEZIA,131.8,Braga
2026-10-01,00:10:10,Euroamercia S.A.,563305600,,117.0,Braga
2026-10-01,00:10:10,R.h.a.s.a. - Pobater,701006318,MAMACOTA,157.9,Braga
2026-10-01,00:10:10,Siderca S.A.,636020873,BUILDER,413.4,Braga
2026-10-01,00:10:10,R.h.a.s.a. - Pobater,755004433,SHEILA J,322.1,Braga
2026-10-01,00:10:10,Puerto Buenos Aires,755055000,RAUL D,353.7,Braga
2026-10-01,00:20:10,Profertil S.A.,563302200,IONA ISLAND,178.7,SanLorenzo
2026-10-01,00:20:10,Cargill S.A. Villa Gdor. Gálvez,257087000,,292.4,SanLorenzo
2026-10-01,00:20:10,Asociación de Cooperativas Argentina,538009155,NAMA,200.3,SanLorenzo
2026-10-01,00:20:10,Terminal Chacabuco YPF,755079000,DR.SALGADO H,112.7,SanLorenzo
2026-10-01,00:20:10,Central Termoeléctrica Timbués Renova,636022816,SDM DONGGUAN,149.3,SanLorenzo
2026-10-01,00:20:10,YPF Fluvial,701170000,MAKENITA H,119.4,SanLorenzo
2026-10-01,00:20:10,Terminal 6 S.A. Muelle Sur,636023707,FIESTA,154.9,SanLorenzo
2026-10-01,00:20:10,Terminal Chacabuco YPF,701001324,HALCON,115.5,SanLorenzo
2026-10-01,00:20:10,Cofco S.A.,538008439,UNION MARK,456.6,SanLorenzo
2026-10-01,00:20:10,Molinos Rí­o De La Plata,538009113,ALIKI PERROTIS,366.9,SanLorenzo
2026-10-01,00:20:10,Aceitera General Deheza,538012438,WELLNESS DIVA,233.5,SanLorenzo
2026-10-01,00:20:10,Central Termoeléctrica Timbués Renova,636026236,AURIGA STAR,268.1,SanLorenzo
2026-10-01,00:20:10,Bunge - La Plata Cereal S.A. Muelle Dempa,636022194,PORT KYOTO,123.7,SanLorenzo
2026-10-01,00:20:10,Louis Dreyfus y Cia. Ltda. Timbúes,636025837,PAIWAN CHAMPION,337.7,SanLorenzo
2026-10-01,00:20:10,Puerto San Lorenzo,255915928,CAPE GULL,98.6,SanLorenzo
2026-10-01,00:20:10,Shell C.a.p.s.a.,701124000,JULIO A,175.9,SanLorenzo
2026-10-01,00:20:10,Louis Dreyfus y Cia. Ltda. Muelle Aceitero,538009309,OCEAN VENUS,210.4,SanLorenzo
2026-10-01,00:20:10,Cofco Internacional Argentina S.A.,210025000,ELONA,155.3,SanLorenzo
2026-10-01,00:20:10,Toepfer International Argentina S.r.l.,636022773,BBG LIJIANG,154.3,SanLorenzo
2026-10-01,00:20:10,Terminal Chacabuco YPF,701001114,IGUAZU,118.5,SanLorenzo
2026-10-01,00:20:10,Cargill S.A. Muelle Quebracho,565607000,STRATEGIC EXPLORER,202.0,SanLorenzo
2026-10-01,00:20:10,Terminal Chacabuco YPF,701001307,MAX DREAM,100.5,SanLorenzo
2026-10-01,00:20:10,Puerto Rosario S.A. Terminal 2,720915000,IB PARAGUAY,229.3,SanLorenzo
2026-10-01,00:20:10,Cargill S.A. Villa Gdor. Gálvez,755039000,RE CAVALIER I,169.6,SanLorenzo
2026-10-01,00:20:10,Puerto Rosario,701001404,GUAZU PUCU,206.5,SanLorenzo
2026-10-01,00:20:10,Puerto Diamante,701006803,ANTONIO PUGLIESE,453.3,SanLorenzo
2026-10-01,00:20:10,Zona Franca Boliviana,645181000,DN67,166.4,SanLorenzo
2026-10-01,00:20:10,Cofco S.A.,636020988,FANTASEA,140.5,SanLorenzo
2026-10-01,00:20:10,Terminal Chacabuco YPF,701001114,,113.6,Rosario
2026-10-01,00:20:10,Profertil S.A.,563302200,IONA ISLAND,178.7,Rosario
2026-10-01,00:20:10,Central Termoeléctrica Timbués Renova,636026236,AURIGA STAR,270.6,Rosario
2026-10-01,00:20:10,Asociación de Cooperativas Argentina,538009155,NAMA,200.3,Rosario
2026-10-01,00:20:10,Toepfer International Argentina S.r.l.,636022773,BBG LIJIANG,152.3,Rosario
2026-10-01,00:20:10,Terminal Chacabuco YPF,755079000,DR.SALGADO H,112.7,Rosario
2026-10-01,00:20:10,Central Termoeléctrica Timbués Renova,636022816,SDM DONGGUAN,149.3,Rosario
2026-10-01,00:20:10,YPF Fluvial,701170000,MAKENITA H,119.4,Rosario
2026-10-01,00:20:10,Terminal 6 S.A. Muelle Sur,636023707,FIESTA,154.9,Rosario
2026-10-01,00:20:10,Cofco S.A.,538008439,UNION MARK,456.6,Rosario
2026-10-01,00:20:10,Molinos Rí­o De La Plata,538009113,ALIKI PERROTIS,366.9,Rosario
2026-10-01,00:20:10,Aceitera General Deheza,538012438,WELLNESS DIVA,233.5,Rosario
2026-10-01,00:20:10,Cargill S.A. Villa Gdor. Gálvez,257087000,,299.5,Rosario
2026-10-01,00:20:10,Bunge - La Plata Cereal S.A. Muelle Dempa,636022194,PORT KYOTO,123.7,Rosario
2026-10-01,00:20:10,Louis Dreyfus y Cia. Ltda. Timbúes,636025837,PAIWAN CHAMPION,337.7,Rosario
2026-10-01,00:20:10,Puerto San Lorenzo,255915928,CAPE GULL,98.6,Rosario
2026-10-01,00:20:10,Louis Dreyfus y Cia. Ltda. Muelle Aceitero,538009309,OCEAN VENUS,210.4,Rosario
2026-10-01,00:20:10,Puerto San Nicolás,636019448,STAR WAVE,275.6,Rosario
2026-10-01,00:20:10,Cofco Internacional Argentina S.A.,210025000,ELONA,155.3,Rosario
2026-10-01,00:20:10,Puerto Villa Constitución Unidad II,701006679,COOPOR ESTIBADOR I,72.7,Rosario
2026-10-01,00:20:10,Cargill S.A. Muelle Quebracho,565607000,STRATEGIC EXPLORER,202.0,Rosario
2026-10-01,00:20:10,Puerto Rosario S.A. Terminal 2,720915000,IB PARAGUAY,229.3,Rosario
2026-10-01,00:20:10,Cargill S.A. Muelle De Barcazas,755000020,AGUARA,71.6,Rosario
2026-10-01,00:20:10,Puerto Diamante,701006803,ANTONIO PUGLIESE,453.7,Rosario
2026-10-01,00:20:10,Cargill S.A. Villa Gdor. Gálvez,755039000,RE CAVALIER I,169.6,Rosario
2026-10-01,00:20:10,Zona Franca Boliviana,645181000,DN67,166.4,Rosario
2026-10-01,00:20:10,Cofco S.A.,636020988,FANTASEA,140.5,Rosario
2026-10-01,00:20:10,Puerto Rosario,701001404,GUAZU PUCU,206.2,Rosario
2026-10-01,00:20:10,Puerto Ibicuy,355357000,DRAKE WELL,78.6,DelGuazu
2026-10-01,00:20:10,R.h.a.s.a. - Pobater,701006318,,159.0,DelGuazu
2026-10-01,00:20:10,Delta Dock S.A.,701006327,,269.4,DelGuazu
2026-10-01,00:20:10,Euroamercia S.A.,563305600,JERICHO BEACH,120.0,DelGuazu
2026-10-01,00:20:10,Terminal Zarate S.A.,477754600,MAERSK VENEZIA,132.2,DelGuazu
2026-10-01,00:20:10,Vitco S.A.,219027923,TORM INDIA,161.6,DelGuazu
2026-10-01,00:20:10,R.h.a.s.a. - Pobater,701125000,DANIEL F,149.6,DelGuazu
2026-10-01,00:20:10,Siderca S.A.,636020873,BUILDER,411.6,DelGuazu
2026-10-01,00:20:10,R.h.a.s.a. - Pobater,755004433,SHEILA J,320.3,DelGuazu
2026-10-01,00:20:10,Terminal Zarate S.A.,477754600,,132.3,Braga
2026-10-01,00:20:10,R.h.a.s.a. - Pobater,701006318,MAMACOTA,158.6,Braga
2026-10-01,00:20:10,Euroamercia S.A.,563305600,JERICHO BEACH,120.0,Braga
2026-10-01,00:20:10,R.h.a.s.a. - Pobater,755004433,SHEILA J,320.3,Braga
2026-10-01,00:20:10,Puerto Buenos Aires,755055000,RAUL D,368.3,Braga
2026-10-01,00:30:12,Toepfer International Argentina S.r.l.,701006283,ALP CATAMARCA,394.9,SanLorenzo
2026-10-01,00:30:12,Cofco S.A.,636020988,FANTASEA,142.1,SanLorenzo
2026-10-01,00:30:12,Terminal Chacabuco YPF,755079000,DR.SALGADO H,108.4,SanLorenzo
2026-10-01,00:30:12,Central Termoeléctrica Timbués Renova,636022816,SDM DONGGUAN,149.4,SanLorenzo
2026-10-01,00:30:12,YPF Fluvial,701170000,MAKENITA H,122.1,SanLorenzo
2026-10-01,00:30:12,Terminal 6 S.A. Muelle Sur,636023707,FIESTA,155.4,SanLorenzo
2026-10-01,00:30:12,Terminal Chacabuco YPF,701001324,HALCON,115.3,SanLorenzo
2026-10-01,00:30:12,Cofco S.A.,538008439,UNION MARK,456.2,SanLorenzo
2026-10-01,00:30:12,Aceitera General Deheza,538012438,WELLNESS DIVA,232.9,SanLorenzo
2026-10-01,00:30:12,Molinos Rí­o De La Plata,538009113,ALIKI PERROTIS,370.1,SanLorenzo
2026-10-01,00:30:12,Cargill S.A. Villa Gdor. Gálvez,257087000,,299.7,SanLorenzo
2026-10-01,00:30:12,Central Termoeléctrica Timbués Renova,636026236,AURIGA STAR,269.5,SanLorenzo
2026-10-01,00:30:12,Bunge - La Plata Cereal S.A. Muelle Dempa,636022194,PORT KYOTO,122.7,SanLorenzo
2026-10-01,00:30:12,Louis Dreyfus y Cia. Ltda. Timbúes,636025837,PAIWAN CHAMPION,339.9,SanLorenzo
2026-10-01,00:30:12,Puerto San Lorenzo,255915928,CAPE GULL,96.8,SanLorenzo
2026-10-01,00:30:12,Shell C.a.p.s.a.,701124000,JULIO A,177.4,SanLorenzo
2026-10-01,00:30:12,Cofco Internacional Argentina S.A.,210025000,ELONA,157.1,SanLorenzo
2026-10-01,00:30:12,Louis Dreyfus y Cia. Ltda. Muelle Aceitero,538009309,OCEAN VENUS,217.5,SanLorenzo
2026-10-01,00:30:12,Asociación de Cooperativas Argentina,538009155,NAMA,200.5,SanLorenzo
2026-10-01,00:30:12,Toepfer International Argentina S.r.l.,636022773,BBG LIJIANG,154.7,SanLorenzo
2026-10-01,00:30:12,Terminal Chacabuco YPF,701001114,IGUAZU,115.5,SanLorenzo
2026-10-01,00:30:12,Cargill S.A. Muelle Quebracho,565607000,STRATEGIC EXPLORER,203.3,SanLorenzo
2026-10-01,00:30:12,Profertil S.A.,563302200,IONA ISLAND,176.9,SanLorenzo
2026-10-01,00:30:12,Terminal Chacabuco YPF,701001307,MAX DREAM,100.7,SanLorenzo
2026-10-01,00:30:12,Puerto Rosario S.A. Terminal 2,720915000,IB PARAGUAY,229.1,SanLorenzo
2026-10-01,00:30:12,Zona Franca Boliviana,645181000,DN67,174.3,SanLorenzo
2026-10-01,00:30:12,Puerto Diamante,701006803,ANTONIO PUGLIESE,452.6,SanLorenzo
2026-10-01,00:30:12,Cargill S.A. Villa Gdor. Gálvez,755039000,RE CAVALIER I,171.8,SanLorenzo
2026-10-01,00:30:12,Puerto Rosario,701001404,GUAZU PUCU,206.9,SanLorenzo
2026-10-01,00:30:12,Shell C.a.p.s.a.,701124000,,176.8,Rosario
2026-10-01,00:30:12,Asociación de Cooperativas Argentina,538009155,NAMA,201.8,Rosario
2026-10-01,00:30:12,Louis Dreyfus y Cia. Ltda. Timbúes,636025837,PAIWAN CHAMPION,340.1,Rosario
2026-10-01,00:30:12,Terminal Chacabuco YPF,701001114,,116.4,Rosario
2026-10-01,00:30:12,Cargill S.A. Muelle Quebracho,565607000,STRATEGIC EXPLORER,202.3,Rosario
2026-10-01,00:30:12,Cofco S.A.,636020988,FANTASEA,142.1,Rosario
2026-10-01,00:30:12,Terminal Chacabuco YPF,755079000,DR.SALGADO H,108.4,Rosario
2026-10-01,00:30:12,Central Termoeléctrica Timbués Renova,636022816,SDM DONGGUAN,149.4,Rosario
2026-10-01,00:30:12,YPF Fluvial,701170000,MAKENITA H,122.1,Rosario
2026-10-01,00:30:12,Terminal 6 S.A. Muelle Sur,636023707,FIESTA,155.4,Rosario
2026-10-01,00:30:12,Cofco S.A.,538008439,UNION MARK,456.2,Rosario
2026-10-01,00:30:12,Aceitera General Deheza,538012438,WELLNESS DIVA,232.9,Rosario
2026-10-01,00:30:12,Molinos Rí­o De La Plata,538009113,ALIKI PERROTIS,370.1,Rosario
2026-10-01,00:30:12,Central Termoeléctrica Timbués Renova,636026236,AURIGA STAR,269.5,Rosario
2026-10-01,00:30:12,Bunge - La Plata Cereal S.A. Muelle Dempa,636022194,PORT KYOTO,122.7,Rosario
2026-10-01,00:30:12,Puerto San Lorenzo,255915928,CAPE GULL,96.8,Rosario
2026-10-01,00:30:12,Puerto San Nicolás,636019448,STAR WAVE,278.0,Rosario
2026-10-01,00:30:12,Cofco Internacional Argentina S.A.,210025000,ELONA,157.1,Rosario
2026-10-01,00:30:12,Louis Dreyfus y Cia. Ltda. Muelle Aceitero,538009309,OCEAN VENUS,217.5,Rosario
2026-10-01,00:30:12,Toepfer International Argentina S.r.l.,636022773,BBG LIJIANG,154.7,Rosario
2026-10-01,00:30:12,Profertil S.A.,563302200,IONA ISLAND,176.9,Rosario
2026-10-01,00:30:12,Puerto Rosario S.A. Terminal 2,720915000,IB PARAGUAY,229.1,Rosario
2026-10-01,00:30:12,Puerto Villa Constitución Unidad II,701006679,COOPOR ESTIBADOR I,74.3,Rosario
2026-10-01,00:30:12,Zona Franca Boliviana,645181000,DN67,174.3,Rosario
2026-10-01,00:30:12,Puerto Diamante,701006803,ANTONIO PUGLIESE,452.6,Rosario
2026-10-01,00:30:12,Cargill S.A. Villa Gdor. Gálvez,755039000,RE CAVALIER I,171.8,Rosario
2026-10-01,00:30:12,Puerto Rosario,701001404,GUAZU PUCU,206.9,Rosario
2026-10-01,00:30:12,Vitco S.A.,219027923,TORM INDIA,157.6,DelGuazu
2026-10-01,00:30:12,Euroamercia S.A.,563305600,JERICHO BEACH,123.3,DelGuazu
2026-10-01,00:30:12,Terminal Zarate S.A.,477754600,MAERSK VENEZIA,132.2,DelGuazu
2026-10-01,00:30:12,Puerto Ibicuy,355357000,DRAKE WELL,79.7,DelGuazu
2026-10-01,00:30:12,R.h.a.s.a. - Pobater,701125000,DANIEL F,136.1,DelGuazu
2026-10-01,00:30:12,Siderca S.A.,636020873,BUILDER,411.4,DelGuazu
2026-10-01,00:30:12,R.h.a.s.a. - Pobater,755004433,SHEILA J,320.0,DelGuazu
2026-10-01,00:30:12,Euroamercia S.A.,563305600,JERICHO BEACH,118.7,Braga
2026-10-01,00:30:12,Terminal Zarate S.A.,477754600,,132.1,Braga
2026-10-01,00:30:12,Esso S.a.p.a.,538009801,,441.9,Braga
2026-10-01,00:30:12,R.h.a.s.a. - Pobater,701006318,MAMACOTA,159.1,Braga
2026-10-01,00:30:12,R.h.a.s.a. - Pobater,755004433,SHEILA J,320.0,Braga
2026-10-01,00:30:12,Puerto Buenos Aires,755055000,RAUL D,376.7,Braga
2026-10-01,00:40:10,Terminal Chacabuco YPF,755079000,DR.SALGADO H,107.3,SanLorenzo
2026-10-01,00:40:10,Central Termoeléctrica Timbués Renova,636022816,SDM DONGGUAN,148.9,SanLorenzo
2026-10-01,00:40:10,YPF Fluvial,701170000,MAKENITA H,120.7,SanLorenzo
2026-10-01,00:40:10,Terminal 6 S.A. Muelle Sur,636023707,FIESTA,156.9,SanLorenzo
2026-10-01,00:40:10,Terminal Chacabuco YPF,701001324,HALCON,114.5,SanLorenzo
2026-10-01,00:40:10,Aceitera General Deheza,538012438,WELLNESS DIVA,232.0,SanLorenzo
2026-10-01,00:40:10,Molinos Rí­o De La Plata,538009113,ALIKI PERROTIS,364.5,SanLorenzo
2026-10-01,00:40:10,Cargill S.A. Villa Gdor. Gálvez,257087000,DAMSGAARD,298.4,SanLorenzo
2026-10-01,00:40:10,Central Termoeléctrica Timbués Renova,636026236,AURIGA STAR,270.9,SanLorenzo
2026-10-01,00:40:10,Bunge - La Plata Cereal S.A. Muelle Dempa,636022194,PORT KYOTO,124.8,SanLorenzo
2026-10-01,00:40:10,Louis Dreyfus y Cia. Ltda. Timbúes,636025837,PAIWAN CHAMPION,339.9,SanLorenzo
2026-10-01,00:40:10,Puerto San Lorenzo,255915928,CAPE GULL,99.1,SanLorenzo
2026-10-01,00:40:10,Shell C.a.p.s.a.,701124000,JULIO A,174.2,SanLorenzo
2026-10-01,00:40:10,Louis Dreyfus y Cia. Ltda. Muelle Aceitero,538009309,OCEAN VENUS,212.5,SanLorenzo
2026-10-01,00:40:10,Cofco Internacional Argentina S.A.,210025000,ELONA,157.0,SanLorenzo
2026-10-01,00:40:10,Asociación de Cooperativas Argentina,538009155,NAMA,204.1,SanLorenzo
2026-10-01,00:40:10,Toepfer International Argentina S.r.l.,636022773,BBG LIJIANG,154.0,SanLorenzo
2026-10-01,00:40:10,Terminal Chacabuco YPF,701001114,IGUAZU,117.4,SanLorenzo
2026-10-01,00:40:10,Profertil S.A.,563302200,IONA ISLAND,181.9,SanLorenzo
2026-10-01,00:40:10,Terminal Chacabuco YPF,701001307,MAX DREAM,100.5,SanLorenzo
2026-10-01,00:40:10,Puerto Rosario S.A. Terminal 2,720915000,IB PARAGUAY,230.4,SanLorenzo
2026-10-01,00:40:10,Cofco S.A.,636020988,FANTASEA,142.9,SanLorenzo
2026-10-01,00:40:10,Zona Franca Boliviana,645181000,DN67,164.7,SanLorenzo
2026-10-01,00:40:10,Puerto Diamante,701006803,ANTONIO PUGLIESE,452.2,SanLorenzo
2026-10-01,00:40:10,Cargill S.A. Villa Gdor. Gálvez,755039000,RE CAVALIER I,170.6,SanLorenzo
2026-10-01,00:40:10,Puerto Rosario,701001404,GUAZU PUCU,206.3,SanLorenzo
2026-10-01,00:40:10,YPF Fluvial,701170000,MAKENITA H,122.5,Rosario
2026-10-01,00:40:10,Asociación de Cooperativas Argentina,538009155,,201.4,Rosario
2026-10-01,00:40:10,Terminal Chacabuco YPF,755079000,DR.SALGADO H,107.3,Rosario
2026-10-01,00:40:10,Central Termoeléctrica Timbués Renova,636022816,SDM DONGGUAN,148.9,Rosario
2026-10-01,00:40:10,Terminal 6 S.A. Muelle Sur,636023707,FIESTA,156.9,Rosario
2026-10-01,00:40:10,Aceitera General Deheza,538012438,WELLNESS DIVA,232.0,Rosario
2026-10-01,00:40:10,Molinos Rí­o De La Plata,538009113,ALIKI PERROTIS,364.5,Rosario
2026-10-01,00:40:10,Central Termoeléctrica Timbués Renova,636026236,AURIGA STAR,270.9,Rosario
2026-10-01,00:40:10,Bunge - La Plata Cereal S.A. Muelle Dempa,636022194,PORT KYOTO,124.8,Rosario
2026-10-01,00:40:10,Louis Dreyfus y Cia. Ltda. Timbúes,636025837,PAIWAN CHAMPION,339.9,Rosario
2026-10-01,00:40:10,Puerto San Lorenzo,255915928,CAPE GULL,99.1,Rosario
2026-10-01,00:40:10,Puerto San Nicolás,636019448,STAR WAVE,276.0,Rosario
2026-10-01,00:40:10,Louis Dreyfus y Cia. Ltda. Muelle Aceitero,538009309,OCEAN VENUS,212.5,Rosario
2026-10-01,00:40:10,Cofco Internacional Argentina S.A.,210025000,ELONA,157.0,Rosario
2026-10-01,00:40:10,Toepfer International Argentina S.r.l.,636022773,BBG LIJIANG,154.0,Rosario
2026-10-01,00:40:10,Terminal Chacabuco YPF,701001114,IGUAZU,117.4,Rosario
2026-10-01,00:40:10,Profertil S.A.,563302200,IONA ISLAND,181.9,Rosario
2026-10-01,00:40:10,Terminal Chacabuco YPF,701001307,,100.5,Rosario
2026-10-01,00:40:10,Puerto Rosario S.A. Terminal 2,720915000,IB PARAGUAY,230.4,Rosario
2026-10-01,00:40:10,Puerto Villa Constitución Unidad II,701006679,COOPOR ESTIBADOR I,73.3,Rosario
2026-10-01,00:40:10,Cofco S.A.,636020988,FANTASEA,142.9,Rosario
2026-10-01,00:40:10,Zona Franca Boliviana,645181000,DN67,164.7,Rosario
2026-10-01,00:40:10,Puerto Diamante,701006803,ANTONIO PUGLIESE,452.2,Rosario
2026-10-01,00:40:10,Cargill S.A. Villa Gdor. Gálvez,755039000,RE CAVALIER I,170.6,Rosario
2026-10-01,00:40:10,Puerto Rosario,701001404,GUAZU PUCU,206.3,Rosario
2026-10-01,00:40:10,Puerto Ibicuy,355357000,DRAKE WELL,76.5,DelGuazu
2026-10-01,00:40:10,R.h.a.s.a. - Pobater,701125000,DANIEL F,133.3,DelGuazu
2026-10-01,00:40:10,Euroamercia S.A.,563305600,JERICHO BEACH,124.9,DelGuazu
2026-10-01,00:40:10,Terminal Zarate S.A.,477754600,MAERSK VENEZIA,132.4,DelGuazu
2026-10-01,00:40:10,Vitco S.A.,219027923,TORM INDIA,155.8,DelGuazu
2026-10-01,00:40:10,Siderca S.A.,636020873,BUILDER,410.5,DelGuazu
2026-10-01,00:40:10,R.h.a.s.a. - Pobater,755004433,SHEILA J,319.9,DelGuazu
2026-10-01,00:40:10,Terminal Zarate S.A.,477754600,,132.1,Braga
2026-10-01,00:40:10,Euroamercia S.A.,563305600,,124.9,Braga
2026-10-01,00:40:10,Siderca S.A.,636020873,BUILDER,410.5,Braga
2026-10-01,00:40:10,R.h.a.s.a. - Pobater,755004433,SHEILA J,319.9,Braga
2026-10-01,00:40:10,R.h.a.s.a. - Pobater,701006318,MAMACOTA,157.6,Braga
2026-10-01,00:40:10,Puerto Buenos Aires,755055000,RAUL D,383.0,Braga
2026-10-01,00:50:10,Terminal Chacabuco YPF,755079000,DR.SALGADO H,111.2,SanLorenzo
2026-10-01,00:50:10,Central Termoeléctrica Timbués Renova,636022816,SDM DONGGUAN,147.3,SanLorenzo
2026-10-01,00:50:10,YPF Fluvial,701170000,MAKENITA H,121.1,SanLorenzo
2026-10-01,00:50:10,Terminal 6 S.A. Muelle Sur,636023707,FIESTA,158.6,SanLorenzo
2026-10-01,00:50:10,Aceitera General Deheza,538012438,WELLNESS DIVA,233.2,SanLorenzo
2026-10-01,00:50:10,Molinos Rí­o De La Plata,538009113,ALIKI PERROTIS,358.5,SanLorenzo
2026-10-01,00:50:10,Central Termoeléctrica Timbués Renova,636026236,AURIGA STAR,271.2,SanLorenzo
2026-10-01,00:50:10,Bunge - La Plata Cereal S.A. Muelle Dempa,636022194,PORT KYOTO,123.2,SanLorenzo
2026-10-01,00:50:10,Louis Dreyfus y Cia. Ltda. Timbúes,636025837,PAIWAN CHAMPION,337.1,SanLorenzo
2026-10-01,00:50:10,Puerto San Lorenzo,255915928,CAPE GULL,94.0,SanLorenzo
2026-10-01,00:50:10,Shell C.a.p.s.a.,701124000,JULIO A,177.2,SanLorenzo
2026-10-01,00:50:10,Cofco Internacional Argentina S.A.,210025000,ELONA,158.9,SanLorenzo
2026-10-01,00:50:10,Louis Dreyfus y Cia. Ltda. Muelle Aceitero,538009309,OCEAN VENUS,211.5,SanLorenzo
2026-10-01,00:50:10,Asociación de Cooperativas Argentina,538009155,NAMA,204.8,SanLorenzo
2026-10-01,00:50:10,Terminal Chacabuco YPF,701001114,IGUAZU,118.7,SanLorenzo
2026-10-01,00:50:10,Toepfer International Argentina S.r.l.,636022773,BBG LIJIANG,151.6,SanLorenzo
2026-10-01,00:50:10,Profertil S.A.,563302200,IONA ISLAND,172.0,SanLorenzo
2026-10-01,00:50:10,Terminal Chacabuco YPF,701001307,MAX DREAM,99.9,SanLorenzo
2026-10-01,00:50:10,Puerto Rosario S.A. Terminal 2,720915000,IB PARAGUAY,229.8,SanLorenzo
2026-10-01,00:50:10,ADM Agro Terminal El Tránsito,701006740,GUILLERMO C,366.7,SanLorenzo
2026-10-01,00:50:10,Zona Franca Boliviana,645181000,DN67,166.6,SanLorenzo
2026-10-01,00:50:10,Puerto Diamante,701006803,ANTONIO PUGLIESE,452.2,SanLorenzo
2026-10-01,00:50:10,Cargill S.A. Villa Gdor. Gálvez,755039000,RE CAVALIER I,169.7,SanLorenzo
2026-10-01,00:50:10,Puerto Rosario,701001404,GUAZU PUCU,206.9,SanLorenzo
2026-10-01,00:50:10,Cofco S.A.,636020988,FANTASEA,141.5,SanLorenzo
2026-10-01,00:50:10,Terminal Chacabuco YPF,755079000,DR.SALGADO H,111.2,Rosario
2026-10-01,00:50:10,Central Termoeléctrica Timbués Renova,636022816,SDM DONGGUAN,147.3,Rosario
2026-10-01,00:50:10,YPF Fluvial,701170000,MAKENITA H,121.1,Rosario
2026-10-01,00:50:10,Terminal 6 S.A. Muelle Sur,636023707,FIESTA,158.6,Rosario
2026-10-01,00:50:10,Aceitera General Deheza,538012438,WELLNESS DIVA,233.2,Rosario
2026-10-01,00:50:10,Molinos Rí­o De La Plata,538009113,ALIKI PERROTIS,358.5,Rosario
2026-10-01,00:50:10,Cargill S.A. Villa Gdor. Gálvez,257087000,,298.7,Rosario
2026-10-01,00:50:10,Central Termoeléctrica Timbués Renova,636026236,AURIGA STAR,271.2,Rosario
2026-10-01,00:50:10,Bunge - La Plata Cereal S.A. Muelle Dempa,636022194,PORT KYOTO,123.2,Rosario
2026-10-01,00:50:10,Louis Dreyfus y Cia. Ltda. Timbúes,636025837,PAIWAN CHAMPION,337.1,Rosario
2026-10-01,00:50:10,Puerto San Lorenzo,255915928,CAPE GULL,94.0,Rosario
2026-10-01,00:50:10,Puerto San Nicolás,636019448,STAR WAVE,278.8,Rosario
2026-10-01,00:50:10,Cofco Internacional Argentina S.A.,210025000,ELONA,158.9,Rosario
2026-10-01,00:50:10,Louis Dreyfus y Cia. Ltda. Muelle Aceitero,538009309,OCEAN VENUS,211.5,Rosario
2026-10-01,00:50:10,Asociación de Cooperativas Argentina,538009155,,204.8,Rosario
2026-10-01,00:50:10,Terminal Chacabuco YPF,701001114,IGUAZU,118.7,Rosario
2026-10-01,00:50:10,Toepfer International Argentina S.r.l.,636022773,BBG LIJIANG,151.6,Rosario
2026-10-01,00:50:10,Profertil S.A.,563302200,IONA ISLAND,172.0,Rosario
2026-10-01,00:50:10,Puerto Rosario S.A. Terminal 2,720915000,IB PARAGUAY,229.8,Rosario
2026-10-01,00:50:10,Cargill S.A. Villa Gdor. Gálvez,755039000,RE CAVALIER I,169.7,Rosario
2026-10-01,00:50:10,Puerto Villa Constitución Unidad II,701006679,COOPOR ESTIBADOR I,77.6,Rosario
2026-10-01,00:50:10,ADM Agro Terminal El Tránsito,701006740,GUILLERMO C,366.7,Rosario
2026-10-01,00:50:10,Zona Franca Boliviana,645181000,DN67,166.6,Rosario
2026-10-01,00:50:10,Puerto Diamante,701006803,ANTONIO PUGLIESE,452.2,Rosario
2026-10-01,00:50:10,Puerto Rosario,701001404,GUAZU PUCU,206.9,Rosario
2026-10-01,00:50:10,Cofco S.A.,636020988,FANTASEA,141.5,Rosario
2026-10-01,00:50:10,Euroamercia S.A.,563305600,JERICHO BEACH,120.8,DelGuazu
2026-10-01,00:50:10,Terminal Zarate S.A.,477754600,MAERSK VENEZIA,132.1,DelGuazu
2026-10-01,00:50:10,Puerto Ibicuy,355357000,DRAKE WELL,77.5,DelGuazu
2026-10-01,00:50:10,Vitco S.A.,219027923,TORM INDIA,160.4,DelGuazu
2026-10-01,00:50:10,R.h.a.s.a. - Pobater,701125000,DANIEL F,133.1,DelGuazu
2026-10-01,00:50:10,Siderca S.A.,636020873,BUILDER,411.7,DelGuazu
2026-10-01,00:50:10,R.h.a.s.a. - Pobater,755004433,SHEILA J,321.5,DelGuazu
2026-10-01,00:50:10,Euroamercia S.A.,563305600,,118.3,Braga
2026-10-01,00:50:10,Terminal Zarate S.A.,477754600,,132.0,Braga
2026-10-01,00:50:10,R.h.a.s.a. - Pobater,701006318,MAMACOTA,159.3,Braga
2026-10-01,00:50:10,Siderca S.A.,636020873,BUILDER,411.7,Braga
2026-10-01,00:50:10,R.h.a.s.a. - Pobater,755004433,SHEILA J,321.2,Braga
2026-10-01,00:50:10,Puerto Buenos Aires,755055000,RAUL D,376.8,Braga
2026-10-01,01:00:15,Shell C.a.p.s.a.,701124000,JULIO A,176.3,SanLorenzo
2026-10-01,01:00:15,Terminal Chacabuco YPF,755079000,DR.SALGADO H,112.4,SanLorenzo
2026-10-01,01:00:15,YPF Fluvial,701170000,MAKENITA H,113.8,SanLorenzo
2026-10-01,01:00:15,Terminal 6 S.A. Muelle Sur,636023707,FIESTA,157.2,SanLorenzo
2026-10-01,01:00:15,Central Termoeléctrica Timbués Renova,636022816,SDM DONGGUAN,149.7,SanLorenzo
2026-10-01,01:00:15,Terminal Chacabuco YPF,701001324,HALCON,113.9,SanLorenzo
2026-10-01,01:00:15,Molinos Rí­o De La Plata,538009113,ALIKI PERROTIS,361.8,SanLorenzo
2026-10-01,01:00:15,Aceitera General Deheza,538012438,WELLNESS DIVA,233.0,SanLorenzo
2026-10-01,01:00:15,Cargill S.A. Villa Gdor. Gálvez,257087000,DAMSGAARD,302.5,SanLorenzo
2026-10-01,01:00:15,Central Termoeléctrica Timbués Renova,636026236,AURIGA STAR,262.7,SanLorenzo
2026-10-01,01:00:15,Bunge - La Plata Cereal S.A. Muelle Dempa,636022194,PORT KYOTO,123.7,SanLorenzo
2026-10-01,01:00:15,Louis Dreyfus y Cia. Ltda. Timbúes,636025837,PAIWAN CHAMPION,342.4,SanLorenzo
2026-10-01,01:00:15,Puerto San Lorenzo,255915928,CAPE GULL,93.3,SanLorenzo
2026-10-01,01:00:15,Louis Dreyfus y Cia. Ltda. Muelle Aceitero,538009309,OCEAN VENUS,214.3,SanLorenzo
2026-10-01,01:00:15,Cofco Internacional Argentina S.A.,210025000,ELONA,156.8,SanLorenzo
2026-10-01,01:00:15,Asociación de Cooperativas Argentina,538009155,NAMA,204.6,SanLorenzo
2026-10-01,01:00:15,Toepfer International Argentina S.r.l.,636022773,BBG LIJIANG,153.7,SanLorenzo
2026-10-01,01:00:15,Terminal Chacabuco YPF,701001114,IGUAZU,116.5,SanLorenzo
2026-10-01,01:00:15,Profertil S.A.,563302200,IONA ISLAND,188.4,SanLorenzo
2026-10-01,01:00:15,Terminal Chacabuco YPF,701001307,MAX DREAM,99.6,SanLorenzo
2026-10-01,01:00:15,Puerto Rosario S.A. Terminal 2,720915000,IB PARAGUAY,234.2,SanLorenzo
2026-10-01,01:00:15,Puerto Diamante,701006803,ANTONIO PUGLIESE,451.8,SanLorenzo
2026-10-01,01:00:15,Zona Franca Boliviana,645181000,DN67,162.8,SanLorenzo
2026-10-01,01:00:15,Cofco S.A.,636020988,FANTASEA,141.4,SanLorenzo
2026-10-01,01:00:15,Puerto Rosario,701001404,GUAZU PUCU,207.9,SanLorenzo
2026-10-01,01:00:15,Terminal Chacabuco YPF,755079000,DR.SALGADO H,112.7,Rosario
2026-10-01,01:00:15,YPF Fluvial,701170000,MAKENITA H,116.2,Rosario
2026-10-01,01:00:15,Cargill S.A. Villa Gdor. Gálvez,257087000,DAMSGAARD,294.7,Rosario
2026-10-01,01:00:15,Terminal Chacabuco YPF,701001114,IGUAZU,117.2,Rosario
2026-10-01,01:00:15,Terminal 6 S.A. Muelle Sur,636023707,FIESTA,157.2,Rosario
2026-10-01,01:00:15,Central Termoeléctrica Timbués Renova,636022816,SDM DONGGUAN,149.7,Rosario
2026-10-01,01:00:15,Molinos Rí­o De La Plata,538009113,ALIKI PERROTIS,361.8,Rosario
2026-10-01,01:00:15,Aceitera General Deheza,538012438,WELLNESS DIVA,233.0,Rosario
2026-10-01,01:00:15,Central Termoeléctrica Timbués Renova,636026236,AURIGA STAR,262.7,Rosario
2026-10-01,01:00:15,Bunge - La Plata Cereal S.A. Muelle Dempa,636022194,PORT KYOTO,123.7,Rosario
2026-10-01,01:00:15,Louis Dreyfus y Cia. Ltda. Timbúes,636025837,PAIWAN CHAMPION,342.4,Rosario
2026-10-01,01:00:15,Puerto San Lorenzo,255915928,CAPE GULL,93.3,Rosario
2026-10-01,01:00:15,Louis Dreyfus y Cia. Ltda. Muelle Aceitero,538009309,OCEAN VENUS,214.3,Rosario
2026-10-01,01:00:15,Puerto San Nicolás,636019448,STAR WAVE,278.5,Rosario
2026-10-01,01:00:15,Cofco Internacional Argentina S.A.,210025000,ELONA,156.8,Rosario
2026-10-01,01:00:15,Toepfer International Argentina S.r.l.,636022773,BBG LIJIANG,153.7,Rosario
2026-10-01,01:00:15,Profertil S.A.,563302200,IONA ISLAND,188.4,Rosario
2026-10-01,01:00:15,Terminal Chacabuco YPF,701001307,MAX DREAM,99.6,Rosario
2026-10-01,01:00:15,Puerto Rosario S.A. Terminal 2,720915000,IB PARAGUAY,234.2,Rosario
2026-10-01,01:00:15,Puerto Villa Constitución Unidad II,701006679,COOPOR ESTIBADOR I,75.4,Rosario
2026-10-01,01:00:15,Puerto Diamante,701006803,ANTONIO PUGLIESE,451.8,Rosario
2026-10-01,01:00:15,Zona Franca Boliviana,645181000,DN67,162.8,Rosario
2026-10-01,01:00:15,Cofco S.A.,636020988,FANTASEA,141.4,Rosario
2026-10-01,01:00:15,Puerto Rosario,701001404,GUAZU PUCU,207.9,Rosario
2026-10-01,01:00:15,Euroamercia S.A.,563305600,JERICHO BEACH,120.0,DelGuazu
2026-10-01,01:00:15,Terminal Zarate S.A.,477754600,MAERSK VENEZIA,132.1,DelGuazu
2026-10-01,01:00:15,Vitco S.A.,219027923,TORM INDIA,166.3,DelGuazu
2026-10-01,01:00:15,R.h.a.s.a. - Pobater,701125000,DANIEL F,125.0,DelGuazu
2026-10-01,01:00:15,Siderca S.A.,636020873,BUILDER,409.1,DelGuazu
2026-10-01,01:00:15,R.h.a.s.a. - Pobater,755004433,SHEILA J,321.9,DelGuazu
2026-10-01,01:00:15,Euroamercia S.A.,563305600,,120.0,Braga
2026-10-01,01:00:15,R.h.a.s.a. - Pobater,701006318,MAMACOTA,158.5,Braga
2026-10-01,01:00:15,R.h.a.s.a. - Pobater,755004433,SHEILA J,320.3,Braga
2026-10-01,01:00:15,Puerto Buenos Aires,755055000,RAUL D,385.5,Braga
2026-10-01,01:10:10,Cargill S.A. Villa Gdor. Gálvez,257087000,DAMSGAARD,296.2,SanLorenzo
2026-10-01,01:10:10,Terminal Chacabuco YPF,755079000,DR.SALGADO H,114.2,SanLorenzo
2026-10-01,01:10:10,YPF Fluvial,701170000,MAKENITA H,117.9,SanLorenzo
2026-10-01,01:10:10,Central Termoeléctrica Timbués Renova,636022816,SDM DONGGUAN,148.5,SanLorenzo
2026-10-01,01:10:10,Terminal 6 S.A. Muelle Sur,636023707,FIESTA,160.3,SanLorenzo
2026-10-01,01:10:10,Terminal Chacabuco YPF,701001324,HALCON,113.8,SanLorenzo
2026-10-01,01:10:10,Aceitera General Deheza,538012438,WELLNESS DIVA,234.7,SanLorenzo
2026-10-01,01:10:10,Molinos Rí­o De La Plata,538009113,ALIKI PERROTIS,359.2,SanLorenzo
2026-10-01,01:10:10,Central Termoeléctrica Timbués Renova,636026236,AURIGA STAR,266.5,SanLorenzo
2026-10-01,01:10:10,Bunge - La Plata Cereal S.A. Muelle Dempa,636022194,PORT KYOTO,125.3,SanLorenzo
2026-10-01,01:10:10,Louis Dreyfus y Cia. Ltda. Timbúes,636025837,PAIWAN CHAMPION,335.2,SanLorenzo
2026-10-01,01:10:10,Puerto San Lorenzo,255915928,CAPE GULL,89.3,SanLorenzo
2026-10-01,01:10:10,Shell C.a.p.s.a.,701124000,JULIO A,175.4,SanLorenzo
2026-10-01,01:10:10,Louis Dreyfus y Cia. Ltda. Muelle Aceitero,538009309,OCEAN VENUS,217.0,SanLorenzo
2026-10-01,01:10:10,Cofco Internacional Argentina S.A.,210025000,ELONA,156.6,SanLorenzo
2026-10-01,01:10:10,Asociación de Cooperativas Argentina,538009155,NAMA,204.3,SanLorenzo
2026-10-01,01:10:10,Toepfer International Argentina S.r.l.,636022773,BBG LIJIANG,154.5,SanLorenzo
2026-10-01,01:10:10,Terminal Chacabuco YPF,701001114,IGUAZU,117.5,SanLorenzo
2026-10-01,01:10:10,Profertil S.A.,563302200,IONA ISLAND,187.4,SanLorenzo
2026-10-01,01:10:10,Terminal Chacabuco YPF,701001307,MAX DREAM,97.8,SanLorenzo
2026-10-01,01:10:10,Puerto Rosario S.A. Terminal 2,720915000,IB PARAGUAY,231.6,SanLorenzo
2026-10-01,01:10:10,Zona Franca Boliviana,645181000,DN67,164.3,SanLorenzo
2026-10-01,01:10:10,Cargill S.A. Villa Gdor. Gálvez,755039000,RE CAVALIER I,162.7,SanLorenzo
2026-10-01,01:10:10,Cargill S.A. Punta Alvear,538006432,FEDERAL BERING,114.1,SanLorenzo
2026-10-01,01:10:10,Puerto Diamante,701006803,ANTONIO PUGLIESE,452.4,SanLorenzo
2026-10-01,01:10:10,Cofco S.A.,636020988,FANTASEA,142.9,SanLorenzo
2026-10-01,01:10:10,Zona Franca Boliviana,701001404,GUAZU PUCU,208.8,SanLorenzo
2026-10-01,01:10:10,Cargill S.A. Villa Gdor. Gálvez,257087000,,304.0,Rosario
2026-10-01,01:10:10,Terminal Chacabuco YPF,755079000,DR.SALGADO H,114.2,Rosario
2026-10-01,01:10:10,YPF Fluvial,701170000,MAKENITA H,117.9,Rosario
2026-10-01,01:10:10,Central Termoeléctrica Timbués Renova,636022816,SDM DONGGUAN,148.5,Rosario
2026-10-01,01:10:10,Terminal 6 S.A. Muelle Sur,636023707,FIESTA,160.3,Rosario
2026-10-01,01:10:10,Aceitera General Deheza,538012438,WELLNESS DIVA,234.7,Rosario
2026-10-01,01:10:10,Molinos Rí­o De La Plata,538009113,ALIKI PERROTIS,359.2,Rosario
2026-10-01,01:10:10,Central Termoeléctrica Timbués Renova,636026236,AURIGA STAR,266.5,Rosario
2026-10-01,01:10:10,Bunge - La Plata Cereal S.A. Muelle Dempa,636022194,PORT KYOTO,125.3,Rosario
2026-10-01,01:10:10,Louis Dreyfus y Cia. Ltda. Timbúes,636025837,PAIWAN CHAMPION,335.2,Rosario
2026-10-01,01:10:10,Puerto San Lorenzo,255915928,CAPE GULL,89.3,Rosario
2026-10-01,01:10:10,Shell C.a.p.s.a.,701124000,,175.4,Rosario
2026-10-01,01:10:10,Louis Dreyfus y Cia. Ltda. Muelle Aceitero,538009309,OCEAN VENUS,217.0,Rosario
2026-10-01,01:10:10,Puerto San Nicolás,636019448,STAR WAVE,283.5,Rosario
2026-10-01,01:10:10,Cofco Internacional Argentina S.A.,210025000,ELONA,156.6,Rosario
2026-10-01,01:10:10,Asociación de Cooperativas Argentina,538009155,,204.3,Rosario
2026-10-01,01:10:10,Toepfer International Argentina S.r.l.,636022773,BBG LIJIANG,154.5,Rosario
2026-10-01,01:10:10,Profertil S.A.,563302200,IONA ISLAND,187.4,Rosario
2026-10-01,01:10:10,Terminal Chacabuco YPF,701001307,,97.8,Rosario
2026-10-01,01:10:10,Puerto Rosario S.A. Terminal 2,720915000,IB PARAGUAY,231.6,Rosario
2026-10-01,01:10:10,Puerto Villa Constitución Unidad II,701006679,COOPOR ESTIBADOR I,75.3,Rosario
2026-10-01,01:10:10,Cargill S.A. Punta Alvear,538006432,FEDERAL BERING,114.1,Rosario
2026-10-01,01:10:10,Puerto Diamante,701006803,ANTONIO PUGLIESE,452.4,Rosario
2026-10-01,01:10:10,Cargill S.A. Villa Gdor. Gálvez,755039000,RE CAVALIER I,160.7,Rosario
2026-10-01,01:10:10,Zona Franca Boliviana,645181000,DN67,164.0,Rosario
2026-10-01,01:10:10,Cofco S.A.,636020988,FANTASEA,142.9,Rosario
2026-10-01,01:10:10,Zona Franca Boliviana,701001404,GUAZU PUCU,208.8,Rosario
2026-10-01,01:10:10,R.h.a.s.a. - Pobater,701125000,DANIEL F,131.3,DelGuazu
2026-10-01,01:10:10,Euroamercia S.A.,563305600,JERICHO BEACH,114.2,DelGuazu
2026-10-01,01:10:10,Terminal Zarate S.A.,477754600,MAERSK VENEZIA,131.2,DelGuazu
2026-10-01,01:10:10,Vitco S.A.,219027923,TORM INDIA,165.7,DelGuazu
2026-10-01,01:10:10,Siderca S.A.,636020873,BUILDER,411.5,DelGuazu
2026-10-01,01:10:10,R.h.a.s.a. - Pobater,755004433,SHEILA J,322.0,DelGuazu
2026-10-01,01:10:10,Euroamercia S.A.,563305600,,119.9,Braga
2026-10-01,01:10:10,R.h.a.s.a. - Pobater,701006318,,158.6,Braga
2026-10-01,01:10:10,R.h.a.s.a. - Pobater,755004433,SHEILA J,321.2,Braga
2026-10-01,01:10:10,Puerto Buenos Aires,755055000,RAUL D,378.7,Braga
2026-10-01,01:20:10,Cargill S.A. Villa Gdor. Gálvez,257087000,,297.8,SanLorenzo
2026-10-01,01:20:10,Cofco S.A.,636020988,FANTASEA,142.8,SanLorenzo
2026-10-01,01:20:10,Terminal Chacabuco YPF,755079000,DR.SALGADO H,110.2,SanLorenzo
2026-10-01,01:20:10,Central Termoeléctrica Timbués Renova,636022816,SDM DONGGUAN,149.2,SanLorenzo
2026-10-01,01:20:10,YPF Fluvial,701170000,MAKENITA H,119.5,SanLorenzo
2026-10-01,01:20:10,Terminal 6 S.A. Muelle Sur,636023707,FIESTA,159.8,SanLorenzo
2026-10-01,01:20:10,Terminal Chacabuco YPF,701001324,HALCON,114.1,SanLorenzo
2026-10-01,01:20:10,Molinos Rí­o De La Plata,538009113,ALIKI PERROTIS,370.8,SanLorenzo
2026-10-01,01:20:10,Aceitera General Deheza,538012438,WELLNESS DIVA,233.2,SanLorenzo
2026-10-01,01:20:10,Central Termoeléctrica Timbués Renova,636026236,AURIGA STAR,267.0,SanLorenzo
2026-10-01,01:20:10,Bunge - La Plata Cereal S.A. Muelle Dempa,636022194,PORT KYOTO,125.3,SanLorenzo
2026-10-01,01:20:10,Louis Dreyfus y Cia. Ltda. Timbúes,636025837,PAIWAN CHAMPION,336.9,SanLorenzo
2026-10-01,01:20:10,Puerto San Lorenzo,255915928,CAPE GULL,99.8,SanLorenzo
2026-10-01,01:20:10,Shell C.a.p.s.a.,701124000,JULIO A,176.7,SanLorenzo
2026-10-01,01:20:10,Cofco Internacional Argentina S.A.,210025000,ELONA,159.5,SanLorenzo
2026-10-01,01:20:10,Louis Dreyfus y Cia. Ltda. Muelle Aceitero,538009309,OCEAN VENUS,212.3,SanLorenzo
2026-10-01,01:20:10,Asociación de Cooperativas Argentina,538009155,NAMA,202.1,SanLorenzo
2026-10-01,01:20:10,Toepfer International Argentina S.r.l.,636022773,BBG LIJIANG,153.6,SanLorenzo
2026-10-01,01:20:10,Profertil S.A.,563302200,IONA ISLAND,188.3,SanLorenzo
2026-10-01,01:20:10,Cargill S.A. Punta Alvear,538006432,FEDERAL BERING,112.2,SanLorenzo
2026-10-01,01:20:10,Puerto Rosario S.A. Terminal 2,720915000,IB PARAGUAY,231.7,SanLorenzo
2026-10-01,01:20:10,Zona Franca Boliviana,645181000,DN67,165.1,SanLorenzo
2026-10-01,01:20:10,Zona Franca Boliviana,701001404,GUAZU PUCU,209.0,SanLorenzo
2026-10-01,01:20:10,Puerto Diamante,701006803,ANTONIO PUGLIESE,452.4,SanLorenzo
2026-10-01,01:20:10,Cargill S.A. Villa Gdor. Gálvez,755039000,RE CAVALIER I,164.2,SanLorenzo
2026-10-01,01:20:10,Profertil S.A.,563302200,IONA ISLAND,189.7,Rosario
2026-10-01,01:20:10,Cofco S.A.,636020988,FANTASEA,142.8,Rosario
2026-10-01,01:20:10,Terminal Chacabuco YPF,755079000,DR.SALGADO H,110.2,Rosario
2026-10-01,01:20:10,Central Termoeléctrica Timbués Renova,636022816,SDM DONGGUAN,149.2,Rosario
2026-10-01,01:20:10,YPF Fluvial,701170000,MAKENITA H,119.5,Rosario
2026-10-01,01:20:10,Terminal 6 S.A. Muelle Sur,636023707,FIESTA,159.8,Rosario
2026-10-01,01:20:10,Molinos Rí­o De La Plata,538009113,ALIKI PERROTIS,370.8,Rosario
2026-10-01,01:20:10,Aceitera General Deheza,538012438,WELLNESS DIVA,233.2,Rosario
2026-10-01,01:20:10,Cargill S.A. Villa Gdor. Gálvez,257087000,,296.4,Rosario
2026-10-01,01:20:10,Central Termoeléctrica Timbués Renova,636026236,AURIGA STAR,267.0,Rosario
2026-10-01,01:20:10,Bunge - La Plata Cereal S.A. Muelle Dempa,636022194,PORT KYOTO,125.3,Rosario
2026-10-01,01:20:10,Louis Dreyfus y Cia. Ltda. Timbúes,636025837,PAIWAN CHAMPION,336.9,Rosario
2026-10-01,01:20:10,Puerto San Lorenzo,255915928,CAPE GULL,99.8,Rosario
2026-10-01,01:20:10,Puerto San Nicolás,636019448,STAR WAVE,282.7,Rosario
2026-10-01,01:20:10,Cofco Internacional Argentina S.A.,210025000,ELONA,159.5,Rosario
2026-10-01,01:20:10,Louis Dreyfus y Cia. Ltda. Muelle Aceitero,538009309,OCEAN VENUS,212.3,Rosario
2026-10-01,01:20:10,Asociación de Cooperativas Argentina,538009155,NAMA,202.1,Rosario
2026-10-01,01:20:10,Toepfer International Argentina S.r.l.,636022773,BBG LIJIANG,153.6,Rosario
2026-10-01,01:20:10,Cargill S.A. Punta Alvear,538006432,FEDERAL BERING,112.2,Rosario
2026-10-01,01:20:10,Puerto Rosario S.A. Terminal 2,720915000,IB PARAGUAY,231.7,Rosario
2026-10-01,01:20:10,Puerto Villa Constitución Unidad II,701006679,COOPOR ESTIBADOR I,76.7,Rosario
2026-10-01,01:20:10,Zona Franca Boliviana,645181000,DN67,165.1,Rosario
2026-10-01,01:20:10,Puerto Diamante,701006803,ANTONIO PUGLIESE,452.4,Rosario
2026-10-01,01:20:10,Cargill S.A. Villa Gdor. Gálvez,755039000,RE CAVALIER I,164.2,Rosario
2026-10-01,01:20:10,Zona Franca Boliviana,701001404,GUAZU PUCU,209.0,Rosario
2026-10-01,01:20:10,Euroamercia S.A.,563305600,JERICHO BEACH,114.9,DelGuazu
2026-10-01,01:20:10,Terminal Zarate S.A.,477754600,MAERSK VENEZIA,130.5,DelGuazu
2026-10-01,01:20:10,Vitco S.A.,219027923,TORM INDIA,165.7,DelGuazu
2026-10-01,01:20:10,Siderca S.A.,636020873,BUILDER,410.2,DelGuazu
2026-10-01,01:20:10,R.h.a.s.a. - Pobater,701006318,,157.1,Braga
2026-10-01,01:20:10,Euroamercia S.A.,563305600,,114.9,Braga
2026-10-01,01:20:10,R.h.a.s.a. - Pobater,755004433,SHEILA J,322.8,Braga
2026-10-01,01:20:10,Puerto Buenos Aires,755055000,RAUL D,379.3,Braga
2026-10-01,01:30:12,Shell C.a.p.s.a.,701124000,JULIO A,177.2,SanLorenzo
2026-10-01,01:30:12,Terminal Chacabuco YPF,755079000,DR.SALGADO H,110.9,SanLorenzo
2026-10-01,01:30:12,YPF Fluvial,701170000,MAKENITA H,119.4,SanLorenzo
2026-10-01,01:30:12,Central Termoeléctrica Timbués Renova,636022816,SDM DONGGUAN,150.3,SanLorenzo
2026-10-01,01:30:12,Terminal 6 S.A. Muelle Sur,636023707,FIESTA,161.0,SanLorenzo
2026-10-01,01:30:12,Terminal Chacabuco YPF,701001324,HALCON,112.1,SanLorenzo
2026-10-01,01:30:12,Aceitera General Deheza,538012438,WELLNESS DIVA,233.8,SanLorenzo
2026-10-01,01:30:12,Molinos Rí­o De La Plata,538009113,ALIKI PERROTIS,360.7,SanLorenzo
2026-10-01,01:30:12,Cargill S.A. Villa Gdor. Gálvez,257087000,DAMSGAARD,297.6,SanLorenzo
2026-10-01,01:30:12,Central Termoeléctrica Timbués Renova,636026236,AURIGA STAR,261.8,SanLorenzo
2026-10-01,01:30:12,Bunge - La Plata Cereal S.A. Muelle Dempa,636022194,PORT KYOTO,125.2,SanLorenzo
2026-10-01,01:30:12,Louis Dreyfus y Cia. Ltda. Timbúes,636025837,PAIWAN CHAMPION,340.4,SanLorenzo
2026-10-01,01:30:12,Puerto San Lorenzo,255915928,CAPE GULL,99.5,SanLorenzo
2026-10-01,01:30:12,Cofco Internacional Argentina S.A.,210025000,ELONA,150.0,SanLorenzo
2026-10-01,01:30:12,Louis Dreyfus y Cia. Ltda. Muelle Aceitero,538009309,OCEAN VENUS,212.2,SanLorenzo
2026-10-01,01:30:12,Asociación de Cooperativas Argentina,538009155,NAMA,204.0,SanLorenzo
2026-10-01,01:30:12,Toepfer International Argentina S.r.l.,636022773,BBG LIJIANG,156.2,SanLorenzo
2026-10-01,01:30:12,Terminal Chacabuco YPF,701001114,IGUAZU,119.5,SanLorenzo
2026-10-01,01:30:12,Cargill S.A. Punta Alvear,538006432,FEDERAL BERING,119.3,SanLorenzo
2026-10-01,01:30:12,Profertil S.A.,563302200,IONA ISLAND,186.4,SanLorenzo
2026-10-01,01:30:12,Terminal Chacabuco YPF,701001307,MAX DREAM,97.6,SanLorenzo
2026-10-01,01:30:12,Puerto Rosario S.A. Terminal 2,720915000,IB PARAGUAY,231.0,SanLorenzo
2026-10-01,01:30:12,Zona Franca Boliviana,645181000,DN67,162.5,SanLorenzo
2026-10-01,01:30:12,Cargill S.A. Villa Gdor. Gálvez,755039000,RE CAVALIER I,162.2,SanLorenzo
2026-10-01,01:30:12,Puerto Diamante,701006803,ANTONIO PUGLIESE,451.6,SanLorenzo
2026-10-01,01:30:12,Cofco S.A.,636020988,FANTASEA,140.9,SanLorenzo
2026-10-01,01:30:12,Puerto Rosario,701001404,GUAZU PUCU,208.4,SanLorenzo
2026-10-01,01:30:12,Cargill S.A. Villa Gdor. Gálvez,257087000,DAMSGAARD,297.7,Rosario
2026-10-01,01:30:12,Terminal Chacabuco YPF,755079000,DR.SALGADO H,110.9,Rosario
2026-10-01,01:30:12,YPF Fluvial,701170000,MAKENITA H,119.4,Rosario
2026-10-01,01:30:12,Central Termoeléctrica Timbués Renova,636022816,SDM DONGGUAN,150.3,Rosario
2026-10-01,01:30:12,Terminal 6 S.A. Muelle Sur,636023707,FIESTA,161.0,Rosario
2026-10-01,01:30:12,Aceitera General Deheza,538012438,WELLNESS DIVA,233.8,Rosario
2026-10-01,01:30:12,Molinos Rí­o De La Plata,538009113,ALIKI PERROTIS,360.7,Rosario
2026-10-01,01:30:12,Central Termoeléctrica Timbués Renova,636026236,AURIGA STAR,261.8,Rosario
2026-10-01,01:30:12,Bunge - La Plata Cereal S.A. Muelle Dempa,636022194,PORT KYOTO,125.2,Rosario
2026-10-01,01:30:12,Louis Dreyfus y Cia. Ltda. Timbúes,636025837,PAIWAN CHAMPION,340.4,Rosario
2026-10-01,01:30:12,Puerto San Lorenzo,255915928,CAPE GULL,99.5,Rosario
2026-10-01,01:30:12,Cofco Internacional Argentina S.A.,210025000,ELONA,150.0,Rosario
2026-10-01,01:30:12,Puerto San Nicolás,636019448,STAR WAVE,282.0,Rosario
2026-10-01,01:30:12,Louis Dreyfus y Cia. Ltda. Muelle Aceitero,538009309,OCEAN VENUS,212.2,Rosario
2026-10-01,01:30:12,Asociación de Cooperativas Argentina,538009155,NAMA,204.0,Rosario
2026-10-01,01:30:12,Toepfer International Argentina S.r.l.,636022773,BBG LIJIANG,156.2,Rosario
2026-10-01,01:30:12,Terminal Chacabuco YPF,701001114,,119.5,Rosario
2026-10-01,01:30:12,Cargill S.A. Punta Alvear,538006432,FEDERAL BERING,119.3,Rosario
2026-10-01,01:30:12,Profertil S.A.,563302200,IONA ISLAND,186.4,Rosario
2026-10-01,01:30:12,Puerto Rosario S.A. Terminal 2,720915000,IB PARAGUAY,231.0,Rosario
2026-10-01,01:30:12,Puerto Villa Constitución Unidad II,701006679,COOPOR ESTIBADOR I,81.6,Rosario
2026-10-01,01:30:12,Zona Franca Boliviana,645181000,DN67,162.5,Rosario
2026-10-01,01:30:12,Cargill S.A. Villa Gdor. Gálvez,755039000,RE CAVALIER I,162.2,Rosario
2026-10-01,01:30:12,Puerto Diamante,701006803,ANTONIO PUGLIESE,451.6,Rosario
2026-10-01,01:30:12,Cofco S.A.,636020988,FANTASEA,140.9,Rosario
2026-10-01,01:30:12,Puerto Rosario,701001404,GUAZU PUCU,208.4,Rosario
2026-10-01,01:30:12,Euroamercia S.A.,563305600,JERICHO BEACH,119.0,DelGuazu
2026-10-01,01:30:12,Terminal Zarate S.A.,477754600,MAERSK VENEZIA,130.5,DelGuazu
2026-10-01,01:30:12,R.h.a.s.a. - Pobater,755004433,SHEILA J,321.4,DelGuazu
2026-10-01,01:30:12,Vitco S.A.,219027923,TORM INDIA,167.0,DelGuazu
2026-10-01,01:30:12,R.h.a.s.a. - Pobater,701125000,,133.2,DelGuazu
2026-10-01,01:30:12,Siderca S.A.,636020873,BUILDER,407.6,DelGuazu
2026-10-01,01:30:12,Euroamercia S.A.,563305600,,118.4,Braga
2026-10-01,01:30:12,R.h.a.s.a. - Pobater,755004433,SHEILA J,322.4,Braga
2026-10-01,01:30:12,Puerto Buenos Aires,755055000,RAUL D,378.9,Braga
2026-10-01,01:40:10,Muelle Alumbrera,538005991,,179.9,SanLorenzo
2026-10-01,01:40:10,Terminal Chacabuco YPF,755079000,DR.SALGADO H,112.2,SanLorenzo
2026-10-01,01:40:10,YPF Fluvial,701170000,MAKENITA H,121.8,SanLorenzo
2026-10-01,01:40:10,Terminal 6 S.A. Muelle Sur,636023707,FIESTA,160.2,SanLorenzo
2026-10-01,01:40:10,Central Termoeléctrica Timbués Renova,636022816,SDM DONGGUAN,149.9,SanLorenzo
2026-10-01,01:40:10,Terminal Chacabuco YPF,701001324,HALCON,113.6,SanLorenzo
2026-10-01,01:40:10,Aceitera General Deheza,538012438,WELLNESS DIVA,233.1,SanLorenzo
2026-10-01,01:40:10,Molinos Rí­o De La Plata,538009113,ALIKI PERROTIS,367.6,SanLorenzo
2026-10-01,01:40:10,Central Termoeléctrica Timbués Renova,636026236,AURIGA STAR,264.3,SanLorenzo
2026-10-01,01:40:10,Bunge - La Plata Cereal S.A. Muelle Dempa,636022194,PORT KYOTO,122.9,SanLorenzo
2026-10-01,01:40:10,Louis Dreyfus y Cia. Ltda. Timbúes,636025837,PAIWAN CHAMPION,340.0,SanLorenzo
2026-10-01,01:40:10,Puerto San Lorenzo,255915928,CAPE GULL,99.3,SanLorenzo
2026-10-01,01:40:10,Shell C.a.p.s.a.,701124000,JULIO A,176.5,SanLorenzo
2026-10-01,01:40:10,Louis Dreyfus y Cia. Ltda. Muelle Aceitero,538009309,OCEAN VENUS,215.9,SanLorenzo
2026-10-01,01:40:10,Cofco Internacional Argentina S.A.,210025000,ELONA,156.2,SanLorenzo
2026-10-01,01:40:10,Asociación de Cooperativas Argentina,538009155,NAMA,203.8,SanLorenzo
2026-10-01,01:40:10,Terminal Chacabuco YPF,701001114,IGUAZU,117.8,SanLorenzo
2026-10-01,01:40:10,Toepfer International Argentina S.r.l.,636022773,BBG LIJIANG,154.8,SanLorenzo
2026-10-01,01:40:10,Profertil S.A.,563302200,IONA ISLAND,185.6,SanLorenzo
2026-10-01,01:40:10,Cargill S.A. Punta Alvear,538006432,FEDERAL BERING,116.6,SanLorenzo
2026-10-01,01:40:10,Terminal Chacabuco YPF,701001307,MAX DREAM,99.3,SanLorenzo
2026-10-01,01:40:10,Puerto Rosario S.A. Terminal 2,720915000,IB PARAGUAY,229.7,SanLorenzo
2026-10-01,01:40:10,Puerto Diamante,701006803,ANTONIO PUGLIESE,454.7,SanLorenzo
2026-10-01,01:40:10,Cargill S.A. Villa Gdor. Gálvez,755039000,RE CAVALIER I,166.2,SanLorenzo
2026-10-01,01:40:10,Cofco S.A.,636020988,FANTASEA,143.5,SanLorenzo
2026-10-01,01:40:10,Puerto Rosario,701001404,GUAZU PUCU,206.9,SanLorenzo
2026-10-01,01:40:10,Muelle Alumbrera,538005991,,179.9,Rosario
2026-10-01,01:40:10,Louis Dreyfus y Cia. Ltda. Timbúes,636025837,PAIWAN CHAMPION,343.1,Rosario
2026-10-01,01:40:10,Cofco Internacional Argentina S.A.,210025000,ELONA,148.6,Rosario
2026-10-01,01:40:10,Terminal Chacabuco YPF,701001307,,98.6,Rosario
2026-10-01,01:40:10,Terminal Chacabuco YPF,755079000,DR.SALGADO H,112.2,Rosario
2026-10-01,01:40:10,YPF Fluvial,701170000,MAKENITA H,121.8,Rosario
2026-10-01,01:40:10,Terminal 6 S.A. Muelle Sur,636023707,FIESTA,160.2,Rosario
2026-10-01,01:40:10,Central Termoeléctrica Timbués Renova,636022816,SDM DONGGUAN,149.9,Rosario
2026-10-01,01:40:10,Aceitera General Deheza,538012438,WELLNESS DIVA,233.1,Rosario
2026-10-01,01:40:10,Molinos Rí­o De La Plata,538009113,ALIKI PERROTIS,367.6,Rosario
2026-10-01,01:40:10,Central Termoeléctrica Timbués Renova,636026236,AURIGA STAR,264.3,Rosario
2026-10-01,01:40:10,Bunge - La Plata Cereal S.A. Muelle Dempa,636022194,PORT KYOTO,122.9,Rosario
2026-10-01,01:40:10,Puerto San Lorenzo,255915928,CAPE GULL,99.3,Rosario
2026-10-01,01:40:10,Louis Dreyfus y Cia. Ltda. Muelle Aceitero,538009309,OCEAN VENUS,215.9,Rosario
2026-10-01,01:40:10,Puerto San Nicolás,636019448,STAR WAVE,282.4,Rosario
2026-10-01,01:40:10,Asociación de Cooperativas Argentina,538009155,NAMA,203.8,Rosario
2026-10-01,01:40:10,Terminal Chacabuco YPF,701001114,,117.8,Rosario
2026-10-01,01:40:10,Toepfer International Argentina S.r.l.,636022773,BBG LIJIANG,154.8,Rosario
2026-10-01,01:40:10,Profertil S.A.,563302200,IONA ISLAND,185.6,Rosario
2026-10-01,01:40:10,Cargill S.A. Punta Alvear,538006432,FEDERAL BERING,116.6,Rosario
2026-10-01,01:40:10,Puerto Rosario S.A. Terminal 2,720915000,IB PARAGUAY,229.7,Rosario
2026-10-01,01:40:10,Puerto Diamante,701006803,ANTONIO PUGLIESE,454.4,Rosario
2026-10-01,01:40:10,Puerto Villa Constitución Unidad II,701006679,COOPOR ESTIBADOR I,78.3,Rosario
2026-10-01,01:40:10,Cargill S.A. Villa Gdor. Gálvez,755039000,RE CAVALIER I,166.2,Rosario
2026-10-01,01:40:10,Cofco S.A.,636020988,FANTASEA,143.5,Rosario
2026-10-01,01:40:10,Puerto Rosario,701001404,GUAZU PUCU,206.9,Rosario
2026-10-01,01:40:10,R.h.a.s.a. - Pobater,755004433,SHEILA J,323.9,DelGuazu
2026-10-01,01:40:10,Euroamercia S.A.,563305600,JERICHO BEACH,120.2,DelGuazu
2026-10-01,01:40:10,Terminal Zarate S.A.,477754600,MAERSK VENEZIA,131.4,DelGuazu
2026-10-01,01:40:10,Puerto Ibicuy,355357000,,73.7,DelGuazu
2026-10-01,01:40:10,Vitco S.A.,219027923,TORM INDIA,164.5,DelGuazu
2026-10-01,01:40:10,R.h.a.s.a. - Pobater,701125000,,132.4,DelGuazu
2026-10-01,01:40:10,Siderca S.A.,636020873,BUILDER,412.2,DelGuazu
2026-10-01,01:40:10,Siderca S.A.,636020873,BUILDER,413.0,Braga
2026-10-01,01:40:10,R.h.a.s.a. - Pobater,755004433,SHEILA J,323.2,Braga
2026-10-01,01:40:10,Puerto Buenos Aires,755055000,RAUL D,381.0,Braga
2026-10-01,01:50:11,Cofco S.A.,636020988,FANTASEA,142.6,SanLorenzo
2026-10-01,01:50:11,Terminal Chacabuco YPF,755079000,DR.SALGADO H,107.3,SanLorenzo
2026-10-01,01:50:11,Central Termoeléctrica Timbués Renova,636022816,SDM DONGGUAN,148.0,SanLorenzo
2026-10-01,01:50:11,YPF Fluvial,701170000,MAKENITA H,121.9,SanLorenzo
2026-10-01,01:50:11,Terminal 6 S.A. Muelle Sur,636023707,FIESTA,153.3,SanLorenzo
2026-10-01,01:50:11,Terminal Chacabuco YPF,701001324,HALCON,113.9,SanLorenzo
2026-10-01,01:50:11,Aceitera General Deheza,538012438,WELLNESS DIVA,234.6,SanLorenzo
2026-10-01,01:50:11,Molinos Rí­o De La Plata,538009113,ALIKI PERROTIS,363.8,SanLorenzo
2026-10-01,01:50:11,Central Termoeléctrica Timbués Renova,636026236,AURIGA STAR,271.2,SanLorenzo
2026-10-01,01:50:11,Bunge - La Plata Cereal S.A. Muelle Dempa,636022194,PORT KYOTO,124.7,SanLorenzo
2026-10-01,01:50:11,Louis Dreyfus y Cia. Ltda. Timbúes,636025837,PAIWAN CHAMPION,340.4,SanLorenzo
2026-10-01,01:50:11,Puerto San Lorenzo,255915928,CAPE GULL,99.1,SanLorenzo
2026-10-01,01:50:11,Shell C.a.p.s.a.,701124000,JULIO A,179.9,SanLorenzo
2026-10-01,01:50:11,Louis Dreyfus y Cia. Ltda. Muelle Aceitero,538009309,OCEAN VENUS,216.5,SanLorenzo
2026-10-01,01:50:11,Cofco Internacional Argentina S.A.,210025000,ELONA,158.8,SanLorenzo
2026-10-01,01:50:11,Asociación de Cooperativas Argentina,538009155,NAMA,201.9,SanLorenzo
2026-10-01,01:50:11,Toepfer International Argentina S.r.l.,636022773,BBG LIJIANG,155.3,SanLorenzo
2026-10-01,01:50:11,Cargill S.A. Punta Alvear,538006432,FEDERAL BERING,114.6,SanLorenzo
2026-10-01,01:50:11,Profertil S.A.,563302200,IONA ISLAND,185.2,SanLorenzo
2026-10-01,01:50:11,Terminal Chacabuco YPF,701001307,MAX DREAM,99.3,SanLorenzo
2026-10-01,01:50:11,Puerto Rosario S.A. Terminal 2,720915000,IB PARAGUAY,230.9,SanLorenzo
2026-10-01,01:50:11,Cofco S.A.,477142400,BOCHEM BUCEPHALAS,444.3,SanLorenzo
2026-10-01,01:50:11,Puerto Diamante,701006803,ANTONIO PUGLIESE,454.1,SanLorenzo
2026-10-01,01:50:11,Cargill S.A. Villa Gdor. Gálvez,257087000,,297.4,Rosario
2026-10-01,01:50:11,Louis Dreyfus y Cia. Ltda. Timbúes,636025837,PAIWAN CHAMPION,340.8,Rosario
2026-10-01,01:50:11,Cofco S.A.,636020988,FANTASEA,142.6,Rosario
2026-10-01,01:50:11,Terminal Chacabuco YPF,755079000,DR.SALGADO H,107.3,Rosario
2026-10-01,01:50:11,Central Termoeléctrica Timbués Renova,636022816,SDM DONGGUAN,148.0,Rosario
2026-10-01,01:50:11,YPF Fluvial,701170000,MAKENITA H,121.9,Rosario
2026-10-01,01:50:11,Terminal 6 S.A. Muelle Sur,636023707,FIESTA,153.3,Rosario
2026-10-01,01:50:11,Aceitera General Deheza,538012438,WELLNESS DIVA,234.6,Rosario
2026-10-01,01:50:11,Molinos Rí­o De La Plata,538009113,ALIKI PERROTIS,363.8,Rosario
2026-10-01,01:50:11,Central Termoeléctrica Timbués Renova,636026236,AURIGA STAR,271.2,Rosario
2026-10-01,01:50:11,Bunge - La Plata Cereal S.A. Muelle Dempa,636022194,PORT KYOTO,124.7,Rosario
2026-10-01,01:50:11,Puerto San Lorenzo,255915928,CAPE GULL,99.1,Rosario
2026-10-01,01:50:11,Puerto San Nicolás,636019448,STAR WAVE,271.6,Rosario
2026-10-01,01:50:11,Louis Dreyfus y Cia. Ltda. Muelle Aceitero,538009309,OCEAN VENUS,216.5,Rosario
2026-10-01,01:50:11,Cofco Internacional Argentina S.A.,210025000,ELONA,158.8,Rosario
2026-10-01,01:50:11,Asociación de Cooperativas Argentina,538009155,,201.9,Rosario
2026-10-01,01:50:11,Toepfer International Argentina S.r.l.,636022773,BBG LIJIANG,155.3,Rosario
2026-10-01,01:50:11,Cargill S.A. Punta Alvear,538006432,FEDERAL BERING,114.6,Rosario
2026-10-01,01:50:11,Profertil S.A.,563302200,IONA ISLAND,185.2,Rosario
2026-10-01,01:50:11,Puerto Rosario S.A. Terminal 2,720915000,IB PARAGUAY,230.9,Rosario
2026-10-01,01:50:11,Cofco S.A.,477142400,BOCHEM BUCEPHALAS,444.3,Rosario
2026-10-01,01:50:11,Puerto Villa Constitución Unidad II,701006679,COOPOR ESTIBADOR I,82.0,Rosario
2026-10-01,01:50:11,Puerto Diamante,701006803,ANTONIO PUGLIESE,454.1,Rosario
2026-10-01,01:50:11,R.h.a.s.a. - Pobater,755004433,,321.4,DelGuazu
2026-10-01,01:50:11,Euroamercia S.A.,563305600,JERICHO BEACH,123.2,DelGuazu
2026-10-01,01:50:11,Terminal Zarate S.A.,477754600,MAERSK VENEZIA,130.9,DelGuazu
2026-10-01,01:50:11,Vitco S.A.,219027923,TORM INDIA,164.7,DelGuazu
2026-10-01,01:50:11,R.h.a.s.a. - Pobater,701125000,DANIEL F,132.7,DelGuazu
2026-10-01,01:50:11,Siderca S.A.,636020873,BUILDER,411.3,DelGuazu
2026-10-01,01:50:11,Euroamercia S.A.,563305600,,119.3,Braga
2026-10-01,01:50:11,Siderca S.A.,636020873,BUILDER,411.3,Braga
2026-10-01,01:50:11,Puerto Buenos Aires,755055000,RAUL D,380.8,Braga
2026-10-01,01:50:11,R.h.a.s.a. - Pobater,755004433,SHEILA J,319.0,Braga
2026-10-01,02:00:15,Terminal Chacabuco YPF,755079000,DR.SALGADO H,107.5,SanLorenzo
2026-10-01,02:00:15,YPF Fluvial,701170000,MAKENITA H,121.8,SanLorenzo
2026-10-01,02:00:15,Central Termoeléctrica Timbués Renova,636022816,SDM DONGGUAN,149.0,SanLorenzo
2026-10-01,02:00:15,Terminal 6 S.A. Muelle Sur,636023707,FIESTA,158.6,SanLorenzo
2026-10-01,02:00:15,Terminal Chacabuco YPF,701001324,HALCON,113.3,SanLorenzo
2026-10-01,02:00:15,Molinos Rí­o De La Plata,538009113,ALIKI PERROTIS,366.0,SanLorenzo
2026-10-01,02:00:15,Aceitera General Deheza,538012438,WELLNESS DIVA,231.3,SanLorenzo
2026-10-01,02:00:15,Central Termoeléctrica Timbués Renova,636026236,AURIGA STAR,264.4,SanLorenzo
2026-10-01,02:00:15,Bunge - La Plata Cereal S.A. Muelle Dempa,636022194,PORT KYOTO,122.2,SanLorenzo
2026-10-01,02:00:15,Louis Dreyfus y Cia. Ltda. Timbúes,636025837,PAIWAN CHAMPION,340.3,SanLorenzo
2026-10-01,02:00:15,Puerto San Lorenzo,255915928,CAPE GULL,100.2,SanLorenzo
2026-10-01,02:00:15,Shell C.a.p.s.a.,701124000,JULIO A,177.8,SanLorenzo
2026-10-01,02:00:15,Louis Dreyfus y Cia. Ltda. Muelle Aceitero,538009309,OCEAN VENUS,214.7,SanLorenzo
2026-10-01,02:00:15,Cofco Internacional Argentina S.A.,210025000,ELONA,153.9,SanLorenzo
2026-10-01,02:00:15,Asociación de Cooperativas Argentina,538009155,NAMA,203.5,SanLorenzo
2026-10-01,02:00:15,Cofco S.A.,477142400,BOCHEM BUCEPHALAS,442.9,SanLorenzo
2026-10-01,02:00:15,Toepfer International Argentina S.r.l.,636022773,BBG LIJIANG,155.9,SanLorenzo
2026-10-01,02:00:15,Profertil S.A.,563302200,IONA ISLAND,177.7,SanLorenzo
2026-10-01,02:00:15,Cargill S.A. Punta Alvear,538006432,FEDERAL BERING,114.4,SanLorenzo
2026-10-01,02:00:15,Cofco S.A.,636020988,FANTASEA,141.4,SanLorenzo
2026-10-01,02:00:15,ADM Agro Terminal El Tránsito,701006740,GUILLERMO C,262.8,SanLorenzo
2026-10-01,02:00:15,Puerto Diamante,701006803,ANTONIO PUGLIESE,452.0,SanLorenzo
2026-10-01,02:00:15,Profertil S.A.,563302200,IONA ISLAND,185.6,Rosario
2026-10-01,02:00:15,Central Termoeléctrica Timbués Renova,636022816,SDM DONGGUAN,148.9,Rosario
2026-10-01,02:00:15,Cargill S.A. Villa Gdor. Gálvez,257087000,,296.3,Rosario
2026-10-01,02:00:15,Central Termoeléctrica Timbués Renova,636026236,AURIGA STAR,270.9,Rosario
2026-10-01,02:00:15,Puerto Diamante,701006803,ANTONIO PUGLIESE,453.6,Rosario
2026-10-01,02:00:15,Cofco S.A.,477142400,BOCHEM BUCEPHALAS,439.0,Rosario
2026-10-01,02:00:15,Terminal Chacabuco YPF,755079000,DR.SALGADO H,107.5,Rosario
2026-10-01,02:00:15,YPF Fluvial,701170000,MAKENITA H,121.8,Rosario
2026-10-01,02:00:15,Terminal 6 S.A. Muelle Sur,636023707,FIESTA,158.6,Rosario
2026-10-01,02:00:15,Molinos Rí­o De La Plata,538009113,ALIKI PERROTIS,366.0,Rosario
2026-10-01,02:00:15,Aceitera General Deheza,538012438,WELLNESS DIVA,231.3,Rosario
2026-10-01,02:00:15,Bunge - La Plata Cereal S.A. Muelle Dempa,636022194,PORT KYOTO,122.2,Rosario
2026-10-01,02:00:15,Louis Dreyfus y Cia. Ltda. Timbúes,636025837,,340.3,Rosario
2026-10-01,02:00:15,Puerto San Lorenzo,255915928,CAPE GULL,100.2,Rosario
2026-10-01,02:00:15,Shell C.a.p.s.a.,701124000,,177.8,Rosario
2026-10-01,02:00:15,Louis Dreyfus y Cia. Ltda. Muelle Aceitero,538009309,OCEAN VENUS,214.7,Rosario
2026-10-01,02:00:15,Cofco Internacional Argentina S.A.,210025000,ELONA,153.9,Rosario
2026-10-01,02:00:15,Toepfer International Argentina S.r.l.,636022773,BBG LIJIANG,155.9,Rosario
2026-10-01,02:00:15,Cargill S.A. Punta Alvear,538006432,FEDERAL BERING,114.4,Rosario
2026-10-01,02:00:15,Puerto Villa Constitución Unidad II,701006679,COOPOR ESTIBADOR I,74.2,Rosario
2026-10-01,02:00:15,Cofco S.A.,636020988,FANTASEA,141.4,Rosario
2026-10-01,02:00:15,ADM Agro Terminal El Tránsito,701006740,GUILLERMO C,262.8,Rosario
2026-10-01,02:00:15,Puerto Rosario,701001404,GUAZU PUCU,207.2,Rosario
2026-10-01,02:00:15,Euroamercia S.A.,563305600,JERICHO BEACH,120.2,DelGuazu
2026-10-01,02:00:15,Terminal Zarate S.A.,477754600,MAERSK VENEZIA,131.7,DelGuazu
2026-10-01,02:00:15,Vitco S.A.,219027923,TORM INDIA,160.3,DelGuazu
2026-10-01,02:00:15,R.h.a.s.a. - Pobater,701125000,DANIEL F,126.3,DelGuazu
2026-10-01,02:00:15,Siderca S.A.,636020873,BUILDER,412.4,DelGuazu
2026-10-01,02:00:15,R.h.a.s.a. - Pobater,755004433,,320.9,DelGuazu
2026-10-01,02:00:15,Siderca S.A.,636020873,BUILDER,412.4,Braga
2026-10-01,02:00:15,R.h.a.s.a. - Pobater,755004433,SHEILA J,320.9,Braga
2026-10-01,02:00:15,Puerto Buenos Aires,755055000,RAUL D,376.6,Braga
2026-10-01,02:10:14,Cargill S.A. Punta Alvear,538006432,FEDERAL BERING,113.9,SanLorenzo
2026-10-01,02:10:14,Terminal Chacabuco YPF,755079000,DR.SALGADO H,114.3,SanLorenzo
2026-10-01,02:10:14,YPF Fluvial,701170000,MAKENITA H,116.8,SanLorenzo
2026-10-01,02:10:14,Central Termoeléctrica Timbués Renova,636022816,SDM DONGGUAN,150.3,SanLorenzo
2026-10-01,02:10:14,Terminal 6 S.A. Muelle Sur,636023707,FIESTA,160.7,SanLorenzo
2026-10-01,02:10:14,Terminal Chacabuco YPF,701001324,HALCON,113.6,SanLorenzo
2026-10-01,02:10:14,Aceitera General Deheza,538012438,WELLNESS DIVA,231.6,SanLorenzo
2026-10-01,02:10:14,Molinos Rí­o De La Plata,538009113,ALIKI PERROTIS,368.4,SanLorenzo
2026-10-01,02:10:14,Central Termoeléctrica Timbués Renova,636026236,AURIGA STAR,264.6,SanLorenzo
2026-10-01,02:10:14,Bunge - La Plata Cereal S.A. Muelle Dempa,636022194,PORT KYOTO,120.1,SanLorenzo
2026-10-01,02:10:14,Louis Dreyfus y Cia. Ltda. Timbúes,636025837,PAIWAN CHAMPION,341.7,SanLorenzo
2026-10-01,02:10:14,Puerto San Lorenzo,255915928,CAPE GULL,98.9,SanLorenzo
2026-10-01,02:10:14,Shell C.a.p.s.a.,701124000,JULIO A,178.6,SanLorenzo
2026-10-01,02:10:14,Louis Dreyfus y Cia. Ltda. Muelle Aceitero,538009309,OCEAN VENUS,214.2,SanLorenzo
2026-10-01,02:10:14,Cofco Internacional Argentina S.A.,210025000,ELONA,159.7,SanLorenzo
2026-10-01,02:10:14,Asociación de Cooperativas Argentina,538009155,NAMA,202.3,SanLorenzo
2026-10-01,02:10:14,Cofco S.A.,477142400,BOCHEM BUCEPHALAS,439.9,SanLorenzo
2026-10-01,02:10:14,Toepfer International Argentina S.r.l.,636022773,BBG LIJIANG,154.2,SanLorenzo
2026-10-01,02:10:14,Profertil S.A.,563302200,IONA ISLAND,187.4,SanLorenzo
2026-10-01,02:10:14,Puerto Rosario S.A. Terminal 2,720915000,IB PARAGUAY,229.8,SanLorenzo
2026-10-01,02:10:14,Zona Franca Boliviana,645181000,DN67,164.7,SanLorenzo
2026-10-01,02:10:14,Puerto Diamante,701006803,ANTONIO PUGLIESE,453.8,SanLorenzo
2026-10-01,02:10:14,Puerto Rosario,701001404,GUAZU PUCU,207.5,SanLorenzo
2026-10-01,02:10:14,Cofco S.A.,636020988,FANTASEA,141.2,SanLorenzo
2026-10-01,02:10:14,Terminal Chacabuco YPF,755079000,DR.SALGADO H,110.8,Rosario
2026-10-01,02:10:14,Cargill S.A. Villa Gdor. Gálvez,257087000,DAMSGAARD,297.4,Rosario
2026-10-01,02:10:14,Asociación de Cooperativas Argentina,538009155,,202.8,Rosario
2026-10-01,02:10:14,Profertil S.A.,563302200,,183.7,Rosario
2026-10-01,02:10:14,YPF Fluvial,701170000,MAKENITA H,116.8,Rosario
2026-10-01,02:10:14,Central Termoeléctrica Timbués Renova,636022816,,150.3,Rosario
2026-10-01,02:10:14,Terminal 6 S.A. Muelle Sur,636023707,FIESTA,160.7,Rosario
2026-10-01,02:10:14,Aceitera General Deheza,538012438,WELLNESS DIVA,231.6,Rosario
2026-10-01,02:10:14,Molinos Rí­o De La Plata,538009113,ALIKI PERROTIS,368.4,Rosario
2026-10-01,02:10:14,Central Termoeléctrica Timbués Renova,636026236,AURIGA STAR,264.6,Rosario
2026-10-01,02:10:14,Bunge - La Plata Cereal S.A. Muelle Dempa,636022194,PORT KYOTO,120.1,Rosario
2026-10-01,02:10:14,Puerto San Lorenzo,255915928,CAPE GULL,98.9,Rosario
2026-10-01,02:10:14,Louis Dreyfus y Cia. Ltda. Muelle Aceitero,538009309,OCEAN VENUS,214.2,Rosario
2026-10-01,02:10:14,Cofco Internacional Argentina S.A.,210025000,ELONA,159.7,Rosario
2026-10-01,02:10:14,Cofco S.A.,477142400,BOCHEM BUCEPHALAS,439.9,Rosario
2026-10-01,02:10:14,Toepfer International Argentina S.r.l.,636022773,BBG LIJIANG,154.2,Rosario
2026-10-01,02:10:14,Cargill S.A. Punta Alvear,538006432,FEDERAL BERING,113.5,Rosario
2026-10-01,02:10:14,Puerto Rosario S.A. Terminal 2,720915000,IB PARAGUAY,229.8,Rosario
2026-10-01,02:10:14,Puerto Diamante,701006803,ANTONIO PUGLIESE,453.7,Rosario
2026-10-01,02:10:14,Puerto Villa Constitución Unidad II,701006679,COOPOR ESTIBADOR I,78.6,Rosario
2026-10-01,02:10:14,Zona Franca Boliviana,645181000,DN67,164.7,Rosario
2026-10-01,02:10:14,Puerto Rosario,701001404,GUAZU PUCU,207.5,Rosario
2026-10-01,02:10:14,Cofco S.A.,636020988,FANTASEA,141.2,Rosario
2026-10-01,02:10:14,R.h.a.s.a. - Pobater,701125000,DANIEL F,122.3,DelGuazu
2026-10-01,02:10:14,Euroamercia S.A.,563305600,JERICHO BEACH,120.1,DelGuazu
2026-10-01,02:10:14,R.h.a.s.a. - Pobater,755004433,SHEILA J,322.2,DelGuazu
2026-10-01,02:10:14,Terminal Zarate S.A.,477754600,MAERSK VENEZIA,131.6,DelGuazu
2026-10-01,02:10:14,Vitco S.A.,219027923,TORM INDIA,164.7,DelGuazu
2026-10-01,02:10:14,Siderca S.A.,636020873,BUILDER,412.7,DelGuazu
2026-10-01,02:10:14,Euroamercia S.A.,563305600,,118.0,Braga
2026-10-01,02:10:14,Terminal Zarate S.A.,477754600,,131.6,Braga
2026-10-01,02:10:14,R.h.a.s.a. - Pobater,701006318,,158.0,Braga
2026-10-01,02:10:14,Siderca S.A.,636020873,BUILDER,412.7,Braga
2026-10-01,02:10:14,R.h.a.s.a. - Pobater,755004433,SHEILA J,320.7,Braga
2026-10-01,02:10:14,Puerto Buenos Aires,755055000,RAUL D,397.9,Braga
2026-10-01,02:20:13,Muelle Alumbrera,538005991,,180.5,SanLorenzo
2026-10-01,02:20:13,Toepfer International Argentina S.r.l.,636022773,BBG LIJIANG,156.0,SanLorenzo
2026-10-01,02:20:13,Cofco S.A.,636020988,FANTASEA,142.5,SanLorenzo
2026-10-01,02:20:13,Terminal Chacabuco YPF,755079000,DR.SALGADO H,110.1,SanLorenzo
2026-10-01,02:20:13,Central Termoeléctrica Timbués Renova,636022816,SDM DONGGUAN,149.7,SanLorenzo
2026-10-01,02:20:13,YPF Fluvial,701170000,MAKENITA H,115.9,SanLorenzo
2026-10-01,02:20:13,Terminal 6 S.A. Muelle Sur,636023707,FIESTA,159.2,SanLorenzo
2026-10-01,02:20:13,Molinos Rí­o De La Plata,538009113,ALIKI PERROTIS,369.1,SanLorenzo
2026-10-01,02:20:13,Aceitera General Deheza,538012438,WELLNESS DIVA,231.1,SanLorenzo
2026-10-01,02:20:13,Central Termoeléctrica Timbués Renova,636026236,AURIGA STAR,267.4,SanLorenzo
2026-10-01,02:20:13,Bunge - La Plata Cereal S.A. Muelle Dempa,636022194,PORT KYOTO,121.2,SanLorenzo
2026-10-01,02:20:13,Louis Dreyfus y Cia. Ltda. Timbúes,636025837,PAIWAN CHAMPION,342.1,SanLorenzo
2026-10-01,02:20:13,Puerto San Lorenzo,255915928,CAPE GULL,97.1,SanLorenzo
2026-10-01,02:20:13,Shell C.a.p.s.a.,701124000,JULIO A,177.2,SanLorenzo
2026-10-01,02:20:13,Louis Dreyfus y Cia. Ltda. Muelle Aceitero,538009309,OCEAN VENUS,210.3,SanLorenzo
2026-10-01,02:20:13,Cofco Internacional Argentina S.A.,210025000,ELONA,159.1,SanLorenzo
2026-10-01,02:20:13,Asociación de Cooperativas Argentina,538009155,NAMA,202.4,SanLorenzo
2026-10-01,02:20:13,Cofco S.A.,477142400,BOCHEM BUCEPHALAS,438.4,SanLorenzo
2026-10-01,02:20:13,Profertil S.A.,563302200,IONA ISLAND,185.1,SanLorenzo
2026-10-01,02:20:13,Cargill S.A. Punta Alvear,538006432,FEDERAL BERING,118.6,SanLorenzo
2026-10-01,02:20:13,Puerto Diamante,701006803,ANTONIO PUGLIESE,451.7,SanLorenzo
2026-10-01,02:20:13,Profertil S.A.,563302200,IONA ISLAND,185.4,Rosario
2026-10-01,02:20:13,Central Termoeléctrica Timbués Renova,636022816,SDM DONGGUAN,150.1,Rosario
2026-10-01,02:20:13,Muelle Alumbrera,538005991,,180.5,Rosario
2026-10-01,02:20:13,Asociación de Cooperativas Argentina,538009155,,202.3,Rosario
2026-10-01,02:20:13,Cofco S.A.,636020988,FANTASEA,142.5,Rosario
2026-10-01,02:20:13,Terminal Chacabuco YPF,755079000,DR.SALGADO H,110.1,Rosario
2026-10-01,02:20:13,YPF Fluvial,701170000,MAKENITA H,115.9,Rosario
2026-10-01,02:20:13,Terminal 6 S.A. Muelle Sur,636023707,FIESTA,159.2,Rosario
2026-10-01,02:20:13,Aceitera General Deheza,538012438,WELLNESS DIVA,231.1,Rosario
2026-10-01,02:20:13,Molinos Rí­o De La Plata,538009113,ALIKI PERROTIS,369.1,Rosario
2026-10-01,02:20:13,Cargill S.A. Villa Gdor. Gálvez,257087000,DAMSGAARD,299.6,Rosario
2026-10-01,02:20:13,Central Termoeléctrica Timbués Renova,636026236,AURIGA STAR,267.4,Rosario
2026-10-01,02:20:13,Bunge - La Plata Cereal S.A. Muelle Dempa,636022194,PORT KYOTO,121.2,Rosario
2026-10-01,02:20:13,Louis Dreyfus y Cia. Ltda. Timbúes,636025837,,342.1,Rosario
2026-10-01,02:20:13,Puerto San Lorenzo,255915928,CAPE GULL,97.1,Rosario
2026-10-01,02:20:13,Louis Dreyfus y Cia. Ltda. Muelle Aceitero,538009309,OCEAN VENUS,210.3,Rosario
2026-10-01,02:20:13,Cofco Internacional Argentina S.A.,210025000,ELONA,159.1,Rosario
2026-10-01,02:20:13,Cofco S.A.,477142400,BOCHEM BUCEPHALAS,438.4,Rosario
2026-10-01,02:20:13,Toepfer International Argentina S.r.l.,636022773,BBG LIJIANG,156.0,Rosario
2026-10-01,02:20:13,Cargill S.A. Punta Alvear,538006432,FEDERAL BERING,118.6,Rosario
2026-10-01,02:20:13,Puerto Villa Constitución Unidad II,701006679,COOPOR ESTIBADOR I,81.1,Rosario
2026-10-01,02:20:13,Puerto Diamante,701006803,ANTONIO PUGLIESE,452.7,Rosario
2026-10-01,02:20:13,Euroamercia S.A.,563305600,JERICHO BEACH,112.0,DelGuazu
2026-10-01,02:20:13,Terminal Zarate S.A.,477754600,MAERSK VENEZIA,131.6,DelGuazu
2026-10-01,02:20:13,Puerto Ibicuy,355357000,,78.9,DelGuazu
2026-10-01,02:20:13,Vitco S.A.,219027923,TORM INDIA,166.3,DelGuazu
2026-10-01,02:20:13,R.h.a.s.a. - Pobater,701006318,,158.3,DelGuazu
2026-10-01,02:20:13,R.h.a.s.a. - Pobater,701125000,,135.2,DelGuazu
2026-10-01,02:20:13,Siderca S.A.,636020873,BUILDER,410.3,DelGuazu
2026-10-01,02:20:13,R.h.a.s.a. - Pobater,755004433,SHEILA J,321.0,DelGuazu
2026-10-01,02:20:13,Euroamercia S.A.,563305600,,117.5,Braga
2026-10-01,02:20:13,Siderca S.A.,636020873,,410.3,Braga
2026-10-01,02:20:13,R.h.a.s.a. - Pobater,755004433,SHEILA J,321.0,Braga
2026-10-01,02:20:13,Puerto Buenos Aires,755055000,RAUL D,366.2,Braga
2026-10-01,02:30:14,Toepfer International Argentina S.r.l.,636022773,BBG LIJIANG,154.9,SanLorenzo
2026-10-01,02:30:14,Cofco S.A.,636020988,FANTASEA,143.4,SanLorenzo
2026-10-01,02:30:14,Terminal Chacabuco YPF,755079000,DR.SALGADO H,110.2,SanLorenzo
2026-10-01,02:30:14,YPF Fluvial,701170000,MAKENITA H,118.4,SanLorenzo
2026-10-01,02:30:14,Central Termoeléctrica Timbués Renova,636022816,SDM DONGGUAN,150.8,SanLorenzo
2026-10-01,02:30:14,Terminal 6 S.A. Muelle Sur,636023707,FIESTA,158.0,SanLorenzo
2026-10-01,02:30:14,Aceitera General Deheza,538012438,WELLNESS DIVA,233.2,SanLorenzo
2026-10-01,02:30:14,Central Termoeléctrica Timbués Renova,636026236,AURIGA STAR,264.4,SanLorenzo
2026-10-01,02:30:14,Bunge - La Plata Cereal S.A. Muelle Dempa,636022194,PORT KYOTO,119.8,SanLorenzo
2026-10-01,02:30:14,Louis Dreyfus y Cia. Ltda. Timbúes,636025837,PAIWAN CHAMPION,341.9,SanLorenzo
2026-10-01,02:30:14,Puerto San Lorenzo,255915928,CAPE GULL,98.1,SanLorenzo
2026-10-01,02:30:14,Shell C.a.p.s.a.,701124000,JULIO A,179.7,SanLorenzo
2026-10-01,02:30:14,Louis Dreyfus y Cia. Ltda. Muelle Aceitero,538009309,OCEAN VENUS,213.7,SanLorenzo
2026-10-01,02:30:14,Cofco Internacional Argentina S.A.,210025000,ELONA,163.0,SanLorenzo
2026-10-01,02:30:14,Asociación de Cooperativas Argentina,538009155,NAMA,201.5,SanLorenzo
2026-10-01,02:30:14,Cofco S.A.,477142400,BOCHEM BUCEPHALAS,438.6,SanLorenzo
2026-10-01,02:30:14,Profertil S.A.,563302200,IONA ISLAND,188.0,SanLorenzo
2026-10-01,02:30:14,Puerto Rosario S.A. Terminal 2,720915000,IB PARAGUAY,229.9,SanLorenzo
2026-10-01,02:30:14,Puerto Diamante,701006803,ANTONIO PUGLIESE,453.0,SanLorenzo
2026-10-01,02:30:14,Shell C.a.p.s.a.,701124000,,174.5,Rosario
2026-10-01,02:30:14,Central Termoeléctrica Timbués Renova,636022816,SDM DONGGUAN,150.7,Rosario
2026-10-01,02:30:14,Cargill S.A. Villa Gdor. Gálvez,257087000,DAMSGAARD,299.3,Rosario
2026-10-01,02:30:14,Cofco Internacional Argentina S.A.,210025000,ELONA,156.6,Rosario
2026-10-01,02:30:14,Cofco S.A.,636020988,FANTASEA,143.4,Rosario
2026-10-01,02:30:14,Terminal Chacabuco YPF,755079000,DR.SALGADO H,110.2,Rosario
2026-10-01,02:30:14,YPF Fluvial,701170000,MAKENITA H,118.4,Rosario
2026-10-01,02:30:14,Terminal 6 S.A. Muelle Sur,636023707,FIESTA,158.0,Rosario
2026-10-01,02:30:14,Aceitera General Deheza,538012438,WELLNESS DIVA,233.2,Rosario
2026-10-01,02:30:14,Puerto Diamante,701006803,ANTONIO PUGLIESE,452.5,Rosario
2026-10-01,02:30:14,Central Termoeléctrica Timbués Renova,636026236,AURIGA STAR,264.4,Rosario
2026-10-01,02:30:14,Bunge - La Plata Cereal S.A. Muelle Dempa,636022194,PORT KYOTO,119.8,Rosario
2026-10-01,02:30:14,Puerto San Lorenzo,255915928,CAPE GULL,98.1,Rosario
2026-10-01,02:30:14,Louis Dreyfus y Cia. Ltda. Muelle Aceitero,538009309,OCEAN VENUS,213.7,Rosario
2026-10-01,02:30:14,Cofco S.A.,477142400,BOCHEM BUCEPHALAS,438.6,Rosario
2026-10-01,02:30:14,Toepfer International Argentina S.r.l.,636022773,BBG LIJIANG,153.3,Rosario
2026-10-01,02:30:14,Puerto Rosario S.A. Terminal 2,720915000,IB PARAGUAY,229.9,Rosario
2026-10-01,02:30:14,Puerto Villa Constitución Unidad II,701006679,COOPOR ESTIBADOR I,76.6,Rosario
2026-10-01,02:30:14,R.h.a.s.a. - Pobater,701125000,DANIEL F,133.8,DelGuazu
2026-10-01,02:30:14,Euroamercia S.A.,563305600,JERICHO BEACH,117.5,DelGuazu
2026-10-01,02:30:14,Terminal Zarate S.A.,477754600,MAERSK VENEZIA,131.0,DelGuazu
2026-10-01,02:30:14,Puerto Ibicuy,355357000,,79.4,DelGuazu
2026-10-01,02:30:14,R.h.a.s.a. - Pobater,755004433,SHEILA J,321.9,DelGuazu
2026-10-01,02:30:14,Vitco S.A.,219027923,TORM INDIA,165.2,DelGuazu
2026-10-01,02:30:14,Siderca S.A.,636020873,BUILDER,410.5,DelGuazu
2026-10-01,02:30:14,Siderca S.A.,636020873,BUILDER,413.9,Braga
2026-10-01,02:30:14,Euroamercia S.A.,563305600,,117.5,Braga
2026-10-01,02:30:14,Terminal Zarate S.A.,477754600,,131.0,Braga
2026-10-01,02:30:14,R.h.a.s.a. - Pobater,755004433,SHEILA J,321.8,Braga
2026-10-01,02:30:14,Puerto Buenos Aires,755055000,RAUL D,370.8,Braga
2026-10-01,02:40:12,Muelle Alumbrera,538005991,,182.5,SanLorenzo
2026-10-01,02:40:12,Cofco S.A.,636020988,FANTASEA,142.2,SanLorenzo
2026-10-01,02:40:12,Terminal Chacabuco YPF,755079000,DR.SALGADO H,105.5,SanLorenzo
2026-10-01,02:40:12,YPF Fluvial,701170000,MAKENITA H,122.5,SanLorenzo
2026-10-01,02:40:12,Central Termoeléctrica Timbués Renova,636022816,SDM DONGGUAN,151.0,SanLorenzo
2026-10-01,02:40:12,Terminal 6 S.A. Muelle Sur,636023707,FIESTA,154.8,SanLorenzo
2026-10-01,02:40:12,Aceitera General Deheza,538012438,WELLNESS DIVA,234.0,SanLorenzo
2026-10-01,02:40:12,Molinos Rí­o De La Plata,538009113,ALIKI PERROTIS,367.7,SanLorenzo
2026-10-01,02:40:12,Central Termoeléctrica Timbués Renova,636026236,AURIGA STAR,262.6,SanLorenzo
2026-10-01,02:40:12,Bunge - La Plata Cereal S.A. Muelle Dempa,636022194,PORT KYOTO,123.6,SanLorenzo
2026-10-01,02:40:12,Louis Dreyfus y Cia. Ltda. Timbúes,636025837,PAIWAN CHAMPION,339.3,SanLorenzo
2026-10-01,02:40:12,Puerto San Lorenzo,255915928,CAPE GULL,99.7,SanLorenzo
2026-10-01,02:40:12,Shell C.a.p.s.a.,701124000,JULIO A,175.9,SanLorenzo
2026-10-01,02:40:12,Louis Dreyfus y Cia. Ltda. Muelle Aceitero,538009309,OCEAN VENUS,216.7,SanLorenzo
2026-10-01,02:40:12,Cofco Internacional Argentina S.A.,210025000,ELONA,158.4,SanLorenzo
2026-10-01,02:40:12,Asociación de Cooperativas Argentina,538009155,NAMA,203.7,SanLorenzo
2026-10-01,02:40:12,Cofco S.A.,477142400,BOCHEM BUCEPHALAS,442.9,SanLorenzo
2026-10-01,02:40:12,Toepfer International Argentina S.r.l.,636022773,BBG LIJIANG,156.1,SanLorenzo
2026-10-01,02:40:12,Cargill S.A. Punta Alvear,538006432,FEDERAL BERING,108.4,SanLorenzo
2026-10-01,02:40:12,Profertil S.A.,563302200,IONA ISLAND,184.8,SanLorenzo
2026-10-01,02:40:12,Puerto Diamante,701006803,ANTONIO PUGLIESE,454.3,SanLorenzo
2026-10-01,02:40:12,Shell C.a.p.s.a.,701124000,,177.6,Rosario
2026-10-01,02:40:12,Cofco S.A.,636020988,FANTASEA,142.2,Rosario
2026-10-01,02:40:12,Terminal Chacabuco YPF,755079000,DR.SALGADO H,105.5,Rosario
2026-10-01,02:40:12,YPF Fluvial,701170000,MAKENITA H,122.5,Rosario
2026-10-01,02:40:12,Terminal 6 S.A. Muelle Sur,636023707,FIESTA,154.8,Rosario
2026-10-01,02:40:12,Molinos Rí­o De La Plata,538009113,ALIKI PERROTIS,367.7,Rosario
2026-10-01,02:40:12,Cargill S.A. Villa Gdor. Gálvez,257087000,DAMSGAARD,295.9,Rosario
2026-10-01,02:40:12,Central Termoeléctrica Timbués Renova,636026236,AURIGA STAR,262.6,Rosario
2026-10-01,02:40:12,Bunge - La Plata Cereal S.A. Muelle Dempa,636022194,PORT KYOTO,123.6,Rosario
2026-10-01,02:40:12,Puerto San Lorenzo,255915928,CAPE GULL,99.7,Rosario
2026-10-01,02:40:12,Louis Dreyfus y Cia. Ltda. Muelle Aceitero,538009309,OCEAN VENUS,216.7,Rosario
2026-10-01,02:40:12,Cofco Internacional Argentina S.A.,210025000,ELONA,158.4,Rosario
2026-10-01,02:40:12,Cofco S.A.,477142400,BOCHEM BUCEPHALAS,442.9,Rosario
2026-10-01,02:40:12,Toepfer International Argentina S.r.l.,636022773,BBG LIJIANG,156.1,Rosario
2026-10-01,02:40:12,Cargill S.A. Punta Alvear,538006432,FEDERAL BERING,108.4,Rosario
2026-10-01,02:40:12,Puerto Villa Constitución Unidad II,701006679,COOPOR ESTIBADOR I,72.1,Rosario
2026-10-01,02:40:12,Puerto Ibicuy,355357000,,78.6,DelGuazu
2026-10-01,02:40:12,R.h.a.s.a. - Pobater,701125000,DANIEL F,133.6,DelGuazu
2026-10-01,02:40:12,Euroamercia S.A.,563305600,JERICHO BEACH,121.1,DelGuazu
2026-10-01,02:40:12,Terminal Zarate S.A.,477754600,MAERSK VENEZIA,131.0,DelGuazu
2026-10-01,02:40:12,Vitco S.A.,219027923,TORM INDIA,164.8,DelGuazu
2026-10-01,02:40:12,Siderca S.A.,636020873,BUILDER,412.7,DelGuazu
2026-10-01,02:40:12,R.h.a.s.a. - Pobater,755004433,SHEILA J,324.1,DelGuazu
2026-10-01,02:40:12,Terminal Zarate S.A.,477754600,,130.6,Braga
2026-10-01,02:40:12,Euroamercia S.A.,563305600,,121.1,Braga
2026-10-01,02:40:12,Siderca S.A.,636020873,BUILDER,412.7,Braga
2026-10-01,02:40:12,R.h.a.s.a. - Pobater,755004433,SHEILA J,322.8,Braga
2026-10-01,02:40:12,Puerto Buenos Aires,755055000,RAUL D,369.5,Braga
2026-10-01,03:00:14,Toepfer International Argentina S.r.l.,636022773,BBG LIJIANG,154.5,SanLorenzo
2026-10-01,03:00:14,Terminal Chacabuco YPF,755079000,DR.SALGADO H,111.0,SanLorenzo
2026-10-01,03:00:14,Central Termoeléctrica Timbués Renova,636022816,SDM DONGGUAN,149.7,SanLorenzo
2026-10-01,03:00:14,YPF Fluvial,701170000,MAKENITA H,120.9,SanLorenzo
2026-10-01,03:00:14,Terminal 6 S.A. Muelle Sur,636023707,FIESTA,156.5,SanLorenzo
2026-10-01,03:00:14,Muelle Alumbrera,538005991,,178.7,SanLorenzo
2026-10-01,03:00:14,Aceitera General Deheza,538012438,WELLNESS DIVA,233.2,SanLorenzo
2026-10-01,03:00:14,Molinos Rí­o De La Plata,538009113,ALIKI PERROTIS,371.4,SanLorenzo
2026-10-01,03:00:14,Central Termoeléctrica Timbués Renova,636026236,AURIGA STAR,269.3,SanLorenzo
2026-10-01,03:00:14,Bunge - La Plata Cereal S.A. Muelle Dempa,636022194,PORT KYOTO,121.7,SanLorenzo
2026-10-01,03:00:14,Louis Dreyfus y Cia. Ltda. Timbúes,636025837,PAIWAN CHAMPION,339.0,SanLorenzo
2026-10-01,03:00:14,Puerto San Lorenzo,255915928,CAPE GULL,98.8,SanLorenzo
2026-10-01,03:00:14,Shell C.a.p.s.a.,701124000,JULIO A,182.2,SanLorenzo
2026-10-01,03:00:14,Louis Dreyfus y Cia. Ltda. Muelle Aceitero,538009309,OCEAN VENUS,212.4,SanLorenzo
2026-10-01,03:00:14,Cofco Internacional Argentina S.A.,210025000,ELONA,162.1,SanLorenzo
2026-10-01,03:00:14,Asociación de Cooperativas Argentina,538009155,NAMA,202.6,SanLorenzo
2026-10-01,03:00:14,Cofco S.A.,477142400,BOCHEM BUCEPHALAS,442.6,SanLorenzo
2026-10-01,03:00:14,Cargill S.A. Punta Alvear,538006432,FEDERAL BERING,114.8,SanLorenzo
2026-10-01,03:00:14,Profertil S.A.,563302200,IONA ISLAND,188.3,SanLorenzo
2026-10-01,03:00:14,Puerto Rosario S.A. Terminal 2,720915000,IB PARAGUAY,229.2,SanLorenzo
2026-10-01,03:00:14,Puerto Diamante,701006803,ANTONIO PUGLIESE,452.0,SanLorenzo
2026-10-01,03:00:14,Cofco S.A.,636020988,FANTASEA,140.8,SanLorenzo
2026-10-01,03:00:14,Puerto Rosario,701001404,GUAZU PUCU,204.9,SanLorenzo
2026-10-01,03:00:14,Aceitera General Deheza,538012438,,234.3,Rosario
2026-10-01,03:00:14,Cargill S.A. Villa Gdor. Gálvez,257087000,DAMSGAARD,302.6,Rosario
2026-10-01,03:00:14,Terminal Chacabuco YPF,755079000,DR.SALGADO H,111.0,Rosario
2026-10-01,03:00:14,YPF Fluvial,701170000,MAKENITA H,120.9,Rosario
2026-10-01,03:00:14,Terminal 6 S.A. Muelle Sur,636023707,FIESTA,156.5,Rosario
2026-10-01,03:00:14,Molinos Rí­o De La Plata,538009113,ALIKI PERROTIS,371.4,Rosario
2026-10-01,03:00:14,Central Termoeléctrica Timbués Renova,636026236,AURIGA STAR,269.3,Rosario
2026-10-01,03:00:14,Bunge - La Plata Cereal S.A. Muelle Dempa,636022194,PORT KYOTO,121.7,Rosario
2026-10-01,03:00:14,Puerto San Lorenzo,255915928,CAPE GULL,98.8,Rosario
2026-10-01,03:00:14,Louis Dreyfus y Cia. Ltda. Muelle Aceitero,538009309,OCEAN VENUS,212.4,Rosario
2026-10-01,03:00:14,Cofco Internacional Argentina S.A.,210025000,ELONA,162.1,Rosario
2026-10-01,03:00:14,Cofco S.A.,477142400,BOCHEM BUCEPHALAS,442.6,Rosario
2026-10-01,03:00:14,Toepfer International Argentina S.r.l.,636022773,BBG LIJIANG,154.6,Rosario
2026-10-01,03:00:14,Cargill S.A. Punta Alvear,538006432,FEDERAL BERING,114.8,Rosario
2026-10-01,03:00:14,Puerto Rosario S.A. Terminal 2,720915000,IB PARAGUAY,229.2,Rosario
2026-10-01,03:00:14,Puerto Villa Constitución Unidad II,701006679,COOPOR ESTIBADOR I,74.7,Rosario
2026-10-01,03:00:14,Cofco S.A.,636020988,FANTASEA,140.8,Rosario
2026-10-01,03:00:14,Puerto Rosario,701001404,GUAZU PUCU,204.9,Rosario
2026-10-01,03:00:14,Vitco S.A.,701006448,,336.5,DelGuazu
2026-10-01,03:00:14,Euroamercia S.A.,563305600,JERICHO BEACH,119.2,DelGuazu
2026-10-01,03:00:14,Terminal Zarate S.A.,477754600,MAERSK VENEZIA,132.0,DelGuazu
2026-10-01,03:00:14,Puerto Ibicuy,355357000,,79.9,DelGuazu
2026-10-01,03:00:14,Vitco S.A.,219027923,TORM INDIA,165.3,DelGuazu
2026-10-01,03:00:14,R.h.a.s.a. - Pobater,701125000,DANIEL F,143.4,DelGuazu
2026-10-01,03:00:14,Siderca S.A.,636020873,BUILDER,413.9,DelGuazu
2026-10-01,03:00:14,R.h.a.s.a. - Pobater,755004433,SHEILA J,322.7,DelGuazu
2026-10-01,03:00:14,Euroamercia S.A.,563305600,,119.2,Braga
2026-10-01,03:00:14,Terminal Zarate S.A.,477754600,,132.0,Braga
2026-10-01,03:00:14,Siderca S.A.,636020873,BUILDER,413.9,Braga
2026-10-01,03:00:14,R.h.a.s.a. - Pobater,755004433,SHEILA J,322.8,Braga
2026-10-01,03:00:14,Puerto Buenos Aires,755055000,RAUL D,377.5,Braga
2026-10-01,03:10:34,Terminal Chacabuco YPF,755079000,DR.SALGADO H,109.9,SanLorenzo
2026-10-01,03:10:34,Central Termoeléctrica Timbués Renova,636022816,SDM DONGGUAN,149.6,SanLorenzo
2026-10-01,03:10:34,YPF Fluvial,701170000,MAKENITA H,120.7,SanLorenzo
2026-10-01,03:10:34,Terminal 6 S.A. Muelle Sur,636023707,FIESTA,155.9,SanLorenzo
2026-10-01,03:10:34,Aceitera General Deheza,538012438,WELLNESS DIVA,232.9,SanLorenzo
2026-10-01,03:10:34,Central Termoeléctrica Timbués Renova,636026236,AURIGA STAR,266.5,SanLorenzo
2026-10-01,03:10:34,Bunge - La Plata Cereal S.A. Muelle Dempa,636022194,PORT KYOTO,122.9,SanLorenzo
2026-10-01,03:10:34,Louis Dreyfus y Cia. Ltda. Timbúes,636025837,PAIWAN CHAMPION,337.7,SanLorenzo
2026-10-01,03:10:34,Puerto San Lorenzo,255915928,CAPE GULL,100.0,SanLorenzo
2026-10-01,03:10:34,Shell C.a.p.s.a.,701124000,JULIO A,176.8,SanLorenzo
2026-10-01,03:10:34,Louis Dreyfus y Cia. Ltda. Muelle Aceitero,538009309,OCEAN VENUS,216.2,SanLorenzo
2026-10-01,03:10:34,Cofco Internacional Argentina S.A.,210025000,ELONA,156.8,SanLorenzo
2026-10-01,03:10:34,Asociación de Cooperativas Argentina,538009155,NAMA,202.8,SanLorenzo
2026-10-01,03:10:34,Cofco S.A.,477142400,BOCHEM BUCEPHALAS,449.1,SanLorenzo
2026-10-01,03:10:34,Toepfer International Argentina S.r.l.,636022773,BBG LIJIANG,156.5,SanLorenzo
2026-10-01,03:10:34,Profertil S.A.,563302200,IONA ISLAND,183.8,SanLorenzo
2026-10-01,03:10:34,Cargill S.A. Punta Alvear,538006432,FEDERAL BERING,112.9,SanLorenzo
2026-10-01,03:10:34,Puerto Rosario S.A. Terminal 2,720915000,IB PARAGUAY,227.8,SanLorenzo
2026-10-01,03:10:34,Puerto Diamante,701006803,ANTONIO PUGLIESE,454.2,SanLorenzo
2026-10-01,03:10:34,Cofco S.A.,636020988,FANTASEA,141.2,SanLorenzo
2026-10-01,03:10:34,Puerto San Nicolás,636019448,,279.6,Rosario
2026-10-01,03:10:34,Terminal 6 S.A. Muelle Sur,636023707,FIESTA,157.1,Rosario
2026-10-01,03:10:34,Cargill S.A. Villa Gdor. Gálvez,257087000,DAMSGAARD,296.1,Rosario
2026-10-01,03:10:34,Cofco Internacional Argentina S.A.,210025000,ELONA,159.7,Rosario
2026-10-01,03:10:34,Terminal Chacabuco YPF,755079000,DR.SALGADO H,109.9,Rosario
2026-10-01,03:10:34,YPF Fluvial,701170000,MAKENITA H,120.7,Rosario
2026-10-01,03:10:34,Central Termoeléctrica Timbués Renova,636026236,AURIGA STAR,266.5,Rosario
2026-10-01,03:10:34,Bunge - La Plata Cereal S.A. Muelle Dempa,636022194,PORT KYOTO,122.9,Rosario
2026-10-01,03:10:34,Puerto San Lorenzo,255915928,CAPE GULL,100.0,Rosario
2026-10-01,03:10:34,Louis Dreyfus y Cia. Ltda. Muelle Aceitero,538009309,OCEAN VENUS,216.2,Rosario
2026-10-01,03:10:34,Cofco S.A.,477142400,BOCHEM BUCEPHALAS,449.1,Rosario
2026-10-01,03:10:34,Toepfer International Argentina S.r.l.,636022773,BBG LIJIANG,156.5,Rosario
2026-10-01,03:10:34,Cargill S.A. Punta Alvear,538006432,FEDERAL BERING,112.9,Rosario
2026-10-01,03:10:34,Puerto Rosario S.A. Terminal 2,720915000,IB PARAGUAY,227.8,Rosario
2026-10-01,03:10:34,Puerto Villa Constitución Unidad II,701006679,COOPOR ESTIBADOR I,78.6,Rosario
2026-10-01,03:10:34,Cofco S.A.,636020988,FANTASEA,141.2,Rosario
2026-10-01,03:10:34,Euroamercia S.A.,563305600,JERICHO BEACH,118.0,DelGuazu
2026-10-01,03:10:34,Terminal Zarate S.A.,477754600,MAERSK VENEZIA,132.2,DelGuazu
2026-10-01,03:10:34,Puerto Ibicuy,355357000,DRAKE WELL,80.1,DelGuazu
2026-10-01,03:10:34,Vitco S.A.,219027923,TORM INDIA,162.6,DelGuazu
2026-10-01,03:10:34,R.h.a.s.a. - Pobater,701125000,DANIEL F,143.9,DelGuazu
2026-10-01,03:10:34,Siderca S.A.,636020873,BUILDER,409.9,DelGuazu
2026-10-01,03:10:34,R.h.a.s.a. - Pobater,755004433,SHEILA J,320.7,DelGuazu
2026-10-01,03:10:34,Terminal Zarate S.A.,477754600,,132.2,Braga
2026-10-01,03:10:34,Siderca S.A.,636020873,BUILDER,409.9,Braga
2026-10-01,03:10:34,R.h.a.s.a. - Pobater,755004433,SHEILA J,320.7,Braga
2026-10-01,03:10:34,Puerto Buenos Aires,755055000,RAUL D,381.8,Braga
2026-10-01,03:20:12,Asociación de Cooperativas Argentina,538009155,NAMA,201.4,SanLorenzo
2026-10-01,03:20:12,Terminal Chacabuco YPF,755079000,DR.SALGADO H,107.2,SanLorenzo
2026-10-01,03:20:12,Central Termoeléctrica Timbués Renova,636022816,SDM DONGGUAN,149.2,SanLorenzo
2026-10-01,03:20:12,YPF Fluvial,701170000,MAKENITA H,119.6,SanLorenzo
2026-10-01,03:20:12,Terminal 6 S.A. Muelle Sur,636023707,FIESTA,156.8,SanLorenzo
2026-10-01,03:20:12,Aceitera General Deheza,538012438,WELLNESS DIVA,233.1,SanLorenzo
2026-10-01,03:20:12,Central Termoeléctrica Timbués Renova,636026236,AURIGA STAR,269.7,SanLorenzo
2026-10-01,03:20:12,Bunge - La Plata Cereal S.A. Muelle Dempa,636022194,PORT KYOTO,123.0,SanLorenzo
2026-10-01,03:20:12,Louis Dreyfus y Cia. Ltda. Timbúes,636025837,PAIWAN CHAMPION,342.1,SanLorenzo
2026-10-01,03:20:12,Puerto San Lorenzo,255915928,CAPE GULL,97.8,SanLorenzo
2026-10-01,03:20:12,Shell C.a.p.s.a.,701124000,JULIO A,177.8,SanLorenzo
2026-10-01,03:20:12,Louis Dreyfus y Cia. Ltda. Muelle Aceitero,538009309,OCEAN VENUS,215.8,SanLorenzo
2026-10-01,03:20:12,Cofco Internacional Argentina S.A.,210025000,ELONA,156.6,SanLorenzo
2026-10-01,03:20:12,Molinos Rí­o De La Plata,701001324,HALCON,50.7,SanLorenzo
2026-10-01,03:20:12,Toepfer International Argentina S.r.l.,636022773,BBG LIJIANG,154.5,SanLorenzo
2026-10-01,03:20:12,Profertil S.A.,563302200,IONA ISLAND,187.1,SanLorenzo
2026-10-01,03:20:12,Cargill S.A. Punta Alvear,538006432,FEDERAL BERING,115.7,SanLorenzo
2026-10-01,03:20:12,Puerto Rosario S.A. Terminal 2,720915000,IB PARAGUAY,227.1,SanLorenzo
2026-10-01,03:20:12,Terminal Chacabuco YPF,701001114,IGUAZU,117.5,SanLorenzo
2026-10-01,03:20:12,Puerto Diamante,701006803,ANTONIO PUGLIESE,456.1,SanLorenzo
2026-10-01,03:20:12,Cofco S.A.,636020988,FANTASEA,141.5,SanLorenzo
2026-10-01,03:20:12,Shell C.a.p.s.a.,701124000,,179.1,Rosario
2026-10-01,03:20:12,Terminal Chacabuco YPF,755079000,DR.SALGADO H,107.2,Rosario
2026-10-01,03:20:12,YPF Fluvial,701170000,MAKENITA H,119.6,Rosario
2026-10-01,03:20:12,Terminal 6 S.A. Muelle Sur,636023707,FIESTA,156.8,Rosario
2026-10-01,03:20:12,Cargill S.A. Villa Gdor. Gálvez,257087000,DAMSGAARD,302.2,Rosario
2026-10-01,03:20:12,Bunge - La Plata Cereal S.A. Muelle Dempa,636022194,PORT KYOTO,123.0,Rosario
2026-10-01,03:20:12,Puerto San Lorenzo,255915928,CAPE GULL,97.8,Rosario
2026-10-01,03:20:12,Louis Dreyfus y Cia. Ltda. Muelle Aceitero,538009309,OCEAN VENUS,215.8,Rosario
2026-10-01,03:20:12,Toepfer International Argentina S.r.l.,636022773,BBG LIJIANG,154.5,Rosario
2026-10-01,03:20:12,Cargill S.A. Punta Alvear,538006432,FEDERAL BERING,115.7,Rosario
2026-10-01,03:20:12,Puerto Rosario S.A. Terminal 2,720915000,IB PARAGUAY,227.1,Rosario
2026-10-01,03:20:12,Puerto Villa Constitución Unidad II,701006679,COOPOR ESTIBADOR I,79.6,Rosario
2026-10-01,03:20:12,Cofco S.A.,636020988,FANTASEA,141.5,Rosario
2026-10-01,03:20:12,Puerto Ibicuy,355357000,DRAKE WELL,79.3,DelGuazu
2026-10-01,03:20:12,Euroamercia S.A.,563305600,JERICHO BEACH,118.8,DelGuazu
2026-10-01,03:20:12,Terminal Zarate S.A.,477754600,MAERSK VENEZIA,132.3,DelGuazu
2026-10-01,03:20:12,Vitco S.A.,219027923,TORM INDIA,163.2,DelGuazu
2026-10-01,03:20:12,R.h.a.s.a. - Pobater,701125000,DANIEL F,138.6,DelGuazu
2026-10-01,03:20:12,Siderca S.A.,636020873,BUILDER,410.0,DelGuazu
2026-10-01,03:20:12,R.h.a.s.a. - Pobater,755004433,SHEILA J,322.9,DelGuazu
2026-10-01,03:20:12,Euroamercia S.A.,563305600,,119.0,Braga
2026-10-01,03:20:12,Siderca S.A.,636020873,BUILDER,410.0,Braga
2026-10-01,03:20:12,R.h.a.s.a. - Pobater,755004433,SHEILA J,322.7,Braga
2026-10-01,03:20:12,Puerto Buenos Aires,755055000,RAUL D,382.3,Braga
2026-10-01,03:30:11,Terminal 6 S.A. Muelle Sur,636023707,FIESTA,156.8,SanLorenzo
2026-10-01,03:30:11,Cofco S.A.,636020988,FANTASEA,141.2,SanLorenzo
2026-10-01,03:30:11,Terminal Chacabuco YPF,755079000,DR.SALGADO H,107.3,SanLorenzo
2026-10-01,03:30:11,YPF Fluvial,701170000,MAKENITA H,121.2,SanLorenzo
2026-10-01,03:30:11,Central Termoeléctrica Timbués Renova,636022816,SDM DONGGUAN,150.3,SanLorenzo
2026-10-01,03:30:11,Aceitera General Deheza,538012438,WELLNESS DIVA,232.9,SanLorenzo
2026-10-01,03:30:11,Central Termoeléctrica Timbués Renova,636026236,AURIGA STAR,271.5,SanLorenzo
2026-10-01,03:30:11,Bunge - La Plata Cereal S.A. Muelle Dempa,636022194,PORT KYOTO,122.7,SanLorenzo
2026-10-01,03:30:11,Louis Dreyfus y Cia. Ltda. Timbúes,636025837,PAIWAN CHAMPION,341.9,SanLorenzo
2026-10-01,03:30:11,Puerto San Lorenzo,255915928,CAPE GULL,99.8,SanLorenzo
2026-10-01,03:30:11,Shell C.a.p.s.a.,701124000,JULIO A,179.1,SanLorenzo
2026-10-01,03:30:11,Louis Dreyfus y Cia. Ltda. Muelle Aceitero,538009309,OCEAN VENUS,215.3,SanLorenzo
2026-10-01,03:30:11,Cofco Internacional Argentina S.A.,210025000,ELONA,157.4,SanLorenzo
2026-10-01,03:30:11,Asociación de Cooperativas Argentina,538009155,NAMA,202.7,SanLorenzo
2026-10-01,03:30:11,Cofco S.A.,477142400,BOCHEM BUCEPHALAS,446.5,SanLorenzo
2026-10-01,03:30:11,Toepfer International Argentina S.r.l.,636022773,BBG LIJIANG,154.1,SanLorenzo
2026-10-01,03:30:11,Profertil S.A.,563302200,IONA ISLAND,181.9,SanLorenzo
2026-10-01,03:30:11,Cargill S.A. Punta Alvear,538006432,FEDERAL BERING,112.9,SanLorenzo
2026-10-01,03:30:11,Terminal Chacabuco YPF,701001114,IGUAZU,116.1,SanLorenzo
2026-10-01,03:30:11,Puerto Diamante,701006803,ANTONIO PUGLIESE,457.4,SanLorenzo
2026-10-01,03:30:11,Shell C.a.p.s.a.,701124000,,179.1,Rosario
2026-10-01,03:30:11,Central Termoeléctrica Timbués Renova,636026236,AURIGA STAR,270.0,Rosario
2026-10-01,03:30:11,Cofco S.A.,636020988,FANTASEA,141.2,Rosario
2026-10-01,03:30:11,Terminal Chacabuco YPF,755079000,DR.SALGADO H,107.3,Rosario
2026-10-01,03:30:11,YPF Fluvial,701170000,MAKENITA H,121.2,Rosario
2026-10-01,03:30:11,Bunge - La Plata Cereal S.A. Muelle Dempa,636022194,PORT KYOTO,122.7,Rosario
2026-10-01,03:30:11,Puerto San Lorenzo,255915928,CAPE GULL,99.8,Rosario
2026-10-01,03:30:11,Louis Dreyfus y Cia. Ltda. Muelle Aceitero,538009309,OCEAN VENUS,215.3,Rosario
2026-10-01,03:30:11,Puerto San Nicolás,636019448,,276.5,Rosario
2026-10-01,03:30:11,Cofco S.A.,477142400,BOCHEM BUCEPHALAS,446.5,Rosario
2026-10-01,03:30:11,Toepfer International Argentina S.r.l.,636022773,BBG LIJIANG,154.1,Rosario
2026-10-01,03:30:11,Cargill S.A. Punta Alvear,538006432,FEDERAL BERING,112.9,Rosario
2026-10-01,03:30:11,Puerto Villa Constitución Unidad II,701006679,COOPOR ESTIBADOR I,76.8,Rosario
2026-10-01,03:30:11,Euroamercia S.A.,563305600,JERICHO BEACH,121.2,DelGuazu
2026-10-01,03:30:11,Terminal Zarate S.A.,477754600,MAERSK VENEZIA,132.2,DelGuazu
2026-10-01,03:30:11,Puerto Ibicuy,355357000,,77.6,DelGuazu
2026-10-01,03:30:11,Vitco S.A.,219027923,TORM INDIA,158.7,DelGuazu
2026-10-01,03:30:11,R.h.a.s.a. - Pobater,701125000,DANIEL F,139.3,DelGuazu
2026-10-01,03:30:11,Siderca S.A.,636020873,BUILDER,410.7,DelGuazu
2026-10-01,03:30:11,R.h.a.s.a. - Pobater,755004433,SHEILA J,320.8,DelGuazu
2026-10-01,03:30:11,Terminal Zarate S.A.,477754600,,131.9,Braga
2026-10-01,03:30:11,Siderca S.A.,636020873,BUILDER,409.2,Braga
2026-10-01,03:30:11,R.h.a.s.a. - Pobater,755004433,SHEILA J,320.7,Braga
2026-10-01,03:30:11,Puerto Buenos Aires,755055000,RAUL D,384.8,Braga
2026-10-01,03:40:14,Terminal Chacabuco YPF,755079000,DR.SALGADO H,106.6,SanLorenzo
2026-10-01,03:40:14,YPF Fluvial,701170000,MAKENITA H,119.3,SanLorenzo
2026-10-01,03:40:14,Central Termoeléctrica Timbués Renova,636022816,SDM DONGGUAN,144.2,SanLorenzo
2026-10-01,03:40:14,Terminal 6 S.A. Muelle Sur,636023707,FIESTA,156.1,SanLorenzo
2026-10-01,03:40:14,Aceitera General Deheza,538012438,WELLNESS DIVA,233.5,SanLorenzo
2026-10-01,03:40:14,Central Termoeléctrica Timbués Renova,636026236,AURIGA STAR,263.6,SanLorenzo
2026-10-01,03:40:14,Bunge - La Plata Cereal S.A. Muelle Dempa,636022194,PORT KYOTO,122.7,SanLorenzo
2026-10-01,03:40:14,Louis Dreyfus y Cia. Ltda. Timbúes,636025837,PAIWAN CHAMPION,338.5,SanLorenzo
2026-10-01,03:40:14,Puerto San Lorenzo,255915928,CAPE GULL,98.0,SanLorenzo
2026-10-01,03:40:14,Shell C.a.p.s.a.,701124000,JULIO A,175.9,SanLorenzo
2026-10-01,03:40:14,Louis Dreyfus y Cia. Ltda. Muelle Aceitero,538009309,OCEAN VENUS,214.6,SanLorenzo
2026-10-01,03:40:14,Cofco Internacional Argentina S.A.,210025000,ELONA,156.4,SanLorenzo
2026-10-01,03:40:14,Asociación de Cooperativas Argentina,538009155,NAMA,202.3,SanLorenzo
2026-10-01,03:40:14,Cofco S.A.,477142400,BOCHEM BUCEPHALAS,442.0,SanLorenzo
2026-10-01,03:40:14,Toepfer International Argentina S.r.l.,636022773,BBG LIJIANG,154.6,SanLorenzo
2026-10-01,03:40:14,Profertil S.A.,563302200,IONA ISLAND,185.3,SanLorenzo
2026-10-01,03:40:14,Cargill S.A. Punta Alvear,538006432,FEDERAL BERING,113.1,SanLorenzo
2026-10-01,03:40:14,Terminal Chacabuco YPF,701001114,IGUAZU,117.9,SanLorenzo
2026-10-01,03:40:14,Puerto Diamante,701006803,ANTONIO PUGLIESE,455.6,SanLorenzo
2026-10-01,03:40:14,Cofco S.A.,636020988,FANTASEA,140.9,SanLorenzo
2026-10-01,03:40:14,Puerto Rosario,701001404,GUAZU PUCU,206.5,SanLorenzo
2026-10-01,03:40:14,Terminal Chacabuco YPF,755079000,DR.SALGADO H,106.6,Rosario
2026-10-01,03:40:14,YPF Fluvial,701170000,MAKENITA H,119.3,Rosario
2026-10-01,03:40:14,Terminal 6 S.A. Muelle Sur,636023707,,156.1,Rosario
2026-10-01,03:40:14,Central Termoeléctrica Timbués Renova,636026236,AURIGA STAR,263.6,Rosario
2026-10-01,03:40:14,Bunge - La Plata Cereal S.A. Muelle Dempa,636022194,PORT KYOTO,122.7,Rosario
2026-10-01,03:40:14,Puerto San Lorenzo,255915928,CAPE GULL,98.0,Rosario
2026-10-01,03:40:14,Louis Dreyfus y Cia. Ltda. Muelle Aceitero,538009309,OCEAN VENUS,214.6,Rosario
2026-10-01,03:40:14,Cofco S.A.,477142400,BOCHEM BUCEPHALAS,442.0,Rosario
2026-10-01,03:40:14,Toepfer International Argentina S.r.l.,636022773,BBG LIJIANG,154.6,Rosario
2026-10-01,03:40:14,Cargill S.A. Punta Alvear,538006432,FEDERAL BERING,113.1,Rosario
2026-10-01,03:40:14,Puerto Villa Constitución Unidad II,701006679,COOPOR ESTIBADOR I,72.0,Rosario
2026-10-01,03:40:14,Cofco S.A.,636020988,FANTASEA,140.9,Rosario
2026-10-01,03:40:14,Puerto Rosario,701001404,GUAZU PUCU,206.5,Rosario
2026-10-01,03:40:14,Euroamercia S.A.,563305600,JERICHO BEACH,121.0,DelGuazu
2026-10-01,03:40:14,Terminal Zarate S.A.,477754600,MAERSK VENEZIA,132.3,DelGuazu
2026-10-01,03:40:14,Puerto Ibicuy,355357000,DRAKE WELL,76.0,DelGuazu
2026-10-01,03:40:14,Vitco S.A.,219027923,TORM INDIA,163.6,DelGuazu
2026-10-01,03:40:14,R.h.a.s.a. - Pobater,701125000,DANIEL F,129.1,DelGuazu
2026-10-01,03:40:14,Siderca S.A.,636020873,BUILDER,413.6,DelGuazu
2026-10-01,03:40:14,R.h.a.s.a. - Pobater,755004433,SHEILA J,323.1,DelGuazu
2026-10-01,03:40:14,Terminal Zarate S.A.,701006161,MIRADOR,138.2,DelGuazu
2026-10-01,03:40:14,Euroamercia S.A.,563305600,,121.0,Braga
2026-10-01,03:40:14,Terminal Zarate S.A.,477754600,,132.3,Braga
2026-10-01,03:40:14,Siderca S.A.,636020873,BUILDER,413.6,Braga
2026-10-01,03:40:14,R.h.a.s.a. - Pobater,755004433,SHEILA J,323.1,Braga
2026-10-01,03:40:14,Puerto Buenos Aires,755055000,RAUL D,376.8,Braga
