fecha,hora,puerto,mmsi,nombre,distancia_m,zona
2026-09-02,13:27:59,Louis Dreyfus y Cia. Ltda. Muelle Aceitero,538011147,FORTUNE GRACE,227.0,SanLorenzo
2026-09-02,13:27:59,Aceitera General Deheza,636017064,PHAEDRA,239.1,SanLorenzo
2026-09-02,13:27:59,Siderar S.A. Muelle Comercial,636022638,,488.5,SanLorenzo
2026-09-02,13:27:59,Puerto Rosario S. A. Terminal 1,249142000,KOZNITZA,71.2,SanLorenzo
2026-09-02,13:27:59,Terminal Chacabuco YPF,701001114,IGUAZU,115.7,SanLorenzo
2026-09-02,13:27:59,Terminal Chacabuco YPF,701001307,MAX DREAM,119.7,SanLorenzo
2026-09-02,13:27:59,Terminal Chacabuco YPF,701001324,HALCON,117.3,SanLorenzo
2026-09-02,13:27:59,Vicentin S.A.I.C,210530000,DIANE,194.9,SanLorenzo
2026-09-02,13:27:59,Puerto San Lorenzo,538008779,LIVADI,103.6,SanLorenzo
2026-09-02,13:27:59,Central Termoeléctrica Timbués Renova,636016601,OCEANUS,154.2,SanLorenzo
2026-09-02,13:27:59,Puerto Rosario S.A. Terminal 2,720671000,IB ROSARIO,53.7,SanLorenzo
2026-09-02,13:27:59,Cargill S.A. Villa Gdor. Gálvez,352002288,CENTURION SIGNIFER,316.5,SanLorenzo
2026-09-02,13:27:59,Profertil S.A.,701001041,ARGENMAR MISTRAL,183.3,SanLorenzo
2026-09-02,13:27:59,Cofco S.A.,257897000,BOW FIRDA,150.7,SanLorenzo
2026-09-02,13:27:59,Bunge - La Plata Cereal S.A.,538004184,BLACK PEARL,191.6,SanLorenzo
2026-09-02,13:27:59,Bunge S.A.,352006388,NORSE BORNHOLM,285.0,SanLorenzo
2026-09-02,13:27:59,Molinos Rí­o De La Plata,538009486,IONIAN SPIRIT,376.1,SanLorenzo
2026-09-02,13:27:59,Puerto San Nicolás,209016000,TORRENT,66.9,SanLorenzo
2026-09-02,13:27:59,Mosaic S.A. Muelle De Fertilizantes,352004948,OBE UNITY,188.0,SanLorenzo
2026-09-02,13:27:59,Asociación de Cooperativas Argentina,538011497,FORTUNE KNIGHT,204.7,SanLorenzo
2026-09-02,13:27:59,Cofco Internacional Argentina S.A.,352006821,AQUAPEACE,161.6,SanLorenzo
2026-09-02,13:27:59,Terminal 6 S.A. Muelle Sur,319995000,EQUINOX GALINI,150.1,SanLorenzo
2026-09-02,13:27:59,Petrobras - Oil Combustible,755120000,YERUTI I,161.0,SanLorenzo
2026-09-02,13:27:59,Unidad VI Servicios Portuarios S.A.,538012594,KAPETANIOS,155.2,SanLorenzo
2026-09-02,13:27:59,Cargill S.A. Punta Alvear,538010750,TOKYO SPIRIT,111.7,SanLorenzo
2026-09-02,13:27:59,Puerto San Nicolás,311002230,PVT PERIDOT,268.0,SanLorenzo
2026-09-02,13:27:59,Terminal Chacabuco YPF,701006413,PUNTA  LOYOLA,92.0,SanLorenzo
2026-09-02,13:27:59,Terminal 6 S.A. Muelle Norte,314899000,FAROUK M,154.7,SanLorenzo
2026-09-02,13:27:59,Cargill S.A. Muelle Quebracho,232059113,BERGE JUNGFRAU,198.0,SanLorenzo
2026-09-02,13:27:59,Cofco S.A.,701006675,CAMPEADOR,395.3,SanLorenzo
2026-09-02,13:27:59,ADM Agro Terminal El Tránsito,710071000,MARCOS DIAS,78.1,SanLorenzo
2026-09-02,13:27:59,Unidad VI Servicios Portuarios S.A.,636024043,TG CRAB,164.6,SanLorenzo
2026-09-02,13:27:59,Yeruvá S.A.,701006297,ANTONIO MARIA FERRO,100.7,SanLorenzo
2026-09-02,13:27:59,Axion San Lorenzo,755084000,RIO DE LA PLATA,147.5,SanLorenzo
2026-09-02,13:27:59,YPF Fluvial,701098000,PUNTA MEDANOS,123.0,SanLorenzo
2026-09-02,13:27:59,Central Termoeléctrica Timbués Renova,636016601,,149.7,Rosario
2026-09-02,13:27:59,Siderar S.A. Muelle Cerealero,538008393,,244.6,Rosario
2026-09-02,13:27:59,Cofco Internacional Argentina S.A.,352006821,,161.8,Rosario
2026-09-02,13:27:59,Puerto San Nicolás,311002230,,268.6,Rosario
2026-09-02,13:27:59,Puerto Rosario S. A. Terminal 1,249142000,KOZNITZA,71.2,Rosario
2026-09-02,13:27:59,Puerto San Lorenzo,538008779,LIVADI,103.6,Rosario
2026-09-02,13:27:59,Puerto Rosario S.A. Terminal 2,720671000,IB ROSARIO,53.7,Rosario
2026-09-02,13:27:59,Cargill S.A. Villa Gdor. Gálvez,352002288,CENTURION SIGNIFER,316.5,Rosario
2026-09-02,13:27:59,Cofco S.A.,257897000,BOW FIRDA,150.7,Rosario
2026-09-02,13:27:59,Bunge - La Plata Cereal S.A.,538004184,BLACK PEARL,191.6,Rosario
2026-09-02,13:27:59,Molinos Rí­o De La Plata,538009486,IONIAN SPIRIT,376.1,Rosario
2026-09-02,13:27:59,Mosaic S.A. Muelle De Fertilizantes,352004948,OBE UNITY,188.0,Rosario
2026-09-02,13:27:59,Unidad VI Servicios Portuarios S.A.,538012594,KAPETANIOS,155.2,Rosario
2026-09-02,13:27:59,Cargill S.A. Punta Alvear,538010750,TOKYO SPIRIT,111.7,Rosario
2026-09-02,13:27:59,Cargill S.A. Muelle Quebracho,232059113,BERGE JUNGFRAU,198.0,Rosario
2026-09-02,13:27:59,Cofco S.A.,701006675,CAMPEADOR,395.3,Rosario
2026-09-02,13:27:59,ADM Agro Terminal El Tránsito,710071000,MARCOS DIAS,78.1,Rosario
2026-09-02,13:27:59,Unidad VI Servicios Portuarios S.A.,636024043,TG CRAB,164.6,Rosario
2026-09-02,13:27:59,YPF Fluvial,701098000,PUNTA MEDANOS,124.0,Rosario
2026-09-02,13:27:59,Yeruvá S.A.,701006297,ANTONIO MARIA FERRO,100.7,Rosario
2026-09-02,13:27:59,Axion San Lorenzo,755084000,RIO DE LA PLATA,147.5,Rosario
2026-09-02,13:27:59,Euroamercia S.A.,311001897,GREENSEA LUCENA,105.2,DelGuazu
2026-09-02,13:27:59,Siderca S.A.,311000427,PEAK MATTERHORN,408.5,DelGuazu
2026-09-02,13:27:59,Esso S.a.p.a.,701006327,SAN ANTONIO,57.2,DelGuazu
2026-09-02,13:27:59,Euroamercia S.A.,352003844,NORD TOPAZ,206.7,DelGuazu
2026-09-02,13:27:59,Puerto Zárate,477754600,MAERSK VENEZIA,105.9,DelGuazu
2026-09-02,13:27:59,Delta Dock S.A.,229141000,DIAMOND SKY,134.2,DelGuazu
2026-09-02,13:27:59,Puerto Zárate,308369000,GOLIATH LEADER,147.5,DelGuazu
2026-09-02,13:27:59,Terminal Zarate S.A.,477006700,CHIPOL HUANGHE,118.0,DelGuazu
2026-09-02,13:27:59,Maripasa S.A.,755001631,DON LUCHO,280.2,DelGuazu
2026-09-02,13:27:59,Carboclor S.A.,636023385,HYGGE,122.6,DelGuazu
2026-09-02,13:27:59,Vitco S.A.,755201178,NUAR B.,118.4,DelGuazu
2026-09-02,13:27:59,R.h.a.s.a. - Pobater,701006318,MAMACOTA,159.8,DelGuazu
2026-09-05,16:50:11,Louis Dreyfus y Cia. Ltda. Muelle Aceitero,538008276,,218.2,SanLorenzo
2026-09-05,16:50:11,Muelle Alumbrera,564751000,,175.5,SanLorenzo
2026-09-05,16:50:11,Cofco Internacional Argentina S.A.,563169800,RUBY,148.1,SanLorenzo
2026-09-05,16:50:11,Vicentin S.A.I.C,357458000,BULK ITALY,198.1,SanLorenzo
2026-09-05,16:50:11,Terminal 6 S.A. Muelle Norte,636015600,F. F GLORY,149.3,SanLorenzo
2026-09-05,16:50:11,Puerto Rosario S. A. Terminal 1,477754600,MAERSK VENEZIA,68.1,SanLorenzo
2026-09-05,16:50:11,Louis Dreyfus y Cia. Ltda. Timbúes,341694002,H7 HSB5,334.9,SanLorenzo
2026-09-05,16:50:11,Terminal 6 S.A. Muelle Sur,538004481,AGIA PARASKEVI,139.1,SanLorenzo
2026-09-05,16:50:11,Cofco S.A.,636024698,MC CALYPSO,144.7,SanLorenzo
2026-09-05,16:50:11,Unidad VI Servicios Portuarios S.A.,538010750,TOKYO SPIRIT,182.6,SanLorenzo
2026-09-05,16:50:11,Central Termoeléctrica Timbués Renova,636093258,EMMA JANNEKE,286.8,SanLorenzo
2026-09-05,16:50:11,Bunge - La Plata Cereal S.A. Muelle Dempa,256685000,RODINA,152.0,SanLorenzo
2026-09-05,16:50:11,Central Termoeléctrica Timbués Renova,563234800,IVS DUNES,159.8,SanLorenzo
2026-09-05,16:50:11,Bunge - La Plata Cereal S.A.,538004184,BLACK PEARL,189.7,SanLorenzo
2026-09-05,16:50:11,Terminal Chacabuco YPF,701001114,IGUAZU,117.1,SanLorenzo
2026-09-05,16:50:11,Terminal Chacabuco YPF,701001057,VALENTINA H,123.1,SanLorenzo
2026-09-05,16:50:11,Terminal Chacabuco YPF,701001307,MAX DREAM,99.4,SanLorenzo
2026-09-05,16:50:11,Cargill S.A. Villa Gdor. Gálvez,241624000,LEGEND,322.1,SanLorenzo
2026-09-05,16:50:11,Mosaic S.A. Muelle De Fertilizantes,352006388,NORSE BORNHOLM,187.0,SanLorenzo
2026-09-05,16:50:11,Unidad VI Servicios Portuarios S.A.,538012594,KAPETANIOS,154.4,SanLorenzo
2026-09-05,16:50:11,Molinos Rí­o De La Plata,256672000,ARIETTA,370.8,SanLorenzo
2026-09-05,16:50:11,Terminal Chacabuco YPF,701001324,HALCON,116.9,SanLorenzo
2026-09-05,16:50:11,Axion San Lorenzo,538009801,HELIOS,156.7,SanLorenzo
2026-09-05,16:50:11,Puerto San Lorenzo,563163900,ANNA SCHULTE,109.4,SanLorenzo
2026-09-05,16:50:11,Cargill S.A. Muelle Quebracho,538008936,SOUND YOUNG,217.0,SanLorenzo
2026-09-05,16:50:11,Yeruvá S.A.,701006297,ANTONIO MARIA FERRO,102.1,SanLorenzo
2026-09-05,16:50:11,ADM Agro Terminal El Tránsito,563033900,TORM SUPREME,87.7,SanLorenzo
2026-09-05,16:50:11,Cofco S.A.,701006396,VB RECOLETA,221.3,SanLorenzo
2026-09-05,16:50:11,Puerto Diamante,701006803,ANTONIO PUGLIESE,452.6,SanLorenzo
2026-09-05,16:50:11,Cargill S.A. Punta Alvear,538011430,SOFIA,111.5,SanLorenzo
2026-09-05,16:50:11,Axion San Lorenzo,538009801,HELIOS,156.5,Rosario
2026-09-05,16:50:11,Vicentin S.A.I.C,357458000,BULK ITALY,198.1,Rosario
2026-09-05,16:50:11,Puerto Rosario S. A. Terminal 1,477754600,MAERSK VENEZIA,68.1,Rosario
2026-09-05,16:50:11,Unidad VI Servicios Portuarios S.A.,538010750,TOKYO SPIRIT,182.6,Rosario
2026-09-05,16:50:11,Bunge - La Plata Cereal S.A. Muelle Dempa,256685000,RODINA,152.0,Rosario
2026-09-05,16:50:11,Bunge - La Plata Cereal S.A.,538004184,BLACK PEARL,189.7,Rosario
2026-09-05,16:50:11,Cargill S.A. Villa Gdor. Gálvez,241624000,LEGEND,322.1,Rosario
2026-09-05,16:50:11,Mosaic S.A. Muelle De Fertilizantes,352006388,NORSE BORNHOLM,187.0,Rosario
2026-09-05,16:50:11,Louis Dreyfus y Cia. Ltda. Muelle Aceitero,538008276,PORT IMABARI,218.2,Rosario
2026-09-05,16:50:11,Puerto Villa Constitución Unidad II,701006679,,81.4,Rosario
2026-09-05,16:50:11,Unidad VI Servicios Portuarios S.A.,538012594,KAPETANIOS,154.4,Rosario
2026-09-05,16:50:11,Molinos Rí­o De La Plata,256672000,ARIETTA,370.8,Rosario
2026-09-05,16:50:11,Puerto San Lorenzo,563163900,ANNA SCHULTE,109.4,Rosario
2026-09-05,16:50:11,Cargill S.A. Muelle Quebracho,538008936,SOUND YOUNG,217.0,Rosario
2026-09-05,16:50:11,Yeruvá S.A.,701006297,ANTONIO MARIA FERRO,102.1,Rosario
2026-09-05,16:50:11,Cofco S.A.,701006396,VB RECOLETA,221.3,Rosario
2026-09-05,16:50:11,Cargill S.A. Punta Alvear,538011430,SOFIA,111.5,Rosario
2026-09-05,16:50:11,Carboclor S.A.,215622000,TAXIDIARA,115.8,DelGuazu
2026-09-05,16:50:11,Siderca S.A.,636019109,JY LAKE,377.4,DelGuazu
2026-09-05,16:50:11,Terminal Zarate S.A.,636025521,ITHACA,133.5,DelGuazu
2026-09-05,16:50:11,Terminal Zarate S.A.,755138000,INCANSABLE,63.3,DelGuazu
2026-09-05,16:50:11,Esso S.a.p.a.,701137000,PUNTA PIRAMIDES,446.6,DelGuazu
2026-09-05,16:50:11,Maripasa S.A.,701006643,DON RAXYZ,212.7,DelGuazu
2026-09-05,16:50:11,Maripasa S.A.,755201178,NUAR B.,188.0,DelGuazu
2026-09-05,16:50:11,Puerto Buenos Aires,352004466,ASTURIANO III,339.3,Braga
2026-09-05,16:50:11,Puerto Buenos Aires,755043000,AVA PAYAGUA,205.3,Braga
2026-09-05,16:50:11,Puerto Barranqueras,701006277,RAP,460.4,BellaVista
2026-09-05,17:00:15,Muelle Alumbrera,564751000,,175.8,SanLorenzo
2026-09-05,17:00:15,Cofco Internacional Argentina S.A.,563169800,RUBY,148.9,SanLorenzo
2026-09-05,17:00:15,Vicentin S.A.I.C,357458000,BULK ITALY,199.3,SanLorenzo
2026-09-05,17:00:15,Terminal 6 S.A. Muelle Norte,636015600,F. F GLORY,144.8,SanLorenzo
2026-09-05,17:00:15,Puerto Rosario S. A. Terminal 1,477754600,MAERSK VENEZIA,67.8,SanLorenzo
2026-09-05,17:00:15,Terminal 6 S.A. Muelle Sur,538004481,AGIA PARASKEVI,126.5,SanLorenzo
2026-09-05,17:00:15,Louis Dreyfus y Cia. Ltda. Timbúes,341694002,H7 HSB5,331.5,SanLorenzo
2026-09-05,17:00:15,Unidad VI Servicios Portuarios S.A.,538010750,TOKYO SPIRIT,183.0,SanLorenzo
2026-09-05,17:00:15,Cofco S.A.,636024698,MC CALYPSO,145.2,SanLorenzo
2026-09-05,17:00:15,Central Termoeléctrica Timbués Renova,636093258,EMMA JANNEKE,290.7,SanLorenzo
2026-09-05,17:00:15,Bunge - La Plata Cereal S.A. Muelle Dempa,256685000,RODINA,150.7,SanLorenzo
2026-09-05,17:00:15,Central Termoeléctrica Timbués Renova,563234800,IVS DUNES,163.4,SanLorenzo
2026-09-05,17:00:15,Bunge - La Plata Cereal S.A.,538004184,BLACK PEARL,186.1,SanLorenzo
2026-09-05,17:00:15,Terminal Chacabuco YPF,701001114,IGUAZU,117.9,SanLorenzo
2026-09-05,17:00:15,Terminal Chacabuco YPF,701001057,VALENTINA H,125.0,SanLorenzo
2026-09-05,17:00:15,Terminal Chacabuco YPF,701001307,MAX DREAM,99.7,SanLorenzo
2026-09-05,17:00:15,Cargill S.A. Villa Gdor. Gálvez,241624000,LEGEND,321.5,SanLorenzo
2026-09-05,17:00:15,Mosaic S.A. Muelle De Fertilizantes,352006388,NORSE BORNHOLM,185.7,SanLorenzo
2026-09-05,17:00:15,Louis Dreyfus y Cia. Ltda. Muelle Aceitero,538008276,,216.3,SanLorenzo
2026-09-05,17:00:15,Unidad VI Servicios Portuarios S.A.,538012594,KAPETANIOS,156.7,SanLorenzo
2026-09-05,17:00:15,Molinos Rí­o De La Plata,256672000,ARIETTA,374.3,SanLorenzo
2026-09-05,17:00:15,Terminal Chacabuco YPF,701001324,HALCON,116.0,SanLorenzo
2026-09-05,17:00:15,Axion San Lorenzo,538009801,HELIOS,159.0,SanLorenzo
2026-09-05,17:00:15,Puerto San Lorenzo,563163900,ANNA SCHULTE,106.5,SanLorenzo
2026-09-05,17:00:15,Cargill S.A. Muelle Quebracho,538008936,SOUND YOUNG,216.3,SanLorenzo
2026-09-05,17:00:15,ADM Agro Terminal El Tránsito,563033900,TORM SUPREME,92.3,SanLorenzo
2026-09-05,17:00:15,Cofco S.A.,701006396,VB RECOLETA,221.3,SanLorenzo
2026-09-05,17:00:15,Puerto Diamante,701006803,ANTONIO PUGLIESE,453.3,SanLorenzo
2026-09-05,17:00:15,Cargill S.A. Punta Alvear,538011430,SOFIA,109.2,SanLorenzo
2026-09-05,17:00:15,Yeruvá S.A.,701006297,ANTONIO MARIA FERRO,100.3,SanLorenzo
2026-09-05,17:00:15,Puerto Villa Constitución Unidad II,701006679,,71.0,Rosario
2026-09-05,17:00:15,Vicentin S.A.I.C,357458000,BULK ITALY,199.3,Rosario
2026-09-05,17:00:15,Puerto Rosario S. A. Terminal 1,477754600,MAERSK VENEZIA,67.8,Rosario
2026-09-05,17:00:15,Unidad VI Servicios Portuarios S.A.,538010750,TOKYO SPIRIT,183.0,Rosario
2026-09-05,17:00:15,Bunge - La Plata Cereal S.A. Muelle Dempa,256685000,RODINA,150.7,Rosario
2026-09-05,17:00:15,Bunge - La Plata Cereal S.A.,538004184,BLACK PEARL,186.1,Rosario
2026-09-05,17:00:15,Cargill S.A. Villa Gdor. Gálvez,241624000,LEGEND,321.5,Rosario
2026-09-05,17:00:15,Mosaic S.A. Muelle De Fertilizantes,352006388,NORSE BORNHOLM,185.7,Rosario
2026-09-05,17:00:15,Louis Dreyfus y Cia. Ltda. Muelle Aceitero,538008276,PORT IMABARI,216.3,Rosario
2026-09-05,17:00:15,Unidad VI Servicios Portuarios S.A.,538012594,KAPETANIOS,156.7,Rosario
2026-09-05,17:00:15,Molinos Rí­o De La Plata,256672000,ARIETTA,374.3,Rosario
2026-09-05,17:00:15,Axion San Lorenzo,538009801,HELIOS,159.0,Rosario
2026-09-05,17:00:15,Puerto San Lorenzo,563163900,ANNA SCHULTE,106.5,Rosario
2026-09-05,17:00:15,Cargill S.A. Muelle Quebracho,538008936,SOUND YOUNG,216.3,Rosario
2026-09-05,17:00:15,Cofco S.A.,701006396,VB RECOLETA,221.3,Rosario
2026-09-05,17:00:15,Cargill S.A. Punta Alvear,538011430,SOFIA,109.2,Rosario
2026-09-05,17:00:15,Yeruvá S.A.,701006297,ANTONIO MARIA FERRO,100.3,Rosario
2026-09-05,17:00:15,Carboclor S.A.,215622000,TAXIDIARA,111.8,DelGuazu
2026-09-05,17:00:15,Siderca S.A.,636019109,JY LAKE,374.9,DelGuazu
2026-09-05,17:00:15,Terminal Zarate S.A.,636025521,ITHACA,129.6,DelGuazu
2026-09-05,17:00:15,Esso S.a.p.a.,701137000,PUNTA PIRAMIDES,446.5,DelGuazu
2026-09-05,17:00:15,R.h.a.s.a. - Pobater,701006318,MAMACOTA,158.4,DelGuazu
2026-09-05,17:00:15,R.h.a.s.a. - Pobater,701006513,AMANCAY,159.3,DelGuazu
2026-09-05,17:00:15,Terminal Zarate S.A.,755138000,INCANSABLE,63.2,DelGuazu
2026-09-05,17:00:15,Maripasa S.A.,755201178,NUAR B.,187.9,DelGuazu
2026-09-05,17:00:15,Maripasa S.A.,701006643,DON RAXYZ,212.8,DelGuazu
2026-09-05,17:00:15,Carboclor S.A.,215622000,,113.5,Braga
2026-09-05,17:00:15,Maripasa S.A.,755201178,,188.0,Braga
2026-09-05,17:00:15,Puerto Buenos Aires,352004466,ASTURIANO III,338.6,Braga
2026-09-05,17:00:15,Siderca S.A.,636019109,,374.9,Braga
2026-09-05,17:00:15,Esso S.a.p.a.,701137000,,446.5,Braga
2026-09-05,17:00:15,Maripasa S.A.,701006643,,212.6,Braga
2026-09-05,17:00:15,Puerto Buenos Aires,755043000,AVA PAYAGUA,204.2,Braga
2026-09-05,17:00:15,Puerto Barranqueras,701006277,RAP,458.1,BellaVista
2026-09-05,17:10:42,Muelle Alumbrera,564751000,,174.7,SanLorenzo
2026-09-05,17:10:42,Unidad VI Servicios Portuarios S.A.,538010750,TOKYO SPIRIT,182.7,SanLorenzo
2026-09-05,17:10:42,Cofco Internacional Argentina S.A.,563169800,RUBY,148.7,SanLorenzo
2026-09-05,17:10:42,Vicentin S.A.I.C,357458000,BULK ITALY,200.3,SanLorenzo
2026-09-05,17:10:42,Terminal 6 S.A. Muelle Norte,636015600,F. F GLORY,152.2,SanLorenzo
2026-09-05,17:10:42,Puerto Rosario S. A. Terminal 1,477754600,MAERSK VENEZIA,68.2,SanLorenzo
2026-09-05,17:10:42,Terminal 6 S.A. Muelle Sur,538004481,AGIA PARASKEVI,133.6,SanLorenzo
2026-09-05,17:10:42,Louis Dreyfus y Cia. Ltda. Timbúes,341694002,H7 HSB5,333.6,SanLorenzo
2026-09-05,17:10:42,Cofco S.A.,636024698,MC CALYPSO,145.2,SanLorenzo
2026-09-05,17:10:42,Central Termoeléctrica Timbués Renova,636093258,EMMA JANNEKE,291.2,SanLorenzo
2026-09-05,17:10:42,Bunge - La Plata Cereal S.A. Muelle Dempa,256685000,RODINA,150.9,SanLorenzo
2026-09-05,17:10:42,Central Termoeléctrica Timbués Renova,563234800,IVS DUNES,160.5,SanLorenzo
2026-09-05,17:10:42,Bunge - La Plata Cereal S.A.,538004184,BLACK PEARL,186.6,SanLorenzo
2026-09-05,17:10:42,Terminal Chacabuco YPF,701001114,IGUAZU,118.0,SanLorenzo
2026-09-05,17:10:42,Terminal Chacabuco YPF,701001057,VALENTINA H,124.1,SanLorenzo
2026-09-05,17:10:42,Terminal Chacabuco YPF,701001307,MAX DREAM,99.4,SanLorenzo
2026-09-05,17:10:42,Cargill S.A. Villa Gdor. Gálvez,241624000,LEGEND,320.6,SanLorenzo
2026-09-05,17:10:42,Mosaic S.A. Muelle De Fertilizantes,352006388,NORSE BORNHOLM,186.5,SanLorenzo
2026-09-05,17:10:42,Unidad VI Servicios Portuarios S.A.,538012594,KAPETANIOS,147.6,SanLorenzo
2026-09-05,17:10:42,Terminal Chacabuco YPF,701001324,HALCON,116.4,SanLorenzo
2026-09-05,17:10:42,Molinos Rí­o De La Plata,256672000,ARIETTA,380.1,SanLorenzo
2026-09-05,17:10:42,Axion San Lorenzo,538009801,HELIOS,157.6,SanLorenzo
2026-09-05,17:10:42,Puerto San Lorenzo,563163900,ANNA SCHULTE,105.2,SanLorenzo
2026-09-05,17:10:42,Cargill S.A. Muelle Quebracho,538008936,SOUND YOUNG,218.0,SanLorenzo
2026-09-05,17:10:42,Yeruvá S.A.,701006297,ANTONIO MARIA FERRO,100.3,SanLorenzo
2026-09-05,17:10:42,ADM Agro Terminal El Tránsito,563033900,TORM SUPREME,89.2,SanLorenzo
2026-09-05,17:10:42,Cofco S.A.,701006396,VB RECOLETA,221.6,SanLorenzo
2026-09-05,17:10:42,Puerto Diamante,701006803,ANTONIO PUGLIESE,452.8,SanLorenzo
2026-09-05,17:10:42,Cargill S.A. Punta Alvear,538011430,SOFIA,110.4,SanLorenzo
2026-09-05,17:10:42,Cofco S.A.,636024698,,145.2,Rosario
2026-09-05,17:10:42,Axion San Lorenzo,538009801,HELIOS,161.6,Rosario
2026-09-05,17:10:42,Puerto Villa Constitución Unidad II,701006242,,302.4,Rosario
2026-09-05,17:10:42,Vicentin S.A.I.C,357458000,BULK ITALY,200.3,Rosario
2026-09-05,17:10:42,Puerto Rosario S. A. Terminal 1,477754600,MAERSK VENEZIA,68.2,Rosario
2026-09-05,17:10:42,Unidad VI Servicios Portuarios S.A.,538010750,TOKYO SPIRIT,182.7,Rosario
2026-09-05,17:10:42,Bunge - La Plata Cereal S.A. Muelle Dempa,256685000,RODINA,150.9,Rosario
2026-09-05,17:10:42,Bunge - La Plata Cereal S.A.,538004184,BLACK PEARL,186.6,Rosario
2026-09-05,17:10:42,Cargill S.A. Villa Gdor. Gálvez,241624000,LEGEND,320.6,Rosario
2026-09-05,17:10:42,Mosaic S.A. Muelle De Fertilizantes,352006388,NORSE BORNHOLM,186.5,Rosario
2026-09-05,17:10:42,Louis Dreyfus y Cia. Ltda. Muelle Aceitero,538008276,PORT IMABARI,214.9,Rosario
2026-09-05,17:10:42,Unidad VI Servicios Portuarios S.A.,538012594,KAPETANIOS,147.6,Rosario
2026-09-05,17:10:42,Molinos Rí­o De La Plata,256672000,ARIETTA,380.1,Rosario
2026-09-05,17:10:42,Puerto San Lorenzo,563163900,ANNA SCHULTE,105.2,Rosario
2026-09-05,17:10:42,Cargill S.A. Muelle Quebracho,538008936,SOUND YOUNG,218.0,Rosario
2026-09-05,17:10:42,Cofco S.A.,701006396,VB RECOLETA,221.0,Rosario
2026-09-05,17:10:42,Yeruvá S.A.,701006297,ANTONIO MARIA FERRO,100.3,Rosario
2026-09-05,17:10:42,Puerto Villa Constitución Unidad II,701006679,,68.8,Rosario
2026-09-05,17:10:42,Cargill S.A. Punta Alvear,538011430,SOFIA,110.4,Rosario
2026-09-05,17:10:42,Carboclor S.A.,215622000,TAXIDIARA,110.8,DelGuazu
2026-09-05,17:10:42,Siderca S.A.,636019109,JY LAKE,377.6,DelGuazu
2026-09-05,17:10:42,Terminal Zarate S.A.,636025521,ITHACA,132.1,DelGuazu
2026-09-05,17:10:42,Maripasa S.A.,701006643,DON RAXYZ,212.3,DelGuazu
2026-09-05,17:10:42,Esso S.a.p.a.,701007053,B/T NANY,169.4,DelGuazu
2026-09-05,17:10:42,Terminal Zarate S.A.,755138000,INCANSABLE,64.8,DelGuazu
2026-09-05,17:10:42,Esso S.a.p.a.,701137000,PUNTA PIRAMIDES,446.8,DelGuazu
2026-09-05,17:10:42,Maripasa S.A.,755201178,NUAR B.,187.1,DelGuazu
2026-09-05,17:10:42,Puerto Buenos Aires,352004466,ASTURIANO III,340.5,Braga
2026-09-05,17:10:42,Terminal Zarate S.A.,755138000,,64.8,Braga
2026-09-05,17:10:42,Puerto Buenos Aires,755043000,AVA PAYAGUA,204.4,Braga
2026-09-05,17:10:42,Puerto Barranqueras,701006277,RAP,457.2,BellaVista
2026-09-05,17:20:39,Cofco Internacional Argentina S.A.,563169800,RUBY,147.7,SanLorenzo
2026-09-05,17:20:39,Vicentin S.A.I.C,357458000,BULK ITALY,198.4,SanLorenzo
2026-09-05,17:20:39,Puerto Rosario S. A. Terminal 1,477754600,MAERSK VENEZIA,67.8,SanLorenzo
2026-09-05,17:20:39,Terminal 6 S.A. Muelle Norte,636015600,F. F GLORY,146.4,SanLorenzo
2026-09-05,17:20:39,Terminal 6 S.A. Muelle Sur,538004481,AGIA PARASKEVI,126.5,SanLorenzo
2026-09-05,17:20:39,Louis Dreyfus y Cia. Ltda. Timbúes,341694002,H7 HSB5,337.0,SanLorenzo
2026-09-05,17:20:39,Unidad VI Servicios Portuarios S.A.,538010750,TOKYO SPIRIT,182.6,SanLorenzo
2026-09-05,17:20:39,Cofco S.A.,636024698,MC CALYPSO,145.8,SanLorenzo
2026-09-05,17:20:39,Central Termoeléctrica Timbués Renova,636093258,EMMA JANNEKE,288.2,SanLorenzo
2026-09-05,17:20:39,Bunge - La Plata Cereal S.A. Muelle Dempa,256685000,RODINA,151.7,SanLorenzo
2026-09-05,17:20:39,Central Termoeléctrica Timbués Renova,563234800,IVS DUNES,161.4,SanLorenzo
2026-09-05,17:20:39,Bunge - La Plata Cereal S.A.,538004184,BLACK PEARL,186.2,SanLorenzo
2026-09-05,17:20:39,Terminal Chacabuco YPF,701001114,IGUAZU,117.0,SanLorenzo
2026-09-05,17:20:39,Terminal Chacabuco YPF,701001057,VALENTINA H,124.7,SanLorenzo
2026-09-05,17:20:39,Terminal Chacabuco YPF,701001307,MAX DREAM,99.3,SanLorenzo
2026-09-05,17:20:39,Cargill S.A. Villa Gdor. Gálvez,241624000,LEGEND,322.0,SanLorenzo
2026-09-05,17:20:39,Mosaic S.A. Muelle De Fertilizantes,352006388,NORSE BORNHOLM,186.0,SanLorenzo
2026-09-05,17:20:39,Unidad VI Servicios Portuarios S.A.,538012594,KAPETANIOS,154.1,SanLorenzo
2026-09-05,17:20:39,Molinos Rí­o De La Plata,256672000,ARIETTA,375.1,SanLorenzo
2026-09-05,17:20:39,Terminal Chacabuco YPF,701001324,HALCON,115.8,SanLorenzo
2026-09-05,17:20:39,Axion San Lorenzo,538009801,HELIOS,157.7,SanLorenzo
2026-09-05,17:20:39,Puerto San Lorenzo,563163900,ANNA SCHULTE,106.9,SanLorenzo
2026-09-05,17:20:39,Cargill S.A. Muelle Quebracho,538008936,SOUND YOUNG,216.1,SanLorenzo
2026-09-05,17:20:39,ADM Agro Terminal El Tránsito,563033900,TORM SUPREME,86.9,SanLorenzo
2026-09-05,17:20:39,Yeruvá S.A.,701006297,ANTONIO MARIA FERRO,100.5,SanLorenzo
2026-09-05,17:20:39,Puerto Diamante,701006803,ANTONIO PUGLIESE,452.7,SanLorenzo
2026-09-05,17:20:39,Cofco S.A.,701006396,VB RECOLETA,222.4,SanLorenzo
2026-09-05,17:20:39,Cargill S.A. Punta Alvear,538011430,SOFIA,111.0,SanLorenzo
2026-09-05,17:20:39,Vicentin S.A.I.C,357458000,BULK ITALY,198.4,Rosario
2026-09-05,17:20:39,Puerto Rosario S. A. Terminal 1,477754600,MAERSK VENEZIA,67.8,Rosario
2026-09-05,17:20:39,Unidad VI Servicios Portuarios S.A.,538010750,TOKYO SPIRIT,182.6,Rosario
2026-09-05,17:20:39,Cofco S.A.,636024698,,145.8,Rosario
2026-09-05,17:20:39,Bunge - La Plata Cereal S.A. Muelle Dempa,256685000,RODINA,151.7,Rosario
2026-09-05,17:20:39,Bunge - La Plata Cereal S.A.,538004184,BLACK PEARL,186.2,Rosario
2026-09-05,17:20:39,Puerto Villa Constitución Unidad II,701006679,,73.1,Rosario
2026-09-05,17:20:39,Cargill S.A. Villa Gdor. Gálvez,241624000,LEGEND,322.0,Rosario
2026-09-05,17:20:39,Mosaic S.A. Muelle De Fertilizantes,352006388,NORSE BORNHOLM,186.0,Rosario
2026-09-05,17:20:39,Louis Dreyfus y Cia. Ltda. Muelle Aceitero,538008276,PORT IMABARI,215.5,Rosario
2026-09-05,17:20:39,Unidad VI Servicios Portuarios S.A.,538012594,KAPETANIOS,154.1,Rosario
2026-09-05,17:20:39,Molinos Rí­o De La Plata,256672000,ARIETTA,375.1,Rosario
2026-09-05,17:20:39,Axion San Lorenzo,538009801,,157.7,Rosario
2026-09-05,17:20:39,Puerto San Lorenzo,563163900,ANNA SCHULTE,106.9,Rosario
2026-09-05,17:20:39,Cargill S.A. Muelle Quebracho,538008936,SOUND YOUNG,216.1,Rosario
2026-09-05,17:20:39,Puerto Villa Constitución Unidad II,701006242,,304.2,Rosario
2026-09-05,17:20:39,Yeruvá S.A.,701006297,ANTONIO MARIA FERRO,100.5,Rosario
2026-09-05,17:20:39,Cofco S.A.,701006396,VB RECOLETA,222.4,Rosario
2026-09-05,17:20:39,Cargill S.A. Punta Alvear,538011430,SOFIA,111.0,Rosario
2026-09-05,17:20:39,Carboclor S.A.,215622000,TAXIDIARA,108.6,DelGuazu
2026-09-05,17:20:39,Siderca S.A.,636019109,JY LAKE,375.5,DelGuazu
2026-09-05,17:20:39,Terminal Zarate S.A.,636025521,ITHACA,130.1,DelGuazu
2026-09-05,17:20:39,Esso S.a.p.a.,701007053,B/T NANY,169.0,DelGuazu
2026-09-05,17:20:39,Terminal Zarate S.A.,755138000,INCANSABLE,64.4,DelGuazu
2026-09-05,17:20:39,Esso S.a.p.a.,701137000,PUNTA PIRAMIDES,446.9,DelGuazu
2026-09-05,17:20:39,Maripasa S.A.,701006643,DON RAXYZ,213.0,DelGuazu
2026-09-05,17:20:39,Maripasa S.A.,755201178,NUAR B.,188.5,DelGuazu
2026-09-05,17:20:39,Siderca S.A.,636019109,,376.7,Braga
2026-09-05,17:20:39,Maripasa S.A.,755201178,,187.4,Braga
2026-09-05,17:20:39,Maripasa S.A.,701006643,,212.4,Braga
2026-09-05,17:20:39,Puerto Buenos Aires,352004466,ASTURIANO III,339.1,Braga
2026-09-05,17:20:39,Esso S.a.p.a.,701007053,,169.1,Braga
2026-09-05,17:20:39,Esso S.a.p.a.,701137000,,446.8,Braga
2026-09-05,17:20:39,Puerto Buenos Aires,755043000,AVA PAYAGUA,204.8,Braga
2026-09-05,17:30:12,Cofco Internacional Argentina S.A.,563169800,RUBY,151.0,SanLorenzo
2026-09-05,17:30:12,Vicentin S.A.I.C,357458000,BULK ITALY,196.7,SanLorenzo
2026-09-05,17:30:12,Puerto Rosario S. A. Terminal 1,477754600,MAERSK VENEZIA,67.9,SanLorenzo
2026-09-05,17:30:12,Terminal 6 S.A. Muelle Norte,636015600,F. F GLORY,153.6,SanLorenzo
2026-09-05,17:30:12,Terminal 6 S.A. Muelle Sur,538004481,AGIA PARASKEVI,137.3,SanLorenzo
2026-09-05,17:30:12,Louis Dreyfus y Cia. Ltda. Timbúes,341694002,H7 HSB5,336.6,SanLorenzo
2026-09-05,17:30:12,Cofco S.A.,636024698,MC CALYPSO,145.2,SanLorenzo
2026-09-05,17:30:12,Unidad VI Servicios Portuarios S.A.,538010750,TOKYO SPIRIT,182.7,SanLorenzo
2026-09-05,17:30:12,Central Termoeléctrica Timbués Renova,636093258,EMMA JANNEKE,287.7,SanLorenzo
2026-09-05,17:30:12,Bunge - La Plata Cereal S.A. Muelle Dempa,256685000,RODINA,152.4,SanLorenzo
2026-09-05,17:30:12,Central Termoeléctrica Timbués Renova,563234800,IVS DUNES,163.3,SanLorenzo
2026-09-05,17:30:12,Bunge - La Plata Cereal S.A.,538004184,BLACK PEARL,191.5,SanLorenzo
2026-09-05,17:30:12,Terminal Chacabuco YPF,701001114,IGUAZU,118.8,SanLorenzo
2026-09-05,17:30:12,Terminal Chacabuco YPF,701001307,MAX DREAM,99.8,SanLorenzo
2026-09-05,17:30:12,Cargill S.A. Villa Gdor. Gálvez,241624000,LEGEND,320.8,SanLorenzo
2026-09-05,17:30:12,Mosaic S.A. Muelle De Fertilizantes,352006388,NORSE BORNHOLM,185.6,SanLorenzo
2026-09-05,17:30:12,Unidad VI Servicios Portuarios S.A.,538012594,KAPETANIOS,157.0,SanLorenzo
2026-09-05,17:30:12,Terminal Chacabuco YPF,701001324,HALCON,116.3,SanLorenzo
2026-09-05,17:30:12,Molinos Rí­o De La Plata,256672000,ARIETTA,369.2,SanLorenzo
2026-09-05,17:30:12,Axion San Lorenzo,538009801,HELIOS,158.0,SanLorenzo
2026-09-05,17:30:12,Puerto San Lorenzo,563163900,ANNA SCHULTE,104.1,SanLorenzo
2026-09-05,17:30:12,Cargill S.A. Muelle Quebracho,538008936,SOUND YOUNG,216.6,SanLorenzo
2026-09-05,17:30:12,Yeruvá S.A.,701006297,ANTONIO MARIA FERRO,100.1,SanLorenzo
2026-09-05,17:30:12,ADM Agro Terminal El Tránsito,563033900,TORM SUPREME,86.7,SanLorenzo
2026-09-05,17:30:12,Cofco S.A.,701006396,VB RECOLETA,223.5,SanLorenzo
2026-09-05,17:30:12,Cargill S.A. Punta Alvear,538011430,SOFIA,110.9,SanLorenzo
2026-09-05,17:30:12,Vicentin S.A.I.C,357458000,BULK ITALY,196.7,Rosario
2026-09-05,17:30:12,Puerto Rosario S. A. Terminal 1,477754600,MAERSK VENEZIA,67.9,Rosario
2026-09-05,17:30:12,Unidad VI Servicios Portuarios S.A.,538010750,TOKYO SPIRIT,182.7,Rosario
2026-09-05,17:30:12,Bunge - La Plata Cereal S.A. Muelle Dempa,256685000,RODINA,152.4,Rosario
2026-09-05,17:30:12,Puerto Villa Constitución Unidad II,701006242,,302.0,Rosario
2026-09-05,17:30:12,Bunge - La Plata Cereal S.A.,538004184,BLACK PEARL,191.5,Rosario
2026-09-05,17:30:12,Puerto Villa Constitución Unidad II,701006679,,72.0,Rosario
2026-09-05,17:30:12,Cargill S.A. Villa Gdor. Gálvez,241624000,LEGEND,320.8,Rosario
2026-09-05,17:30:12,Mosaic S.A. Muelle De Fertilizantes,352006388,NORSE BORNHOLM,185.6,Rosario
2026-09-05,17:30:12,Louis Dreyfus y Cia. Ltda. Muelle Aceitero,538008276,PORT IMABARI,215.3,Rosario
2026-09-05,17:30:12,Unidad VI Servicios Portuarios S.A.,538012594,KAPETANIOS,157.0,Rosario
2026-09-05,17:30:12,Molinos Rí­o De La Plata,256672000,ARIETTA,369.2,Rosario
2026-09-05,17:30:12,Puerto San Lorenzo,563163900,ANNA SCHULTE,104.1,Rosario
2026-09-05,17:30:12,Axion San Lorenzo,538009801,HELIOS,158.0,Rosario
2026-09-05,17:30:12,Cargill S.A. Muelle Quebracho,538008936,SOUND YOUNG,216.6,Rosario
2026-09-05,17:30:12,Yeruvá S.A.,701006297,ANTONIO MARIA FERRO,100.1,Rosario
2026-09-05,17:30:12,Cofco S.A.,701006396,VB RECOLETA,223.5,Rosario
2026-09-05,17:30:12,Cargill S.A. Punta Alvear,538011430,SOFIA,110.9,Rosario
2026-09-05,17:30:12,Carboclor S.A.,215622000,TAXIDIARA,116.7,DelGuazu
2026-09-05,17:30:12,Siderca S.A.,636019109,JY LAKE,377.2,DelGuazu
2026-09-05,17:30:12,Terminal Zarate S.A.,636025521,ITHACA,133.6,DelGuazu
2026-09-05,17:30:12,R.h.a.s.a. - Pobater,701006513,AMANCAY,159.2,DelGuazu
2026-09-05,17:30:12,Esso S.a.p.a.,701007053,B/T NANY,169.4,DelGuazu
2026-09-05,17:30:12,Esso S.a.p.a.,701137000,PUNTA PIRAMIDES,446.5,DelGuazu
2026-09-05,17:30:12,Maripasa S.A.,701006643,DON RAXYZ,212.7,DelGuazu
2026-09-05,17:30:12,Maripasa S.A.,755201178,NUAR B.,187.9,DelGuazu
2026-09-05,17:30:12,R.h.a.s.a. - Pobater,701006513,,158.5,Braga
2026-09-05,17:30:12,Maripasa S.A.,701006643,,211.9,Braga
2026-09-05,17:30:12,Carboclor S.A.,215622000,,116.7,Braga
2026-09-05,17:30:12,Puerto Buenos Aires,352004466,ASTURIANO III,339.8,Braga
2026-09-05,17:30:12,Siderca S.A.,636019109,JY LAKE,377.2,Braga
2026-09-05,17:30:12,Esso S.a.p.a.,701137000,,446.9,Braga
2026-09-05,17:30:12,Maripasa S.A.,755201178,,189.1,Braga
2026-09-05,17:30:12,Esso S.a.p.a.,701007053,,169.4,Braga
2026-09-05,17:30:12,Puerto Buenos Aires,755043000,AVA PAYAGUA,204.2,Braga
2026-09-05,17:30:12,Puerto Barranqueras,701006277,,455.9,BellaVista
2026-09-05,17:40:10,Cofco Internacional Argentina S.A.,563169800,RUBY,147.5,SanLorenzo
2026-09-05,17:40:10,Puerto Rosario S. A. Terminal 1,477754600,MAERSK VENEZIA,68.3,SanLorenzo
2026-09-05,17:40:10,Vicentin S.A.I.C,357458000,BULK ITALY,201.4,SanLorenzo
2026-09-05,17:40:10,Terminal 6 S.A. Muelle Norte,636015600,F. F GLORY,155.7,SanLorenzo
2026-09-05,17:40:10,Terminal 6 S.A. Muelle Sur,538004481,AGIA PARASKEVI,134.4,SanLorenzo
2026-09-05,17:40:10,Unidad VI Servicios Portuarios S.A.,538010750,TOKYO SPIRIT,182.5,SanLorenzo
2026-09-05,17:40:10,Louis Dreyfus y Cia. Ltda. Timbúes,341694002,H7 HSB5,329.9,SanLorenzo
2026-09-05,17:40:10,Cofco S.A.,636024698,MC CALYPSO,145.8,SanLorenzo
2026-09-05,17:40:10,Central Termoeléctrica Timbués Renova,636093258,EMMA JANNEKE,289.5,SanLorenzo
2026-09-05,17:40:10,Bunge - La Plata Cereal S.A. Muelle Dempa,256685000,RODINA,153.1,SanLorenzo
2026-09-05,17:40:10,Central Termoeléctrica Timbués Renova,563234800,IVS DUNES,160.1,SanLorenzo
2026-09-05,17:40:10,Bunge - La Plata Cereal S.A.,538004184,BLACK PEARL,193.7,SanLorenzo
2026-09-05,17:40:10,Terminal Chacabuco YPF,701001057,VALENTINA H,135.2,SanLorenzo
2026-09-05,17:40:10,Yeruvá S.A.,701006297,ANTONIO MARIA FERRO,100.1,SanLorenzo
2026-09-05,17:40:10,Terminal Chacabuco YPF,701001307,MAX DREAM,98.6,SanLorenzo
2026-09-05,17:40:10,Cargill S.A. Villa Gdor. Gálvez,241624000,LEGEND,322.2,SanLorenzo
2026-09-05,17:40:10,Mosaic S.A. Muelle De Fertilizantes,352006388,NORSE BORNHOLM,186.1,SanLorenzo
2026-09-05,17:40:10,Louis Dreyfus y Cia. Ltda. Muelle Aceitero,538008276,,216.2,SanLorenzo
2026-09-05,17:40:10,Unidad VI Servicios Portuarios S.A.,538012594,KAPETANIOS,156.6,SanLorenzo
2026-09-05,17:40:10,Axion San Lorenzo,538009801,HELIOS,157.2,SanLorenzo
2026-09-05,17:40:10,Molinos Rí­o De La Plata,256672000,ARIETTA,374.4,SanLorenzo
2026-09-05,17:40:10,Terminal Chacabuco YPF,701001324,HALCON,116.2,SanLorenzo
2026-09-05,17:40:10,Cargill S.A. Muelle Quebracho,538008936,SOUND YOUNG,216.6,SanLorenzo
2026-09-05,17:40:10,Puerto San Lorenzo,563163900,ANNA SCHULTE,106.1,SanLorenzo
2026-09-05,17:40:10,ADM Agro Terminal El Tránsito,563033900,TORM SUPREME,85.6,SanLorenzo
2026-09-05,17:40:10,Cofco S.A.,701006396,VB RECOLETA,221.0,SanLorenzo
2026-09-05,17:40:10,Puerto Diamante,701006803,ANTONIO PUGLIESE,452.8,SanLorenzo
2026-09-05,17:40:10,Cargill S.A. Punta Alvear,538011430,SOFIA,112.3,SanLorenzo
2026-09-05,17:40:10,Axion San Lorenzo,538009801,HELIOS,160.4,Rosario
2026-09-05,17:40:10,Puerto Villa Constitución Unidad II,701006242,,301.7,Rosario
2026-09-05,17:40:10,Vicentin S.A.I.C,357458000,BULK ITALY,201.4,Rosario
2026-09-05,17:40:10,Puerto Rosario S. A. Terminal 1,477754600,MAERSK VENEZIA,68.3,Rosario
2026-09-05,17:40:10,Unidad VI Servicios Portuarios S.A.,538010750,TOKYO SPIRIT,182.5,Rosario
2026-09-05,17:40:10,Cofco S.A.,636024698,,145.8,Rosario
2026-09-05,17:40:10,Bunge - La Plata Cereal S.A. Muelle Dempa,256685000,RODINA,153.1,Rosario
2026-09-05,17:40:10,Bunge - La Plata Cereal S.A.,538004184,BLACK PEARL,193.7,Rosario
2026-09-05,17:40:10,Yeruvá S.A.,701006297,ANTONIO MARIA FERRO,100.1,Rosario
2026-09-05,17:40:10,Cargill S.A. Villa Gdor. Gálvez,241624000,LEGEND,322.2,Rosario
2026-09-05,17:40:10,Mosaic S.A. Muelle De Fertilizantes,352006388,NORSE BORNHOLM,186.1,Rosario
2026-09-05,17:40:10,Louis Dreyfus y Cia. Ltda. Muelle Aceitero,538008276,PORT IMABARI,216.2,Rosario
2026-09-05,17:40:10,Unidad VI Servicios Portuarios S.A.,538012594,KAPETANIOS,156.6,Rosario
2026-09-05,17:40:10,Molinos Rí­o De La Plata,256672000,ARIETTA,374.4,Rosario
2026-09-05,17:40:10,Puerto San Lorenzo,563163900,ANNA SCHULTE,106.1,Rosario
2026-09-05,17:40:10,Cargill S.A. Muelle Quebracho,538008936,SOUND YOUNG,216.6,Rosario
2026-09-05,17:40:10,Puerto Villa Constitución Unidad II,701006679,,69.6,Rosario
2026-09-05,17:40:10,Cofco S.A.,701006396,VB RECOLETA,221.0,Rosario
2026-09-05,17:40:10,Cargill S.A. Punta Alvear,538011430,SOFIA,112.3,Rosario
2026-09-05,17:40:10,Carboclor S.A.,215622000,TAXIDIARA,113.4,DelGuazu
2026-09-05,17:40:10,Siderca S.A.,636019109,JY LAKE,377.3,DelGuazu
2026-09-05,17:40:10,Terminal Zarate S.A.,636025521,ITHACA,133.0,DelGuazu
2026-09-05,17:40:10,R.h.a.s.a. - Pobater,701006318,MAMACOTA,158.9,DelGuazu
2026-09-05,17:40:10,Maripasa S.A.,701006643,DON RAXYZ,213.0,DelGuazu
2026-09-05,17:40:10,Esso S.a.p.a.,701007053,B/T NANY,169.9,DelGuazu
2026-09-05,17:40:10,Terminal Zarate S.A.,755138000,INCANSABLE,65.3,DelGuazu
2026-09-05,17:40:10,Esso S.a.p.a.,701137000,PUNTA PIRAMIDES,447.0,DelGuazu
2026-09-05,17:40:10,Maripasa S.A.,755201178,NUAR B.,188.2,DelGuazu
2026-09-05,17:40:10,Maripasa S.A.,755201178,,188.8,Braga
2026-09-05,17:40:10,Puerto Buenos Aires,352004466,ASTURIANO III,338.4,Braga
2026-09-05,17:40:10,Puerto Buenos Aires,755043000,AVA PAYAGUA,202.3,Braga
2026-09-05,17:50:10,Terminal 6 S.A. Muelle Sur,538004481,AGIA PARASKEVI,134.2,SanLorenzo
2026-09-05,17:50:10,Cargill S.A. Muelle Quebracho,538008936,SOUND YOUNG,217.2,SanLorenzo
2026-09-05,17:50:10,Cofco Internacional Argentina S.A.,563169800,RUBY,147.0,SanLorenzo
2026-09-05,17:50:10,Vicentin S.A.I.C,357458000,BULK ITALY,199.5,SanLorenzo
2026-09-05,17:50:10,Terminal 6 S.A. Muelle Norte,636015600,F. F GLORY,154.1,SanLorenzo
2026-09-05,17:50:10,Puerto Rosario S. A. Terminal 1,477754600,MAERSK VENEZIA,68.7,SanLorenzo
2026-09-05,17:50:10,Louis Dreyfus y Cia. Ltda. Timbúes,341694002,H7 HSB5,337.9,SanLorenzo
2026-09-05,17:50:10,Unidad VI Servicios Portuarios S.A.,538010750,TOKYO SPIRIT,182.5,SanLorenzo
2026-09-05,17:50:10,Cofco S.A.,636024698,MC CALYPSO,145.4,SanLorenzo
2026-09-05,17:50:10,Central Termoeléctrica Timbués Renova,636093258,EMMA JANNEKE,286.7,SanLorenzo
2026-09-05,17:50:10,Bunge - La Plata Cereal S.A. Muelle Dempa,256685000,RODINA,153.0,SanLorenzo
2026-09-05,17:50:10,Central Termoeléctrica Timbués Renova,563234800,IVS DUNES,160.5,SanLorenzo
2026-09-05,17:50:10,Bunge - La Plata Cereal S.A.,538004184,BLACK PEARL,192.8,SanLorenzo
2026-09-05,17:50:10,Terminal Chacabuco YPF,701001057,VALENTINA H,129.7,SanLorenzo
2026-09-05,17:50:10,Terminal Chacabuco YPF,701001307,MAX DREAM,98.8,SanLorenzo
2026-09-05,17:50:10,Mosaic S.A. Muelle De Fertilizantes,352006388,NORSE BORNHOLM,186.7,SanLorenzo
2026-09-05,17:50:10,Louis Dreyfus y Cia. Ltda. Muelle Aceitero,538008276,,219.0,SanLorenzo
2026-09-05,17:50:10,Unidad VI Servicios Portuarios S.A.,538012594,KAPETANIOS,157.6,SanLorenzo
2026-09-05,17:50:10,Molinos Rí­o De La Plata,256672000,ARIETTA,372.3,SanLorenzo
2026-09-05,17:50:10,Terminal Chacabuco YPF,701001324,HALCON,116.2,SanLorenzo
2026-09-05,17:50:10,Axion San Lorenzo,538009801,HELIOS,157.0,SanLorenzo
2026-09-05,17:50:10,Puerto San Lorenzo,563163900,ANNA SCHULTE,106.7,SanLorenzo
2026-09-05,17:50:10,ADM Agro Terminal El Tránsito,563033900,TORM SUPREME,88.2,SanLorenzo
2026-09-05,17:50:10,Puerto Diamante,701006803,ANTONIO PUGLIESE,452.5,SanLorenzo
2026-09-05,17:50:10,Cargill S.A. Punta Alvear,538011430,SOFIA,109.8,SanLorenzo
2026-09-05,17:50:10,Yeruvá S.A.,701006297,ANTONIO MARIA FERRO,100.5,SanLorenzo
2026-09-05,17:50:10,ADM Agro Terminal El Tránsito,701006740,GUILLERMO C,240.3,SanLorenzo
2026-09-05,17:50:10,Puerto Villa Constitución Unidad II,701006242,,299.8,Rosario
2026-09-05,17:50:10,Cargill S.A. Muelle Quebracho,538008936,SOUND YOUNG,217.2,Rosario
2026-09-05,17:50:10,Vicentin S.A.I.C,357458000,BULK ITALY,199.5,Rosario
2026-09-05,17:50:10,Puerto Rosario S. A. Terminal 1,477754600,MAERSK VENEZIA,68.7,Rosario
2026-09-05,17:50:10,Unidad VI Servicios Portuarios S.A.,538010750,TOKYO SPIRIT,182.5,Rosario
2026-09-05,17:50:10,Cofco S.A.,636024698,,145.4,Rosario
2026-09-05,17:50:10,Bunge - La Plata Cereal S.A. Muelle Dempa,256685000,RODINA,153.0,Rosario
2026-09-05,17:50:10,Bunge - La Plata Cereal S.A.,538004184,BLACK PEARL,192.8,Rosario
2026-09-05,17:50:10,Puerto Villa Constitución Unidad II,701006679,,64.5,Rosario
2026-09-05,17:50:10,Mosaic S.A. Muelle De Fertilizantes,352006388,NORSE BORNHOLM,186.7,Rosario
2026-09-05,17:50:10,Louis Dreyfus y Cia. Ltda. Muelle Aceitero,538008276,PORT IMABARI,219.0,Rosario
2026-09-05,17:50:10,Unidad VI Servicios Portuarios S.A.,538012594,KAPETANIOS,157.6,Rosario
2026-09-05,17:50:10,Molinos Rí­o De La Plata,256672000,ARIETTA,372.3,Rosario
2026-09-05,17:50:10,ADM Agro Terminal El Tránsito,701006740,GUILLERMO C,240.1,Rosario
2026-09-05,17:50:10,Axion San Lorenzo,538009801,HELIOS,157.0,Rosario
2026-09-05,17:50:10,Puerto San Lorenzo,563163900,ANNA SCHULTE,106.7,Rosario
2026-09-05,17:50:10,Cargill S.A. Punta Alvear,538011430,SOFIA,109.8,Rosario
2026-09-05,17:50:10,Yeruvá S.A.,701006297,ANTONIO MARIA FERRO,100.5,Rosario
2026-09-05,17:50:10,Terminal Zarate S.A.,636025521,ITHACA,134.3,DelGuazu
2026-09-05,17:50:10,Carboclor S.A.,215622000,TAXIDIARA,111.8,DelGuazu
2026-09-05,17:50:10,Siderca S.A.,636019109,JY LAKE,377.2,DelGuazu
2026-09-05,17:50:10,Esso S.a.p.a.,701007053,B/T NANY,169.6,DelGuazu
2026-09-05,17:50:10,Terminal Zarate S.A.,755138000,INCANSABLE,62.9,DelGuazu
2026-09-05,17:50:10,Maripasa S.A.,755201178,NUAR B.,188.1,DelGuazu
2026-09-05,17:50:10,Maripasa S.A.,701006643,DON RAXYZ,213.4,DelGuazu
2026-09-05,17:50:10,Esso S.a.p.a.,701137000,PUNTA PIRAMIDES,446.8,DelGuazu
2026-09-05,17:50:10,Carboclor S.A.,215622000,,111.8,Braga
2026-09-05,17:50:10,Puerto Buenos Aires,352004466,ASTURIANO III,339.9,Braga
2026-09-05,17:50:10,Maripasa S.A.,755201178,,188.8,Braga
2026-09-05,17:50:10,Esso S.a.p.a.,701137000,,446.8,Braga
2026-09-05,17:50:10,Maripasa S.A.,701006643,,213.8,Braga
2026-09-05,17:50:10,Puerto Buenos Aires,755043000,AVA PAYAGUA,202.9,Braga
2026-09-05,17:50:10,Puerto Barranqueras,701006277,,460.1,BellaVista
2026-09-05,18:00:15,Cofco Internacional Argentina S.A.,563169800,RUBY,149.2,SanLorenzo
2026-09-05,18:00:15,Puerto Rosario S. A. Terminal 1,477754600,MAERSK VENEZIA,68.5,SanLorenzo
2026-09-05,18:00:15,Vicentin S.A.I.C,357458000,BULK ITALY,199.5,SanLorenzo
2026-09-05,18:00:15,Terminal 6 S.A. Muelle Norte,636015600,F. F GLORY,156.3,SanLorenzo
2026-09-05,18:00:15,Terminal 6 S.A. Muelle Sur,538004481,AGIA PARASKEVI,137.6,SanLorenzo
2026-09-05,18:00:15,Louis Dreyfus y Cia. Ltda. Timbúes,341694002,H7 HSB5,335.3,SanLorenzo
2026-09-05,18:00:15,Cofco S.A.,636024698,MC CALYPSO,146.1,SanLorenzo
2026-09-05,18:00:15,Unidad VI Servicios Portuarios S.A.,538010750,TOKYO SPIRIT,182.5,SanLorenzo
2026-09-05,18:00:15,Central Termoeléctrica Timbués Renova,636093258,EMMA JANNEKE,289.3,SanLorenzo
2026-09-05,18:00:15,Bunge - La Plata Cereal S.A. Muelle Dempa,256685000,RODINA,151.1,SanLorenzo
2026-09-05,18:00:15,Central Termoeléctrica Timbués Renova,563234800,IVS DUNES,158.7,SanLorenzo
2026-09-05,18:00:15,Bunge - La Plata Cereal S.A.,538004184,BLACK PEARL,191.9,SanLorenzo
2026-09-05,18:00:15,Terminal Chacabuco YPF,701001057,VALENTINA H,129.2,SanLorenzo
2026-09-05,18:00:15,Terminal Chacabuco YPF,701001307,MAX DREAM,98.4,SanLorenzo
2026-09-05,18:00:15,Cargill S.A. Villa Gdor. Gálvez,241624000,LEGEND,321.4,SanLorenzo
2026-09-05,18:00:15,Mosaic S.A. Muelle De Fertilizantes,352006388,NORSE BORNHOLM,186.9,SanLorenzo
2026-09-05,18:00:15,Louis Dreyfus y Cia. Ltda. Muelle Aceitero,538008276,,216.0,SanLorenzo
2026-09-05,18:00:15,Molinos Rí­o De La Plata,701006675,CAMPEADOR,201.5,SanLorenzo
2026-09-05,18:00:15,Unidad VI Servicios Portuarios S.A.,538012594,KAPETANIOS,156.6,SanLorenzo
2026-09-05,18:00:15,Terminal Chacabuco YPF,701001324,HALCON,116.5,SanLorenzo
2026-09-05,18:00:15,Molinos Rí­o De La Plata,256672000,ARIETTA,374.3,SanLorenzo
2026-09-05,18:00:15,Axion San Lorenzo,538009801,HELIOS,157.5,SanLorenzo
2026-09-05,18:00:15,Puerto San Lorenzo,563163900,ANNA SCHULTE,107.9,SanLorenzo
2026-09-05,18:00:15,Cargill S.A. Muelle Quebracho,538008936,SOUND YOUNG,216.7,SanLorenzo
2026-09-05,18:00:15,ADM Agro Terminal El Tránsito,563033900,TORM SUPREME,87.7,SanLorenzo
2026-09-05,18:00:15,Cofco S.A.,701006396,VB RECOLETA,220.8,SanLorenzo
2026-09-05,18:00:15,Puerto Diamante,701006803,ANTONIO PUGLIESE,452.7,SanLorenzo
2026-09-05,18:00:15,Cargill S.A. Punta Alvear,538011430,SOFIA,111.3,SanLorenzo
2026-09-05,18:00:15,Yeruvá S.A.,701006297,ANTONIO MARIA FERRO,101.2,SanLorenzo
2026-09-05,18:00:15,Puerto Villa Constitución Unidad II,701006242,,301.3,Rosario
2026-09-05,18:00:15,Bunge - La Plata Cereal S.A. Muelle Dempa,256685000,RODINA,151.6,Rosario
2026-09-05,18:00:15,Vicentin S.A.I.C,357458000,BULK ITALY,199.5,Rosario
2026-09-05,18:00:15,Puerto Rosario S. A. Terminal 1,477754600,MAERSK VENEZIA,68.5,Rosario
2026-09-05,18:00:15,Unidad VI Servicios Portuarios S.A.,538010750,TOKYO SPIRIT,182.5,Rosario
2026-09-05,18:00:15,Bunge - La Plata Cereal S.A.,538004184,BLACK PEARL,191.9,Rosario
2026-09-05,18:00:15,Cargill S.A. Villa Gdor. Gálvez,241624000,LEGEND,321.4,Rosario
2026-09-05,18:00:15,Mosaic S.A. Muelle De Fertilizantes,352006388,NORSE BORNHOLM,186.9,Rosario
2026-09-05,18:00:15,Louis Dreyfus y Cia. Ltda. Muelle Aceitero,538008276,PORT IMABARI,216.0,Rosario
2026-09-05,18:00:15,Molinos Rí­o De La Plata,701006675,CAMPEADOR,201.5,Rosario
2026-09-05,18:00:15,Unidad VI Servicios Portuarios S.A.,538012594,KAPETANIOS,156.6,Rosario
2026-09-05,18:00:15,Molinos Rí­o De La Plata,256672000,ARIETTA,374.3,Rosario
2026-09-05,18:00:15,Axion San Lorenzo,538009801,HELIOS,157.5,Rosario
2026-09-05,18:00:15,Puerto San Lorenzo,563163900,ANNA SCHULTE,107.9,Rosario
2026-09-05,18:00:15,Cargill S.A. Muelle Quebracho,538008936,SOUND YOUNG,216.7,Rosario
2026-09-05,18:00:15,Puerto Villa Constitución Unidad II,701006679,,79.5,Rosario
2026-09-05,18:00:15,Cofco S.A.,701006396,VB RECOLETA,220.8,Rosario
2026-09-05,18:00:15,Cargill S.A. Punta Alvear,538011430,SOFIA,111.3,Rosario
2026-09-05,18:00:15,Yeruvá S.A.,701006297,ANTONIO MARIA FERRO,101.2,Rosario
2026-09-05,18:00:15,Carboclor S.A.,215622000,TAXIDIARA,111.0,DelGuazu
2026-09-05,18:00:15,Siderca S.A.,636019109,JY LAKE,375.4,DelGuazu
2026-09-05,18:00:15,Terminal Zarate S.A.,636025521,ITHACA,133.6,DelGuazu
2026-09-05,18:00:15,R.h.a.s.a. - Pobater,701006513,AMANCAY,158.5,DelGuazu
2026-09-05,18:00:15,Terminal Zarate S.A.,755138000,INCANSABLE,66.5,DelGuazu
2026-09-05,18:00:15,Maripasa S.A.,755201178,NUAR B.,189.3,DelGuazu
2026-09-05,18:00:15,Maripasa S.A.,701006643,DON RAXYZ,213.4,DelGuazu
2026-09-05,18:00:15,Esso S.a.p.a.,701137000,PUNTA PIRAMIDES,446.9,DelGuazu
2026-09-05,18:00:15,Terminal Zarate S.A.,755138000,,63.3,Braga
2026-09-05,18:00:15,Esso S.a.p.a.,701007053,,169.7,Braga
2026-09-05,18:00:15,Maripasa S.A.,701006643,,212.9,Braga
2026-09-05,18:00:15,Puerto Buenos Aires,352004466,ASTURIANO III,340.4,Braga
2026-09-05,18:00:15,Maripasa S.A.,755201178,,188.6,Braga
2026-09-05,18:00:15,Puerto Buenos Aires,755043000,AVA PAYAGUA,204.1,Braga
2026-09-05,18:00:15,Puerto Barranqueras,701006277,,460.3,BellaVista
2026-09-05,18:10:10,Unidad VI Servicios Portuarios S.A.,538012594,KAPETANIOS,157.1,SanLorenzo
2026-09-05,18:10:10,Puerto Rosario S. A. Terminal 1,477754600,MAERSK VENEZIA,68.9,SanLorenzo
2026-09-05,18:10:10,Cofco Internacional Argentina S.A.,563169800,RUBY,148.1,SanLorenzo
2026-09-05,18:10:10,Terminal 6 S.A. Muelle Norte,636015600,F. F GLORY,155.8,SanLorenzo
2026-09-05,18:10:10,Terminal 6 S.A. Muelle Sur,538004481,AGIA PARASKEVI,128.9,SanLorenzo
2026-09-05,18:10:10,Louis Dreyfus y Cia. Ltda. Timbúes,341694002,H7 HSB5,327.5,SanLorenzo
2026-09-05,18:10:10,Unidad VI Servicios Portuarios S.A.,538010750,TOKYO SPIRIT,182.8,SanLorenzo
2026-09-05,18:10:10,Cofco S.A.,636024698,MC CALYPSO,146.1,SanLorenzo
2026-09-05,18:10:10,Central Termoeléctrica Timbués Renova,636093258,EMMA JANNEKE,289.3,SanLorenzo
2026-09-05,18:10:10,Bunge - La Plata Cereal S.A. Muelle Dempa,256685000,RODINA,151.6,SanLorenzo
2026-09-05,18:10:10,Central Termoeléctrica Timbués Renova,563234800,IVS DUNES,162.7,SanLorenzo
2026-09-05,18:10:10,Bunge - La Plata Cereal S.A.,538004184,BLACK PEARL,192.4,SanLorenzo
2026-09-05,18:10:10,Terminal Chacabuco YPF,701001057,VALENTINA H,130.1,SanLorenzo
2026-09-05,18:10:10,Terminal Chacabuco YPF,701001307,MAX DREAM,98.3,SanLorenzo
2026-09-05,18:10:10,Cargill S.A. Villa Gdor. Gálvez,241624000,LEGEND,321.3,SanLorenzo
2026-09-05,18:10:10,Mosaic S.A. Muelle De Fertilizantes,352006388,NORSE BORNHOLM,186.5,SanLorenzo
2026-09-05,18:10:10,Louis Dreyfus y Cia. Ltda. Muelle Aceitero,538008276,,215.2,SanLorenzo
2026-09-05,18:10:10,Molinos Rí­o De La Plata,256672000,ARIETTA,377.0,SanLorenzo
2026-09-05,18:10:10,Puerto San Lorenzo,563163900,ANNA SCHULTE,108.0,SanLorenzo
2026-09-05,18:10:10,Axion San Lorenzo,538009801,HELIOS,155.7,SanLorenzo
2026-09-05,18:10:10,Cargill S.A. Muelle Quebracho,538008936,SOUND YOUNG,216.6,SanLorenzo
2026-09-05,18:10:10,ADM Agro Terminal El Tránsito,563033900,TORM SUPREME,93.7,SanLorenzo
2026-09-05,18:10:10,Puerto Diamante,701006803,ANTONIO PUGLIESE,452.2,SanLorenzo
2026-09-05,18:10:10,Cargill S.A. Punta Alvear,538011430,SOFIA,111.7,SanLorenzo
2026-09-05,18:10:10,Yeruvá S.A.,701006297,ANTONIO MARIA FERRO,102.1,SanLorenzo
2026-09-05,18:10:10,Cofco S.A.,636024698,,146.4,Rosario
2026-09-05,18:10:10,Puerto Rosario S. A. Terminal 1,477754600,MAERSK VENEZIA,68.9,Rosario
2026-09-05,18:10:10,Unidad VI Servicios Portuarios S.A.,538010750,TOKYO SPIRIT,182.8,Rosario
2026-09-05,18:10:10,Bunge - La Plata Cereal S.A. Muelle Dempa,256685000,RODINA,151.6,Rosario
2026-09-05,18:10:10,Bunge - La Plata Cereal S.A.,538004184,BLACK PEARL,192.4,Rosario
2026-09-05,18:10:10,Puerto Villa Constitución Unidad II,701006679,,77.2,Rosario
2026-09-05,18:10:10,Cargill S.A. Villa Gdor. Gálvez,241624000,LEGEND,321.3,Rosario
2026-09-05,18:10:10,Mosaic S.A. Muelle De Fertilizantes,352006388,NORSE BORNHOLM,186.5,Rosario
2026-09-05,18:10:10,Louis Dreyfus y Cia. Ltda. Muelle Aceitero,538008276,PORT IMABARI,215.2,Rosario
2026-09-05,18:10:10,Unidad VI Servicios Portuarios S.A.,538012594,KAPETANIOS,157.1,Rosario
2026-09-05,18:10:10,Molinos Rí­o De La Plata,256672000,ARIETTA,377.0,Rosario
2026-09-05,18:10:10,Puerto San Lorenzo,563163900,ANNA SCHULTE,108.0,Rosario
2026-09-05,18:10:10,Axion San Lorenzo,538009801,HELIOS,155.7,Rosario
2026-09-05,18:10:10,Cargill S.A. Muelle Quebracho,538008936,SOUND YOUNG,216.6,Rosario
2026-09-05,18:10:10,Cargill S.A. Punta Alvear,538011430,SOFIA,111.7,Rosario
2026-09-05,18:10:10,Yeruvá S.A.,701006297,ANTONIO MARIA FERRO,102.1,Rosario
2026-09-05,18:10:10,Carboclor S.A.,215622000,TAXIDIARA,114.9,DelGuazu
2026-09-05,18:10:10,Siderca S.A.,636019109,JY LAKE,374.9,DelGuazu
2026-09-05,18:10:10,Terminal Zarate S.A.,636025521,ITHACA,133.8,DelGuazu
2026-09-05,18:10:10,Esso S.a.p.a.,701137000,PUNTA PIRAMIDES,447.3,DelGuazu
2026-09-05,18:10:10,R.h.a.s.a. - Pobater,701006513,AMANCAY,159.4,DelGuazu
2026-09-05,18:10:10,Terminal Zarate S.A.,755138000,INCANSABLE,66.8,DelGuazu
2026-09-05,18:10:10,Maripasa S.A.,755201178,NUAR B.,188.2,DelGuazu
2026-09-05,18:10:10,Maripasa S.A.,701006643,DON RAXYZ,213.8,DelGuazu
2026-09-05,18:10:10,Esso S.a.p.a.,701007053,,169.8,Braga
2026-09-05,18:10:10,Maripasa S.A.,755201178,,187.9,Braga
2026-09-05,18:10:10,Puerto Buenos Aires,352004466,ASTURIANO III,338.8,Braga
2026-09-05,18:10:10,Terminal Zarate S.A.,755138000,,67.4,Braga
2026-09-05,18:10:10,Maripasa S.A.,701006643,,213.8,Braga
2026-09-05,18:10:10,Puerto Buenos Aires,755043000,AVA PAYAGUA,202.7,Braga
2026-09-05,18:20:10,Mosaic S.A. Muelle De Fertilizantes,352006388,NORSE BORNHOLM,186.7,SanLorenzo
2026-09-05,18:20:10,Cofco Internacional Argentina S.A.,563169800,RUBY,149.2,SanLorenzo
2026-09-05,18:20:10,Vicentin S.A.I.C,357458000,BULK ITALY,200.8,SanLorenzo
2026-09-05,18:20:10,Terminal 6 S.A. Muelle Norte,636015600,F. F GLORY,153.9,SanLorenzo
2026-09-05,18:20:10,Puerto Rosario S. A. Terminal 1,477754600,MAERSK VENEZIA,68.6,SanLorenzo
2026-09-05,18:20:10,Louis Dreyfus y Cia. Ltda. Timbúes,341694002,H7 HSB5,332.1,SanLorenzo
2026-09-05,18:20:10,Terminal 6 S.A. Muelle Sur,538004481,AGIA PARASKEVI,130.6,SanLorenzo
2026-09-05,18:20:10,Unidad VI Servicios Portuarios S.A.,538010750,TOKYO SPIRIT,182.2,SanLorenzo
2026-09-05,18:20:10,Cofco S.A.,636024698,MC CALYPSO,146.4,SanLorenzo
2026-09-05,18:20:10,Central Termoeléctrica Timbués Renova,636093258,EMMA JANNEKE,288.3,SanLorenzo
2026-09-05,18:20:10,Bunge - La Plata Cereal S.A. Muelle Dempa,256685000,RODINA,151.2,SanLorenzo
2026-09-05,18:20:10,Central Termoeléctrica Timbués Renova,563234800,IVS DUNES,164.5,SanLorenzo
2026-09-05,18:20:10,Bunge - La Plata Cereal S.A.,538004184,BLACK PEARL,190.6,SanLorenzo
2026-09-05,18:20:10,Terminal Chacabuco YPF,701001057,VALENTINA H,125.7,SanLorenzo
2026-09-05,18:20:10,Terminal Chacabuco YPF,701001307,MAX DREAM,98.1,SanLorenzo
2026-09-05,18:20:10,Cargill S.A. Villa Gdor. Gálvez,241624000,LEGEND,322.2,SanLorenzo
2026-09-05,18:20:10,Unidad VI Servicios Portuarios S.A.,538012594,KAPETANIOS,157.7,SanLorenzo
2026-09-05,18:20:10,Terminal Chacabuco YPF,701001324,HALCON,117.0,SanLorenzo
2026-09-05,18:20:10,Molinos Rí­o De La Plata,256672000,ARIETTA,379.9,SanLorenzo
2026-09-05,18:20:10,Axion San Lorenzo,538009801,HELIOS,156.4,SanLorenzo
2026-09-05,18:20:10,Puerto San Lorenzo,563163900,ANNA SCHULTE,107.2,SanLorenzo
2026-09-05,18:20:10,Cargill S.A. Muelle Quebracho,538008936,SOUND YOUNG,219.6,SanLorenzo
2026-09-05,18:20:10,Yeruvá S.A.,701006297,ANTONIO MARIA FERRO,102.9,SanLorenzo
2026-09-05,18:20:10,ADM Agro Terminal El Tránsito,563033900,TORM SUPREME,85.3,SanLorenzo
2026-09-05,18:20:10,Puerto Diamante,701006803,ANTONIO PUGLIESE,451.9,SanLorenzo
2026-09-05,18:20:10,Cofco S.A.,701006396,VB RECOLETA,221.9,SanLorenzo
2026-09-05,18:20:10,Cargill S.A. Punta Alvear,538011430,SOFIA,110.4,SanLorenzo
2026-09-05,18:20:10,Puerto Villa Constitución Unidad II,701006242,,302.4,Rosario
2026-09-05,18:20:10,Mosaic S.A. Muelle De Fertilizantes,352006388,NORSE BORNHOLM,186.7,Rosario
2026-09-05,18:20:10,Molinos Rí­o De La Plata,256672000,ARIETTA,373.9,Rosario
2026-09-05,18:20:10,Axion San Lorenzo,538009801,HELIOS,160.4,Rosario
2026-09-05,18:20:10,Vicentin S.A.I.C,357458000,BULK ITALY,200.8,Rosario
2026-09-05,18:20:10,Puerto Rosario S. A. Terminal 1,477754600,MAERSK VENEZIA,68.6,Rosario
2026-09-05,18:20:10,Unidad VI Servicios Portuarios S.A.,538010750,TOKYO SPIRIT,182.2,Rosario
2026-09-05,18:20:10,Cofco S.A.,636024698,,146.4,Rosario
2026-09-05,18:20:10,Bunge - La Plata Cereal S.A. Muelle Dempa,256685000,RODINA,151.2,Rosario
2026-09-05,18:20:10,Bunge - La Plata Cereal S.A.,538004184,BLACK PEARL,190.6,Rosario
2026-09-05,18:20:10,Cargill S.A. Villa Gdor. Gálvez,241624000,LEGEND,322.2,Rosario
2026-09-05,18:20:10,Puerto Villa Constitución Unidad II,701006679,,73.7,Rosario
2026-09-05,18:20:10,Louis Dreyfus y Cia. Ltda. Muelle Aceitero,538008276,PORT IMABARI,216.4,Rosario
2026-09-05,18:20:10,Unidad VI Servicios Portuarios S.A.,538012594,KAPETANIOS,157.7,Rosario
2026-09-05,18:20:10,Puerto San Lorenzo,563163900,ANNA SCHULTE,107.2,Rosario
2026-09-05,18:20:10,Cargill S.A. Muelle Quebracho,538008936,SOUND YOUNG,219.6,Rosario
2026-09-05,18:20:10,Yeruvá S.A.,701006297,ANTONIO MARIA FERRO,102.9,Rosario
2026-09-05,18:20:10,Cofco S.A.,701006396,VB RECOLETA,221.9,Rosario
2026-09-05,18:20:10,Cargill S.A. Punta Alvear,538011430,SOFIA,110.4,Rosario
2026-09-05,18:20:10,Siderca S.A.,636019109,JY LAKE,374.9,DelGuazu
2026-09-05,18:20:10,Terminal Zarate S.A.,636025521,ITHACA,132.6,DelGuazu
2026-09-05,18:20:10,R.h.a.s.a. - Pobater,701006318,MAMACOTA,158.6,DelGuazu
2026-09-05,18:20:10,Esso S.a.p.a.,701007053,B/T NANY,170.8,DelGuazu
2026-09-05,18:20:10,Maripasa S.A.,755125000,DON ARMANDO H,309.8,DelGuazu
2026-09-05,18:20:10,Terminal Zarate S.A.,755138000,INCANSABLE,67.6,DelGuazu
2026-09-05,18:20:10,Maripasa S.A.,755201178,NUAR B.,188.1,DelGuazu
2026-09-05,18:20:10,Maripasa S.A.,701006643,DON RAXYZ,213.7,DelGuazu
2026-09-05,18:20:10,Carboclor S.A.,215622000,TAXIDIARA,114.4,DelGuazu
2026-09-05,18:20:10,Esso S.a.p.a.,701137000,PUNTA PIRAMIDES,448.0,DelGuazu
2026-09-05,18:20:10,Maripasa S.A.,701006643,,213.8,Braga
2026-09-05,18:20:10,Carboclor S.A.,215622000,,115.1,Braga
2026-09-05,18:20:10,Puerto Buenos Aires,352004466,ASTURIANO III,338.9,Braga
2026-09-05,18:20:10,Esso S.a.p.a.,701007053,,170.8,Braga
2026-09-05,18:20:10,Maripasa S.A.,755201178,,187.4,Braga
2026-09-05,18:20:10,Puerto Buenos Aires,755043000,AVA PAYAGUA,203.6,Braga
2026-09-05,18:20:10,Puerto Barranqueras,701006277,,458.4,BellaVista
2026-09-05,18:30:12,Puerto Rosario S. A. Terminal 1,477754600,MAERSK VENEZIA,68.8,SanLorenzo
2026-09-05,18:30:12,Vicentin S.A.I.C,357458000,BULK ITALY,200.7,SanLorenzo
2026-09-05,18:30:12,Cofco Internacional Argentina S.A.,563169800,RUBY,148.4,SanLorenzo
2026-09-05,18:30:12,Terminal 6 S.A. Muelle Norte,636015600,F. F GLORY,150.8,SanLorenzo
2026-09-05,18:30:12,Terminal 6 S.A. Muelle Sur,538004481,AGIA PARASKEVI,133.5,SanLorenzo
2026-09-05,18:30:12,Louis Dreyfus y Cia. Ltda. Timbúes,341694002,H7 HSB5,341.1,SanLorenzo
2026-09-05,18:30:12,Cofco S.A.,636024698,MC CALYPSO,146.4,SanLorenzo
2026-09-05,18:30:12,Unidad VI Servicios Portuarios S.A.,538010750,TOKYO SPIRIT,183.0,SanLorenzo
2026-09-05,18:30:12,Central Termoeléctrica Timbués Renova,636093258,EMMA JANNEKE,289.4,SanLorenzo
2026-09-05,18:30:12,Bunge - La Plata Cereal S.A. Muelle Dempa,256685000,RODINA,154.1,SanLorenzo
2026-09-05,18:30:12,Terminal Chacabuco YPF,701001114,IGUAZU,115.1,SanLorenzo
2026-09-05,18:30:12,Central Termoeléctrica Timbués Renova,563234800,IVS DUNES,168.7,SanLorenzo
2026-09-05,18:30:12,Bunge - La Plata Cereal S.A.,538004184,BLACK PEARL,195.9,SanLorenzo
2026-09-05,18:30:12,Terminal Chacabuco YPF,701001307,MAX DREAM,97.7,SanLorenzo
2026-09-05,18:30:12,Cargill S.A. Villa Gdor. Gálvez,241624000,LEGEND,323.1,SanLorenzo
2026-09-05,18:30:12,Mosaic S.A. Muelle De Fertilizantes,352006388,NORSE BORNHOLM,189.3,SanLorenzo
2026-09-05,18:30:12,Unidad VI Servicios Portuarios S.A.,538012594,KAPETANIOS,155.1,SanLorenzo
2026-09-05,18:30:12,Molinos Rí­o De La Plata,256672000,ARIETTA,377.5,SanLorenzo
2026-09-05,18:30:12,Terminal Chacabuco YPF,701001324,HALCON,115.8,SanLorenzo
2026-09-05,18:30:12,Axion San Lorenzo,538009801,HELIOS,159.1,SanLorenzo
2026-09-05,18:30:12,Puerto San Lorenzo,563163900,ANNA SCHULTE,106.9,SanLorenzo
2026-09-05,18:30:12,Cargill S.A. Muelle Quebracho,538008936,SOUND YOUNG,217.4,SanLorenzo
2026-09-05,18:30:12,Yeruvá S.A.,701006297,ANTONIO MARIA FERRO,102.3,SanLorenzo
2026-09-05,18:30:12,Cofco S.A.,701006396,VB RECOLETA,223.6,SanLorenzo
2026-09-05,18:30:12,ADM Agro Terminal El Tránsito,563033900,TORM SUPREME,85.6,SanLorenzo
2026-09-05,18:30:12,Puerto Diamante,701006803,ANTONIO PUGLIESE,452.0,SanLorenzo
2026-09-05,18:30:12,Puerto Rosario,701001404,GUAZU PUCU,207.5,SanLorenzo
2026-09-05,18:30:12,Cargill S.A. Punta Alvear,538011430,SOFIA,111.7,SanLorenzo
2026-09-05,18:30:12,Axion San Lorenzo,538009801,HELIOS,158.1,Rosario
2026-09-05,18:30:12,Vicentin S.A.I.C,357458000,BULK ITALY,200.7,Rosario
2026-09-05,18:30:12,Puerto Rosario S. A. Terminal 1,477754600,MAERSK VENEZIA,68.8,Rosario
2026-09-05,18:30:12,Unidad VI Servicios Portuarios S.A.,538010750,TOKYO SPIRIT,183.0,Rosario
2026-09-05,18:30:12,Bunge - La Plata Cereal S.A. Muelle Dempa,256685000,RODINA,154.1,Rosario
2026-09-05,18:30:12,Bunge - La Plata Cereal S.A.,538004184,BLACK PEARL,195.9,Rosario
2026-09-05,18:30:12,Cargill S.A. Villa Gdor. Gálvez,241624000,LEGEND,323.1,Rosario
2026-09-05,18:30:12,Mosaic S.A. Muelle De Fertilizantes,352006388,NORSE BORNHOLM,189.3,Rosario
2026-09-05,18:30:12,Louis Dreyfus y Cia. Ltda. Muelle Aceitero,538008276,PORT IMABARI,214.9,Rosario
2026-09-05,18:30:12,Unidad VI Servicios Portuarios S.A.,538012594,KAPETANIOS,155.1,Rosario
2026-09-05,18:30:12,Molinos Rí­o De La Plata,256672000,ARIETTA,377.5,Rosario
2026-09-05,18:30:12,Puerto San Lorenzo,563163900,ANNA SCHULTE,106.9,Rosario
2026-09-05,18:30:12,Cargill S.A. Muelle Quebracho,538008936,SOUND YOUNG,217.4,Rosario
2026-09-05,18:30:12,Yeruvá S.A.,701006297,ANTONIO MARIA FERRO,102.3,Rosario
2026-09-05,18:30:12,Cofco S.A.,701006396,VB RECOLETA,223.6,Rosario
2026-09-05,18:30:12,Puerto Villa Constitución Unidad II,701006679,,72.9,Rosario
2026-09-05,18:30:12,Puerto Rosario,701001404,GUAZU PUCU,207.5,Rosario
2026-09-05,18:30:12,Cargill S.A. Punta Alvear,538011430,SOFIA,111.7,Rosario
2026-09-05,18:30:12,Carboclor S.A.,215622000,TAXIDIARA,110.7,DelGuazu
2026-09-05,18:30:12,Siderca S.A.,636019109,JY LAKE,373.3,DelGuazu
2026-09-05,18:30:12,Terminal Zarate S.A.,636025521,ITHACA,133.2,DelGuazu
2026-09-05,18:30:12,R.h.a.s.a. - Pobater,701006318,MAMACOTA,158.9,DelGuazu
2026-09-05,18:30:12,Terminal Zarate S.A.,755138000,INCANSABLE,65.4,DelGuazu
2026-09-05,18:30:12,Maripasa S.A.,701006643,DON RAXYZ,213.4,DelGuazu
2026-09-05,18:30:12,Esso S.a.p.a.,701137000,PUNTA PIRAMIDES,448.1,DelGuazu
2026-09-05,18:30:12,Maripasa S.A.,755201178,NUAR B.,186.4,DelGuazu
2026-09-05,18:30:12,Esso S.a.p.a.,701137000,,447.8,Braga
2026-09-05,18:30:12,Maripasa S.A.,755201178,,188.0,Braga
2026-09-05,18:30:12,Puerto Buenos Aires,352004466,ASTURIANO III,339.8,Braga
2026-09-05,18:30:12,Maripasa S.A.,701006643,,213.4,Braga
2026-09-05,18:30:12,Terminal Zarate S.A.,755138000,,62.5,Braga
2026-09-05,18:30:12,Esso S.a.p.a.,701007053,,171.1,Braga
2026-09-05,18:30:12,Puerto Buenos Aires,755043000,AVA PAYAGUA,205.4,Braga
2026-09-05,18:30:12,Puerto Dock Sud,701006095,ONA DON VICENTE,150.0,Braga
2026-09-05,18:30:12,Puerto Barranqueras,701006277,,460.3,BellaVista
2026-09-05,18:40:10,Puerto Rosario S. A. Terminal 1,477754600,MAERSK VENEZIA,69.1,SanLorenzo
2026-09-05,18:40:10,Cofco Internacional Argentina S.A.,563169800,RUBY,147.0,SanLorenzo
2026-09-05,18:40:10,Vicentin S.A.I.C,357458000,BULK ITALY,200.8,SanLorenzo
2026-09-05,18:40:10,Terminal 6 S.A. Muelle Norte,636015600,F. F GLORY,155.7,SanLorenzo
2026-09-05,18:40:10,Terminal 6 S.A. Muelle Sur,538004481,AGIA PARASKEVI,129.1,SanLorenzo
2026-09-05,18:40:10,Louis Dreyfus y Cia. Ltda. Timbúes,341694002,H7 HSB5,333.8,SanLorenzo
2026-09-05,18:40:10,Cofco S.A.,636024698,MC CALYPSO,145.8,SanLorenzo
2026-09-05,18:40:10,Unidad VI Servicios Portuarios S.A.,538010750,TOKYO SPIRIT,182.8,SanLorenzo
2026-09-05,18:40:10,Central Termoeléctrica Timbués Renova,636093258,EMMA JANNEKE,292.5,SanLorenzo
2026-09-05,18:40:10,Bunge - La Plata Cereal S.A. Muelle Dempa,256685000,RODINA,151.2,SanLorenzo
2026-09-05,18:40:10,Central Termoeléctrica Timbués Renova,563234800,IVS DUNES,165.3,SanLorenzo
2026-09-05,18:40:10,Bunge - La Plata Cereal S.A.,538004184,BLACK PEARL,195.5,SanLorenzo
2026-09-05,18:40:10,Terminal Chacabuco YPF,701001307,MAX DREAM,98.9,SanLorenzo
2026-09-05,18:40:10,Cargill S.A. Villa Gdor. Gálvez,241624000,LEGEND,321.7,SanLorenzo
2026-09-05,18:40:10,Mosaic S.A. Muelle De Fertilizantes,352006388,NORSE BORNHOLM,187.4,SanLorenzo
2026-09-05,18:40:10,Louis Dreyfus y Cia. Ltda. Muelle Aceitero,538008276,,218.1,SanLorenzo
2026-09-05,18:40:10,Unidad VI Servicios Portuarios S.A.,538012594,KAPETANIOS,155.0,SanLorenzo
2026-09-05,18:40:10,Molinos Rí­o De La Plata,256672000,ARIETTA,376.4,SanLorenzo
2026-09-05,18:40:10,Terminal Chacabuco YPF,701001324,HALCON,116.9,SanLorenzo
2026-09-05,18:40:10,Axion San Lorenzo,538009801,HELIOS,159.7,SanLorenzo
2026-09-05,18:40:10,Puerto San Lorenzo,563163900,ANNA SCHULTE,107.1,SanLorenzo
2026-09-05,18:40:10,Cargill S.A. Muelle Quebracho,538008936,SOUND YOUNG,216.1,SanLorenzo
2026-09-05,18:40:10,Yeruvá S.A.,701006297,ANTONIO MARIA FERRO,103.4,SanLorenzo
2026-09-05,18:40:10,Puerto Diamante,701006803,ANTONIO PUGLIESE,450.9,SanLorenzo
2026-09-05,18:40:10,ADM Agro Terminal El Tránsito,563033900,TORM SUPREME,86.2,SanLorenzo
2026-09-05,18:40:10,Cofco S.A.,701006396,VB RECOLETA,223.5,SanLorenzo
2026-09-05,18:40:10,Cargill S.A. Punta Alvear,538011430,SOFIA,109.1,SanLorenzo
2026-09-05,18:40:10,Cofco S.A.,636024698,,145.4,Rosario
2026-09-05,18:40:10,Vicentin S.A.I.C,357458000,BULK ITALY,200.8,Rosario
2026-09-05,18:40:10,Puerto Rosario S. A. Terminal 1,477754600,MAERSK VENEZIA,69.1,Rosario
2026-09-05,18:40:10,Unidad VI Servicios Portuarios S.A.,538010750,TOKYO SPIRIT,182.8,Rosario
2026-09-05,18:40:10,Bunge - La Plata Cereal S.A. Muelle Dempa,256685000,RODINA,151.2,Rosario
2026-09-05,18:40:10,Bunge - La Plata Cereal S.A.,538004184,BLACK PEARL,195.5,Rosario
2026-09-05,18:40:10,Cargill S.A. Villa Gdor. Gálvez,241624000,LEGEND,321.7,Rosario
2026-09-05,18:40:10,Mosaic S.A. Muelle De Fertilizantes,352006388,NORSE BORNHOLM,187.4,Rosario
2026-09-05,18:40:10,Louis Dreyfus y Cia. Ltda. Muelle Aceitero,538008276,PORT IMABARI,218.1,Rosario
2026-09-05,18:40:10,Unidad VI Servicios Portuarios S.A.,538012594,KAPETANIOS,155.0,Rosario
2026-09-05,18:40:10,Molinos Rí­o De La Plata,256672000,ARIETTA,376.4,Rosario
2026-09-05,18:40:10,Axion San Lorenzo,538009801,,159.7,Rosario
2026-09-05,18:40:10,Puerto San Lorenzo,563163900,ANNA SCHULTE,107.1,Rosario
2026-09-05,18:40:10,Cargill S.A. Muelle Quebracho,538008936,SOUND YOUNG,216.1,Rosario
2026-09-05,18:40:10,Yeruvá S.A.,701006297,ANTONIO MARIA FERRO,103.4,Rosario
2026-09-05,18:40:10,Puerto Villa Constitución Unidad II,701006679,,76.8,Rosario
2026-09-05,18:40:10,Cofco S.A.,701006396,VB RECOLETA,223.5,Rosario
2026-09-05,18:40:10,Cargill S.A. Punta Alvear,538011430,SOFIA,109.1,Rosario
2026-09-05,18:40:10,Puerto Rosario,701001404,GUAZU PUCU,207.2,Rosario
2026-09-05,18:40:10,Siderca S.A.,636019109,JY LAKE,378.7,DelGuazu
2026-09-05,18:40:10,Carboclor S.A.,215622000,TAXIDIARA,113.9,DelGuazu
2026-09-05,18:40:10,Terminal Zarate S.A.,636025521,ITHACA,131.6,DelGuazu
2026-09-05,18:40:10,Esso S.a.p.a.,701007053,B/T NANY,170.6,DelGuazu
2026-09-05,18:40:10,Maripasa S.A.,755201178,NUAR B.,188.3,DelGuazu
2026-09-05,18:40:10,Terminal Zarate S.A.,755138000,INCANSABLE,64.2,DelGuazu
2026-09-05,18:40:10,Maripasa S.A.,701006643,DON RAXYZ,213.3,DelGuazu
2026-09-05,18:40:10,Esso S.a.p.a.,701137000,PUNTA PIRAMIDES,448.1,DelGuazu
2026-09-05,18:40:10,Carboclor S.A.,215622000,,112.0,Braga
2026-09-05,18:40:10,Puerto Buenos Aires,352004466,ASTURIANO III,339.6,Braga
2026-09-05,18:40:10,Terminal Zarate S.A.,755138000,,65.7,Braga
2026-09-05,18:40:10,Maripasa S.A.,755125000,,312.1,Braga
2026-09-05,18:40:10,Maripasa S.A.,755201178,,186.9,Braga
2026-09-05,18:40:10,Puerto Dock Sud,352287000,ELENA H,189.2,Braga
2026-09-05,18:40:10,Maripasa S.A.,701006643,,213.3,Braga
2026-09-05,18:40:10,Puerto Buenos Aires,755043000,AVA PAYAGUA,206.7,Braga
2026-09-05,18:50:10,Cofco Internacional Argentina S.A.,563169800,RUBY,149.0,SanLorenzo
2026-09-05,18:50:10,Vicentin S.A.I.C,357458000,BULK ITALY,200.1,SanLorenzo
2026-09-05,18:50:10,Terminal 6 S.A. Muelle Norte,636015600,F. F GLORY,153.8,SanLorenzo
2026-09-05,18:50:10,Puerto Rosario S. A. Terminal 1,477754600,MAERSK VENEZIA,69.2,SanLorenzo
2026-09-05,18:50:10,Louis Dreyfus y Cia. Ltda. Timbúes,341694002,H7 HSB5,337.9,SanLorenzo
2026-09-05,18:50:10,Unidad VI Servicios Portuarios S.A.,538010750,TOKYO SPIRIT,182.8,SanLorenzo
2026-09-05,18:50:10,Cofco S.A.,636024698,MC CALYPSO,145.4,SanLorenzo
2026-09-05,18:50:10,Central Termoeléctrica Timbués Renova,636093258,EMMA JANNEKE,288.3,SanLorenzo
2026-09-05,18:50:10,Bunge - La Plata Cereal S.A. Muelle Dempa,256685000,RODINA,155.0,SanLorenzo
2026-09-05,18:50:10,Terminal Chacabuco YPF,701001114,IGUAZU,117.7,SanLorenzo
2026-09-05,18:50:10,Central Termoeléctrica Timbués Renova,563234800,IVS DUNES,161.1,SanLorenzo
2026-09-05,18:50:10,Bunge - La Plata Cereal S.A.,538004184,BLACK PEARL,197.7,SanLorenzo
2026-09-05,18:50:10,Cargill S.A. Villa Gdor. Gálvez,241624000,LEGEND,321.4,SanLorenzo
2026-09-05,18:50:10,Mosaic S.A. Muelle De Fertilizantes,352006388,NORSE BORNHOLM,186.5,SanLorenzo
2026-09-05,18:50:10,Louis Dreyfus y Cia. Ltda. Muelle Aceitero,538008276,,215.9,SanLorenzo
2026-09-05,18:50:10,Unidad VI Servicios Portuarios S.A.,538012594,KAPETANIOS,157.8,SanLorenzo
2026-09-05,18:50:10,Terminal Chacabuco YPF,701001324,HALCON,115.2,SanLorenzo
2026-09-05,18:50:10,Molinos Rí­o De La Plata,256672000,ARIETTA,373.0,SanLorenzo
2026-09-05,18:50:10,Axion San Lorenzo,538009801,HELIOS,160.4,SanLorenzo
2026-09-05,18:50:10,Puerto San Lorenzo,563163900,ANNA SCHULTE,110.3,SanLorenzo
2026-09-05,18:50:10,Cargill S.A. Muelle Quebracho,538008936,SOUND YOUNG,218.3,SanLorenzo
2026-09-05,18:50:10,Yeruvá S.A.,701006297,ANTONIO MARIA FERRO,104.0,SanLorenzo
2026-09-05,18:50:10,Cofco S.A.,701006396,VB RECOLETA,224.8,SanLorenzo
2026-09-05,18:50:10,Puerto Rosario,701001404,GUAZU PUCU,206.9,SanLorenzo
2026-09-05,18:50:10,ADM Agro Terminal El Tránsito,563033900,TORM SUPREME,87.4,SanLorenzo
2026-09-05,18:50:10,Puerto Diamante,701006803,ANTONIO PUGLIESE,452.2,SanLorenzo
2026-09-05,18:50:10,Cargill S.A. Punta Alvear,538011430,SOFIA,113.1,SanLorenzo
2026-09-05,18:50:10,Puerto Villa Constitución Unidad II,701006679,,73.8,Rosario
2026-09-05,18:50:10,Vicentin S.A.I.C,357458000,BULK ITALY,200.1,Rosario
2026-09-05,18:50:10,Puerto Rosario S. A. Terminal 1,477754600,MAERSK VENEZIA,69.2,Rosario
2026-09-05,18:50:10,Unidad VI Servicios Portuarios S.A.,538010750,TOKYO SPIRIT,182.8,Rosario
2026-09-05,18:50:10,Cofco S.A.,636024698,MC CALYPSO,145.4,Rosario
2026-09-05,18:50:10,Bunge - La Plata Cereal S.A. Muelle Dempa,256685000,RODINA,155.0,Rosario
2026-09-05,18:50:10,Bunge - La Plata Cereal S.A.,538004184,BLACK PEARL,197.7,Rosario
2026-09-05,18:50:10,Cargill S.A. Villa Gdor. Gálvez,241624000,LEGEND,321.4,Rosario
2026-09-05,18:50:10,Mosaic S.A. Muelle De Fertilizantes,352006388,NORSE BORNHOLM,186.5,Rosario
2026-09-05,18:50:10,Louis Dreyfus y Cia. Ltda. Muelle Aceitero,538008276,PORT IMABARI,215.9,Rosario
2026-09-05,18:50:10,Unidad VI Servicios Portuarios S.A.,538012594,KAPETANIOS,157.8,Rosario
2026-09-05,18:50:10,Molinos Rí­o De La Plata,256672000,ARIETTA,373.0,Rosario
2026-09-05,18:50:10,Axion San Lorenzo,538009801,HELIOS,160.4,Rosario
2026-09-05,18:50:10,Puerto San Lorenzo,563163900,ANNA SCHULTE,110.3,Rosario
2026-09-05,18:50:10,Cargill S.A. Muelle Quebracho,538008936,SOUND YOUNG,218.3,Rosario
2026-09-05,18:50:10,Yeruvá S.A.,701006297,ANTONIO MARIA FERRO,104.0,Rosario
2026-09-05,18:50:10,Cofco S.A.,701006396,VB RECOLETA,224.8,Rosario
2026-09-05,18:50:10,Cargill S.A. Punta Alvear,538011430,SOFIA,113.1,Rosario
2026-09-05,18:50:10,Carboclor S.A.,215622000,TAXIDIARA,110.1,DelGuazu
2026-09-05,18:50:10,Siderca S.A.,636019109,JY LAKE,373.0,DelGuazu
2026-09-05,18:50:10,Terminal Zarate S.A.,636025521,ITHACA,133.8,DelGuazu
2026-09-05,18:50:10,R.h.a.s.a. - Pobater,701006318,MAMACOTA,157.9,DelGuazu
2026-09-05,18:50:10,R.h.a.s.a. - Pobater,701006513,AMANCAY,158.8,DelGuazu
2026-09-05,18:50:10,Esso S.a.p.a.,701007053,B/T NANY,170.5,DelGuazu
2026-09-05,18:50:10,Terminal Zarate S.A.,755138000,INCANSABLE,67.4,DelGuazu
2026-09-05,18:50:10,Maripasa S.A.,755201178,NUAR B.,185.8,DelGuazu
2026-09-05,18:50:10,Maripasa S.A.,701006643,DON RAXYZ,212.2,DelGuazu
2026-09-05,18:50:10,Esso S.a.p.a.,701137000,PUNTA PIRAMIDES,447.4,DelGuazu
2026-09-05,18:50:10,Carboclor S.A.,215622000,,107.5,Braga
2026-09-05,18:50:10,Esso S.a.p.a.,701137000,,447.5,Braga
2026-09-05,18:50:10,Maripasa S.A.,701006643,,212.5,Braga
2026-09-05,18:50:10,Puerto Buenos Aires,352004466,ASTURIANO III,340.2,Braga
2026-09-05,18:50:10,Maripasa S.A.,755201178,,185.2,Braga
2026-09-05,18:50:10,Terminal Zarate S.A.,755138000,,68.3,Braga
2026-09-05,18:50:10,Puerto Dock Sud,352287000,ELENA H,185.4,Braga
2026-09-05,18:50:10,Puerto Buenos Aires,755043000,AVA PAYAGUA,205.4,Braga
2026-09-05,19:00:15,Vicentin S.A.I.C,357458000,BULK ITALY,202.6,SanLorenzo
2026-09-05,19:00:15,Cofco Internacional Argentina S.A.,563169800,RUBY,150.1,SanLorenzo
2026-09-05,19:00:15,Terminal 6 S.A. Muelle Norte,636015600,F. F GLORY,150.2,SanLorenzo
2026-09-05,19:00:15,Unidad VI Servicios Portuarios S.A.,538010750,TOKYO SPIRIT,183.2,SanLorenzo
2026-09-05,19:00:15,Louis Dreyfus y Cia. Ltda. Timbúes,341694002,H7 HSB5,335.9,SanLorenzo
2026-09-05,19:00:15,Cofco S.A.,636024698,MC CALYPSO,145.8,SanLorenzo
2026-09-05,19:00:15,Central Termoeléctrica Timbués Renova,636093258,EMMA JANNEKE,288.2,SanLorenzo
2026-09-05,19:00:15,Bunge - La Plata Cereal S.A. Muelle Dempa,256685000,RODINA,150.3,SanLorenzo
2026-09-05,19:00:15,Terminal Chacabuco YPF,701001114,IGUAZU,116.9,SanLorenzo
2026-09-05,19:00:15,Central Termoeléctrica Timbués Renova,563234800,IVS DUNES,159.8,SanLorenzo
2026-09-05,19:00:15,Bunge - La Plata Cereal S.A.,538004184,BLACK PEARL,191.1,SanLorenzo
2026-09-05,19:00:15,Cargill S.A. Villa Gdor. Gálvez,241624000,LEGEND,322.5,SanLorenzo
2026-09-05,19:00:15,Mosaic S.A. Muelle De Fertilizantes,352006388,NORSE BORNHOLM,187.9,SanLorenzo
2026-09-05,19:00:15,Unidad VI Servicios Portuarios S.A.,538012594,KAPETANIOS,157.7,SanLorenzo
2026-09-05,19:00:15,Molinos Rí­o De La Plata,256672000,ARIETTA,376.3,SanLorenzo
2026-09-05,19:00:15,Terminal Chacabuco YPF,701001324,HALCON,116.9,SanLorenzo
2026-09-05,19:00:15,Axion San Lorenzo,538009801,HELIOS,159.5,SanLorenzo
2026-09-05,19:00:15,Puerto San Lorenzo,563163900,ANNA SCHULTE,109.4,SanLorenzo
2026-09-05,19:00:15,Cargill S.A. Muelle Quebracho,538008936,SOUND YOUNG,217.4,SanLorenzo
2026-09-05,19:00:15,Muelle Alumbrera,255915742,BOCHEM CASABLANCA,189.6,SanLorenzo
2026-09-05,19:00:15,Yeruvá S.A.,701006297,ANTONIO MARIA FERRO,104.5,SanLorenzo
2026-09-05,19:00:15,ADM Agro Terminal El Tránsito,563033900,TORM SUPREME,89.9,SanLorenzo
2026-09-05,19:00:15,Cofco S.A.,701006396,VB RECOLETA,221.5,SanLorenzo
2026-09-05,19:00:15,Puerto Diamante,701006803,ANTONIO PUGLIESE,451.2,SanLorenzo
2026-09-05,19:00:15,Cargill S.A. Punta Alvear,538011430,SOFIA,112.6,SanLorenzo
2026-09-05,19:00:15,Cofco S.A.,636024698,MC CALYPSO,145.6,Rosario
2026-09-05,19:00:15,Mosaic S.A. Muelle De Fertilizantes,352006388,NORSE BORNHOLM,187.7,Rosario
2026-09-05,19:00:15,Louis Dreyfus y Cia. Ltda. Muelle Aceitero,538008276,PORT IMABARI,216.5,Rosario
2026-09-05,19:00:15,Vicentin S.A.I.C,357458000,BULK ITALY,202.6,Rosario
2026-09-05,19:00:15,Unidad VI Servicios Portuarios S.A.,538010750,TOKYO SPIRIT,183.2,Rosario
2026-09-05,19:00:15,Bunge - La Plata Cereal S.A. Muelle Dempa,256685000,RODINA,150.3,Rosario
2026-09-05,19:00:15,Bunge - La Plata Cereal S.A.,538004184,BLACK PEARL,191.1,Rosario
2026-09-05,19:00:15,Puerto Villa Constitución Unidad II,701006679,,71.2,Rosario
2026-09-05,19:00:15,Cargill S.A. Villa Gdor. Gálvez,241624000,LEGEND,322.5,Rosario
2026-09-05,19:00:15,Unidad VI Servicios Portuarios S.A.,538012594,KAPETANIOS,157.7,Rosario
2026-09-05,19:00:15,Molinos Rí­o De La Plata,256672000,ARIETTA,376.3,Rosario
2026-09-05,19:00:15,Axion San Lorenzo,538009801,HELIOS,159.5,Rosario
2026-09-05,19:00:15,Puerto San Lorenzo,563163900,ANNA SCHULTE,109.4,Rosario
2026-09-05,19:00:15,Cargill S.A. Muelle Quebracho,538008936,SOUND YOUNG,217.4,Rosario
2026-09-05,19:00:15,Cofco S.A.,701006396,VB RECOLETA,223.6,Rosario
2026-09-05,19:00:15,Yeruvá S.A.,701006297,ANTONIO MARIA FERRO,104.5,Rosario
2026-09-05,19:00:15,Cargill S.A. Punta Alvear,538011430,SOFIA,112.6,Rosario
2026-09-05,19:00:15,Siderca S.A.,636019109,JY LAKE,373.5,DelGuazu
2026-09-05,19:00:15,Carboclor S.A.,215622000,TAXIDIARA,115.3,DelGuazu
2026-09-05,19:00:15,Terminal Zarate S.A.,636025521,ITHACA,130.4,DelGuazu
2026-09-05,19:00:15,R.h.a.s.a. - Pobater,701006318,MAMACOTA,158.7,DelGuazu
2026-09-05,19:00:15,R.h.a.s.a. - Pobater,701006513,AMANCAY,159.5,DelGuazu
2026-09-05,19:00:15,Terminal Zarate S.A.,755138000,INCANSABLE,68.4,DelGuazu
2026-09-05,19:00:15,Esso S.a.p.a.,701007053,B/T NANY,170.9,DelGuazu
2026-09-05,19:00:15,Maripasa S.A.,755201178,NUAR B.,187.5,DelGuazu
2026-09-05,19:00:15,Maripasa S.A.,701006643,DON RAXYZ,214.4,DelGuazu
2026-09-05,19:00:15,Esso S.a.p.a.,701137000,PUNTA PIRAMIDES,447.2,DelGuazu
2026-09-05,19:00:15,Puerto Buenos Aires,352004466,ASTURIANO III,339.4,Braga
2026-09-05,19:00:15,Puerto Dock Sud,352287000,ELENA H,187.8,Braga
2026-09-05,19:00:15,Maripasa S.A.,755201178,,187.1,Braga
2026-09-05,19:00:15,Puerto Buenos Aires,755043000,AVA PAYAGUA,206.1,Braga
2026-09-05,19:10:09,Puerto Rosario S. A. Terminal 1,477754600,MAERSK VENEZIA,69.3,SanLorenzo
2026-09-05,19:10:09,Vicentin S.A.I.C,357458000,BULK ITALY,202.1,SanLorenzo
2026-09-05,19:10:09,Cofco Internacional Argentina S.A.,563169800,RUBY,146.9,SanLorenzo
2026-09-05,19:10:09,Terminal 6 S.A. Muelle Norte,636015600,F. F GLORY,152.6,SanLorenzo
2026-09-05,19:10:09,Louis Dreyfus y Cia. Ltda. Timbúes,341694002,H7 HSB5,336.2,SanLorenzo
2026-09-05,19:10:09,Unidad VI Servicios Portuarios S.A.,538010750,TOKYO SPIRIT,184.0,SanLorenzo
2026-09-05,19:10:09,Cofco S.A.,636024698,MC CALYPSO,145.8,SanLorenzo
2026-09-05,19:10:09,Central Termoeléctrica Timbués Renova,636093258,EMMA JANNEKE,290.2,SanLorenzo
2026-09-05,19:10:09,Bunge - La Plata Cereal S.A. Muelle Dempa,256685000,RODINA,151.3,SanLorenzo
2026-09-05,19:10:09,Terminal Chacabuco YPF,701001114,IGUAZU,116.3,SanLorenzo
2026-09-05,19:10:09,Central Termoeléctrica Timbués Renova,563234800,IVS DUNES,158.3,SanLorenzo
2026-09-05,19:10:09,Bunge - La Plata Cereal S.A.,538004184,BLACK PEARL,191.6,SanLorenzo
2026-09-05,19:10:09,Cargill S.A. Villa Gdor. Gálvez,241624000,LEGEND,323.8,SanLorenzo
2026-09-05,19:10:09,Mosaic S.A. Muelle De Fertilizantes,352006388,NORSE BORNHOLM,188.0,SanLorenzo
2026-09-05,19:10:09,Terminal Chacabuco YPF,701001324,HALCON,117.0,SanLorenzo
2026-09-05,19:10:09,Molinos Rí­o De La Plata,256672000,ARIETTA,371.9,SanLorenzo
2026-09-05,19:10:09,Unidad VI Servicios Portuarios S.A.,538012594,KAPETANIOS,157.3,SanLorenzo
2026-09-05,19:10:09,Axion San Lorenzo,538009801,HELIOS,159.8,SanLorenzo
2026-09-05,19:10:09,Puerto San Lorenzo,563163900,ANNA SCHULTE,110.6,SanLorenzo
2026-09-05,19:10:09,Cargill S.A. Muelle Quebracho,538008936,SOUND YOUNG,217.0,SanLorenzo
2026-09-05,19:10:09,Yeruvá S.A.,701006297,ANTONIO MARIA FERRO,103.5,SanLorenzo
2026-09-05,19:10:09,ADM Agro Terminal El Tránsito,563033900,TORM SUPREME,85.8,SanLorenzo
2026-09-05,19:10:09,Cofco S.A.,701006396,VB RECOLETA,221.8,SanLorenzo
2026-09-05,19:10:09,Puerto Diamante,701006803,ANTONIO PUGLIESE,452.5,SanLorenzo
2026-09-05,19:10:09,Cargill S.A. Punta Alvear,538011430,SOFIA,111.8,SanLorenzo
2026-09-05,19:10:09,Vicentin S.A.I.C,357458000,BULK ITALY,202.1,Rosario
2026-09-05,19:10:09,Puerto Rosario S. A. Terminal 1,477754600,MAERSK VENEZIA,69.3,Rosario
2026-09-05,19:10:09,Unidad VI Servicios Portuarios S.A.,538010750,TOKYO SPIRIT,184.0,Rosario
2026-09-05,19:10:09,Bunge - La Plata Cereal S.A. Muelle Dempa,256685000,RODINA,151.3,Rosario
2026-09-05,19:10:09,Bunge - La Plata Cereal S.A.,538004184,BLACK PEARL,191.6,Rosario
2026-09-05,19:10:09,Cargill S.A. Villa Gdor. Gálvez,241624000,LEGEND,323.8,Rosario
2026-09-05,19:10:09,Mosaic S.A. Muelle De Fertilizantes,352006388,NORSE BORNHOLM,188.0,Rosario
2026-09-05,19:10:09,Louis Dreyfus y Cia. Ltda. Muelle Aceitero,538008276,PORT IMABARI,216.2,Rosario
2026-09-05,19:10:09,Puerto Villa Constitución Unidad II,701006679,,69.5,Rosario
2026-09-05,19:10:09,Molinos Rí­o De La Plata,256672000,ARIETTA,371.9,Rosario
2026-09-05,19:10:09,Unidad VI Servicios Portuarios S.A.,538012594,KAPETANIOS,157.3,Rosario
2026-09-05,19:10:09,Axion San Lorenzo,538009801,HELIOS,159.8,Rosario
2026-09-05,19:10:09,Puerto San Lorenzo,563163900,ANNA SCHULTE,110.6,Rosario
2026-09-05,19:10:09,Cargill S.A. Muelle Quebracho,538008936,SOUND YOUNG,217.0,Rosario
2026-09-05,19:10:09,Yeruvá S.A.,701006297,ANTONIO MARIA FERRO,103.5,Rosario
2026-09-05,19:10:09,Cofco S.A.,701006396,VB RECOLETA,221.8,Rosario
2026-09-05,19:10:09,Cargill S.A. Punta Alvear,538011430,SOFIA,111.8,Rosario
2026-09-05,19:10:09,Carboclor S.A.,215622000,TAXIDIARA,110.1,DelGuazu
2026-09-05,19:10:09,Siderca S.A.,636019109,JY LAKE,376.1,DelGuazu
2026-09-05,19:10:09,Terminal Zarate S.A.,636025521,ITHACA,132.9,DelGuazu
2026-09-05,19:10:09,R.h.a.s.a. - Pobater,701006513,AMANCAY,159.7,DelGuazu
2026-09-05,19:10:09,Terminal Zarate S.A.,755138000,INCANSABLE,65.2,DelGuazu
2026-09-05,19:10:09,Maripasa S.A.,755201178,NUAR B.,186.5,DelGuazu
2026-09-05,19:10:09,Maripasa S.A.,701006643,DON RAXYZ,214.8,DelGuazu
2026-09-05,19:10:09,Esso S.a.p.a.,701137000,PUNTA PIRAMIDES,447.4,DelGuazu
2026-09-05,19:10:09,Esso S.a.p.a.,701007053,,170.8,Braga
2026-09-05,19:10:09,Puerto Buenos Aires,352004466,ASTURIANO III,338.5,Braga
2026-09-05,19:10:09,Puerto Dock Sud,352287000,ELENA H,186.2,Braga
2026-09-05,19:10:09,Puerto Buenos Aires,755043000,AVA PAYAGUA,205.0,Braga
2026-09-05,19:20:09,Louis Dreyfus y Cia. Ltda. Timbúes,341694002,H7 HSB5,332.9,SanLorenzo
2026-09-05,19:20:09,Muelle Alumbrera,255915742,BOCHEM CASABLANCA,161.9,SanLorenzo
2026-09-05,19:20:09,Cofco Internacional Argentina S.A.,563169800,RUBY,147.4,SanLorenzo
2026-09-05,19:20:09,Vicentin S.A.I.C,357458000,BULK ITALY,200.8,SanLorenzo
2026-09-05,19:20:09,Terminal 6 S.A. Muelle Norte,636015600,F. F GLORY,153.4,SanLorenzo
2026-09-05,19:20:09,Puerto Rosario S. A. Terminal 1,477754600,MAERSK VENEZIA,68.8,SanLorenzo
2026-09-05,19:20:09,Unidad VI Servicios Portuarios S.A.,538010750,TOKYO SPIRIT,184.0,SanLorenzo
2026-09-05,19:20:09,Cofco S.A.,636024698,MC CALYPSO,145.8,SanLorenzo
2026-09-05,19:20:09,Bunge - La Plata Cereal S.A. Muelle Dempa,256685000,RODINA,150.0,SanLorenzo
2026-09-05,19:20:09,Central Termoeléctrica Timbués Renova,636093258,EMMA JANNEKE,288.2,SanLorenzo
2026-09-05,19:20:09,Terminal Chacabuco YPF,701001114,IGUAZU,114.8,SanLorenzo
2026-09-05,19:20:09,Central Termoeléctrica Timbués Renova,563234800,IVS DUNES,162.4,SanLorenzo
2026-09-05,19:20:09,Bunge - La Plata Cereal S.A.,538004184,BLACK PEARL,177.3,SanLorenzo
2026-09-05,19:20:09,Cargill S.A. Villa Gdor. Gálvez,241624000,LEGEND,322.1,SanLorenzo
2026-09-05,19:20:09,Mosaic S.A. Muelle De Fertilizantes,352006388,NORSE BORNHOLM,187.2,SanLorenzo
2026-09-05,19:20:09,Unidad VI Servicios Portuarios S.A.,538012594,KAPETANIOS,154.9,SanLorenzo
2026-09-05,19:20:09,Terminal Chacabuco YPF,701001324,HALCON,116.4,SanLorenzo
2026-09-05,19:20:09,Molinos Rí­o De La Plata,256672000,ARIETTA,376.5,SanLorenzo
2026-09-05,19:20:09,Axion San Lorenzo,538009801,HELIOS,158.1,SanLorenzo
2026-09-05,19:20:09,Puerto San Lorenzo,563163900,ANNA SCHULTE,107.2,SanLorenzo
2026-09-05,19:20:09,Cargill S.A. Muelle Quebracho,538008936,SOUND YOUNG,217.0,SanLorenzo
2026-09-05,19:20:09,Yeruvá S.A.,701006297,ANTONIO MARIA FERRO,103.9,SanLorenzo
2026-09-05,19:20:09,ADM Agro Terminal El Tránsito,563033900,TORM SUPREME,90.5,SanLorenzo
2026-09-05,19:20:09,Cofco S.A.,701006396,VB RECOLETA,225.6,SanLorenzo
2026-09-05,19:20:09,Puerto Diamante,701006803,ANTONIO PUGLIESE,453.0,SanLorenzo
2026-09-05,19:20:09,Cargill S.A. Punta Alvear,538011430,SOFIA,110.3,SanLorenzo
2026-09-05,19:20:09,Axion San Lorenzo,538009801,HELIOS,160.5,Rosario
2026-09-05,19:20:09,Vicentin S.A.I.C,357458000,BULK ITALY,200.8,Rosario
2026-09-05,19:20:09,Puerto Rosario S. A. Terminal 1,477754600,MAERSK VENEZIA,68.8,Rosario
2026-09-05,19:20:09,Unidad VI Servicios Portuarios S.A.,538010750,TOKYO SPIRIT,184.0,Rosario
2026-09-05,19:20:09,Bunge - La Plata Cereal S.A. Muelle Dempa,256685000,RODINA,150.0,Rosario
2026-09-05,19:20:09,Puerto Villa Constitución Unidad II,701006679,,76.6,Rosario
2026-09-05,19:20:09,Bunge - La Plata Cereal S.A.,538004184,BLACK PEARL,177.3,Rosario
2026-09-05,19:20:09,Cargill S.A. Villa Gdor. Gálvez,241624000,LEGEND,322.1,Rosario
2026-09-05,19:20:09,Mosaic S.A. Muelle De Fertilizantes,352006388,NORSE BORNHOLM,187.2,Rosario
2026-09-05,19:20:09,Louis Dreyfus y Cia. Ltda. Muelle Aceitero,538008276,PORT IMABARI,215.3,Rosario
2026-09-05,19:20:09,Unidad VI Servicios Portuarios S.A.,538012594,KAPETANIOS,154.9,Rosario
2026-09-05,19:20:09,Molinos Rí­o De La Plata,256672000,ARIETTA,376.5,Rosario
2026-09-05,19:20:09,Puerto San Lorenzo,563163900,ANNA SCHULTE,107.2,Rosario
2026-09-05,19:20:09,Cargill S.A. Muelle Quebracho,538008936,SOUND YOUNG,217.0,Rosario
2026-09-05,19:20:09,Yeruvá S.A.,701006297,ANTONIO MARIA FERRO,103.9,Rosario
2026-09-05,19:20:09,Cofco S.A.,701006396,VB RECOLETA,225.6,Rosario
2026-09-05,19:20:09,Cargill S.A. Punta Alvear,538011430,SOFIA,110.3,Rosario
2026-09-05,19:20:09,Carboclor S.A.,215622000,TAXIDIARA,112.6,DelGuazu
2026-09-05,19:20:09,Siderca S.A.,636019109,JY LAKE,375.5,DelGuazu
2026-09-05,19:20:09,Terminal Zarate S.A.,636025521,ITHACA,133.0,DelGuazu
2026-09-05,19:20:09,Esso S.a.p.a.,701007053,B/T NANY,171.6,DelGuazu
2026-09-05,19:20:09,Maripasa S.A.,755201178,NUAR B.,189.4,DelGuazu
2026-09-05,19:20:09,Maripasa S.A.,701006643,DON RAXYZ,214.5,DelGuazu
2026-09-05,19:20:09,Esso S.a.p.a.,701137000,PUNTA PIRAMIDES,447.4,DelGuazu
2026-09-05,19:20:09,Esso S.a.p.a.,701007053,,171.5,Braga
2026-09-05,19:20:09,Maripasa S.A.,755201178,,188.4,Braga
2026-09-05,19:20:09,Esso S.a.p.a.,701137000,,447.8,Braga
2026-09-05,19:20:09,R.h.a.s.a. - Pobater,701006513,,159.7,Braga
2026-09-05,19:20:09,Puerto Buenos Aires,352004466,ASTURIANO III,340.0,Braga
2026-09-05,19:20:09,Puerto Dock Sud,352287000,ELENA H,188.1,Braga
2026-09-05,19:20:09,Puerto Buenos Aires,755043000,AVA PAYAGUA,204.8,Braga
2026-09-05,19:20:09,Puerto Barranqueras,701006277,,460.0,BellaVista
2026-09-05,19:30:11,Louis Dreyfus y Cia. Ltda. Muelle Aceitero,538008276,,215.8,SanLorenzo
2026-09-05,19:30:11,Puerto Rosario S. A. Terminal 1,477754600,MAERSK VENEZIA,68.8,SanLorenzo
2026-09-05,19:30:11,Vicentin S.A.I.C,357458000,BULK ITALY,199.2,SanLorenzo
2026-09-05,19:30:11,Cofco Internacional Argentina S.A.,563169800,RUBY,147.8,SanLorenzo
2026-09-05,19:30:11,Terminal 6 S.A. Muelle Norte,636015600,F. F GLORY,154.0,SanLorenzo
2026-09-05,19:30:11,Louis Dreyfus y Cia. Ltda. Timbúes,341694002,H7 HSB5,337.5,SanLorenzo
2026-09-05,19:30:11,Cofco S.A.,636024698,MC CALYPSO,145.8,SanLorenzo
2026-09-05,19:30:11,Central Termoeléctrica Timbués Renova,636093258,EMMA JANNEKE,289.2,SanLorenzo
2026-09-05,19:30:11,Bunge - La Plata Cereal S.A. Muelle Dempa,256685000,RODINA,152.7,SanLorenzo
2026-09-05,19:30:11,Terminal Chacabuco YPF,701001114,IGUAZU,115.6,SanLorenzo
2026-09-05,19:30:11,Central Termoeléctrica Timbués Renova,563234800,IVS DUNES,161.0,SanLorenzo
2026-09-05,19:30:11,Bunge - La Plata Cereal S.A.,538004184,BLACK PEARL,177.3,SanLorenzo
2026-09-05,19:30:11,Cargill S.A. Villa Gdor. Gálvez,241624000,LEGEND,322.3,SanLorenzo
2026-09-05,19:30:11,Mosaic S.A. Muelle De Fertilizantes,352006388,NORSE BORNHOLM,188.4,SanLorenzo
2026-09-05,19:30:11,Unidad VI Servicios Portuarios S.A.,538012594,KAPETANIOS,155.0,SanLorenzo
2026-09-05,19:30:11,Terminal Chacabuco YPF,701001324,HALCON,115.9,SanLorenzo
2026-09-05,19:30:11,Molinos Rí­o De La Plata,256672000,ARIETTA,378.7,SanLorenzo
2026-09-05,19:30:11,Puerto San Lorenzo,563163900,ANNA SCHULTE,106.2,SanLorenzo
2026-09-05,19:30:11,Axion San Lorenzo,538009801,HELIOS,159.7,SanLorenzo
2026-09-05,19:30:11,Cargill S.A. Muelle Quebracho,538008936,SOUND YOUNG,216.8,SanLorenzo
2026-09-05,19:30:11,Yeruvá S.A.,701006297,ANTONIO MARIA FERRO,105.0,SanLorenzo
2026-09-05,19:30:11,ADM Agro Terminal El Tránsito,563033900,TORM SUPREME,85.4,SanLorenzo
2026-09-05,19:30:11,Cofco S.A.,701006396,VB RECOLETA,224.1,SanLorenzo
2026-09-05,19:30:11,Puerto Rosario,701001404,GUAZU PUCU,206.2,SanLorenzo
2026-09-05,19:30:11,Puerto Diamante,701006803,ANTONIO PUGLIESE,453.3,SanLorenzo
2026-09-05,19:30:11,Cargill S.A. Punta Alvear,538011430,SOFIA,111.7,SanLorenzo
2026-09-05,19:30:11,Puerto Rosario S. A. Terminal 1,477754600,MAERSK VENEZIA,68.8,Rosario
2026-09-05,19:30:11,Vicentin S.A.I.C,357458000,BULK ITALY,199.2,Rosario
2026-09-05,19:30:11,Bunge - La Plata Cereal S.A. Muelle Dempa,256685000,RODINA,152.7,Rosario
2026-09-05,19:30:11,Puerto Villa Constitución Unidad II,701006679,,73.5,Rosario
2026-09-05,19:30:11,Bunge - La Plata Cereal S.A.,538004184,BLACK PEARL,177.3,Rosario
2026-09-05,19:30:11,Cargill S.A. Villa Gdor. Gálvez,241624000,LEGEND,322.3,Rosario
2026-09-05,19:30:11,Mosaic S.A. Muelle De Fertilizantes,352006388,NORSE BORNHOLM,188.4,Rosario
2026-09-05,19:30:11,Louis Dreyfus y Cia. Ltda. Muelle Aceitero,538008276,PORT IMABARI,214.0,Rosario
2026-09-05,19:30:11,Unidad VI Servicios Portuarios S.A.,538012594,KAPETANIOS,155.0,Rosario
2026-09-05,19:30:11,Molinos Rí­o De La Plata,256672000,ARIETTA,378.7,Rosario
2026-09-05,19:30:11,Puerto San Lorenzo,563163900,ANNA SCHULTE,106.2,Rosario
2026-09-05,19:30:11,Axion San Lorenzo,538009801,,159.7,Rosario
2026-09-05,19:30:11,Cargill S.A. Muelle Quebracho,538008936,SOUND YOUNG,216.8,Rosario
2026-09-05,19:30:11,Yeruvá S.A.,701006297,ANTONIO MARIA FERRO,105.0,Rosario
2026-09-05,19:30:11,Cofco S.A.,701006396,VB RECOLETA,224.1,Rosario
2026-09-05,19:30:11,Puerto Rosario,701001404,GUAZU PUCU,206.2,Rosario
2026-09-05,19:30:11,Cargill S.A. Punta Alvear,538011430,SOFIA,111.7,Rosario
2026-09-05,19:30:11,Carboclor S.A.,215622000,TAXIDIARA,109.8,DelGuazu
2026-09-05,19:30:11,Siderca S.A.,636019109,JY LAKE,380.7,DelGuazu
2026-09-05,19:30:11,Terminal Zarate S.A.,636025521,ITHACA,131.7,DelGuazu
2026-09-05,19:30:11,R.h.a.s.a. - Pobater,701006513,AMANCAY,160.8,DelGuazu
2026-09-05,19:30:11,Terminal Zarate S.A.,755138000,INCANSABLE,63.4,DelGuazu
2026-09-05,19:30:11,Maripasa S.A.,755201178,NUAR B.,188.7,DelGuazu
2026-09-05,19:30:11,Maripasa S.A.,701006643,DON RAXYZ,214.5,DelGuazu
2026-09-05,19:30:11,Esso S.a.p.a.,701137000,PUNTA PIRAMIDES,447.4,DelGuazu
2026-09-05,19:30:11,Puerto Buenos Aires,352004466,ASTURIANO III,340.6,Braga
2026-09-05,19:30:11,Maripasa S.A.,755125000,,311.0,Braga
2026-09-05,19:30:11,Puerto Dock Sud,352287000,ELENA H,190.5,Braga
2026-09-05,19:30:11,Puerto Buenos Aires,755043000,AVA PAYAGUA,205.2,Braga
2026-09-05,19:40:09,Puerto Rosario S. A. Terminal 1,477754600,MAERSK VENEZIA,69.1,SanLorenzo
2026-09-05,19:40:09,Vicentin S.A.I.C,357458000,BULK ITALY,202.1,SanLorenzo
2026-09-05,19:40:09,Cofco Internacional Argentina S.A.,563169800,RUBY,150.7,SanLorenzo
2026-09-05,19:40:09,Terminal 6 S.A. Muelle Norte,636015600,F. F GLORY,151.9,SanLorenzo
2026-09-05,19:40:09,Louis Dreyfus y Cia. Ltda. Timbúes,341694002,H7 HSB5,335.2,SanLorenzo
2026-09-05,19:40:09,Terminal 6 S.A. Muelle Sur,538004481,AGIA PARASKEVI,116.9,SanLorenzo
2026-09-05,19:40:09,Unidad VI Servicios Portuarios S.A.,538010750,TOKYO SPIRIT,182.9,SanLorenzo
2026-09-05,19:40:09,Cofco S.A.,636024698,MC CALYPSO,145.8,SanLorenzo
2026-09-05,19:40:09,Central Termoeléctrica Timbués Renova,636093258,EMMA JANNEKE,292.9,SanLorenzo
2026-09-05,19:40:09,Bunge - La Plata Cereal S.A. Muelle Dempa,256685000,RODINA,152.8,SanLorenzo
2026-09-05,19:40:09,Terminal Chacabuco YPF,701001114,IGUAZU,117.2,SanLorenzo
2026-09-05,19:40:09,Central Termoeléctrica Timbués Renova,563234800,IVS DUNES,160.4,SanLorenzo
2026-09-05,19:40:09,Bunge - La Plata Cereal S.A.,538004184,BLACK PEARL,178.7,SanLorenzo
2026-09-05,19:40:09,Cargill S.A. Villa Gdor. Gálvez,241624000,LEGEND,321.3,SanLorenzo
2026-09-05,19:40:09,Mosaic S.A. Muelle De Fertilizantes,352006388,NORSE BORNHOLM,187.0,SanLorenzo
2026-09-05,19:40:09,Unidad VI Servicios Portuarios S.A.,538012594,KAPETANIOS,153.1,SanLorenzo
2026-09-05,19:40:09,Molinos Rí­o De La Plata,256672000,ARIETTA,376.9,SanLorenzo
2026-09-05,19:40:09,Terminal Chacabuco YPF,701001324,HALCON,116.1,SanLorenzo
2026-09-05,19:40:09,Puerto San Lorenzo,563163900,ANNA SCHULTE,104.5,SanLorenzo
2026-09-05,19:40:09,Axion San Lorenzo,538009801,HELIOS,159.5,SanLorenzo
2026-09-05,19:40:09,Cargill S.A. Muelle Quebracho,538008936,SOUND YOUNG,216.7,SanLorenzo
2026-09-05,19:40:09,Yeruvá S.A.,701006297,ANTONIO MARIA FERRO,103.5,SanLorenzo
2026-09-05,19:40:09,Yeruvá S.A.,701006899,DON BASILIO,82.0,SanLorenzo
2026-09-05,19:40:09,ADM Agro Terminal El Tránsito,563033900,TORM SUPREME,82.6,SanLorenzo
2026-09-05,19:40:09,Puerto Rosario,701001404,GUAZU PUCU,207.2,SanLorenzo
2026-09-05,19:40:09,Puerto Diamante,701006803,ANTONIO PUGLIESE,453.2,SanLorenzo
2026-09-05,19:40:09,Cofco S.A.,701006396,VB RECOLETA,222.6,SanLorenzo
2026-09-05,19:40:09,Cargill S.A. Punta Alvear,538011430,SOFIA,112.3,SanLorenzo
2026-09-05,19:40:09,Vicentin S.A.I.C,357458000,BULK ITALY,202.1,Rosario
2026-09-05,19:40:09,Puerto Rosario S. A. Terminal 1,477754600,MAERSK VENEZIA,68.8,Rosario
2026-09-05,19:40:09,Unidad VI Servicios Portuarios S.A.,538010750,TOKYO SPIRIT,182.9,Rosario
2026-09-05,19:40:09,Bunge - La Plata Cereal S.A. Muelle Dempa,256685000,RODINA,152.8,Rosario
2026-09-05,19:40:09,Bunge - La Plata Cereal S.A.,538004184,BLACK PEARL,178.7,Rosario
2026-09-05,19:40:09,Puerto Villa Constitución Unidad II,701006679,,82.1,Rosario
2026-09-05,19:40:09,Cargill S.A. Villa Gdor. Gálvez,241624000,LEGEND,321.3,Rosario
2026-09-05,19:40:09,Mosaic S.A. Muelle De Fertilizantes,352006388,NORSE BORNHOLM,187.0,Rosario
2026-09-05,19:40:09,Louis Dreyfus y Cia. Ltda. Muelle Aceitero,538008276,PORT IMABARI,215.8,Rosario
2026-09-05,19:40:09,Unidad VI Servicios Portuarios S.A.,538012594,KAPETANIOS,153.1,Rosario
2026-09-05,19:40:09,Molinos Rí­o De La Plata,256672000,ARIETTA,376.9,Rosario
2026-09-05,19:40:09,Puerto San Lorenzo,563163900,ANNA SCHULTE,104.5,Rosario
2026-09-05,19:40:09,Axion San Lorenzo,538009801,,159.5,Rosario
2026-09-05,19:40:09,Cargill S.A. Muelle Quebracho,538008936,SOUND YOUNG,216.7,Rosario
2026-09-05,19:40:09,Yeruvá S.A.,701006297,ANTONIO MARIA FERRO,103.5,Rosario
2026-09-05,19:40:09,Yeruvá S.A.,701006899,DON BASILIO,82.0,Rosario
2026-09-05,19:40:09,Puerto Rosario,701001404,GUAZU PUCU,207.2,Rosario
2026-09-05,19:40:09,Cofco S.A.,701006396,VB RECOLETA,222.6,Rosario
2026-09-05,19:40:09,Cargill S.A. Punta Alvear,538011430,SOFIA,112.3,Rosario
2026-09-05,19:40:09,Siderca S.A.,636019109,JY LAKE,376.3,DelGuazu
2026-09-05,19:40:09,Terminal Zarate S.A.,636025521,ITHACA,130.2,DelGuazu
2026-09-05,19:40:09,R.h.a.s.a. - Pobater,701006513,AMANCAY,160.2,DelGuazu
2026-09-05,19:40:09,R.h.a.s.a. - Pobater,701006318,MAMACOTA,159.7,DelGuazu
2026-09-05,19:40:09,Esso S.a.p.a.,701137000,PUNTA PIRAMIDES,447.6,DelGuazu
2026-09-05,19:40:09,Esso S.a.p.a.,701007053,B/T NANY,171.2,DelGuazu
2026-09-05,19:40:09,Terminal Zarate S.A.,755138000,INCANSABLE,64.7,DelGuazu
2026-09-05,19:40:09,Maripasa S.A.,755201178,NUAR B.,187.1,DelGuazu
2026-09-05,19:40:09,Maripasa S.A.,701006643,DON RAXYZ,214.1,DelGuazu
2026-09-05,19:40:09,Carboclor S.A.,215622000,TAXIDIARA,111.2,DelGuazu
2026-09-05,19:40:09,Terminal Zarate S.A.,755138000,,64.0,Braga
2026-09-05,19:40:09,Maripasa S.A.,755125000,,305.1,Braga
2026-09-05,19:40:09,Puerto Buenos Aires,352004466,ASTURIANO III,342.2,Braga
2026-09-05,19:40:09,Siderca S.A.,636019109,,376.3,Braga
2026-09-05,19:40:09,Maripasa S.A.,701006643,,214.5,Braga
2026-09-05,19:40:09,Puerto Dock Sud,352287000,ELENA H,186.8,Braga
2026-09-05,19:40:09,Maripasa S.A.,755201178,,186.9,Braga
2026-09-05,19:40:09,Puerto Buenos Aires,755043000,AVA PAYAGUA,204.7,Braga
2026-09-05,19:40:09,Carboclor S.A.,215622000,,111.2,Braga
2026-09-05,19:40:09,Puerto Barranqueras,701006277,,455.9,BellaVista
2026-09-05,19:50:09,Muelle Alumbrera,255915742,,161.5,SanLorenzo
2026-09-05,19:50:09,Cofco Internacional Argentina S.A.,563169800,RUBY,148.4,SanLorenzo
2026-09-05,19:50:09,Vicentin S.A.I.C,357458000,BULK ITALY,199.6,SanLorenzo
2026-09-05,19:50:09,Terminal 6 S.A. Muelle Norte,636015600,F. F GLORY,151.0,SanLorenzo
2026-09-05,19:50:09,Puerto Rosario S. A. Terminal 1,477754600,MAERSK VENEZIA,69.3,SanLorenzo
2026-09-05,19:50:09,Terminal 6 S.A. Muelle Sur,538004481,AGIA PARASKEVI,123.6,SanLorenzo
2026-09-05,19:50:09,Louis Dreyfus y Cia. Ltda. Timbúes,341694002,H7 HSB5,337.3,SanLorenzo
2026-09-05,19:50:09,Cofco S.A.,636024698,MC CALYPSO,145.8,SanLorenzo
2026-09-05,19:50:09,Unidad VI Servicios Portuarios S.A.,538010750,TOKYO SPIRIT,183.1,SanLorenzo
2026-09-05,19:50:09,Central Termoeléctrica Timbués Renova,636093258,EMMA JANNEKE,291.6,SanLorenzo
2026-09-05,19:50:09,Bunge - La Plata Cereal S.A. Muelle Dempa,256685000,RODINA,151.5,SanLorenzo
2026-09-05,19:50:09,Terminal Chacabuco YPF,701001114,IGUAZU,118.0,SanLorenzo
2026-09-05,19:50:09,Central Termoeléctrica Timbués Renova,563234800,IVS DUNES,160.3,SanLorenzo
2026-09-05,19:50:09,Bunge - La Plata Cereal S.A.,538004184,BLACK PEARL,183.6,SanLorenzo
2026-09-05,19:50:09,Cargill S.A. Villa Gdor. Gálvez,241624000,LEGEND,324.4,SanLorenzo
2026-09-05,19:50:09,Mosaic S.A. Muelle De Fertilizantes,352006388,NORSE BORNHOLM,189.3,SanLorenzo
2026-09-05,19:50:09,Unidad VI Servicios Portuarios S.A.,538012594,KAPETANIOS,157.5,SanLorenzo
2026-09-05,19:50:09,Molinos Rí­o De La Plata,256672000,ARIETTA,372.8,SanLorenzo
2026-09-05,19:50:09,Terminal Chacabuco YPF,701001324,HALCON,116.6,SanLorenzo
2026-09-05,19:50:09,Axion San Lorenzo,538009801,HELIOS,160.3,SanLorenzo
2026-09-05,19:50:09,Puerto San Lorenzo,563163900,ANNA SCHULTE,113.3,SanLorenzo
2026-09-05,19:50:09,Cargill S.A. Muelle Quebracho,538008936,SOUND YOUNG,215.3,SanLorenzo
2026-09-05,19:50:09,Yeruvá S.A.,701006297,ANTONIO MARIA FERRO,103.0,SanLorenzo
2026-09-05,19:50:09,Cofco S.A.,701006396,VB RECOLETA,222.6,SanLorenzo
2026-09-05,19:50:09,ADM Agro Terminal El Tránsito,563033900,TORM SUPREME,84.3,SanLorenzo
2026-09-05,19:50:09,Puerto Diamante,701006803,ANTONIO PUGLIESE,453.2,SanLorenzo
2026-09-05,19:50:09,Central Termoeléctrica Timbués Renova,701006443,MAYU,59.8,SanLorenzo
2026-09-05,19:50:09,Vicentin S.A.I.C,357458000,BULK ITALY,199.6,Rosario
2026-09-05,19:50:09,Puerto Rosario S. A. Terminal 1,477754600,MAERSK VENEZIA,69.3,Rosario
2026-09-05,19:50:09,Cofco S.A.,636024698,,145.8,Rosario
2026-09-05,19:50:09,Unidad VI Servicios Portuarios S.A.,538010750,TOKYO SPIRIT,183.1,Rosario
2026-09-05,19:50:09,Bunge - La Plata Cereal S.A. Muelle Dempa,256685000,RODINA,151.5,Rosario
2026-09-05,19:50:09,Bunge - La Plata Cereal S.A.,538004184,BLACK PEARL,183.6,Rosario
2026-09-05,19:50:09,Cargill S.A. Villa Gdor. Gálvez,241624000,LEGEND,324.4,Rosario
2026-09-05,19:50:09,Mosaic S.A. Muelle De Fertilizantes,352006388,NORSE BORNHOLM,189.3,Rosario
2026-09-05,19:50:09,Louis Dreyfus y Cia. Ltda. Muelle Aceitero,538008276,PORT IMABARI,214.1,Rosario
2026-09-05,19:50:09,Unidad VI Servicios Portuarios S.A.,538012594,KAPETANIOS,157.5,Rosario
2026-09-05,19:50:09,Molinos Rí­o De La Plata,256672000,ARIETTA,372.8,Rosario
2026-09-05,19:50:09,Axion San Lorenzo,538009801,,160.3,Rosario
2026-09-05,19:50:09,Puerto San Lorenzo,563163900,ANNA SCHULTE,113.3,Rosario
2026-09-05,19:50:09,Cargill S.A. Muelle Quebracho,538008936,SOUND YOUNG,215.3,Rosario
2026-09-05,19:50:09,Puerto Villa Constitución Unidad II,701006679,,90.4,Rosario
2026-09-05,19:50:09,Yeruvá S.A.,701006297,ANTONIO MARIA FERRO,103.0,Rosario
2026-09-05,19:50:09,Cofco S.A.,701006396,VB RECOLETA,222.6,Rosario
2026-09-05,19:50:09,Carboclor S.A.,215622000,TAXIDIARA,113.8,DelGuazu
2026-09-05,19:50:09,Siderca S.A.,636019109,JY LAKE,377.4,DelGuazu
2026-09-05,19:50:09,Terminal Zarate S.A.,636025521,ITHACA,132.6,DelGuazu
2026-09-05,19:50:09,R.h.a.s.a. - Pobater,701006513,AMANCAY,162.2,DelGuazu
2026-09-05,19:50:09,R.h.a.s.a. - Pobater,701006318,MAMACOTA,159.1,DelGuazu
2026-09-05,19:50:09,Esso S.a.p.a.,701137000,PUNTA PIRAMIDES,447.8,DelGuazu
2026-09-05,19:50:09,Maripasa S.A.,701006643,DON RAXYZ,214.4,DelGuazu
2026-09-05,19:50:09,Terminal Zarate S.A.,755138000,INCANSABLE,68.9,DelGuazu
2026-09-05,19:50:09,Maripasa S.A.,755201178,NUAR B.,187.2,DelGuazu
2026-09-05,19:50:09,Maripasa S.A.,701006643,,214.5,Braga
2026-09-05,19:50:09,Siderca S.A.,636019109,,375.7,Braga
2026-09-05,19:50:09,Maripasa S.A.,755201178,,189.3,Braga
2026-09-05,19:50:09,Puerto Buenos Aires,352004466,ASTURIANO III,339.4,Braga
2026-09-05,19:50:09,Esso S.a.p.a.,701007053,,170.9,Braga
2026-09-05,19:50:09,Puerto Buenos Aires,755043000,AVA PAYAGUA,203.6,Braga
2026-09-05,19:50:09,Puerto Dock Sud,352287000,ELENA H,189.0,Braga
2026-09-05,20:00:10,Muelle Alumbrera,255915742,,161.8,SanLorenzo
2026-09-05,20:00:10,Unidad VI Servicios Portuarios S.A.,538010750,TOKYO SPIRIT,182.9,SanLorenzo
2026-09-05,20:00:10,Cofco Internacional Argentina S.A.,563169800,RUBY,148.7,SanLorenzo
2026-09-05,20:00:10,Vicentin S.A.I.C,357458000,BULK ITALY,200.6,SanLorenzo
2026-09-05,20:00:10,Terminal 6 S.A. Muelle Norte,636015600,F. F GLORY,153.5,SanLorenzo
2026-09-05,20:00:10,Terminal 6 S.A. Muelle Sur,538004481,AGIA PARASKEVI,130.6,SanLorenzo
2026-09-05,20:00:10,Louis Dreyfus y Cia. Ltda. Timbúes,341694002,H7 HSB5,343.1,SanLorenzo
2026-09-05,20:00:10,Cofco S.A.,636024698,MC CALYPSO,145.6,SanLorenzo
2026-09-05,20:00:10,Central Termoeléctrica Timbués Renova,636093258,EMMA JANNEKE,289.2,SanLorenzo
2026-09-05,20:00:10,Bunge - La Plata Cereal S.A. Muelle Dempa,256685000,RODINA,152.3,SanLorenzo
2026-09-05,20:00:10,Terminal Chacabuco YPF,701001114,IGUAZU,118.2,SanLorenzo
2026-09-05,20:00:10,Central Termoeléctrica Timbués Renova,563234800,IVS DUNES,160.4,SanLorenzo
2026-09-05,20:00:10,Bunge - La Plata Cereal S.A.,538004184,BLACK PEARL,188.8,SanLorenzo
2026-09-05,20:00:10,Cargill S.A. Villa Gdor. Gálvez,241624000,LEGEND,322.2,SanLorenzo
2026-09-05,20:00:10,Mosaic S.A. Muelle De Fertilizantes,352006388,NORSE BORNHOLM,188.5,SanLorenzo
2026-09-05,20:00:10,Unidad VI Servicios Portuarios S.A.,538012594,KAPETANIOS,159.6,SanLorenzo
2026-09-05,20:00:10,Axion San Lorenzo,538009801,HELIOS,158.4,SanLorenzo
2026-09-05,20:00:10,Molinos Rí­o De La Plata,256672000,ARIETTA,371.5,SanLorenzo
2026-09-05,20:00:10,Terminal Chacabuco YPF,701001324,HALCON,115.5,SanLorenzo
2026-09-05,20:00:10,Puerto Rosario S. A. Terminal 1,477754600,MAERSK VENEZIA,68.8,SanLorenzo
2026-09-05,20:00:10,Puerto San Lorenzo,563163900,ANNA SCHULTE,109.6,SanLorenzo
2026-09-05,20:00:10,Cargill S.A. Muelle Quebracho,538008936,SOUND YOUNG,215.9,SanLorenzo
2026-09-05,20:00:10,ADM Agro Terminal El Tránsito,563033900,TORM SUPREME,86.8,SanLorenzo
2026-09-05,20:00:10,Yeruvá S.A.,701006297,ANTONIO MARIA FERRO,104.2,SanLorenzo
2026-09-05,20:00:10,Yeruvá S.A.,701006899,DON BASILIO,80.1,SanLorenzo
2026-09-05,20:00:10,Cofco S.A.,701006396,VB RECOLETA,220.3,SanLorenzo
2026-09-05,20:00:10,Puerto Diamante,701006803,ANTONIO PUGLIESE,453.6,SanLorenzo
2026-09-05,20:00:10,Cargill S.A. Punta Alvear,538011430,SOFIA,109.7,SanLorenzo
2026-09-05,20:00:10,Puerto Villa Constitución Unidad II,701006679,,81.4,Rosario
2026-09-05,20:00:10,Unidad VI Servicios Portuarios S.A.,538010750,TOKYO SPIRIT,182.9,Rosario
2026-09-05,20:00:10,Vicentin S.A.I.C,357458000,BULK ITALY,200.6,Rosario
2026-09-05,20:00:10,Cofco S.A.,636024698,,145.6,Rosario
2026-09-05,20:00:10,Bunge - La Plata Cereal S.A. Muelle Dempa,256685000,RODINA,152.3,Rosario
2026-09-05,20:00:10,Bunge - La Plata Cereal S.A.,538004184,BLACK PEARL,188.8,Rosario
2026-09-05,20:00:10,Cargill S.A. Villa Gdor. Gálvez,241624000,LEGEND,322.2,Rosario
2026-09-05,20:00:10,Mosaic S.A. Muelle De Fertilizantes,352006388,NORSE BORNHOLM,188.5,Rosario
2026-09-05,20:00:10,Louis Dreyfus y Cia. Ltda. Muelle Aceitero,538008276,PORT IMABARI,214.4,Rosario
2026-09-05,20:00:10,Unidad VI Servicios Portuarios S.A.,538012594,KAPETANIOS,159.6,Rosario
2026-09-05,20:00:10,Axion San Lorenzo,538009801,HELIOS,158.4,Rosario
2026-09-05,20:00:10,Molinos Rí­o De La Plata,256672000,ARIETTA,371.5,Rosario
2026-09-05,20:00:10,Puerto Rosario S. A. Terminal 1,477754600,MAERSK VENEZIA,68.8,Rosario
2026-09-05,20:00:10,Puerto San Lorenzo,563163900,ANNA SCHULTE,109.6,Rosario
2026-09-05,20:00:10,Cargill S.A. Muelle Quebracho,538008936,SOUND YOUNG,215.9,Rosario
2026-09-05,20:00:10,Yeruvá S.A.,701006297,ANTONIO MARIA FERRO,104.2,Rosario
2026-09-05,20:00:10,Yeruvá S.A.,701006899,DON BASILIO,80.1,Rosario
2026-09-05,20:00:10,Cofco S.A.,701006396,VB RECOLETA,220.3,Rosario
2026-09-05,20:00:10,Cargill S.A. Punta Alvear,538011430,SOFIA,109.7,Rosario
2026-09-05,20:00:10,Puerto Rosario,701001404,GUAZU PUCU,206.9,Rosario
2026-09-05,20:00:10,Siderca S.A.,636019109,JY LAKE,378.9,DelGuazu
2026-09-05,20:00:10,Terminal Zarate S.A.,636025521,ITHACA,128.8,DelGuazu
2026-09-05,20:00:10,R.h.a.s.a. - Pobater,701006513,AMANCAY,161.9,DelGuazu
2026-09-05,20:00:10,R.h.a.s.a. - Pobater,701006318,MAMACOTA,158.1,DelGuazu
2026-09-05,20:00:10,Esso S.a.p.a.,701137000,PUNTA PIRAMIDES,447.7,DelGuazu
2026-09-05,20:00:10,Maripasa S.A.,701006643,DON RAXYZ,213.7,DelGuazu
2026-09-05,20:00:10,Esso S.a.p.a.,701007053,B/T NANY,171.2,DelGuazu
2026-09-05,20:00:10,Terminal Zarate S.A.,755138000,INCANSABLE,65.0,DelGuazu
2026-09-05,20:00:10,Maripasa S.A.,755201178,NUAR B.,189.1,DelGuazu
2026-09-05,20:00:10,Carboclor S.A.,215622000,TAXIDIARA,110.7,DelGuazu
2026-09-05,20:00:10,Puerto Buenos Aires,352004466,ASTURIANO III,338.5,Braga
2026-09-05,20:00:10,Esso S.a.p.a.,701007053,,171.2,Braga
2026-09-05,20:00:10,Maripasa S.A.,755201178,,188.7,Braga
2026-09-05,20:00:10,Puerto Dock Sud,352287000,ELENA H,186.7,Braga
2026-09-05,20:00:10,Puerto Buenos Aires,755043000,AVA PAYAGUA,205.8,Braga
2026-09-05,20:00:10,Puerto Barranqueras,701006277,,457.0,BellaVista
2026-09-05,20:10:09,Muelle Alumbrera,255915742,BOCHEM CASABLANCA,161.1,SanLorenzo
2026-09-05,20:10:09,Louis Dreyfus y Cia. Ltda. Timbúes,341694002,H7 HSB5,319.3,SanLorenzo
2026-09-05,20:10:09,Unidad VI Servicios Portuarios S.A.,538010750,TOKYO SPIRIT,182.2,SanLorenzo
2026-09-05,20:10:09,Cofco Internacional Argentina S.A.,563169800,RUBY,149.9,SanLorenzo
2026-09-05,20:10:09,Vicentin S.A.I.C,357458000,BULK ITALY,199.9,SanLorenzo
2026-09-05,20:10:09,Terminal 6 S.A. Muelle Norte,636015600,F. F GLORY,154.2,SanLorenzo
2026-09-05,20:10:09,Puerto Rosario S. A. Terminal 1,477754600,MAERSK VENEZIA,69.2,SanLorenzo
2026-09-05,20:10:09,Terminal 6 S.A. Muelle Sur,538004481,AGIA PARASKEVI,127.5,SanLorenzo
2026-09-05,20:10:09,Cofco S.A.,636024698,MC CALYPSO,146.1,SanLorenzo
2026-09-05,20:10:09,Central Termoeléctrica Timbués Renova,636093258,EMMA JANNEKE,290.1,SanLorenzo
2026-09-05,20:10:09,Bunge - La Plata Cereal S.A. Muelle Dempa,256685000,RODINA,153.3,SanLorenzo
2026-09-05,20:10:09,Terminal Chacabuco YPF,701001114,IGUAZU,116.7,SanLorenzo
2026-09-05,20:10:09,Central Termoeléctrica Timbués Renova,563234800,IVS DUNES,160.2,SanLorenzo
2026-09-05,20:10:09,Bunge - La Plata Cereal S.A.,538004184,BLACK PEARL,188.4,SanLorenzo
2026-09-05,20:10:09,Cargill S.A. Villa Gdor. Gálvez,241624000,LEGEND,322.1,SanLorenzo
2026-09-05,20:10:09,Mosaic S.A. Muelle De Fertilizantes,352006388,NORSE BORNHOLM,189.2,SanLorenzo
2026-09-05,20:10:09,Unidad VI Servicios Portuarios S.A.,538012594,KAPETANIOS,156.5,SanLorenzo
2026-09-05,20:10:09,Molinos Rí­o De La Plata,256672000,ARIETTA,375.6,SanLorenzo
2026-09-05,20:10:09,Terminal Chacabuco YPF,701001324,HALCON,114.8,SanLorenzo
2026-09-05,20:10:09,Axion San Lorenzo,538009801,HELIOS,161.2,SanLorenzo
2026-09-05,20:10:09,Puerto San Lorenzo,563163900,ANNA SCHULTE,110.3,SanLorenzo
2026-09-05,20:10:09,Cargill S.A. Muelle Quebracho,538008936,SOUND YOUNG,217.3,SanLorenzo
2026-09-05,20:10:09,Yeruvá S.A.,701006297,ANTONIO MARIA FERRO,102.7,SanLorenzo
2026-09-05,20:10:09,ADM Agro Terminal El Tránsito,563033900,TORM SUPREME,86.8,SanLorenzo
2026-09-05,20:10:09,Yeruvá S.A.,701006899,DON BASILIO,80.6,SanLorenzo
2026-09-05,20:10:09,Cofco S.A.,701006396,VB RECOLETA,222.6,SanLorenzo
2026-09-05,20:10:09,Puerto Diamante,701006803,ANTONIO PUGLIESE,454.2,SanLorenzo
2026-09-05,20:10:09,Cargill S.A. Punta Alvear,538011430,SOFIA,111.0,SanLorenzo
2026-09-05,20:10:09,Axion San Lorenzo,538009801,HELIOS,158.2,Rosario
2026-09-05,20:10:09,Vicentin S.A.I.C,357458000,BULK ITALY,199.9,Rosario
2026-09-05,20:10:09,Puerto Rosario S. A. Terminal 1,477754600,MAERSK VENEZIA,69.2,Rosario
2026-09-05,20:10:09,Unidad VI Servicios Portuarios S.A.,538010750,TOKYO SPIRIT,182.3,Rosario
2026-09-05,20:10:09,Bunge - La Plata Cereal S.A. Muelle Dempa,256685000,RODINA,153.3,Rosario
2026-09-05,20:10:09,Bunge - La Plata Cereal S.A.,538004184,BLACK PEARL,188.4,Rosario
2026-09-05,20:10:09,Cargill S.A. Villa Gdor. Gálvez,241624000,LEGEND,322.1,Rosario
2026-09-05,20:10:09,Louis Dreyfus y Cia. Ltda. Muelle Aceitero,538008276,PORT IMABARI,213.5,Rosario
2026-09-05,20:10:09,Mosaic S.A. Muelle De Fertilizantes,352006388,NORSE BORNHOLM,189.2,Rosario
2026-09-05,20:10:09,Unidad VI Servicios Portuarios S.A.,538012594,KAPETANIOS,156.5,Rosario
2026-09-05,20:10:09,Molinos Rí­o De La Plata,256672000,ARIETTA,375.6,Rosario
2026-09-05,20:10:09,Puerto San Lorenzo,563163900,ANNA SCHULTE,110.3,Rosario
2026-09-05,20:10:09,Cargill S.A. Muelle Quebracho,538008936,SOUND YOUNG,217.3,Rosario
2026-09-05,20:10:09,Yeruvá S.A.,701006297,ANTONIO MARIA FERRO,102.7,Rosario
2026-09-05,20:10:09,Yeruvá S.A.,701006899,DON BASILIO,80.6,Rosario
2026-09-05,20:10:09,Cofco S.A.,701006396,VB RECOLETA,222.6,Rosario
2026-09-05,20:10:09,Cargill S.A. Punta Alvear,538011430,SOFIA,111.0,Rosario
2026-09-05,20:10:09,Carboclor S.A.,215622000,TAXIDIARA,110.3,DelGuazu
2026-09-05,20:10:09,Siderca S.A.,636019109,JY LAKE,376.1,DelGuazu
2026-09-05,20:10:09,Terminal Zarate S.A.,636025521,ITHACA,133.9,DelGuazu
2026-09-05,20:10:09,R.h.a.s.a. - Pobater,701006318,MAMACOTA,159.4,DelGuazu
2026-09-05,20:10:09,Terminal Zarate S.A.,755138000,INCANSABLE,69.4,DelGuazu
2026-09-05,20:10:09,Esso S.a.p.a.,701007053,B/T NANY,171.9,DelGuazu
2026-09-05,20:10:09,Maripasa S.A.,755201178,NUAR B.,186.9,DelGuazu
2026-09-05,20:10:09,Esso S.a.p.a.,701137000,PUNTA PIRAMIDES,447.8,DelGuazu
2026-09-05,20:10:09,R.h.a.s.a. - Pobater,701006318,,158.8,Braga
2026-09-05,20:10:09,Carboclor S.A.,215622000,,113.5,Braga
2026-09-05,20:10:09,Puerto Buenos Aires,352004466,ASTURIANO III,340.9,Braga
2026-09-05,20:10:09,Maripasa S.A.,701006643,,214.8,Braga
2026-09-05,20:10:09,Maripasa S.A.,755201178,,185.7,Braga
2026-09-05,20:10:09,Esso S.a.p.a.,701007053,,171.9,Braga
2026-09-05,20:10:09,Terminal Zarate S.A.,755138000,,69.3,Braga
2026-09-05,20:10:09,Puerto Dock Sud,352287000,ELENA H,183.3,Braga
2026-09-05,20:10:09,Puerto Buenos Aires,755043000,AVA PAYAGUA,205.4,Braga
2026-09-05,20:10:09,Puerto Barranqueras,701006277,RAP,461.6,BellaVista
2026-09-05,20:20:09,Muelle Alumbrera,255915742,BOCHEM CASABLANCA,163.8,SanLorenzo
2026-09-05,20:20:09,Cofco Internacional Argentina S.A.,563169800,RUBY,148.7,SanLorenzo
2026-09-05,20:20:09,Puerto Rosario S. A. Terminal 1,477754600,MAERSK VENEZIA,69.1,SanLorenzo
2026-09-05,20:20:09,Vicentin S.A.I.C,357458000,BULK ITALY,200.5,SanLorenzo
2026-09-05,20:20:09,Terminal 6 S.A. Muelle Norte,636015600,F. F GLORY,153.0,SanLorenzo
2026-09-05,20:20:09,Terminal 6 S.A. Muelle Sur,538004481,AGIA PARASKEVI,127.4,SanLorenzo
2026-09-05,20:20:09,Louis Dreyfus y Cia. Ltda. Timbúes,341694002,H7 HSB5,328.1,SanLorenzo
2026-09-05,20:20:09,Cofco S.A.,636024698,MC CALYPSO,146.6,SanLorenzo
2026-09-05,20:20:09,Unidad VI Servicios Portuarios S.A.,538010750,TOKYO SPIRIT,182.3,SanLorenzo
2026-09-05,20:20:09,Central Termoeléctrica Timbués Renova,636093258,EMMA JANNEKE,290.0,SanLorenzo
2026-09-05,20:20:09,Bunge - La Plata Cereal S.A. Muelle Dempa,256685000,RODINA,152.5,SanLorenzo
2026-09-05,20:20:09,Terminal Chacabuco YPF,701001114,IGUAZU,119.5,SanLorenzo
2026-09-05,20:20:09,Bunge - La Plata Cereal S.A.,538004184,BLACK PEARL,188.4,SanLorenzo
2026-09-05,20:20:09,Mosaic S.A. Muelle De Fertilizantes,352006388,NORSE BORNHOLM,188.6,SanLorenzo
2026-09-05,20:20:09,Unidad VI Servicios Portuarios S.A.,538012594,KAPETANIOS,155.1,SanLorenzo
2026-09-05,20:20:09,Molinos Rí­o De La Plata,256672000,ARIETTA,374.6,SanLorenzo
2026-09-05,20:20:09,Terminal Chacabuco YPF,701001324,HALCON,115.5,SanLorenzo
2026-09-05,20:20:09,Axion San Lorenzo,538009801,HELIOS,158.8,SanLorenzo
2026-09-05,20:20:09,Puerto San Lorenzo,563163900,ANNA SCHULTE,107.5,SanLorenzo
2026-09-05,20:20:09,Cargill S.A. Muelle Quebracho,538008936,SOUND YOUNG,216.9,SanLorenzo
2026-09-05,20:20:09,ADM Agro Terminal El Tránsito,563033900,TORM SUPREME,88.5,SanLorenzo
2026-09-05,20:20:09,Cargill S.A. Villa Gdor. Gálvez,241624000,LEGEND,320.3,SanLorenzo
2026-09-05,20:20:09,Yeruvá S.A.,701006297,ANTONIO MARIA FERRO,103.6,SanLorenzo
2026-09-05,20:20:09,Yeruvá S.A.,701006899,DON BASILIO,82.0,SanLorenzo
2026-09-05,20:20:09,Puerto Diamante,701006803,ANTONIO PUGLIESE,453.7,SanLorenzo
2026-09-05,20:20:09,Cofco S.A.,701006396,VB RECOLETA,223.2,SanLorenzo
2026-09-05,20:20:09,Cargill S.A. Punta Alvear,538011430,SOFIA,113.0,SanLorenzo
2026-09-05,20:20:09,Cofco S.A.,636024698,MC CALYPSO,146.3,Rosario
2026-09-05,20:20:09,Puerto Villa Constitución Unidad II,701006679,,72.3,Rosario
2026-09-05,20:20:09,Vicentin S.A.I.C,357458000,BULK ITALY,200.5,Rosario
2026-09-05,20:20:09,Puerto Rosario S. A. Terminal 1,477754600,MAERSK VENEZIA,69.1,Rosario
2026-09-05,20:20:09,Unidad VI Servicios Portuarios S.A.,538010750,TOKYO SPIRIT,182.3,Rosario
2026-09-05,20:20:09,Bunge - La Plata Cereal S.A. Muelle Dempa,256685000,RODINA,152.5,Rosario
2026-09-05,20:20:09,Bunge - La Plata Cereal S.A.,538004184,BLACK PEARL,188.4,Rosario
2026-09-05,20:20:09,Mosaic S.A. Muelle De Fertilizantes,352006388,NORSE BORNHOLM,188.6,Rosario
2026-09-05,20:20:09,Louis Dreyfus y Cia. Ltda. Muelle Aceitero,538008276,PORT IMABARI,215.9,Rosario
2026-09-05,20:20:09,Unidad VI Servicios Portuarios S.A.,538012594,KAPETANIOS,155.1,Rosario
2026-09-05,20:20:09,Molinos Rí­o De La Plata,256672000,ARIETTA,374.6,Rosario
2026-09-05,20:20:09,Axion San Lorenzo,538009801,HELIOS,158.8,Rosario
2026-09-05,20:20:09,Puerto San Lorenzo,563163900,ANNA SCHULTE,107.5,Rosario
2026-09-05,20:20:09,Cargill S.A. Muelle Quebracho,538008936,SOUND YOUNG,216.9,Rosario
2026-09-05,20:20:09,Cargill S.A. Villa Gdor. Gálvez,241624000,LEGEND,320.3,Rosario
2026-09-05,20:20:09,Yeruvá S.A.,701006297,ANTONIO MARIA FERRO,103.6,Rosario
2026-09-05,20:20:09,Yeruvá S.A.,701006899,DON BASILIO,82.0,Rosario
2026-09-05,20:20:09,Cofco S.A.,701006396,VB RECOLETA,223.2,Rosario
2026-09-05,20:20:09,Cargill S.A. Punta Alvear,538011430,SOFIA,113.0,Rosario
2026-09-05,20:20:09,Carboclor S.A.,215622000,TAXIDIARA,112.8,DelGuazu
2026-09-05,20:20:09,Siderca S.A.,636019109,JY LAKE,376.7,DelGuazu
2026-09-05,20:20:09,Terminal Zarate S.A.,636025521,ITHACA,132.4,DelGuazu
2026-09-05,20:20:09,Esso S.a.p.a.,701137000,PUNTA PIRAMIDES,447.4,DelGuazu
2026-09-05,20:20:09,R.h.a.s.a. - Pobater,701006318,MAMACOTA,159.4,DelGuazu
2026-09-05,20:20:09,Esso S.a.p.a.,701007053,B/T NANY,171.8,DelGuazu
2026-09-05,20:20:09,Terminal Zarate S.A.,755138000,INCANSABLE,69.6,DelGuazu
2026-09-05,20:20:09,Maripasa S.A.,755201178,NUAR B.,187.0,DelGuazu
2026-09-05,20:20:09,R.h.a.s.a. - Pobater,701006318,,159.8,Braga
2026-09-05,20:20:09,Esso S.a.p.a.,701137000,,447.6,Braga
2026-09-05,20:20:09,Puerto Buenos Aires,352004466,ASTURIANO III,340.8,Braga
2026-09-05,20:20:09,Maripasa S.A.,755201178,,186.9,Braga
2026-09-05,20:20:09,Puerto Dock Sud,352287000,ELENA H,186.2,Braga
2026-09-05,20:20:09,Puerto Buenos Aires,755043000,AVA PAYAGUA,204.6,Braga
2026-09-05,20:20:09,Puerto Barranqueras,701006277,RAP,462.0,BellaVista
2026-09-05,20:30:11,Muelle Alumbrera,255915742,BOCHEM CASABLANCA,162.9,SanLorenzo
2026-09-05,20:30:11,Cofco Internacional Argentina S.A.,563169800,RUBY,150.2,SanLorenzo
2026-09-05,20:30:11,Puerto Rosario S. A. Terminal 1,477754600,MAERSK VENEZIA,69.1,SanLorenzo
2026-09-05,20:30:11,Vicentin S.A.I.C,357458000,BULK ITALY,198.8,SanLorenzo
2026-09-05,20:30:11,Terminal 6 S.A. Muelle Norte,636015600,F. F GLORY,153.9,SanLorenzo
2026-09-05,20:30:11,Terminal 6 S.A. Muelle Sur,538004481,AGIA PARASKEVI,127.5,SanLorenzo
2026-09-05,20:30:11,Louis Dreyfus y Cia. Ltda. Timbúes,341694002,H7 HSB5,329.6,SanLorenzo
2026-09-05,20:30:11,Cofco S.A.,636024698,MC CALYPSO,146.6,SanLorenzo
2026-09-05,20:30:11,Central Termoeléctrica Timbués Renova,636093258,EMMA JANNEKE,290.5,SanLorenzo
2026-09-05,20:30:11,Bunge - La Plata Cereal S.A. Muelle Dempa,256685000,RODINA,152.2,SanLorenzo
2026-09-05,20:30:11,Terminal Chacabuco YPF,701001114,IGUAZU,118.5,SanLorenzo
2026-09-05,20:30:11,Central Termoeléctrica Timbués Renova,563234800,IVS DUNES,160.9,SanLorenzo
2026-09-05,20:30:11,Bunge - La Plata Cereal S.A.,538004184,BLACK PEARL,185.8,SanLorenzo
2026-09-05,20:30:11,Mosaic S.A. Muelle De Fertilizantes,352006388,NORSE BORNHOLM,188.8,SanLorenzo
2026-09-05,20:30:11,Unidad VI Servicios Portuarios S.A.,538012594,KAPETANIOS,156.6,SanLorenzo
2026-09-05,20:30:11,Axion San Lorenzo,538009801,HELIOS,155.9,SanLorenzo
2026-09-05,20:30:11,Molinos Rí­o De La Plata,256672000,ARIETTA,374.2,SanLorenzo
2026-09-05,20:30:11,Terminal Chacabuco YPF,701001324,HALCON,114.1,SanLorenzo
2026-09-05,20:30:11,Puerto San Lorenzo,563163900,ANNA SCHULTE,109.2,SanLorenzo
2026-09-05,20:30:11,Cargill S.A. Muelle Quebracho,538008936,SOUND YOUNG,215.5,SanLorenzo
2026-09-05,20:30:11,Yeruvá S.A.,701006297,ANTONIO MARIA FERRO,104.4,SanLorenzo
2026-09-05,20:30:11,Yeruvá S.A.,701006899,DON BASILIO,82.2,SanLorenzo
2026-09-05,20:30:11,ADM Agro Terminal El Tránsito,563033900,TORM SUPREME,89.7,SanLorenzo
2026-09-05,20:30:11,Cofco S.A.,701006396,VB RECOLETA,222.4,SanLorenzo
2026-09-05,20:30:11,Puerto Diamante,701006803,ANTONIO PUGLIESE,453.5,SanLorenzo
2026-09-05,20:30:11,Cargill S.A. Punta Alvear,538011430,SOFIA,110.7,SanLorenzo
2026-09-05,20:30:11,Cargill S.A. Villa Gdor. Gálvez,241624000,LEGEND,323.4,SanLorenzo
2026-09-05,20:30:11,Puerto Villa Constitución Unidad II,701006679,,77.0,Rosario
2026-09-05,20:30:11,Cofco S.A.,636024698,,146.6,Rosario
2026-09-05,20:30:11,Vicentin S.A.I.C,357458000,BULK ITALY,198.8,Rosario
2026-09-05,20:30:11,Puerto Rosario S. A. Terminal 1,477754600,MAERSK VENEZIA,68.9,Rosario
2026-09-05,20:30:11,Bunge - La Plata Cereal S.A. Muelle Dempa,256685000,RODINA,152.2,Rosario
2026-09-05,20:30:11,Bunge - La Plata Cereal S.A.,538004184,BLACK PEARL,185.8,Rosario
2026-09-05,20:30:11,Mosaic S.A. Muelle De Fertilizantes,352006388,NORSE BORNHOLM,188.8,Rosario
2026-09-05,20:30:11,Louis Dreyfus y Cia. Ltda. Muelle Aceitero,538008276,PORT IMABARI,216.8,Rosario
2026-09-05,20:30:11,Unidad VI Servicios Portuarios S.A.,538012594,KAPETANIOS,156.6,Rosario
2026-09-05,20:30:11,Axion San Lorenzo,538009801,HELIOS,155.9,Rosario
2026-09-05,20:30:11,Molinos Rí­o De La Plata,256672000,ARIETTA,374.2,Rosario
2026-09-05,20:30:11,Puerto San Lorenzo,563163900,ANNA SCHULTE,109.2,Rosario
2026-09-05,20:30:11,Cargill S.A. Muelle Quebracho,538008936,SOUND YOUNG,215.5,Rosario
2026-09-05,20:30:11,Yeruvá S.A.,701006297,ANTONIO MARIA FERRO,104.4,Rosario
2026-09-05,20:30:11,Yeruvá S.A.,701006899,DON BASILIO,82.2,Rosario
2026-09-05,20:30:11,Cofco S.A.,701006396,VB RECOLETA,222.4,Rosario
2026-09-05,20:30:11,Cargill S.A. Punta Alvear,538011430,SOFIA,110.7,Rosario
2026-09-05,20:30:11,Cargill S.A. Villa Gdor. Gálvez,241624000,LEGEND,323.4,Rosario
2026-09-05,20:30:11,Siderca S.A.,636019109,JY LAKE,375.7,DelGuazu
2026-09-05,20:30:11,Carboclor S.A.,215622000,TAXIDIARA,114.0,DelGuazu
2026-09-05,20:30:11,Terminal Zarate S.A.,636025521,ITHACA,135.0,DelGuazu
2026-09-05,20:30:11,R.h.a.s.a. - Pobater,701006318,MAMACOTA,159.5,DelGuazu
2026-09-05,20:30:11,Esso S.a.p.a.,701137000,PUNTA PIRAMIDES,447.8,DelGuazu
2026-09-05,20:30:11,Terminal Zarate S.A.,755138000,INCANSABLE,66.9,DelGuazu
2026-09-05,20:30:11,Esso S.a.p.a.,701007053,B/T NANY,171.4,DelGuazu
2026-09-05,20:30:11,Maripasa S.A.,755201178,NUAR B.,188.0,DelGuazu
2026-09-05,20:30:11,Esso S.a.p.a.,701137000,PUNTA PIRAMIDES,447.4,Braga
2026-09-05,20:30:11,Puerto Buenos Aires,352004466,ASTURIANO III,340.3,Braga
2026-09-05,20:30:11,Maripasa S.A.,755201178,,185.9,Braga
2026-09-05,20:30:11,Terminal Zarate S.A.,755138000,,68.8,Braga
2026-09-05,20:30:11,Esso S.a.p.a.,701007053,,171.5,Braga
2026-09-05,20:30:11,R.h.a.s.a. - Pobater,701006318,,159.9,Braga
2026-09-05,20:30:11,Puerto Dock Sud,352287000,ELENA H,187.5,Braga
2026-09-05,20:30:11,Puerto Buenos Aires,755043000,AVA PAYAGUA,204.7,Braga
2026-09-05,20:30:11,Puerto Barranqueras,701006277,RAP,457.8,BellaVista
2026-09-05,20:40:10,Muelle Alumbrera,255915742,,162.5,SanLorenzo
2026-09-05,20:40:10,Cofco Internacional Argentina S.A.,563169800,RUBY,148.2,SanLorenzo
2026-09-05,20:40:10,Vicentin S.A.I.C,357458000,BULK ITALY,198.8,SanLorenzo
2026-09-05,20:40:10,Puerto Rosario S. A. Terminal 1,477754600,,69.6,SanLorenzo
2026-09-05,20:40:10,Terminal 6 S.A. Muelle Sur,538004481,AGIA PARASKEVI,135.8,SanLorenzo
2026-09-05,20:40:10,Louis Dreyfus y Cia. Ltda. Timbúes,341694002,H7 HSB5,328.2,SanLorenzo
2026-09-05,20:40:10,Cofco S.A.,636024698,MC CALYPSO,146.8,SanLorenzo
2026-09-05,20:40:10,Unidad VI Servicios Portuarios S.A.,538010750,TOKYO SPIRIT,182.0,SanLorenzo
2026-09-05,20:40:10,Central Termoeléctrica Timbués Renova,636093258,EMMA JANNEKE,289.1,SanLorenzo
2026-09-05,20:40:10,Bunge - La Plata Cereal S.A. Muelle Dempa,256685000,RODINA,154.7,SanLorenzo
2026-09-05,20:40:10,Terminal Chacabuco YPF,701001114,IGUAZU,116.0,SanLorenzo
2026-09-05,20:40:10,Central Termoeléctrica Timbués Renova,563234800,IVS DUNES,161.9,SanLorenzo
2026-09-05,20:40:10,Bunge - La Plata Cereal S.A.,538004184,BLACK PEARL,187.6,SanLorenzo
2026-09-05,20:40:10,Cargill S.A. Villa Gdor. Gálvez,241624000,LEGEND,322.4,SanLorenzo
2026-09-05,20:40:10,Mosaic S.A. Muelle De Fertilizantes,352006388,NORSE BORNHOLM,187.7,SanLorenzo
2026-09-05,20:40:10,Unidad VI Servicios Portuarios S.A.,538012594,KAPETANIOS,154.5,SanLorenzo
2026-09-05,20:40:10,Aceitera General Deheza,538008779,LIVADI,235.8,SanLorenzo
2026-09-05,20:40:10,Molinos Rí­o De La Plata,256672000,ARIETTA,374.9,SanLorenzo
2026-09-05,20:40:10,Terminal Chacabuco YPF,701001324,HALCON,114.7,SanLorenzo
2026-09-05,20:40:10,Axion San Lorenzo,538009801,HELIOS,158.2,SanLorenzo
2026-09-05,20:40:10,Puerto San Lorenzo,563163900,ANNA SCHULTE,109.0,SanLorenzo
2026-09-05,20:40:10,Cargill S.A. Muelle Quebracho,538008936,SOUND YOUNG,215.7,SanLorenzo
2026-09-05,20:40:10,Cofco S.A.,701006396,VB RECOLETA,221.6,SanLorenzo
2026-09-05,20:40:10,Yeruvá S.A.,701006297,ANTONIO MARIA FERRO,104.6,SanLorenzo
2026-09-05,20:40:10,Yeruvá S.A.,701006899,DON BASILIO,81.6,SanLorenzo
2026-09-05,20:40:10,ADM Agro Terminal El Tránsito,563033900,TORM SUPREME,87.7,SanLorenzo
2026-09-05,20:40:10,Puerto Diamante,701006803,ANTONIO PUGLIESE,454.0,SanLorenzo
2026-09-05,20:40:10,Cargill S.A. Punta Alvear,538011430,SOFIA,110.8,SanLorenzo
2026-09-05,20:40:10,Puerto Villa Constitución Unidad II,701006679,,70.9,Rosario
2026-09-05,20:40:10,Vicentin S.A.I.C,357458000,BULK ITALY,198.8,Rosario
2026-09-05,20:40:10,Puerto Rosario S. A. Terminal 1,477754600,MAERSK VENEZIA,69.6,Rosario
2026-09-05,20:40:10,Cofco S.A.,636024698,MC CALYPSO,146.8,Rosario
2026-09-05,20:40:10,Unidad VI Servicios Portuarios S.A.,538010750,TOKYO SPIRIT,182.0,Rosario
2026-09-05,20:40:10,Bunge - La Plata Cereal S.A. Muelle Dempa,256685000,RODINA,154.7,Rosario
2026-09-05,20:40:10,Bunge - La Plata Cereal S.A.,538004184,BLACK PEARL,187.6,Rosario
2026-09-05,20:40:10,Cargill S.A. Villa Gdor. Gálvez,241624000,LEGEND,322.4,Rosario
2026-09-05,20:40:10,Mosaic S.A. Muelle De Fertilizantes,352006388,NORSE BORNHOLM,187.7,Rosario
2026-09-05,20:40:10,Louis Dreyfus y Cia. Ltda. Muelle Aceitero,538008276,PORT IMABARI,213.8,Rosario
2026-09-05,20:40:10,Unidad VI Servicios Portuarios S.A.,538012594,KAPETANIOS,154.5,Rosario
2026-09-05,20:40:10,Aceitera General Deheza,538008779,LIVADI,235.8,Rosario
2026-09-05,20:40:10,Molinos Rí­o De La Plata,256672000,ARIETTA,374.9,Rosario
2026-09-05,20:40:10,Axion San Lorenzo,538009801,HELIOS,158.2,Rosario
2026-09-05,20:40:10,Puerto San Lorenzo,563163900,ANNA SCHULTE,109.0,Rosario
2026-09-05,20:40:10,Cargill S.A. Muelle Quebracho,538008936,SOUND YOUNG,215.7,Rosario
2026-09-05,20:40:10,Cofco S.A.,701006396,VB RECOLETA,221.6,Rosario
2026-09-05,20:40:10,Yeruvá S.A.,701006297,ANTONIO MARIA FERRO,104.6,Rosario
2026-09-05,20:40:10,Yeruvá S.A.,701006899,DON BASILIO,81.6,Rosario
2026-09-05,20:40:10,Cargill S.A. Punta Alvear,538011430,SOFIA,110.8,Rosario
2026-09-05,20:40:10,Carboclor S.A.,215622000,TAXIDIARA,110.0,DelGuazu
2026-09-05,20:40:10,Siderca S.A.,636019109,JY LAKE,377.8,DelGuazu
2026-09-05,20:40:10,Terminal Zarate S.A.,636025521,ITHACA,134.3,DelGuazu
2026-09-05,20:40:10,Esso S.a.p.a.,701137000,PUNTA PIRAMIDES,447.5,DelGuazu
2026-09-05,20:40:10,Esso S.a.p.a.,701007053,B/T NANY,172.0,DelGuazu
2026-09-05,20:40:10,Maripasa S.A.,755201178,NUAR B.,186.5,DelGuazu
2026-09-05,20:40:10,Terminal Zarate S.A.,755138000,INCANSABLE,67.9,DelGuazu
2026-09-05,20:40:10,Maripasa S.A.,755201178,,187.7,Braga
2026-09-05,20:40:10,Puerto Buenos Aires,352004466,ASTURIANO III,340.8,Braga
2026-09-05,20:40:10,Esso S.a.p.a.,701007053,,172.0,Braga
2026-09-05,20:40:10,Puerto Dock Sud,352287000,ELENA H,188.1,Braga
2026-09-05,20:40:10,Puerto Buenos Aires,755043000,AVA PAYAGUA,207.3,Braga
2026-09-05,20:40:10,Puerto Barranqueras,701006277,RAP,459.1,BellaVista
2026-09-05,20:50:09,Muelle Alumbrera,255915742,,163.0,SanLorenzo
2026-09-05,20:50:09,Louis Dreyfus y Cia. Ltda. Muelle Aceitero,538008276,,217.0,SanLorenzo
2026-09-05,20:50:09,Cofco Internacional Argentina S.A.,563169800,RUBY,148.8,SanLorenzo
2026-09-05,20:50:09,Puerto Rosario S. A. Terminal 1,477754600,MAERSK VENEZIA,70.2,SanLorenzo
2026-09-05,20:50:09,Vicentin S.A.I.C,357458000,BULK ITALY,201.1,SanLorenzo
2026-09-05,20:50:09,Terminal 6 S.A. Muelle Sur,538004481,AGIA PARASKEVI,119.3,SanLorenzo
2026-09-05,20:50:09,Louis Dreyfus y Cia. Ltda. Timbúes,341694002,H7 HSB5,329.8,SanLorenzo
2026-09-05,20:50:09,Unidad VI Servicios Portuarios S.A.,538010750,TOKYO SPIRIT,182.3,SanLorenzo
2026-09-05,20:50:09,Cofco S.A.,636024698,MC CALYPSO,146.8,SanLorenzo
2026-09-05,20:50:09,Central Termoeléctrica Timbués Renova,636093258,EMMA JANNEKE,290.0,SanLorenzo
2026-09-05,20:50:09,Bunge - La Plata Cereal S.A. Muelle Dempa,256685000,RODINA,152.6,SanLorenzo
2026-09-05,20:50:09,Terminal Chacabuco YPF,701001114,IGUAZU,115.1,SanLorenzo
2026-09-05,20:50:09,Central Termoeléctrica Timbués Renova,563234800,IVS DUNES,161.0,SanLorenzo
2026-09-05,20:50:09,Bunge - La Plata Cereal S.A.,538004184,BLACK PEARL,191.6,SanLorenzo
2026-09-05,20:50:09,Cargill S.A. Villa Gdor. Gálvez,241624000,LEGEND,325.2,SanLorenzo
2026-09-05,20:50:09,Mosaic S.A. Muelle De Fertilizantes,352006388,NORSE BORNHOLM,187.6,SanLorenzo
2026-09-05,20:50:09,Unidad VI Servicios Portuarios S.A.,538012594,KAPETANIOS,154.8,SanLorenzo
2026-09-05,20:50:09,Aceitera General Deheza,538008779,LIVADI,232.8,SanLorenzo
2026-09-05,20:50:09,Terminal Chacabuco YPF,701001324,HALCON,114.5,SanLorenzo
2026-09-05,20:50:09,Molinos Rí­o De La Plata,256672000,ARIETTA,378.4,SanLorenzo
2026-09-05,20:50:09,Axion San Lorenzo,538009801,HELIOS,157.6,SanLorenzo
2026-09-05,20:50:09,Puerto San Lorenzo,563163900,ANNA SCHULTE,106.2,SanLorenzo
2026-09-05,20:50:09,Cargill S.A. Muelle Quebracho,538008936,SOUND YOUNG,217.6,SanLorenzo
2026-09-05,20:50:09,Yeruvá S.A.,701006297,ANTONIO MARIA FERRO,101.8,SanLorenzo
2026-09-05,20:50:09,ADM Agro Terminal El Tránsito,563033900,TORM SUPREME,88.8,SanLorenzo
2026-09-05,20:50:09,Cofco S.A.,701006396,VB RECOLETA,221.8,SanLorenzo
2026-09-05,20:50:09,Puerto Rosario,701001404,GUAZU PUCU,207.1,SanLorenzo
2026-09-05,20:50:09,Puerto Diamante,701006803,ANTONIO PUGLIESE,452.6,SanLorenzo
2026-09-05,20:50:09,Cargill S.A. Punta Alvear,538011430,SOFIA,110.8,SanLorenzo
2026-09-05,20:50:09,Aceitera General Deheza,538008779,LIVADI,235.7,Rosario
2026-09-05,20:50:09,Puerto Rosario S. A. Terminal 1,477754600,MAERSK VENEZIA,70.2,Rosario
2026-09-05,20:50:09,Vicentin S.A.I.C,357458000,BULK ITALY,201.1,Rosario
2026-09-05,20:50:09,Unidad VI Servicios Portuarios S.A.,538010750,TOKYO SPIRIT,182.3,Rosario
2026-09-05,20:50:09,Cofco S.A.,636024698,MC CALYPSO,146.8,Rosario
2026-09-05,20:50:09,Bunge - La Plata Cereal S.A. Muelle Dempa,256685000,RODINA,152.6,Rosario
2026-09-05,20:50:09,Bunge - La Plata Cereal S.A.,538004184,BLACK PEARL,191.6,Rosario
2026-09-05,20:50:09,Cargill S.A. Villa Gdor. Gálvez,241624000,LEGEND,325.2,Rosario
2026-09-05,20:50:09,Mosaic S.A. Muelle De Fertilizantes,352006388,NORSE BORNHOLM,187.6,Rosario
2026-09-05,20:50:09,Louis Dreyfus y Cia. Ltda. Muelle Aceitero,538008276,PORT IMABARI,216.7,Rosario
2026-09-05,20:50:09,Cofco S.A.,701006396,VB RECOLETA,222.9,Rosario
2026-09-05,20:50:09,Unidad VI Servicios Portuarios S.A.,538012594,KAPETANIOS,154.8,Rosario
2026-09-05,20:50:09,Molinos Rí­o De La Plata,256672000,ARIETTA,378.4,Rosario
2026-09-05,20:50:09,Puerto San Lorenzo,563163900,ANNA SCHULTE,106.2,Rosario
2026-09-05,20:50:09,Cargill S.A. Muelle Quebracho,538008936,SOUND YOUNG,217.6,Rosario
2026-09-05,20:50:09,Puerto Villa Constitución Unidad II,701006679,,79.5,Rosario
2026-09-05,20:50:09,Yeruvá S.A.,701006297,ANTONIO MARIA FERRO,101.8,Rosario
2026-09-05,20:50:09,Puerto Rosario,701001404,GUAZU PUCU,207.1,Rosario
2026-09-05,20:50:09,Cargill S.A. Punta Alvear,538011430,SOFIA,110.8,Rosario
2026-09-05,20:50:09,Carboclor S.A.,215622000,TAXIDIARA,116.4,DelGuazu
2026-09-05,20:50:09,Siderca S.A.,636019109,JY LAKE,372.6,DelGuazu
2026-09-05,20:50:09,Terminal Zarate S.A.,636025521,ITHACA,134.9,DelGuazu
2026-09-05,20:50:09,R.h.a.s.a. - Pobater,701006318,MAMACOTA,160.3,DelGuazu
2026-09-05,20:50:09,Esso S.a.p.a.,701137000,PUNTA PIRAMIDES,448.0,DelGuazu
2026-09-05,20:50:09,Terminal Zarate S.A.,755138000,INCANSABLE,66.7,DelGuazu
2026-09-05,20:50:09,Maripasa S.A.,755201178,NUAR B.,186.9,DelGuazu
2026-09-05,20:50:09,Maripasa S.A.,755201178,,186.7,Braga
2026-09-05,20:50:09,Puerto Buenos Aires,352004466,ASTURIANO III,339.5,Braga
2026-09-05,20:50:09,Puerto Dock Sud,352287000,ELENA H,185.9,Braga
2026-09-05,20:50:09,Puerto Buenos Aires,755043000,AVA PAYAGUA,206.6,Braga
2026-09-05,20:50:09,Puerto Barranqueras,701006277,RAP,458.8,BellaVista
2026-09-05,21:00:16,Cofco Internacional Argentina S.A.,563169800,RUBY,146.0,SanLorenzo
2026-09-05,21:00:16,Vicentin S.A.I.C,357458000,BULK ITALY,202.2,SanLorenzo
2026-09-05,21:00:16,Puerto Rosario S. A. Terminal 1,477754600,MAERSK VENEZIA,69.3,SanLorenzo
2026-09-05,21:00:16,Terminal 6 S.A. Muelle Sur,538004481,AGIA PARASKEVI,134.9,SanLorenzo
2026-09-05,21:00:16,Louis Dreyfus y Cia. Ltda. Timbúes,341694002,H7 HSB5,336.3,SanLorenzo
2026-09-05,21:00:16,Cofco S.A.,636024698,MC CALYPSO,146.6,SanLorenzo
2026-09-05,21:00:16,Unidad VI Servicios Portuarios S.A.,538010750,TOKYO SPIRIT,182.3,SanLorenzo
2026-09-05,21:00:16,Central Termoeléctrica Timbués Renova,636093258,EMMA JANNEKE,292.7,SanLorenzo
2026-09-05,21:00:16,Bunge - La Plata Cereal S.A. Muelle Dempa,256685000,RODINA,150.4,SanLorenzo
2026-09-05,21:00:16,Terminal Chacabuco YPF,701001114,IGUAZU,114.3,SanLorenzo
2026-09-05,21:00:16,Central Termoeléctrica Timbués Renova,563234800,IVS DUNES,162.4,SanLorenzo
2026-09-05,21:00:16,Bunge - La Plata Cereal S.A.,538004184,BLACK PEARL,194.1,SanLorenzo
2026-09-05,21:00:16,Cargill S.A. Villa Gdor. Gálvez,241624000,LEGEND,323.3,SanLorenzo
2026-09-05,21:00:16,Mosaic S.A. Muelle De Fertilizantes,352006388,NORSE BORNHOLM,188.5,SanLorenzo
2026-09-05,21:00:16,Unidad VI Servicios Portuarios S.A.,538012594,KAPETANIOS,156.3,SanLorenzo
2026-09-05,21:00:16,Aceitera General Deheza,538008779,LIVADI,235.4,SanLorenzo
2026-09-05,21:00:16,Molinos Rí­o De La Plata,256672000,ARIETTA,373.5,SanLorenzo
2026-09-05,21:00:16,Terminal Chacabuco YPF,701001324,HALCON,115.6,SanLorenzo
2026-09-05,21:00:16,Axion San Lorenzo,538009801,HELIOS,158.9,SanLorenzo
2026-09-05,21:00:16,Puerto San Lorenzo,563163900,ANNA SCHULTE,112.3,SanLorenzo
2026-09-05,21:00:16,Cargill S.A. Muelle Quebracho,538008936,SOUND YOUNG,215.8,SanLorenzo
2026-09-05,21:00:16,Yeruvá S.A.,701006297,ANTONIO MARIA FERRO,101.3,SanLorenzo
2026-09-05,21:00:16,Puerto Diamante,701006803,ANTONIO PUGLIESE,451.5,SanLorenzo
2026-09-05,21:00:16,Cofco S.A.,701006396,VB RECOLETA,222.8,SanLorenzo
2026-09-05,21:00:16,ADM Agro Terminal El Tránsito,563033900,TORM SUPREME,89.6,SanLorenzo
2026-09-05,21:00:16,Cargill S.A. Punta Alvear,538011430,SOFIA,112.1,SanLorenzo
2026-09-05,21:00:16,Cofco S.A.,636024698,MC CALYPSO,146.6,Rosario
2026-09-05,21:00:16,Vicentin S.A.I.C,357458000,BULK ITALY,202.2,Rosario
2026-09-05,21:00:16,Puerto Rosario S. A. Terminal 1,477754600,MAERSK VENEZIA,69.3,Rosario
2026-09-05,21:00:16,Unidad VI Servicios Portuarios S.A.,538010750,TOKYO SPIRIT,182.3,Rosario
2026-09-05,21:00:16,Bunge - La Plata Cereal S.A. Muelle Dempa,256685000,RODINA,150.4,Rosario
2026-09-05,21:00:16,Bunge - La Plata Cereal S.A.,538004184,BLACK PEARL,194.1,Rosario
2026-09-05,21:00:16,Cargill S.A. Villa Gdor. Gálvez,241624000,LEGEND,323.3,Rosario
2026-09-05,21:00:16,Mosaic S.A. Muelle De Fertilizantes,352006388,NORSE BORNHOLM,188.5,Rosario
2026-09-05,21:00:16,Louis Dreyfus y Cia. Ltda. Muelle Aceitero,538008276,PORT IMABARI,212.6,Rosario
2026-09-05,21:00:16,Unidad VI Servicios Portuarios S.A.,538012594,KAPETANIOS,156.3,Rosario
2026-09-05,21:00:16,Aceitera General Deheza,538008779,LIVADI,235.4,Rosario
2026-09-05,21:00:16,Molinos Rí­o De La Plata,256672000,ARIETTA,373.5,Rosario
2026-09-05,21:00:16,Axion San Lorenzo,538009801,,158.9,Rosario
2026-09-05,21:00:16,Puerto Villa Constitución Unidad II,701006679,,82.3,Rosario
2026-09-05,21:00:16,Puerto San Lorenzo,563163900,ANNA SCHULTE,112.3,Rosario
2026-09-05,21:00:16,Cargill S.A. Muelle Quebracho,538008936,SOUND YOUNG,215.8,Rosario
2026-09-05,21:00:16,Yeruvá S.A.,701006297,ANTONIO MARIA FERRO,101.3,Rosario
2026-09-05,21:00:16,Cofco S.A.,701006396,VB RECOLETA,222.8,Rosario
2026-09-05,21:00:16,Cargill S.A. Punta Alvear,538011430,SOFIA,112.1,Rosario
2026-09-05,21:00:16,Carboclor S.A.,215622000,TAXIDIARA,110.9,DelGuazu
2026-09-05,21:00:16,Siderca S.A.,636019109,JY LAKE,377.1,DelGuazu
2026-09-05,21:00:16,Terminal Zarate S.A.,636025521,ITHACA,132.7,DelGuazu
2026-09-05,21:00:16,R.h.a.s.a. - Pobater,701006513,AMANCAY,161.1,DelGuazu
2026-09-05,21:00:16,Esso S.a.p.a.,701137000,PUNTA PIRAMIDES,447.7,DelGuazu
2026-09-05,21:00:16,Maripasa S.A.,755201178,NUAR B.,186.6,DelGuazu
2026-09-05,21:00:16,Esso S.a.p.a.,701137000,,448.2,Braga
2026-09-05,21:00:16,Maripasa S.A.,755201178,,185.6,Braga
2026-09-05,21:00:16,R.h.a.s.a. - Pobater,701006318,,159.8,Braga
2026-09-05,21:00:16,Puerto Buenos Aires,352004466,ASTURIANO III,342.0,Braga
2026-09-05,21:00:16,Puerto Dock Sud,352287000,ELENA H,189.1,Braga
2026-09-05,21:00:16,Puerto Buenos Aires,755043000,AVA PAYAGUA,206.1,Braga
2026-09-05,21:00:16,Puerto Barranqueras,701006277,RAP,459.8,BellaVista
2026-09-05,21:10:09,Muelle Alumbrera,255915742,BOCHEM CASABLANCA,163.0,SanLorenzo
2026-09-05,21:10:09,Cofco Internacional Argentina S.A.,563169800,RUBY,150.9,SanLorenzo
2026-09-05,21:10:09,Vicentin S.A.I.C,357458000,BULK ITALY,200.5,SanLorenzo
2026-09-05,21:10:09,Puerto Rosario S. A. Terminal 1,477754600,MAERSK VENEZIA,69.6,SanLorenzo
2026-09-05,21:10:09,Louis Dreyfus y Cia. Ltda. Timbúes,341694002,H7 HSB5,343.3,SanLorenzo
2026-09-05,21:10:09,Terminal 6 S.A. Muelle Sur,538004481,AGIA PARASKEVI,125.9,SanLorenzo
2026-09-05,21:10:09,Cofco S.A.,636024698,MC CALYPSO,147.5,SanLorenzo
2026-09-05,21:10:09,Unidad VI Servicios Portuarios S.A.,538010750,TOKYO SPIRIT,182.7,SanLorenzo
2026-09-05,21:10:09,Central Termoeléctrica Timbués Renova,636093258,EMMA JANNEKE,288.3,SanLorenzo
2026-09-05,21:10:09,Bunge - La Plata Cereal S.A. Muelle Dempa,256685000,RODINA,150.8,SanLorenzo
2026-09-05,21:10:09,Central Termoeléctrica Timbués Renova,563234800,IVS DUNES,163.8,SanLorenzo
2026-09-05,21:10:09,Bunge - La Plata Cereal S.A.,538004184,BLACK PEARL,194.1,SanLorenzo
2026-09-05,21:10:09,Terminal Chacabuco YPF,701001307,MAX DREAM,97.4,SanLorenzo
2026-09-05,21:10:09,Cargill S.A. Villa Gdor. Gálvez,241624000,LEGEND,324.5,SanLorenzo
2026-09-05,21:10:09,Mosaic S.A. Muelle De Fertilizantes,352006388,NORSE BORNHOLM,189.1,SanLorenzo
2026-09-05,21:10:09,Unidad VI Servicios Portuarios S.A.,538012594,KAPETANIOS,154.2,SanLorenzo
2026-09-05,21:10:09,Aceitera General Deheza,538008779,LIVADI,232.7,SanLorenzo
2026-09-05,21:10:09,Molinos Rí­o De La Plata,256672000,ARIETTA,377.1,SanLorenzo
2026-09-05,21:10:09,Terminal Chacabuco YPF,701001324,HALCON,114.8,SanLorenzo
2026-09-05,21:10:09,Axion San Lorenzo,538009801,HELIOS,159.5,SanLorenzo
2026-09-05,21:10:09,Puerto San Lorenzo,563163900,ANNA SCHULTE,108.6,SanLorenzo
2026-09-05,21:10:09,Cargill S.A. Muelle Quebracho,538008936,SOUND YOUNG,216.7,SanLorenzo
2026-09-05,21:10:09,Yeruvá S.A.,701006297,ANTONIO MARIA FERRO,101.5,SanLorenzo
2026-09-05,21:10:09,Yeruvá S.A.,701006899,DON BASILIO,81.0,SanLorenzo
2026-09-05,21:10:09,Puerto Diamante,701006803,ANTONIO PUGLIESE,451.5,SanLorenzo
2026-09-05,21:10:09,Cargill S.A. Punta Alvear,538011430,SOFIA,111.5,SanLorenzo
2026-09-05,21:10:09,ADM Agro Terminal El Tránsito,563033900,TORM SUPREME,87.0,SanLorenzo
2026-09-05,21:10:09,Vicentin S.A.I.C,357458000,BULK ITALY,200.5,Rosario
2026-09-05,21:10:09,Puerto Rosario S. A. Terminal 1,477754600,MAERSK VENEZIA,69.6,Rosario
2026-09-05,21:10:09,Cofco S.A.,636024698,MC CALYPSO,147.5,Rosario
2026-09-05,21:10:09,Unidad VI Servicios Portuarios S.A.,538010750,TOKYO SPIRIT,182.7,Rosario
2026-09-05,21:10:09,Bunge - La Plata Cereal S.A. Muelle Dempa,256685000,RODINA,150.8,Rosario
2026-09-05,21:10:09,Bunge - La Plata Cereal S.A.,538004184,BLACK PEARL,194.1,Rosario
2026-09-05,21:10:09,Cargill S.A. Villa Gdor. Gálvez,241624000,LEGEND,324.5,Rosario
2026-09-05,21:10:09,Mosaic S.A. Muelle De Fertilizantes,352006388,NORSE BORNHOLM,189.1,Rosario
2026-09-05,21:10:09,Puerto Villa Constitución Unidad II,701006679,,75.6,Rosario
2026-09-05,21:10:09,Louis Dreyfus y Cia. Ltda. Muelle Aceitero,538008276,PORT IMABARI,217.8,Rosario
2026-09-05,21:10:09,Unidad VI Servicios Portuarios S.A.,538012594,KAPETANIOS,154.2,Rosario
2026-09-05,21:10:09,Aceitera General Deheza,538008779,LIVADI,232.7,Rosario
2026-09-05,21:10:09,Molinos Rí­o De La Plata,256672000,ARIETTA,377.1,Rosario
2026-09-05,21:10:09,Axion San Lorenzo,538009801,HELIOS,159.5,Rosario
2026-09-05,21:10:09,Puerto San Lorenzo,563163900,ANNA SCHULTE,108.6,Rosario
2026-09-05,21:10:09,Cargill S.A. Muelle Quebracho,538008936,SOUND YOUNG,216.7,Rosario
2026-09-05,21:10:09,Yeruvá S.A.,701006297,ANTONIO MARIA FERRO,101.5,Rosario
2026-09-05,21:10:09,Yeruvá S.A.,701006899,DON BASILIO,81.0,Rosario
2026-09-05,21:10:09,Cargill S.A. Punta Alvear,538011430,SOFIA,111.5,Rosario
2026-09-05,21:10:09,Carboclor S.A.,215622000,TAXIDIARA,108.6,DelGuazu
2026-09-05,21:10:09,Siderca S.A.,636019109,JY LAKE,374.2,DelGuazu
2026-09-05,21:10:09,Terminal Zarate S.A.,636025521,ITHACA,131.4,DelGuazu
2026-09-05,21:10:09,R.h.a.s.a. - Pobater,701006513,AMANCAY,162.5,DelGuazu
2026-09-05,21:10:09,Terminal Zarate S.A.,755138000,INCANSABLE,72.6,DelGuazu
2026-09-05,21:10:09,Maripasa S.A.,755201178,NUAR B.,186.3,DelGuazu
2026-09-05,21:10:09,Esso S.a.p.a.,701137000,PUNTA PIRAMIDES,447.6,DelGuazu
2026-09-05,21:10:09,Puerto Buenos Aires,352004466,ASTURIANO III,339.5,Braga
2026-09-05,21:10:09,Terminal Zarate S.A.,755138000,,68.2,Braga
2026-09-05,21:10:09,Maripasa S.A.,755201178,,186.6,Braga
2026-09-05,21:10:09,Puerto Dock Sud,352287000,ELENA H,190.1,Braga
2026-09-05,21:10:09,Puerto Buenos Aires,755043000,AVA PAYAGUA,206.0,Braga
2026-09-05,21:10:09,Puerto Barranqueras,701006277,,460.4,BellaVista
2026-09-05,21:20:09,Muelle Alumbrera,255915742,,164.7,SanLorenzo
2026-09-05,21:20:09,Puerto Rosario S. A. Terminal 1,477754600,MAERSK VENEZIA,70.1,SanLorenzo
2026-09-05,21:20:09,Cofco Internacional Argentina S.A.,563169800,RUBY,151.3,SanLorenzo
2026-09-05,21:20:09,Vicentin S.A.I.C,357458000,BULK ITALY,201.0,SanLorenzo
2026-09-05,21:20:09,Louis Dreyfus y Cia. Ltda. Timbúes,341694002,H7 HSB5,332.8,SanLorenzo
2026-09-05,21:20:09,Terminal 6 S.A. Muelle Sur,538004481,AGIA PARASKEVI,129.8,SanLorenzo
2026-09-05,21:20:09,Unidad VI Servicios Portuarios S.A.,538010750,TOKYO SPIRIT,183.1,SanLorenzo
2026-09-05,21:20:09,Cofco S.A.,636024698,MC CALYPSO,147.7,SanLorenzo
2026-09-05,21:20:09,Central Termoeléctrica Timbués Renova,636093258,EMMA JANNEKE,291.5,SanLorenzo
2026-09-05,21:20:09,Bunge - La Plata Cereal S.A. Muelle Dempa,256685000,RODINA,151.0,SanLorenzo
2026-09-05,21:20:09,Terminal Chacabuco YPF,701001114,IGUAZU,115.3,SanLorenzo
2026-09-05,21:20:09,Central Termoeléctrica Timbués Renova,563234800,IVS DUNES,168.4,SanLorenzo
2026-09-05,21:20:09,Bunge - La Plata Cereal S.A.,538004184,BLACK PEARL,188.4,SanLorenzo
2026-09-05,21:20:09,Cargill S.A. Villa Gdor. Gálvez,241624000,LEGEND,323.9,SanLorenzo
2026-09-05,21:20:09,Mosaic S.A. Muelle De Fertilizantes,352006388,NORSE BORNHOLM,190.4,SanLorenzo
2026-09-05,21:20:09,Aceitera General Deheza,538008779,LIVADI,232.5,SanLorenzo
2026-09-05,21:20:09,Axion San Lorenzo,538009801,HELIOS,159.3,SanLorenzo
2026-09-05,21:20:09,Terminal Chacabuco YPF,701001324,HALCON,113.5,SanLorenzo
2026-09-05,21:20:09,Molinos Rí­o De La Plata,256672000,ARIETTA,371.0,SanLorenzo
2026-09-05,21:20:09,Unidad VI Servicios Portuarios S.A.,538012594,KAPETANIOS,156.8,SanLorenzo
2026-09-05,21:20:09,Puerto San Lorenzo,563163900,ANNA SCHULTE,108.1,SanLorenzo
2026-09-05,21:20:09,Cargill S.A. Muelle Quebracho,538008936,SOUND YOUNG,215.7,SanLorenzo
2026-09-05,21:20:09,ADM Agro Terminal El Tránsito,563033900,TORM SUPREME,85.8,SanLorenzo
2026-09-05,21:20:09,Yeruvá S.A.,701006297,ANTONIO MARIA FERRO,103.6,SanLorenzo
2026-09-05,21:20:09,Cofco S.A.,701006396,VB RECOLETA,224.6,SanLorenzo
2026-09-05,21:20:09,Puerto Rosario,701001404,GUAZU PUCU,206.8,SanLorenzo
2026-09-05,21:20:09,Puerto Diamante,701006803,ANTONIO PUGLIESE,451.0,SanLorenzo
2026-09-05,21:20:09,Cargill S.A. Punta Alvear,538011430,SOFIA,113.9,SanLorenzo
2026-09-05,21:20:09,Cofco S.A.,636024698,MC CALYPSO,147.4,Rosario
2026-09-05,21:20:09,Vicentin S.A.I.C,357458000,BULK ITALY,201.0,Rosario
2026-09-05,21:20:09,Puerto Rosario S. A. Terminal 1,477754600,MAERSK VENEZIA,70.1,Rosario
2026-09-05,21:20:09,Unidad VI Servicios Portuarios S.A.,538010750,TOKYO SPIRIT,183.1,Rosario
2026-09-05,21:20:09,Bunge - La Plata Cereal S.A. Muelle Dempa,256685000,RODINA,151.0,Rosario
2026-09-05,21:20:09,Bunge - La Plata Cereal S.A.,538004184,BLACK PEARL,188.4,Rosario
2026-09-05,21:20:09,Cargill S.A. Villa Gdor. Gálvez,241624000,LEGEND,323.9,Rosario
2026-09-05,21:20:09,Mosaic S.A. Muelle De Fertilizantes,352006388,NORSE BORNHOLM,190.4,Rosario
2026-09-05,21:20:09,Louis Dreyfus y Cia. Ltda. Muelle Aceitero,538008276,PORT IMABARI,222.2,Rosario
2026-09-05,21:20:09,Aceitera General Deheza,538008779,LIVADI,232.5,Rosario
2026-09-05,21:20:09,Molinos Rí­o De La Plata,256672000,ARIETTA,371.0,Rosario
2026-09-05,21:20:09,Axion San Lorenzo,538009801,HELIOS,159.3,Rosario
2026-09-05,21:20:09,Unidad VI Servicios Portuarios S.A.,538012594,KAPETANIOS,156.8,Rosario
2026-09-05,21:20:09,Puerto San Lorenzo,563163900,ANNA SCHULTE,108.1,Rosario
2026-09-05,21:20:09,Cargill S.A. Muelle Quebracho,538008936,SOUND YOUNG,215.7,Rosario
2026-09-05,21:20:09,Yeruvá S.A.,701006297,ANTONIO MARIA FERRO,103.6,Rosario
2026-09-05,21:20:09,Cofco S.A.,701006396,VB RECOLETA,224.6,Rosario
2026-09-05,21:20:09,Cargill S.A. Punta Alvear,538011430,SOFIA,113.9,Rosario
2026-09-05,21:20:09,Carboclor S.A.,215622000,TAXIDIARA,108.4,DelGuazu
2026-09-05,21:20:09,Siderca S.A.,636019109,JY LAKE,375.0,DelGuazu
2026-09-05,21:20:09,Terminal Zarate S.A.,636025521,ITHACA,133.3,DelGuazu
2026-09-05,21:20:09,R.h.a.s.a. - Pobater,701006513,AMANCAY,162.0,DelGuazu
2026-09-05,21:20:09,Esso S.a.p.a.,701137000,PUNTA PIRAMIDES,447.6,DelGuazu
2026-09-05,21:20:09,Terminal Zarate S.A.,755138000,INCANSABLE,66.5,DelGuazu
2026-09-05,21:20:09,Maripasa S.A.,755201178,NUAR B.,184.4,DelGuazu
2026-09-05,21:20:09,Esso S.a.p.a.,701137000,,447.4,Braga
2026-09-05,21:20:09,Maripasa S.A.,755201178,,185.8,Braga
2026-09-05,21:20:09,Puerto Buenos Aires,352004466,ASTURIANO III,339.6,Braga
2026-09-05,21:20:09,Siderca S.A.,636019109,,375.0,Braga
2026-09-05,21:20:09,Puerto Dock Sud,352287000,ELENA H,189.2,Braga
2026-09-05,21:20:09,Puerto Buenos Aires,755043000,AVA PAYAGUA,205.5,Braga
2026-09-05,21:20:09,Puerto Barranqueras,701006277,RAP,462.3,BellaVista
2026-09-05,21:30:10,Yeruvá S.A.,701006899,DON BASILIO,79.5,SanLorenzo
2026-09-05,21:30:10,Cofco Internacional Argentina S.A.,563169800,RUBY,152.9,SanLorenzo
2026-09-05,21:30:10,Vicentin S.A.I.C,357458000,BULK ITALY,204.1,SanLorenzo
2026-09-05,21:30:10,Puerto Rosario S. A. Terminal 1,477754600,MAERSK VENEZIA,69.6,SanLorenzo
2026-09-05,21:30:10,Terminal 6 S.A. Muelle Sur,538004481,AGIA PARASKEVI,123.3,SanLorenzo
2026-09-05,21:30:10,Louis Dreyfus y Cia. Ltda. Timbúes,341694002,H7 HSB5,337.8,SanLorenzo
2026-09-05,21:30:10,Cofco S.A.,636024698,MC CALYPSO,147.4,SanLorenzo
2026-09-05,21:30:10,Central Termoeléctrica Timbués Renova,636093258,EMMA JANNEKE,288.9,SanLorenzo
2026-09-05,21:30:10,Unidad VI Servicios Portuarios S.A.,538010750,TOKYO SPIRIT,183.1,SanLorenzo
2026-09-05,21:30:10,Bunge - La Plata Cereal S.A. Muelle Dempa,256685000,RODINA,152.3,SanLorenzo
2026-09-05,21:30:10,Terminal Chacabuco YPF,701001114,IGUAZU,114.4,SanLorenzo
2026-09-05,21:30:10,Central Termoeléctrica Timbués Renova,563234800,IVS DUNES,162.2,SanLorenzo
2026-09-05,21:30:10,Bunge - La Plata Cereal S.A.,538004184,BLACK PEARL,186.6,SanLorenzo
2026-09-05,21:30:10,Terminal Chacabuco YPF,701001307,MAX DREAM,97.8,SanLorenzo
2026-09-05,21:30:10,Terminal 6 S.A. Muelle Norte,351011000,OCEAN CROWN,149.1,SanLorenzo
2026-09-05,21:30:10,Cargill S.A. Villa Gdor. Gálvez,241624000,LEGEND,322.0,SanLorenzo
2026-09-05,21:30:10,Mosaic S.A. Muelle De Fertilizantes,352006388,NORSE BORNHOLM,188.7,SanLorenzo
2026-09-05,21:30:10,Unidad VI Servicios Portuarios S.A.,538012594,KAPETANIOS,156.8,SanLorenzo
2026-09-05,21:30:10,Aceitera General Deheza,538008779,LIVADI,233.6,SanLorenzo
2026-09-05,21:30:10,Molinos Rí­o De La Plata,256672000,ARIETTA,376.4,SanLorenzo
2026-09-05,21:30:10,Terminal Chacabuco YPF,701001324,HALCON,113.7,SanLorenzo
2026-09-05,21:30:10,Axion San Lorenzo,538009801,HELIOS,160.0,SanLorenzo
2026-09-05,21:30:10,Puerto San Lorenzo,563163900,ANNA SCHULTE,108.4,SanLorenzo
2026-09-05,21:30:10,Zona Franca Paraguaya,701006310,ARGENTINO I,106.5,SanLorenzo
2026-09-05,21:30:10,Cargill S.A. Muelle Quebracho,538008936,SOUND YOUNG,217.5,SanLorenzo
2026-09-05,21:30:10,Yeruvá S.A.,701006297,ANTONIO MARIA FERRO,104.2,SanLorenzo
2026-09-05,21:30:10,Cofco S.A.,701006396,VB RECOLETA,221.6,SanLorenzo
2026-09-05,21:30:10,ADM Agro Terminal El Tránsito,563033900,TORM SUPREME,89.0,SanLorenzo
2026-09-05,21:30:10,Puerto Rosario,701001404,GUAZU PUCU,207.8,SanLorenzo
2026-09-05,21:30:10,Puerto Diamante,701006803,ANTONIO PUGLIESE,451.1,SanLorenzo
2026-09-05,21:30:10,Cargill S.A. Punta Alvear,538011430,SOFIA,109.1,SanLorenzo
2026-09-05,21:30:10,Yeruvá S.A.,701006899,DON BASILIO,79.5,Rosario
2026-09-05,21:30:10,Axion San Lorenzo,538009801,HELIOS,160.0,Rosario
2026-09-05,21:30:10,Puerto Villa Constitución Unidad II,701006679,,74.0,Rosario
2026-09-05,21:30:10,Vicentin S.A.I.C,357458000,BULK ITALY,204.1,Rosario
2026-09-05,21:30:10,Puerto Rosario S. A. Terminal 1,477754600,MAERSK VENEZIA,69.6,Rosario
2026-09-05,21:30:10,Cofco S.A.,636024698,,147.4,Rosario
2026-09-05,21:30:10,Unidad VI Servicios Portuarios S.A.,538010750,TOKYO SPIRIT,183.1,Rosario
2026-09-05,21:30:10,Bunge - La Plata Cereal S.A. Muelle Dempa,256685000,RODINA,152.3,Rosario
2026-09-05,21:30:10,Bunge - La Plata Cereal S.A.,538004184,BLACK PEARL,186.6,Rosario
2026-09-05,21:30:10,Cargill S.A. Villa Gdor. Gálvez,241624000,LEGEND,322.0,Rosario
2026-09-05,21:30:10,Mosaic S.A. Muelle De Fertilizantes,352006388,NORSE BORNHOLM,188.7,Rosario
2026-09-05,21:30:10,Louis Dreyfus y Cia. Ltda. Muelle Aceitero,538008276,PORT IMABARI,219.0,Rosario
2026-09-05,21:30:10,Unidad VI Servicios Portuarios S.A.,538012594,KAPETANIOS,156.8,Rosario
2026-09-05,21:30:10,Aceitera General Deheza,538008779,LIVADI,233.6,Rosario
2026-09-05,21:30:10,Molinos Rí­o De La Plata,256672000,ARIETTA,376.4,Rosario
2026-09-05,21:30:10,Puerto San Lorenzo,563163900,ANNA SCHULTE,108.4,Rosario
2026-09-05,21:30:10,Zona Franca Paraguaya,701006310,ARGENTINO I,106.5,Rosario
2026-09-05,21:30:10,Cargill S.A. Muelle Quebracho,538008936,SOUND YOUNG,217.5,Rosario
2026-09-05,21:30:10,Yeruvá S.A.,701006297,ANTONIO MARIA FERRO,104.2,Rosario
2026-09-05,21:30:10,Cofco S.A.,701006396,VB RECOLETA,221.6,Rosario
2026-09-05,21:30:10,ADM Agro Terminal El Tránsito,563033900,TORM SUPREME,89.0,Rosario
2026-09-05,21:30:10,Puerto Rosario,701001404,GUAZU PUCU,207.8,Rosario
2026-09-05,21:30:10,Cargill S.A. Punta Alvear,538011430,SOFIA,109.1,Rosario
2026-09-05,21:30:10,Carboclor S.A.,215622000,TAXIDIARA,110.9,DelGuazu
2026-09-05,21:30:10,Siderca S.A.,636019109,JY LAKE,376.7,DelGuazu
2026-09-05,21:30:10,Terminal Zarate S.A.,636025521,ITHACA,133.6,DelGuazu
2026-09-05,21:30:10,Terminal Zarate S.A.,755138000,INCANSABLE,68.9,DelGuazu
2026-09-05,21:30:10,Maripasa S.A.,755201178,NUAR B.,185.0,DelGuazu
2026-09-05,21:30:10,Esso S.a.p.a.,701137000,PUNTA PIRAMIDES,447.4,DelGuazu
2026-09-05,21:30:10,Puerto Buenos Aires,352004466,ASTURIANO III,338.9,Braga
2026-09-05,21:30:10,Maripasa S.A.,755201178,,184.3,Braga
2026-09-05,21:30:10,Puerto Dock Sud,352287000,ELENA H,190.6,Braga
2026-09-05,21:30:10,Puerto Buenos Aires,755043000,AVA PAYAGUA,206.4,Braga
2026-09-05,21:30:10,Puerto Barranqueras,701006277,RAP,459.7,BellaVista
2026-09-05,21:40:10,Muelle Alumbrera,255915742,BOCHEM CASABLANCA,162.7,SanLorenzo
2026-09-05,21:40:10,Cofco Internacional Argentina S.A.,563169800,RUBY,149.4,SanLorenzo
2026-09-05,21:40:10,Terminal 6 S.A. Muelle Norte,755032000,RUBEN H,230.7,SanLorenzo
2026-09-05,21:40:10,Vicentin S.A.I.C,357458000,BULK ITALY,199.9,SanLorenzo
2026-09-05,21:40:10,Puerto Rosario S. A. Terminal 1,477754600,MAERSK VENEZIA,69.6,SanLorenzo
2026-09-05,21:40:10,Terminal 6 S.A. Muelle Sur,538004481,AGIA PARASKEVI,126.2,SanLorenzo
2026-09-05,21:40:10,Louis Dreyfus y Cia. Ltda. Timbúes,341694002,H7 HSB5,336.3,SanLorenzo
2026-09-05,21:40:10,Unidad VI Servicios Portuarios S.A.,538010750,TOKYO SPIRIT,183.1,SanLorenzo
2026-09-05,21:40:10,Cofco S.A.,636024698,MC CALYPSO,146.9,SanLorenzo
2026-09-05,21:40:10,Central Termoeléctrica Timbués Renova,636093258,EMMA JANNEKE,289.6,SanLorenzo
2026-09-05,21:40:10,Aceitera General Deheza,538008779,LIVADI,231.3,SanLorenzo
2026-09-05,21:40:10,Bunge - La Plata Cereal S.A. Muelle Dempa,256685000,RODINA,152.5,SanLorenzo
2026-09-05,21:40:10,Central Termoeléctrica Timbués Renova,563234800,IVS DUNES,162.2,SanLorenzo
2026-09-05,21:40:10,Bunge - La Plata Cereal S.A.,538004184,BLACK PEARL,191.1,SanLorenzo
2026-09-05,21:40:10,Terminal Chacabuco YPF,701001307,MAX DREAM,97.5,SanLorenzo
2026-09-05,21:40:10,Terminal 6 S.A. Muelle Norte,351011000,OCEAN CROWN,147.9,SanLorenzo
2026-09-05,21:40:10,Cargill S.A. Villa Gdor. Gálvez,241624000,LEGEND,320.7,SanLorenzo
2026-09-05,21:40:10,Mosaic S.A. Muelle De Fertilizantes,352006388,NORSE BORNHOLM,188.0,SanLorenzo
2026-09-05,21:40:10,Unidad VI Servicios Portuarios S.A.,538012594,KAPETANIOS,156.0,SanLorenzo
2026-09-05,21:40:10,Molinos Rí­o De La Plata,256672000,ARIETTA,377.5,SanLorenzo
2026-09-05,21:40:10,Terminal Chacabuco YPF,701001324,HALCON,112.0,SanLorenzo
2026-09-05,21:40:10,Puerto San Lorenzo,563163900,ANNA SCHULTE,109.2,SanLorenzo
2026-09-05,21:40:10,Axion San Lorenzo,538009801,HELIOS,159.4,SanLorenzo
2026-09-05,21:40:10,Cargill S.A. Muelle Quebracho,538008936,SOUND YOUNG,217.7,SanLorenzo
2026-09-05,21:40:10,Puerto Diamante,701006803,ANTONIO PUGLIESE,449.9,SanLorenzo
2026-09-05,21:40:10,Yeruvá S.A.,701006297,ANTONIO MARIA FERRO,101.7,SanLorenzo
2026-09-05,21:40:10,Cofco S.A.,701006396,VB RECOLETA,220.5,SanLorenzo
2026-09-05,21:40:10,Cargill S.A. Punta Alvear,538011430,SOFIA,111.4,SanLorenzo
2026-09-05,21:40:10,Cofco S.A.,636024698,,146.7,Rosario
2026-09-05,21:40:10,Vicentin S.A.I.C,357458000,BULK ITALY,199.9,Rosario
2026-09-05,21:40:10,Puerto Rosario S. A. Terminal 1,477754600,MAERSK VENEZIA,69.6,Rosario
2026-09-05,21:40:10,Unidad VI Servicios Portuarios S.A.,538010750,TOKYO SPIRIT,183.1,Rosario
2026-09-05,21:40:10,Aceitera General Deheza,538008779,LIVADI,231.3,Rosario
2026-09-05,21:40:10,Bunge - La Plata Cereal S.A. Muelle Dempa,256685000,RODINA,152.5,Rosario
2026-09-05,21:40:10,Bunge - La Plata Cereal S.A.,538004184,BLACK PEARL,191.1,Rosario
2026-09-05,21:40:10,Cargill S.A. Villa Gdor. Gálvez,241624000,LEGEND,320.7,Rosario
2026-09-05,21:40:10,Mosaic S.A. Muelle De Fertilizantes,352006388,NORSE BORNHOLM,188.0,Rosario
2026-09-05,21:40:10,Louis Dreyfus y Cia. Ltda. Muelle Aceitero,538008276,PORT IMABARI,218.3,Rosario
2026-09-05,21:40:10,Unidad VI Servicios Portuarios S.A.,538012594,KAPETANIOS,156.0,Rosario
2026-09-05,21:40:10,Molinos Rí­o De La Plata,256672000,ARIETTA,377.5,Rosario
2026-09-05,21:40:10,Puerto San Lorenzo,563163900,ANNA SCHULTE,109.2,Rosario
2026-09-05,21:40:10,Cargill S.A. Muelle Quebracho,538008936,SOUND YOUNG,217.7,Rosario
2026-09-05,21:40:10,Yeruvá S.A.,701006297,ANTONIO MARIA FERRO,101.7,Rosario
2026-09-05,21:40:10,Cofco S.A.,701006396,VB RECOLETA,220.5,Rosario
2026-09-05,21:40:10,Cargill S.A. Punta Alvear,538011430,SOFIA,111.4,Rosario
2026-09-05,21:40:10,Carboclor S.A.,215622000,TAXIDIARA,107.5,DelGuazu
2026-09-05,21:40:10,Siderca S.A.,636019109,JY LAKE,373.9,DelGuazu
2026-09-05,21:40:10,Terminal Zarate S.A.,636025521,ITHACA,132.8,DelGuazu
2026-09-05,21:40:10,Terminal Zarate S.A.,755138000,INCANSABLE,67.4,DelGuazu
2026-09-05,21:40:10,Maripasa S.A.,755201178,NUAR B.,184.7,DelGuazu
2026-09-05,21:40:10,Esso S.a.p.a.,701137000,PUNTA PIRAMIDES,448.1,DelGuazu
2026-09-05,21:40:10,Carboclor S.A.,215622000,,116.3,Braga
2026-09-05,21:40:10,Maripasa S.A.,755201178,,183.9,Braga
2026-09-05,21:40:10,Puerto Buenos Aires,352004466,ASTURIANO III,338.6,Braga
2026-09-05,21:40:10,Puerto Dock Sud,352287000,ELENA H,191.6,Braga
2026-09-05,21:40:10,Puerto Buenos Aires,755043000,AVA PAYAGUA,205.5,Braga
2026-09-05,21:40:10,Puerto Barranqueras,701006277,RAP,461.0,BellaVista
2026-09-05,21:50:09,Puerto Rosario S. A. Terminal 1,477754600,MAERSK VENEZIA,69.3,SanLorenzo
2026-09-05,21:50:09,Muelle Alumbrera,255915742,,162.8,SanLorenzo
2026-09-05,21:50:09,Cofco Internacional Argentina S.A.,563169800,RUBY,151.0,SanLorenzo
2026-09-05,21:50:09,Yeruvá S.A.,701006297,ANTONIO MARIA FERRO,99.8,SanLorenzo
2026-09-05,21:50:09,Vicentin S.A.I.C,357458000,BULK ITALY,208.6,SanLorenzo
2026-09-05,21:50:09,Terminal 6 S.A. Muelle Sur,538004481,AGIA PARASKEVI,128.0,SanLorenzo
2026-09-05,21:50:09,Louis Dreyfus y Cia. Ltda. Timbúes,341694002,H7 HSB5,343.2,SanLorenzo
2026-09-05,21:50:09,Cofco S.A.,636024698,MC CALYPSO,146.1,SanLorenzo
2026-09-05,21:50:09,Central Termoeléctrica Timbués Renova,636093258,EMMA JANNEKE,289.0,SanLorenzo
2026-09-05,21:50:09,Unidad VI Servicios Portuarios S.A.,538010750,TOKYO SPIRIT,182.8,SanLorenzo
2026-09-05,21:50:09,Aceitera General Deheza,538008779,LIVADI,234.4,SanLorenzo
2026-09-05,21:50:09,Bunge - La Plata Cereal S.A. Muelle Dempa,256685000,RODINA,150.7,SanLorenzo
2026-09-05,21:50:09,Central Termoeléctrica Timbués Renova,563234800,IVS DUNES,162.5,SanLorenzo
2026-09-05,21:50:09,Bunge - La Plata Cereal S.A.,538004184,BLACK PEARL,185.6,SanLorenzo
2026-09-05,21:50:09,Terminal 6 S.A. Muelle Norte,351011000,OCEAN CROWN,142.2,SanLorenzo
2026-09-05,21:50:09,Cargill S.A. Villa Gdor. Gálvez,241624000,LEGEND,324.5,SanLorenzo
2026-09-05,21:50:09,Mosaic S.A. Muelle De Fertilizantes,352006388,NORSE BORNHOLM,187.7,SanLorenzo
2026-09-05,21:50:09,Molinos Rí­o De La Plata,256672000,ARIETTA,378.9,SanLorenzo
2026-09-05,21:50:09,Terminal Chacabuco YPF,701001324,HALCON,112.3,SanLorenzo
2026-09-05,21:50:09,Unidad VI Servicios Portuarios S.A.,538012594,KAPETANIOS,154.6,SanLorenzo
2026-09-05,21:50:09,Axion San Lorenzo,538009801,HELIOS,160.0,SanLorenzo
2026-09-05,21:50:09,Puerto San Lorenzo,563163900,ANNA SCHULTE,111.2,SanLorenzo
2026-09-05,21:50:09,Cargill S.A. Muelle Quebracho,538008936,SOUND YOUNG,217.2,SanLorenzo
2026-09-05,21:50:09,Cofco S.A.,701006396,VB RECOLETA,221.1,SanLorenzo
2026-09-05,21:50:09,Puerto Diamante,701006803,ANTONIO PUGLIESE,449.6,SanLorenzo
2026-09-05,21:50:09,Cargill S.A. Punta Alvear,538011430,SOFIA,111.1,SanLorenzo
2026-09-05,21:50:09,Cofco S.A.,636024698,MC CALYPSO,146.3,Rosario
2026-09-05,21:50:09,Yeruvá S.A.,701006297,ANTONIO MARIA FERRO,99.8,Rosario
2026-09-05,21:50:09,Vicentin S.A.I.C,357458000,BULK ITALY,208.6,Rosario
2026-09-05,21:50:09,Puerto Rosario S. A. Terminal 1,477754600,MAERSK VENEZIA,69.3,Rosario
2026-09-05,21:50:09,Aceitera General Deheza,538008779,LIVADI,234.4,Rosario
2026-09-05,21:50:09,Unidad VI Servicios Portuarios S.A.,538010750,TOKYO SPIRIT,182.8,Rosario
2026-09-05,21:50:09,Bunge - La Plata Cereal S.A. Muelle Dempa,256685000,RODINA,150.7,Rosario
2026-09-05,21:50:09,Bunge - La Plata Cereal S.A.,538004184,BLACK PEARL,185.6,Rosario
2026-09-05,21:50:09,Cargill S.A. Villa Gdor. Gálvez,241624000,LEGEND,324.5,Rosario
2026-09-05,21:50:09,Mosaic S.A. Muelle De Fertilizantes,352006388,NORSE BORNHOLM,187.7,Rosario
2026-09-05,21:50:09,Louis Dreyfus y Cia. Ltda. Muelle Aceitero,538008276,PORT IMABARI,216.8,Rosario
2026-09-05,21:50:09,Molinos Rí­o De La Plata,256672000,ARIETTA,378.9,Rosario
2026-09-05,21:50:09,Unidad VI Servicios Portuarios S.A.,538012594,KAPETANIOS,154.6,Rosario
2026-09-05,21:50:09,Puerto San Lorenzo,563163900,ANNA SCHULTE,111.2,Rosario
2026-09-05,21:50:09,Cargill S.A. Muelle Quebracho,538008936,SOUND YOUNG,217.2,Rosario
2026-09-05,21:50:09,Cofco S.A.,701006396,VB RECOLETA,221.1,Rosario
2026-09-05,21:50:09,Cargill S.A. Punta Alvear,538011430,SOFIA,111.1,Rosario
2026-09-05,21:50:09,Carboclor S.A.,215622000,TAXIDIARA,117.8,DelGuazu
2026-09-05,21:50:09,Siderca S.A.,636019109,JY LAKE,371.4,DelGuazu
2026-09-05,21:50:09,Terminal Zarate S.A.,636025521,ITHACA,135.3,DelGuazu
2026-09-05,21:50:09,Esso S.a.p.a.,701137000,PUNTA PIRAMIDES,447.5,DelGuazu
2026-09-05,21:50:09,Terminal Zarate S.A.,755138000,INCANSABLE,67.7,DelGuazu
2026-09-05,21:50:09,Maripasa S.A.,755201178,NUAR B.,184.2,DelGuazu
2026-09-05,21:50:09,Siderca S.A.,636019109,,376.3,Braga
2026-09-05,21:50:09,Puerto Buenos Aires,352004466,ASTURIANO III,340.0,Braga
2026-09-05,21:50:09,Maripasa S.A.,755201178,,185.2,Braga
2026-09-05,21:50:09,Puerto Dock Sud,352287000,ELENA H,189.5,Braga
2026-09-05,21:50:09,Puerto Barranqueras,701006277,RAP,460.0,BellaVista
2026-09-05,22:00:15,Muelle Alumbrera,255915742,BOCHEM CASABLANCA,161.1,SanLorenzo
2026-09-05,22:00:15,Terminal 6 S.A. Muelle Sur,755032000,RUBEN H,197.9,SanLorenzo
2026-09-05,22:00:15,Cofco Internacional Argentina S.A.,563169800,RUBY,150.1,SanLorenzo
2026-09-05,22:00:15,Vicentin S.A.I.C,357458000,BULK ITALY,203.6,SanLorenzo
2026-09-05,22:00:15,Puerto Rosario S. A. Terminal 1,477754600,MAERSK VENEZIA,69.6,SanLorenzo
2026-09-05,22:00:15,Louis Dreyfus y Cia. Ltda. Timbúes,341694002,H7 HSB5,335.8,SanLorenzo
2026-09-05,22:00:15,Terminal 6 S.A. Muelle Sur,538004481,AGIA PARASKEVI,142.4,SanLorenzo
2026-09-05,22:00:15,Unidad VI Servicios Portuarios S.A.,538010750,TOKYO SPIRIT,182.9,SanLorenzo
2026-09-05,22:00:15,Cofco S.A.,636024698,MC CALYPSO,146.0,SanLorenzo
2026-09-05,22:00:15,Central Termoeléctrica Timbués Renova,636093258,EMMA JANNEKE,293.0,SanLorenzo
2026-09-05,22:00:15,Aceitera General Deheza,538008779,LIVADI,234.7,SanLorenzo
2026-09-05,22:00:15,Bunge - La Plata Cereal S.A. Muelle Dempa,256685000,RODINA,150.3,SanLorenzo
2026-09-05,22:00:15,Central Termoeléctrica Timbués Renova,563234800,IVS DUNES,155.9,SanLorenzo
2026-09-05,22:00:15,Bunge - La Plata Cereal S.A.,538004184,BLACK PEARL,189.1,SanLorenzo
2026-09-05,22:00:15,Terminal Chacabuco YPF,701001307,MAX DREAM,96.2,SanLorenzo
2026-09-05,22:00:15,Terminal 6 S.A. Muelle Norte,351011000,OCEAN CROWN,158.5,SanLorenzo
2026-09-05,22:00:15,Cargill S.A. Villa Gdor. Gálvez,241624000,LEGEND,321.0,SanLorenzo
2026-09-05,22:00:15,Mosaic S.A. Muelle De Fertilizantes,352006388,NORSE BORNHOLM,190.1,SanLorenzo
2026-09-05,22:00:15,Unidad VI Servicios Portuarios S.A.,538012594,KAPETANIOS,156.4,SanLorenzo
2026-09-05,22:00:15,Terminal Chacabuco YPF,701001324,HALCON,112.6,SanLorenzo
2026-09-05,22:00:15,Axion San Lorenzo,538009801,HELIOS,160.2,SanLorenzo
2026-09-05,22:00:15,Molinos Rí­o De La Plata,256672000,ARIETTA,375.5,SanLorenzo
2026-09-05,22:00:15,Puerto San Lorenzo,563163900,ANNA SCHULTE,108.6,SanLorenzo
2026-09-05,22:00:15,Cargill S.A. Muelle Quebracho,538008936,SOUND YOUNG,218.2,SanLorenzo
2026-09-05,22:00:15,Puerto Diamante,701006803,ANTONIO PUGLIESE,449.7,SanLorenzo
2026-09-05,22:00:15,Cargill S.A. Punta Alvear,538011430,SOFIA,112.6,SanLorenzo
2026-09-05,22:00:15,Vicentin S.A.I.C,357458000,BULK ITALY,201.4,Rosario
2026-09-05,22:00:15,Cofco S.A.,636024698,,146.4,Rosario
2026-09-05,22:00:15,Puerto Rosario S. A. Terminal 1,477754600,MAERSK VENEZIA,69.6,Rosario
2026-09-05,22:00:15,Unidad VI Servicios Portuarios S.A.,538010750,TOKYO SPIRIT,182.9,Rosario
2026-09-05,22:00:15,Aceitera General Deheza,538008779,LIVADI,234.7,Rosario
2026-09-05,22:00:15,Bunge - La Plata Cereal S.A. Muelle Dempa,256685000,RODINA,150.3,Rosario
2026-09-05,22:00:15,Bunge - La Plata Cereal S.A.,538004184,BLACK PEARL,189.1,Rosario
2026-09-05,22:00:15,Cargill S.A. Villa Gdor. Gálvez,241624000,LEGEND,321.0,Rosario
2026-09-05,22:00:15,Mosaic S.A. Muelle De Fertilizantes,352006388,NORSE BORNHOLM,190.1,Rosario
2026-09-05,22:00:15,Louis Dreyfus y Cia. Ltda. Muelle Aceitero,538008276,PORT IMABARI,218.1,Rosario
2026-09-05,22:00:15,Unidad VI Servicios Portuarios S.A.,538012594,KAPETANIOS,156.4,Rosario
2026-09-05,22:00:15,Molinos Rí­o De La Plata,256672000,ARIETTA,375.5,Rosario
2026-09-05,22:00:15,Axion San Lorenzo,538009801,,160.2,Rosario
2026-09-05,22:00:15,Puerto San Lorenzo,563163900,ANNA SCHULTE,108.6,Rosario
2026-09-05,22:00:15,Cargill S.A. Muelle Quebracho,538008936,SOUND YOUNG,218.2,Rosario
2026-09-05,22:00:15,Cargill S.A. Punta Alvear,538011430,SOFIA,112.6,Rosario
2026-09-05,22:00:15,Carboclor S.A.,215622000,TAXIDIARA,113.9,DelGuazu
2026-09-05,22:00:15,Siderca S.A.,636019109,JY LAKE,368.0,DelGuazu
2026-09-05,22:00:15,Terminal Zarate S.A.,636025521,ITHACA,130.3,DelGuazu
2026-09-05,22:00:15,Esso S.a.p.a.,701137000,PUNTA PIRAMIDES,448.1,DelGuazu
2026-09-05,22:00:15,Terminal Zarate S.A.,755138000,INCANSABLE,67.7,DelGuazu
2026-09-05,22:00:15,Maripasa S.A.,755201178,NUAR B.,184.6,DelGuazu
2026-09-05,22:00:15,Esso S.a.p.a.,701137000,,447.5,Braga
2026-09-05,22:00:15,Terminal Zarate S.A.,755138000,,66.5,Braga
2026-09-05,22:00:15,Puerto Buenos Aires,352004466,ASTURIANO III,341.4,Braga
2026-09-05,22:00:15,Puerto Dock Sud,352287000,ELENA H,183.0,Braga
2026-09-05,22:00:15,Puerto Buenos Aires,755043000,AVA PAYAGUA,205.7,Braga
2026-09-05,22:00:15,Puerto Barranqueras,701006277,RAP,463.9,BellaVista
2026-09-05,22:10:09,Cofco Internacional Argentina S.A.,563169800,RUBY,150.7,SanLorenzo
2026-09-05,22:10:09,Puerto Rosario S. A. Terminal 1,477754600,MAERSK VENEZIA,69.4,SanLorenzo
2026-09-05,22:10:09,Central Termoeléctrica Timbués Renova,636093258,EMMA JANNEKE,287.5,SanLorenzo
2026-09-05,22:10:09,Vicentin S.A.I.C,357458000,BULK ITALY,200.8,SanLorenzo
2026-09-05,22:10:09,Louis Dreyfus y Cia. Ltda. Timbúes,341694002,H7 HSB5,334.0,SanLorenzo
2026-09-05,22:10:09,Terminal 6 S.A. Muelle Sur,538004481,AGIA PARASKEVI,129.7,SanLorenzo
2026-09-05,22:10:09,Unidad VI Servicios Portuarios S.A.,538010750,TOKYO SPIRIT,182.1,SanLorenzo
2026-09-05,22:10:09,Cofco S.A.,636024698,MC CALYPSO,146.1,SanLorenzo
2026-09-05,22:10:09,Aceitera General Deheza,538008779,LIVADI,229.6,SanLorenzo
2026-09-05,22:10:09,Bunge - La Plata Cereal S.A. Muelle Dempa,256685000,RODINA,153.1,SanLorenzo
2026-09-05,22:10:09,Central Termoeléctrica Timbués Renova,563234800,IVS DUNES,163.0,SanLorenzo
2026-09-05,22:10:09,Bunge - La Plata Cereal S.A.,538004184,BLACK PEARL,196.6,SanLorenzo
2026-09-05,22:10:09,Terminal Chacabuco YPF,701001114,IGUAZU,111.9,SanLorenzo
2026-09-05,22:10:09,Terminal 6 S.A. Muelle Norte,351011000,OCEAN CROWN,151.5,SanLorenzo
2026-09-05,22:10:09,Cargill S.A. Villa Gdor. Gálvez,241624000,LEGEND,324.2,SanLorenzo
2026-09-05,22:10:09,Mosaic S.A. Muelle De Fertilizantes,352006388,NORSE BORNHOLM,189.2,SanLorenzo
2026-09-05,22:10:09,Unidad VI Servicios Portuarios S.A.,538012594,KAPETANIOS,159.5,SanLorenzo
2026-09-05,22:10:09,Molinos Rí­o De La Plata,256672000,ARIETTA,371.8,SanLorenzo
2026-09-05,22:10:09,Terminal Chacabuco YPF,701001324,HALCON,111.5,SanLorenzo
2026-09-05,22:10:09,Axion San Lorenzo,538009801,HELIOS,163.5,SanLorenzo
2026-09-05,22:10:09,Puerto San Lorenzo,563163900,ANNA SCHULTE,108.6,SanLorenzo
2026-09-05,22:10:09,Cargill S.A. Muelle Quebracho,538008936,SOUND YOUNG,217.0,SanLorenzo
2026-09-05,22:10:09,Zona Franca Paraguaya,701006670,BRUTUS,42.1,SanLorenzo
2026-09-05,22:10:09,Puerto Diamante,701006803,ANTONIO PUGLIESE,447.3,SanLorenzo
2026-09-05,22:10:09,Cofco S.A.,701006396,VB RECOLETA,227.1,SanLorenzo
2026-09-05,22:10:09,Cargill S.A. Punta Alvear,538011430,SOFIA,113.1,SanLorenzo
2026-09-05,22:10:09,Vicentin S.A.I.C,357458000,BULK ITALY,200.8,Rosario
2026-09-05,22:10:09,Puerto Rosario S. A. Terminal 1,477754600,MAERSK VENEZIA,69.4,Rosario
2026-09-05,22:10:09,Unidad VI Servicios Portuarios S.A.,538010750,TOKYO SPIRIT,182.1,Rosario
2026-09-05,22:10:09,Aceitera General Deheza,538008779,LIVADI,229.6,Rosario
2026-09-05,22:10:09,Bunge - La Plata Cereal S.A. Muelle Dempa,256685000,RODINA,153.1,Rosario
2026-09-05,22:10:09,Bunge - La Plata Cereal S.A.,538004184,BLACK PEARL,196.6,Rosario
2026-09-05,22:10:09,Cargill S.A. Villa Gdor. Gálvez,241624000,LEGEND,324.2,Rosario
2026-09-05,22:10:09,Mosaic S.A. Muelle De Fertilizantes,352006388,NORSE BORNHOLM,189.2,Rosario
2026-09-05,22:10:09,Louis Dreyfus y Cia. Ltda. Muelle Aceitero,538008276,PORT IMABARI,216.7,Rosario
2026-09-05,22:10:09,Unidad VI Servicios Portuarios S.A.,538012594,KAPETANIOS,159.5,Rosario
2026-09-05,22:10:09,Molinos Rí­o De La Plata,256672000,ARIETTA,371.8,Rosario
2026-09-05,22:10:09,Axion San Lorenzo,538009801,,163.5,Rosario
2026-09-05,22:10:09,Puerto San Lorenzo,563163900,ANNA SCHULTE,108.6,Rosario
2026-09-05,22:10:09,Cargill S.A. Muelle Quebracho,538008936,SOUND YOUNG,217.0,Rosario
2026-09-05,22:10:09,Zona Franca Paraguaya,701006670,BRUTUS,42.1,Rosario
2026-09-05,22:10:09,Cofco S.A.,701006396,VB RECOLETA,227.1,Rosario
2026-09-05,22:10:09,Cargill S.A. Punta Alvear,538011430,SOFIA,113.1,Rosario
2026-09-05,22:10:09,Siderca S.A.,636019109,JY LAKE,370.2,DelGuazu
2026-09-05,22:10:09,Carboclor S.A.,215622000,TAXIDIARA,107.9,DelGuazu
2026-09-05,22:10:09,Terminal Zarate S.A.,636025521,ITHACA,130.4,DelGuazu
2026-09-05,22:10:09,Esso S.a.p.a.,701137000,PUNTA PIRAMIDES,448.1,DelGuazu
2026-09-05,22:10:09,Terminal Zarate S.A.,755138000,INCANSABLE,66.3,DelGuazu
2026-09-05,22:10:09,Maripasa S.A.,755201178,NUAR B.,186.1,DelGuazu
2026-09-05,22:10:09,Puerto Dock Sud,352287000,ELENA H,187.7,Braga
2026-09-05,22:10:09,Puerto Buenos Aires,352004466,ASTURIANO III,339.7,Braga
2026-09-05,22:10:09,Puerto Buenos Aires,755043000,AVA PAYAGUA,205.7,Braga
2026-09-05,22:10:09,Puerto Barranqueras,701006277,RAP,459.7,BellaVista
2026-09-05,22:20:09,Muelle Alumbrera,255915742,BOCHEM CASABLANCA,163.3,SanLorenzo
2026-09-05,22:20:09,Cofco Internacional Argentina S.A.,563169800,RUBY,149.8,SanLorenzo
2026-09-05,22:20:09,Vicentin S.A.I.C,357458000,BULK ITALY,202.2,SanLorenzo
2026-09-05,22:20:09,Puerto Rosario S. A. Terminal 1,477754600,MAERSK VENEZIA,69.3,SanLorenzo
2026-09-05,22:20:09,Terminal 6 S.A. Muelle Sur,538004481,AGIA PARASKEVI,139.6,SanLorenzo
2026-09-05,22:20:09,Cofco S.A.,636024698,MC CALYPSO,145.8,SanLorenzo
2026-09-05,22:20:09,Central Termoeléctrica Timbués Renova,636093258,EMMA JANNEKE,285.4,SanLorenzo
2026-09-05,22:20:09,Aceitera General Deheza,538008779,LIVADI,234.4,SanLorenzo
2026-09-05,22:20:09,Terminal Chacabuco YPF,701001114,IGUAZU,113.2,SanLorenzo
2026-09-05,22:20:09,Bunge - La Plata Cereal S.A. Muelle Dempa,256685000,RODINA,152.1,SanLorenzo
2026-09-05,22:20:09,Central Termoeléctrica Timbués Renova,563234800,IVS DUNES,167.2,SanLorenzo
2026-09-05,22:20:09,Bunge - La Plata Cereal S.A.,538004184,BLACK PEARL,202.3,SanLorenzo
2026-09-05,22:20:09,Terminal 6 S.A. Muelle Norte,351011000,OCEAN CROWN,161.3,SanLorenzo
2026-09-05,22:20:09,Cargill S.A. Villa Gdor. Gálvez,241624000,LEGEND,322.2,SanLorenzo
2026-09-05,22:20:09,Mosaic S.A. Muelle De Fertilizantes,352006388,NORSE BORNHOLM,189.1,SanLorenzo
2026-09-05,22:20:09,Unidad VI Servicios Portuarios S.A.,538012594,KAPETANIOS,160.3,SanLorenzo
2026-09-05,22:20:09,Terminal Chacabuco YPF,701001324,HALCON,111.0,SanLorenzo
2026-09-05,22:20:09,Molinos Rí­o De La Plata,256672000,ARIETTA,371.9,SanLorenzo
2026-09-05,22:20:09,Axion San Lorenzo,538009801,HELIOS,160.0,SanLorenzo
2026-09-05,22:20:09,Puerto San Lorenzo,563163900,ANNA SCHULTE,107.6,SanLorenzo
2026-09-05,22:20:09,Cargill S.A. Muelle Quebracho,538008936,SOUND YOUNG,218.4,SanLorenzo
2026-09-05,22:20:09,Zona Franca Paraguaya,701006670,BRUTUS,46.2,SanLorenzo
2026-09-05,22:20:09,Terminal 6 S.A. Muelle Sur,755032000,RUBEN H,195.0,SanLorenzo
2026-09-05,22:20:09,Puerto Diamante,701006803,ANTONIO PUGLIESE,448.0,SanLorenzo
2026-09-05,22:20:09,Cargill S.A. Punta Alvear,538011430,SOFIA,111.4,SanLorenzo
2026-09-05,22:20:09,Puerto Villa Constitución Unidad II,701006679,,77.3,Rosario
2026-09-05,22:20:09,Vicentin S.A.I.C,357458000,BULK ITALY,202.2,Rosario
2026-09-05,22:20:09,Puerto Rosario S. A. Terminal 1,477754600,MAERSK VENEZIA,69.3,Rosario
2026-09-05,22:20:09,Aceitera General Deheza,538008779,LIVADI,234.4,Rosario
2026-09-05,22:20:09,Bunge - La Plata Cereal S.A. Muelle Dempa,256685000,RODINA,152.1,Rosario
2026-09-05,22:20:09,Bunge - La Plata Cereal S.A.,538004184,BLACK PEARL,202.3,Rosario
2026-09-05,22:20:09,Cargill S.A. Villa Gdor. Gálvez,241624000,LEGEND,322.2,Rosario
2026-09-05,22:20:09,Mosaic S.A. Muelle De Fertilizantes,352006388,NORSE BORNHOLM,189.1,Rosario
2026-09-05,22:20:09,Louis Dreyfus y Cia. Ltda. Muelle Aceitero,538008276,PORT IMABARI,213.2,Rosario
2026-09-05,22:20:09,Unidad VI Servicios Portuarios S.A.,538012594,KAPETANIOS,160.3,Rosario
2026-09-05,22:20:09,Molinos Rí­o De La Plata,256672000,ARIETTA,371.9,Rosario
2026-09-05,22:20:09,Puerto San Lorenzo,563163900,ANNA SCHULTE,107.6,Rosario
2026-09-05,22:20:09,Cargill S.A. Muelle Quebracho,538008936,SOUND YOUNG,218.4,Rosario
2026-09-05,22:20:09,Zona Franca Paraguaya,701006670,BRUTUS,46.2,Rosario
2026-09-05,22:20:09,Cargill S.A. Punta Alvear,538011430,SOFIA,111.4,Rosario
2026-09-05,22:20:09,Siderca S.A.,636019109,JY LAKE,374.3,DelGuazu
2026-09-05,22:20:09,Terminal Zarate S.A.,636025521,ITHACA,133.4,DelGuazu
2026-09-05,22:20:09,Maripasa S.A.,755201178,NUAR B.,182.8,DelGuazu
2026-09-05,22:20:09,Esso S.a.p.a.,701137000,PUNTA PIRAMIDES,448.2,DelGuazu
2026-09-05,22:20:09,R.h.a.s.a. - Pobater,701006318,MAMACOTA,157.4,DelGuazu
2026-09-05,22:20:09,Carboclor S.A.,215622000,TAXIDIARA,105.8,DelGuazu
2026-09-05,22:20:09,Puerto Buenos Aires,352004466,ASTURIANO III,338.8,Braga
2026-09-05,22:20:09,Puerto Dock Sud,352287000,ELENA H,186.3,Braga
2026-09-05,22:20:09,Puerto Buenos Aires,755043000,AVA PAYAGUA,204.4,Braga
2026-09-05,22:20:09,Puerto Barranqueras,701006277,RAP,460.4,BellaVista
